{"meta":{"v":"1.2","p":12037163,"a":15267753,"t":"Инсаф Зайдуллин","d":1691415582},"data":[{"i":3001132,"f":12037163,"t":"Но если не получится-напишу)","d":540233369,"a":[],"m":[]},{"i":3001131,"f":12037163,"t":"Понял, спасибо","d":540233355,"a":[],"m":[]},{"i":3001130,"f":15267753,"t":"Да оно","d":540233350,"a":[],"m":[]},{"i":3001129,"f":12037163,"t":"Правильно?","d":540233348,"a":[],"m":[]},{"i":3001128,"f":12037163,"t":"","d":540233345,"a":[],"m":[{"f":10001093,"t":"","d":540233277,"a":[],"m":[{"f":10001093,"t":"Это получатель по сдэк \n\nРостов на Дону \nМалиновского 5а\nооо наша почта\n89885448882","d":537488885,"a":[]}]}]},{"i":3001127,"f":15267753,"t":"А","d":540233345,"a":[],"m":[]},{"i":3001126,"f":12037163,"t":"Да я сам сделаю, прост можешь данные дать?","d":540233336,"a":[],"m":[]},{"i":3001125,"f":15267753,"t":"Откуда город и габарит","d":540233322,"a":[],"m":[]},{"i":3001124,"f":15267753,"t":"Прив","d":540233315,"a":[],"m":[]},{"i":3001117,"f":12037163,"t":"","d":540233116,"a":[],"m":[{"f":12037163,"t":"И Фио телефон адрес доставки","d":540232852,"a":[]},{"f":10001093,"t":"Трищину скажи он знает на моих","d":540233043,"a":[]}]},{"i":3001116,"f":12037163,"t":"Привет","d":540233106,"a":[],"m":[]},{"i":2563330,"f":15267753,"t":"рх 580 8гб 10шт, 5700 - 6шт и веги 56 - 4шт","d":511453931,"a":[],"m":[]},{"i":2563329,"f":12037163,"t":"Это на рх580? Скок их?","d":511453913,"a":[],"m":[]},{"i":2563328,"f":15267753,"t":"ставить некуда","d":511453893,"a":[],"m":[]},{"i":2563327,"f":15267753,"t":"да у меня с помещением траблы настали","d":511453888,"a":[],"m":[]},{"i":2563326,"f":15267753,"t":"прив","d":511453879,"a":[],"m":[]},{"i":2563323,"f":12037163,"t":"Привет, а че сам не копаешь?","d":511453849,"a":[],"m":[]},{"i":2263770,"f":15267753,"t":"ну смотря что и почем )","d":493575148,"a":[],"m":[]},{"i":2263693,"f":12037163,"t":"Есть 4 гигабайтовские, но я думаю тебя интересует другой объём","d":493572663,"a":[],"m":[]},{"i":2263690,"f":12037163,"t":"Как будет четкая инфа - сразу напишу","d":493572613,"a":[],"m":[]},{"i":2263689,"f":12037163,"t":"По видеокартам пока ничего не могу сказать","d":493572604,"a":[],"m":[{"f":12037163,"t":"Не получится ибо там слишком дохуя, и человеку которому все принадлежит, некогда даже поговорить","d":493117454,"a":[]}]},{"i":2263685,"f":12037163,"t":"Привет","d":493572580,"a":[],"m":[]},{"i":2263634,"f":15267753,"t":"привет. там по видеокартам ничего не скажешь мне еще?)","d":493571938,"a":[],"m":[]},{"i":2255971,"f":15267753,"t":"поэтому я и хочу рискнуть","d":493118931,"a":[],"m":[]},{"i":2255970,"f":15267753,"t":"у меня вот есть электричка","d":493118921,"a":[],"m":[]},{"i":2255968,"f":15267753,"t":"да","d":493118914,"a":[],"m":[]},{"i":2255967,"f":12037163,"t":"То смысла очень немного","d":493118877,"a":[],"m":[]},{"i":2255966,"f":12037163,"t":"Я чуть сидел, понял, что если нету бесплатного электричества","d":493118871,"a":[],"m":[]},{"i":2255962,"f":15267753,"t":"думать считать нужно там сидеть )","d":493118805,"a":[],"m":[]},{"i":2255961,"f":15267753,"t":"и непонятно куда ее продавать","d":493118797,"a":[],"m":[]},{"i":2255960,"f":15267753,"t":"но она жрет енергии много","d":493118792,"a":[],"m":[]},{"i":2255959,"f":15267753,"t":"ворону копать можно было","d":493118787,"a":[],"m":[]},{"i":2255958,"f":15267753,"t":"ахаха","d":493118778,"a":[],"m":[]},{"i":2255957,"f":15267753,"t":"f[f[f","d":493118777,"a":[],"m":[]},{"i":2255954,"f":12037163,"t":"Куплю фулл гайд","d":493118756,"a":[],"m":[]},{"i":2255953,"f":15267753,"t":"рискнуть можно короч )","d":493118739,"a":[],"m":[]},{"i":2255952,"f":15267753,"t":"на немонятных пулах и непонятных биржах","d":493118731,"a":[],"m":[]},{"i":2255950,"f":15267753,"t":"да говно всякое ковырять можно","d":493118719,"a":[],"m":[]},{"i":2255948,"f":12037163,"t":"Говори давай))","d":493118709,"a":[],"m":[]},{"i":2255946,"f":12037163,"t":"Только ноунейм койны?","d":493118706,"a":[],"m":[]},{"i":2255945,"f":15267753,"t":"а знаю что с ними делать, адайте мне )))","d":493118700,"a":[],"m":[]},{"i":2255944,"f":12037163,"t":"Плюс непонятно, что 3ех гиговыми майнить,","d":493118681,"a":[],"m":[]},{"i":2255943,"f":12037163,"t":"Но вроде отключили","d":493118650,"a":[],"m":[]},{"i":2255942,"f":12037163,"t":"Что там в ангаре творится я не знаю даже )","d":493118643,"a":[],"m":[]},{"i":2255940,"f":12037163,"t":"Прост нету времени разбирать","d":493118606,"a":[],"m":[]},{"i":2255939,"f":12037163,"t":"Ну 4 фермы точно стоят отключённые в офисе","d":493118600,"a":[],"m":[]},{"i":2255931,"f":15267753,"t":"Простаивает оборудывание 🥲","d":493118475,"a":[],"m":[]},{"i":2255928,"f":15267753,"t":"Ого","d":493118457,"a":[],"m":[]},{"i":2255925,"f":12037163,"t":"Да я сам парюсь, говорят там ангар целый","d":493118221,"a":[],"m":[{"f":15267753,"t":"блин это грустно(","d":493118107,"a":[]}]},{"i":2255924,"f":15267753,"t":"блин это грустно(","d":493118107,"a":[],"m":[{"f":12037163,"t":"Не получится ибо там слишком дохуя, и человеку которому все принадлежит, некогда даже поговорить","d":493117454,"a":[]}]},{"i":2255923,"f":15267753,"t":"окей )","d":493118094,"a":[],"m":[]},{"i":2255922,"f":12037163,"t":"Завтра разберу, и скину, все то, что точно можно продать","d":493117636,"a":[],"m":[]},{"i":2255920,"f":12037163,"t":"И прочая шелуха для майнинга (тип шнуры и плашки для подключения карт )","d":493117568,"a":[],"m":[]},{"i":2255919,"f":12037163,"t":"Видюх осталось 4 штуки, вроде","d":493117527,"a":[],"m":[]},{"i":2255918,"f":12037163,"t":"По плахе оперативы","d":493117495,"a":[],"m":[{"f":12037163,"t":"Сейчас 3 матери с процессорами","d":493117470,"a":[]}]},{"i":2255917,"f":12037163,"t":"Блоков питания штук 9","d":493117486,"a":[],"m":[]},{"i":2255916,"f":12037163,"t":"Сейчас 3 матери с процессорами","d":493117470,"a":[],"m":[{"f":15267753,"t":"А что сейчас можно уже купить?","d":493117277,"a":[]}]},{"i":2255915,"f":12037163,"t":"Не получится ибо там слишком дохуя, и человеку которому все принадлежит, некогда даже поговорить","d":493117454,"a":[],"m":[{"f":15267753,"t":"Все кучей бы конечно хотелось забрать )","d":493117269,"a":[]}]},{"i":2255912,"f":15267753,"t":"А что сейчас можно уже купить?","d":493117277,"a":[],"m":[]},{"i":2255911,"f":15267753,"t":"Все кучей бы конечно хотелось забрать )","d":493117269,"a":[],"m":[]},{"i":2255910,"f":12037163,"t":"Там нулевых карт полно","d":493117257,"a":[],"m":[]},{"i":2255909,"f":12037163,"t":"А все остальное, пока жду когда скажут, можно продавать/нельзя","d":493117239,"a":[],"m":[]},{"i":2255908,"f":12037163,"t":"Там с 3ех ферм","d":493117206,"a":[],"m":[]},{"i":2255907,"f":12037163,"t":"У меня есть небольшая партия на продажу","d":493117199,"a":[],"m":[]},{"i":2255906,"f":12037163,"t":"Привет","d":493117160,"a":[],"m":[]},{"i":2255904,"f":15267753,"t":"привет, я вернулся домой и готов выслушать твое предложение по карточкам )","d":493117025,"a":[],"m":[]},{"i":2243391,"f":15267753,"t":"окей)","d":492441750,"a":[],"m":[]},{"i":2243385,"f":12037163,"t":"Ну тогда как разберу-напишу","d":492441722,"a":[],"m":[]},{"i":2243370,"f":15267753,"t":"да мне все в куче интересно прям","d":492441628,"a":[],"m":[]},{"i":2243369,"f":12037163,"t":"Без карт","d":492441598,"a":[],"m":[]},{"i":2243368,"f":12037163,"t":"могу навскидку накидать","d":492441596,"a":[],"m":[]},{"i":2243366,"f":15267753,"t":"не тороплюсь, да. просто, пока иметь представление, что там и сколько его )","d":492441553,"a":[],"m":[]},{"i":2243365,"f":12037163,"t":"Ибо я тоже хз когда смогу все это разобрать","d":492441519,"a":[],"m":[]},{"i":2243364,"f":12037163,"t":"Лан, если не торопишься-то хорошо","d":492441507,"a":[],"m":[]},{"i":2243360,"f":15267753,"t":"ого история","d":492441470,"a":[],"m":[]},{"i":2243358,"f":12037163,"t":"Хотя зятёк полутал уж че нить)","d":492441404,"a":[],"m":[]},{"i":2243357,"f":12037163,"t":"Вот не отключала бы до конца 20, но кто ж знал","d":492441392,"a":[],"m":[{"f":12037163,"t":"Тете года 3-4 назад, ее зять, впарил эту идею, поставили у них в загородном доме, она пол года платила за электричество и ахуевала","d":492441336,"a":[]}]},{"i":2243355,"f":12037163,"t":"И этим летом я увидел, она попросила продать)","d":492441366,"a":[],"m":[]},{"i":2243350,"f":12037163,"t":"Отключила","d":492441341,"a":[],"m":[]},{"i":2243347,"f":12037163,"t":"Тете года 3-4 назад, ее зять, впарил эту идею, поставили у них в загородном доме, она пол года платила за электричество и ахуевала","d":492441336,"a":[],"m":[]},{"i":2243343,"f":12037163,"t":"Ситуация следующая","d":492441260,"a":[],"m":[]},{"i":2243342,"f":12037163,"t":"И ссд везде почекать","d":492441251,"a":[],"m":[]},{"i":2243340,"f":15267753,"t":"а это твое прям? или знакомый кто то продает","d":492441244,"a":[],"m":[]},{"i":2243339,"f":12037163,"t":"Там 5 ферм не разобранные","d":492441236,"a":[],"m":[]},{"i":2243338,"f":12037163,"t":"Мне надо ещё все это дело вывезти(","d":492441226,"a":[],"m":[]},{"i":2243337,"f":15267753,"t":"да, пиши, пока не срочно, я отдыхаю сам еще неделю, вернусь только на след домой и буду думать","d":492441209,"a":[],"m":[]},{"i":2243336,"f":12037163,"t":"Ну альткоины какие нибудь если только","d":492441206,"a":[],"m":[{"f":15267753,"t":"ну поковыряться можно","d":492441135,"a":[]}]},{"i":2243333,"f":12037163,"t":"Если надо","d":492441183,"a":[],"m":[]},{"i":2243332,"f":12037163,"t":"Распишу все","d":492441181,"a":[],"m":[]},{"i":2243330,"f":12037163,"t":"Но так да","d":492441176,"a":[],"m":[]},{"i":2243329,"f":12037163,"t":"Блок 1 себе воткнул, один продал, видюх 13 уже тоже","d":492441173,"a":[],"m":[]},{"i":2243326,"f":12037163,"t":"Только комплекты уже не целые )","d":492441143,"a":[],"m":[]},{"i":2243324,"f":15267753,"t":"ну поковыряться можно","d":492441135,"a":[],"m":[]},{"i":2243322,"f":12037163,"t":"Прост на них не покапаешь же )","d":492441125,"a":[],"m":[]},{"i":2243321,"f":15267753,"t":"видюхи с материнками блоками, все комплектом короче","d":492441122,"a":[],"m":[]},{"i":2243319,"f":12037163,"t":"С видюхами?","d":492441103,"a":[],"m":[]},{"i":2243316,"f":12037163,"t":"Так","d":492441088,"a":[],"m":[]},{"i":2243311,"f":15267753,"t":"а можешь написать чуть подробнее, чего сколько и сколько денег за все нужно? \nя подумаю пару дней, куда поставить у себя можно, мб все таки че нить срастим","d":492441056,"a":[],"m":[]},{"i":2243308,"f":12037163,"t":"Всего где то 7 ферм","d":492441013,"a":[],"m":[]},{"i":2243307,"f":12037163,"t":"И по плашке оперативы","d":492440997,"a":[],"m":[]},{"i":2243306,"f":15267753,"t":"я понимаю","d":492440976,"a":[],"m":[]},{"i":2243304,"f":12037163,"t":"Но эт все с фермы","d":492440947,"a":[],"m":[]},{"i":2243302,"f":12037163,"t":"И проц и блок питания","d":492440940,"a":[],"m":[]},{"i":2243301,"f":12037163,"t":"Есть и мать","d":492440935,"a":[],"m":[]},{"i":2243297,"f":15267753,"t":"там карты только или с ними есть варик еще материнки бп взять?","d":492440917,"a":[],"m":[]},{"i":2243294,"f":15267753,"t":"а","d":492440904,"a":[],"m":[]},{"i":2243293,"f":12037163,"t":"Даже 5","d":492440896,"a":[],"m":[]},{"i":2243292,"f":12037163,"t":"Вот слева 4","d":492440886,"a":[],"m":[]},{"i":2243291,"f":12037163,"t":"Нет нет","d":492440881,"a":[],"m":[{"f":15267753,"t":"такие?)","d":492440872,"a":[{"t":0,"s":{"m":"https://sun9-26.userapi.com/impg/aP4DiIQmRKaTGiPpfxORRIp0NzDrENae1CuODg/-Tc727tBJPk.jpg?size=1000x866&quality=96&sign=4d057a4a0afbee325f99b6dc7bfb867e&c_uniq_tag=HUQxgYKaZmvozdLRXf5rA94rZNkOb4leQw5qTz8bLbo&type=album","s":"https://sun9-26.userapi.com/impg/aP4DiIQmRKaTGiPpfxORRIp0NzDrENae1CuODg/-Tc727tBJPk.jpg?size=604x523&quality=96&sign=90709252b0844ee05eb6c8aebf50a43d&c_uniq_tag=Yp-rp8CdT53Dge3mbbxZdAEnF6rCHg2oQMpdB7tXjDs&type=album","n":"https://sun9-26.userapi.com/impg/aP4DiIQmRKaTGiPpfxORRIp0NzDrENae1CuODg/-Tc727tBJPk.jpg?size=510x442&quality=96&sign=ceafe150465e9f453aab2c1684c06d49&c_uniq_tag=4Y6PfipG3Sme9z5bYYTZhBs9PrFKyiWyqblv9g8zw60&type=album","o":"https://sun9-26.userapi.com/impg/aP4DiIQmRKaTGiPpfxORRIp0NzDrENae1CuODg/-Tc727tBJPk.jpg?size=320x277&quality=96&sign=7c6cb5ea2953174e9101dd5ad9ff0b64&c_uniq_tag=ozFxPfc3ubT5VJ6qekAerBKx-Wgav41274lpREVZJ5s&type=album","t":"https://sun9-26.userapi.com/impg/aP4DiIQmRKaTGiPpfxORRIp0NzDrENae1CuODg/-Tc727tBJPk.jpg?size=130x113&quality=96&sign=be32f8a9b0a4648b717226dc0b4ab7e3&c_uniq_tag=jP_yl82QS5potmV_wI3-JL1eNsTbT2E4ebZK_-kL_8I&type=album"},"z":"","q":0,"w":0,"o":15267753,"i":457257614,"d":492440871}]}]},{"i":2243290,"f":12037163,"t":"","d":492440874,"a":[{"t":0,"s":{"m":"https://sun9-21.userapi.com/impg/Xy7HBULc3lgczMTwd-LXn35761P__fha6idzQw/j-V5FuntIAU.jpg?size=1280x960&quality=96&sign=705473d2e4f9a1f0d8de56ad580c7bf0&c_uniq_tag=qQO7ea6Tf9zG4X29xzQ4P36Q_ciIYC1dCdsadYxbRxE&type=album","s":"https://sun9-21.userapi.com/impg/Xy7HBULc3lgczMTwd-LXn35761P__fha6idzQw/j-V5FuntIAU.jpg?size=604x453&quality=96&sign=93690778cc28448510c84053c411d7ef&c_uniq_tag=Syv7Gn-TPr9hbgkW3xnXlDZZ-QXUMRE_EpwHQO-mGI0&type=album","n":"https://sun9-21.userapi.com/impg/Xy7HBULc3lgczMTwd-LXn35761P__fha6idzQw/j-V5FuntIAU.jpg?size=510x382&quality=96&sign=a735f851e6aa9c60d2f33752619e5cb9&c_uniq_tag=2Sjjb5wKuZn7z6LcMHa_qrAYpJ02N-tncZ_O3uBTSYI&type=album","o":"https://sun9-21.userapi.com/impg/Xy7HBULc3lgczMTwd-LXn35761P__fha6idzQw/j-V5FuntIAU.jpg?size=320x240&quality=96&sign=395a736d288af4216e9de3a583814a46&c_uniq_tag=-Pac_ZobK4B3XxWglm9kxLfwuiFER-ry0kKnp-hOuZA&type=album","t":"https://sun9-21.userapi.com/impg/Xy7HBULc3lgczMTwd-LXn35761P__fha6idzQw/j-V5FuntIAU.jpg?size=130x97&quality=96&sign=576d2ee9212a5b7a2d5dfd16b9c9e5a9&c_uniq_tag=FTCQ4g_zpJYzMOGfqfGWmtDzvRy-v165y8UjZN7-Y1Y&type=album"},"z":"","q":0,"w":0,"o":12037163,"i":457242536,"d":492440873}],"m":[]},{"i":2243289,"f":15267753,"t":"такие?)","d":492440872,"a":[{"t":0,"s":{"m":"https://sun9-26.userapi.com/impg/aP4DiIQmRKaTGiPpfxORRIp0NzDrENae1CuODg/-Tc727tBJPk.jpg?size=1000x866&quality=96&sign=4d057a4a0afbee325f99b6dc7bfb867e&c_uniq_tag=HUQxgYKaZmvozdLRXf5rA94rZNkOb4leQw5qTz8bLbo&type=album","s":"https://sun9-26.userapi.com/impg/aP4DiIQmRKaTGiPpfxORRIp0NzDrENae1CuODg/-Tc727tBJPk.jpg?size=604x523&quality=96&sign=90709252b0844ee05eb6c8aebf50a43d&c_uniq_tag=Yp-rp8CdT53Dge3mbbxZdAEnF6rCHg2oQMpdB7tXjDs&type=album","n":"https://sun9-26.userapi.com/impg/aP4DiIQmRKaTGiPpfxORRIp0NzDrENae1CuODg/-Tc727tBJPk.jpg?size=510x442&quality=96&sign=ceafe150465e9f453aab2c1684c06d49&c_uniq_tag=4Y6PfipG3Sme9z5bYYTZhBs9PrFKyiWyqblv9g8zw60&type=album","o":"https://sun9-26.userapi.com/impg/aP4DiIQmRKaTGiPpfxORRIp0NzDrENae1CuODg/-Tc727tBJPk.jpg?size=320x277&quality=96&sign=7c6cb5ea2953174e9101dd5ad9ff0b64&c_uniq_tag=ozFxPfc3ubT5VJ6qekAerBKx-Wgav41274lpREVZJ5s&type=album","t":"https://sun9-26.userapi.com/impg/aP4DiIQmRKaTGiPpfxORRIp0NzDrENae1CuODg/-Tc727tBJPk.jpg?size=130x113&quality=96&sign=be32f8a9b0a4648b717226dc0b4ab7e3&c_uniq_tag=jP_yl82QS5potmV_wI3-JL1eNsTbT2E4ebZK_-kL_8I&type=album"},"z":"","q":0,"w":0,"o":15267753,"i":457257614,"d":492440871}],"m":[]},{"i":2243286,"f":12037163,"t":"Я себе воткнул","d":492440830,"a":[],"m":[]},{"i":2243285,"f":12037163,"t":"С лучшим охлаждением","d":492440827,"a":[],"m":[]},{"i":2243284,"f":12037163,"t":"Эт вроде удлиненная","d":492440818,"a":[],"m":[]},{"i":2243283,"f":12037163,"t":"Сек","d":492440773,"a":[],"m":[]},{"i":2243282,"f":15267753,"t":"такие вроде, да?","d":492440752,"a":[{"t":0,"s":{"m":"https://sun9-48.userapi.com/impg/pjCqOz8gypqM8gGyDdWys6n2i8wzTCZOJ-wI2w/E_tI9foqwHY.jpg?size=500x358&quality=96&sign=b36db1c6a39ec76ccb2f1fb9e09705c0&c_uniq_tag=ilcldoi7sYppPAM5e_bph0dy9nm1gz0iwlVWs7O3FCE&type=album","s":"https://sun9-48.userapi.com/impg/pjCqOz8gypqM8gGyDdWys6n2i8wzTCZOJ-wI2w/E_tI9foqwHY.jpg?size=500x358&quality=96&sign=b36db1c6a39ec76ccb2f1fb9e09705c0&c_uniq_tag=ilcldoi7sYppPAM5e_bph0dy9nm1gz0iwlVWs7O3FCE&type=album","n":"https://sun9-48.userapi.com/impg/pjCqOz8gypqM8gGyDdWys6n2i8wzTCZOJ-wI2w/E_tI9foqwHY.jpg?size=320x229&quality=96&sign=23b581ba034dff3ad3562fd1654d4851&c_uniq_tag=Ob27sDFM36DSDtoq6p4LrMWbXj06EZKTsdOF_UY7p9c&type=album","o":"https://sun9-48.userapi.com/impg/pjCqOz8gypqM8gGyDdWys6n2i8wzTCZOJ-wI2w/E_tI9foqwHY.jpg?size=200x143&quality=96&sign=acfae6e7274c637faaff1ccf69501af5&c_uniq_tag=HFugzxJV2mvUqfdRj5W6U5KHVUON-6zRu8XRH4LL5Y0&type=album","t":"https://sun9-48.userapi.com/impg/pjCqOz8gypqM8gGyDdWys6n2i8wzTCZOJ-wI2w/E_tI9foqwHY.jpg?size=130x93&quality=96&sign=49b557dd05715d88fab1f02b56402bb4&c_uniq_tag=WddJ_FAau1cBGvic1EY-3dBA96kXPK9CueumTU_5iC4&type=album"},"z":"","q":0,"w":0,"o":15267753,"i":457257613,"d":492440750}],"m":[]},{"i":2243281,"f":12037163,"t":"Их много","d":492440726,"a":[],"m":[]},{"i":2243278,"f":12037163,"t":"Да","d":492440713,"a":[],"m":[]},{"i":2243277,"f":12037163,"t":"","d":492440707,"a":[{"t":4}],"m":[]},{"i":2243272,"f":15267753,"t":"приветсвую. а по 1060 актуально еще?","d":492440643,"a":[],"m":[]},{"i":2200725,"f":12037163,"t":"Понял тогда не( спасибо","d":489850859,"a":[],"m":[]},{"i":2200720,"f":15267753,"t":"хотя в нагрузке 80 градусов держит райзен","d":489850809,"a":[],"m":[]},{"i":2200719,"f":15267753,"t":"кулер не очень советую этот )","d":489850794,"a":[],"m":[]},{"i":2200718,"f":15267753,"t":"если проц + память я бы отдал","d":489850789,"a":[],"m":[]},{"i":2200717,"f":15267753,"t":"проц отдельно хз, тебе наверно проще у себя будет купить","d":489850781,"a":[],"m":[]},{"i":2200716,"f":12037163,"t":"Понял","d":489850779,"a":[],"m":[]},{"i":2200715,"f":15267753,"t":"","d":489850762,"a":[{"t":0,"s":{"m":"https://sun9-63.userapi.com/impg/_yr619702839W3-HDitx2mU_Mv4yqmrdyOybPQ/fgvj8-e5F0c.jpg?size=1280x690&quality=96&sign=0dfa3de2f218fc40fd42886f0799cf0f&c_uniq_tag=HCrvWeKKeDg0JDKlCkX3c1PhsAn3f__L3QZHkmX96BQ&type=album","s":"https://sun9-63.userapi.com/impg/_yr619702839W3-HDitx2mU_Mv4yqmrdyOybPQ/fgvj8-e5F0c.jpg?size=604x326&quality=96&sign=bccbb805c53d900815829fde289c0289&c_uniq_tag=AVkxHP8Vc8Nhm-HMR5EzmvxBWWytJoI20j3PjFDy_TA&type=album","n":"https://sun9-63.userapi.com/impg/_yr619702839W3-HDitx2mU_Mv4yqmrdyOybPQ/fgvj8-e5F0c.jpg?size=75x40&quality=96&sign=81141b40c84d0d61e84b0f22d55816a5&c_uniq_tag=OUOIOtqq416Ty37xy-rsCqBljZYTbPOcorcUTP0W3vY&type=album","o":"https://sun9-63.userapi.com/impg/_yr619702839W3-HDitx2mU_Mv4yqmrdyOybPQ/fgvj8-e5F0c.jpg?size=510x340&quality=96&crop=244,0,2071,1381&sign=74763e8336c16320cbbe4c49bd89eb38&c_uniq_tag=Yk2S5GMNGiziNpS7DwAvctfl3QysM0YiQA273akYRwE&type=album","t":"https://sun9-63.userapi.com/impg/_yr619702839W3-HDitx2mU_Mv4yqmrdyOybPQ/fgvj8-e5F0c.jpg?size=200x133&quality=96&crop=241,0,2077,1381&sign=d5179e3603685e3433921c3e5dbded9b&c_uniq_tag=WBI9vyLNK8CfCtVcF78ezPY28G8kEg0zK-DZ35penmg&type=album"},"z":"","q":0,"w":0,"o":15267753,"i":457257459,"d":489850762}],"m":[]},{"i":2200712,"f":15267753,"t":"мелкий компик","d":489850732,"a":[],"m":[{"f":12037163,"t":"Итх?","d":489850721,"a":[]}]},{"i":2200711,"f":15267753,"t":"кулер новый был, проц с алика","d":489850727,"a":[],"m":[]},{"i":2200709,"f":12037163,"t":"Итх?","d":489850721,"a":[],"m":[]},{"i":2200708,"f":15267753,"t":"месяца 2 стоит майница","d":489850720,"a":[],"m":[]},{"i":2200707,"f":15267753,"t":"понял что мне не нуден комп","d":489850713,"a":[],"m":[]},{"i":2200706,"f":15267753,"t":"я вообще хотел итх системку собрать но я не нашел итх материнку и забил","d":489850707,"a":[],"m":[]},{"i":2200704,"f":12037163,"t":"И сколько хочешь за проц плюс куллер","d":489850678,"a":[],"m":[]},{"i":2200703,"f":15267753,"t":"он итх","d":489850677,"a":[],"m":[]},{"i":2200702,"f":15267753,"t":"https://www.dns-shop.ru/product/24d5cdc748ce1b80/kuler-dla-processora-id-cooling-is-60-evo-argb-is-60-evo-argb/","d":489850672,"a":[{"t":6,"v":"https://www.dns-shop.ru/product/24d5cdc748ce1b80/kuler-dla-processora-id-cooling-is-60-evo-argb-is-60-evo-argb/"}],"m":[]},{"i":2200701,"f":12037163,"t":"И сколько, и как часто использовал?","d":489850663,"a":[],"m":[]},{"i":2200699,"f":12037163,"t":"Почитать","d":489850644,"a":[],"m":[]},{"i":2200698,"f":12037163,"t":"Можно тогда ссылку на кулер","d":489850638,"a":[],"m":[]},{"i":2200694,"f":15267753,"t":"3600 да райзен","d":489850578,"a":[],"m":[]},{"i":2200692,"f":12037163,"t":"Да какой топ)))))","d":489850572,"a":[],"m":[{"f":15267753,"t":"Тебе топ как я понял нужен)","d":489850540,"a":[]}]},{"i":2200691,"f":12037163,"t":"Проц тот же? Не ?","d":489850567,"a":[],"m":[]},{"i":2200689,"f":15267753,"t":"Тебе топ как я понял нужен)","d":489850540,"a":[],"m":[]},{"i":2200688,"f":15267753,"t":"Ну тут такое железо","d":489850536,"a":[],"m":[]},{"i":2200685,"f":15267753,"t":"https://www.avito.ru/novosibirsk/nastolnye_kompyutery/komplekt_mp_pamyat_protsessor_kuler_2201225320?utm_campaign=native&utm_medium=item_page_ios&utm_source=soc_sharing_seller","d":489850527,"a":[{"t":6,"v":"https://www.avito.ru/novosibirsk/nastolnye_kompyutery/komplekt_mp_pamyat_protsessor_kuler_2201225320?utm_campaign=native&utm_medium=item_page_ios&utm_source=soc_sharing_seller"}],"m":[]},{"i":2200680,"f":12037163,"t":"А проц не?","d":489850492,"a":[],"m":[]},{"i":2200677,"f":15267753,"t":"3600 8гб две","d":489850478,"a":[],"m":[]},{"i":2200676,"f":15267753,"t":"у меня корсар светящаяся которая","d":489850470,"a":[],"m":[]},{"i":2200675,"f":15267753,"t":"а тебе 32 оперативки нада)","d":489850461,"a":[],"m":[]},{"i":2200674,"f":15267753,"t":"не","d":489850455,"a":[],"m":[]},{"i":2200673,"f":12037163,"t":"Только не говори, что стоит асус таф гаминг б550 +, а то уже взял","d":489850448,"a":[],"m":[]},{"i":2200670,"f":15267753,"t":"авито чета лежит","d":489850413,"a":[],"m":[]},{"i":2200669,"f":15267753,"t":"ща кину с авито обьявку","d":489850409,"a":[],"m":[]},{"i":2200668,"f":12037163,"t":"Что у тебя там ?","d":489850407,"a":[],"m":[]},{"i":2200667,"f":15267753,"t":"привет, я свой компик продавать решил, могу подербанить, в принципе","d":489850396,"a":[],"m":[]},{"i":594050,"f":15267753,"t":"Женская","d":347629332,"a":[],"m":[]},{"i":594049,"f":15267753,"t":"7us","d":347629328,"a":[],"m":[]},{"i":594048,"f":15267753,"t":"Привет","d":347629310,"a":[],"m":[]},{"i":594047,"f":12037163,"t":"Какие размеры есть бежевых престо","d":347629226,"a":[],"m":[]},{"i":594046,"f":12037163,"t":"Привет","d":347629218,"a":[],"m":[]}]}