{"meta":{"v":"1.2","p":169437458,"a":15267753,"t":"Георгий Потанин","d":1691415682},"data":[{"i":2943546,"f":169437458,"t":"","d":536337000,"a":[{"t":3,"o":169437458,"i":662198558,"n":"receipt_30.01.2023.pdf","e":"pdf","s":272,"url":"https://vk.com/doc169437458_662198558?hash=1h62hq6G9zSyYzwyyRoC5rMIwvX7pY6Wc3YFnLhWQtH&dl=Ahk4PIdfUKyuUL4iJQRQ2P8R7KSVSzV8c3ol8XB4ZJo&api=1&no_preview=1"}],"m":[]},{"i":2943543,"f":169437458,"t":"Спасибо","d":536336964,"a":[],"m":[]},{"i":2943541,"f":15267753,"t":"Номер заказа СДЭК 1399762662\n400","d":536336903,"a":[],"m":[{"f":169437458,"t":"Отправитель\nКосарев Никита Юрьевич\nВоронеж генерала лизюкова 4\n89805313782\n\nПолучатель\nШадрин Семен Алексеевич\nВельск ул. Некрасова, 13, стр1\n89214825575\n\nКуртка L","d":536336536,"a":[]}]},{"i":2943538,"f":15267753,"t":"прив","d":536336853,"a":[],"m":[]},{"i":2943527,"f":169437458,"t":"Отправитель\nКосарев Никита Юрьевич\nВоронеж генерала лизюкова 4\n89805313782\n\nПолучатель\nШадрин Семен Алексеевич\nВельск ул. Некрасова, 13, стр1\n89214825575\n\nКуртка L","d":536336536,"a":[],"m":[]},{"i":2943522,"f":169437458,"t":"Привет \nМожешь сделать трек номер","d":536336323,"a":[],"m":[]},{"i":2924509,"f":15267753,"t":"+","d":535142703,"a":[],"m":[]},{"i":2924508,"f":169437458,"t":"Спасибо","d":535142696,"a":[],"m":[]},{"i":2924507,"f":15267753,"t":"да сбер","d":535142673,"a":[],"m":[]},{"i":2924506,"f":169437458,"t":"Сюда?","d":535142668,"a":[],"m":[]},{"i":2924505,"f":169437458,"t":"89059515168","d":535142664,"a":[],"m":[]},{"i":2924502,"f":15267753,"t":"Номер заказа СДЭК 1396141371\n450","d":535142638,"a":[],"m":[{"f":169437458,"t":"Получатель\n\nПрокопенко Нил Александрович \nХалтуринский пер., 99А, Ростов-на-Дону\n89896278604","d":535142577,"a":[]}]},{"i":2924500,"f":169437458,"t":"Коробка L","d":535142584,"a":[],"m":[]},{"i":2924499,"f":169437458,"t":"Получатель\n\nПрокопенко Нил Александрович \nХалтуринский пер., 99А, Ростов-на-Дону\n89896278604","d":535142577,"a":[],"m":[]},{"i":2924486,"f":15267753,"t":"получатель и габарит","d":535142162,"a":[],"m":[]},{"i":2924485,"f":15267753,"t":"привет","d":535142151,"a":[],"m":[]},{"i":2924449,"f":169437458,"t":"Отправитель \nКопкова Дарья \nГород Москва улица тимирязевская 25\n89038976075","d":535140407,"a":[],"m":[]},{"i":2924448,"f":169437458,"t":"Привет\nПоможешь","d":535140380,"a":[],"m":[]},{"i":2895069,"f":169437458,"t":"Спасибо","d":533207620,"a":[],"m":[]},{"i":2895068,"f":169437458,"t":"","d":533207618,"a":[{"t":0,"s":{"m":"https://sun9-1.userapi.com/impg/8UMrMomRTfqolN8x0DPeh5DhRg4OqiA3R_lUPQ/Dfzqpbj2vnU.jpg?size=510x900&quality=95&crop=0,0,828,1461&sign=a4de04a8b9f2fe60ace58a1c3f260f2a&c_uniq_tag=YB4PmFER0vUYVU9USGGEGVh8ZNJ4Lex9MumWfIeCqGM&type=album","s":"https://sun9-1.userapi.com/impg/8UMrMomRTfqolN8x0DPeh5DhRg4OqiA3R_lUPQ/Dfzqpbj2vnU.jpg?size=200x433&quality=95&sign=50ea7fcaf34d0789819b381b5ac40b11&c_uniq_tag=fyiB77WO4DQTFUPDsPSRb9n1K20v2SkLJeKFzIMxOsc&type=album","n":"https://sun9-1.userapi.com/impg/8UMrMomRTfqolN8x0DPeh5DhRg4OqiA3R_lUPQ/Dfzqpbj2vnU.jpg?size=828x1792&quality=95&sign=8c1bd8b66e1c8626296aee1836964554&c_uniq_tag=LIwkH800rxaO7JJ0Gufns_YJEJ3RBFp1lMLur-4uNrs&type=album","o":"https://sun9-1.userapi.com/impg/8UMrMomRTfqolN8x0DPeh5DhRg4OqiA3R_lUPQ/Dfzqpbj2vnU.jpg?size=499x1080&quality=95&sign=f6a3c224186baa1f14ec9aeff3a3e766&c_uniq_tag=MA6_VOUUVU0j-YsMmrqRG8yHm3t9rxLBfHSXEPnNniA&type=album","t":"https://sun9-1.userapi.com/impg/8UMrMomRTfqolN8x0DPeh5DhRg4OqiA3R_lUPQ/Dfzqpbj2vnU.jpg?size=279x604&quality=95&sign=ea54e99af543ca910e780be9a3e56ce7&c_uniq_tag=mYd6MpLoPESb1t99-GrKcF9qwAuFC0ONsKxWG7d9Aas&type=album"},"z":"","q":0,"w":0,"o":169437458,"i":457247942,"d":533207617}],"m":[]},{"i":2895066,"f":15267753,"t":"Номер заказа СДЭК 1391218900 \n1000","d":533206774,"a":[],"m":[{"f":169437458,"t":"Высота 40\nДлина 55\nШирина 45","d":533167488,"a":[]}]},{"i":2895062,"f":169437458,"t":"Да","d":533205186,"a":[],"m":[]},{"i":2895047,"f":15267753,"t":"Суда?","d":533195381,"a":[],"m":[{"f":169437458,"t":"Получатель\n\nПахлов Савелий Сергеевич \nГород Кострома Советская 86 \n89607428434","d":532879616,"a":[]}]},{"i":2894859,"f":169437458,"t":"Тут адрес только уже другой\nГород Москва улица тимирязевская 25","d":533168447,"a":[],"m":[{"f":169437458,"t":"Отправитель \nКопкова Дарья \nГород Москва румянцево московский 22-ой км. Киевского шоссе 4 корпус А\n89038976075","d":532879693,"a":[]}]},{"i":2894839,"f":169437458,"t":"Высота 40\nДлина 55\nШирина 45","d":533167488,"a":[],"m":[]},{"i":2894488,"f":169437458,"t":"Через полчаса скажу габариты","d":533142426,"a":[],"m":[]},{"i":2891134,"f":15267753,"t":"Над померять","d":532882145,"a":[],"m":[]},{"i":2891124,"f":169437458,"t":"Блин\nСам пока не знаю","d":532881712,"a":[],"m":[]},{"i":2891098,"f":15267753,"t":"Габариты бы","d":532880207,"a":[],"m":[]},{"i":2891097,"f":15267753,"t":"Привет","d":532880205,"a":[],"m":[]},{"i":2891091,"f":169437458,"t":"Пуховик М и кроссы нужно отправить","d":532879723,"a":[],"m":[]},{"i":2891090,"f":169437458,"t":"Отправитель \nКопкова Дарья \nГород Москва румянцево московский 22-ой км. Киевского шоссе 4 корпус А\n89038976075","d":532879693,"a":[],"m":[]},{"i":2891085,"f":169437458,"t":"Получатель\n\nПахлов Савелий Сергеевич \nГород Кострома Советская 86 \n89607428434","d":532879616,"a":[],"m":[]},{"i":2891084,"f":169437458,"t":"Привет\nПоможешь","d":532879600,"a":[],"m":[]},{"i":2890607,"f":15267753,"t":"Наверно больше","d":532821887,"a":[],"m":[]},{"i":2890590,"f":169437458,"t":"Под L столько же будет?","d":532819947,"a":[],"m":[]},{"i":2890283,"f":15267753,"t":"400","d":532808613,"a":[],"m":[]},{"i":2890282,"f":15267753,"t":"Привет","d":532808582,"a":[],"m":[]},{"i":2890147,"f":169437458,"t":"Отправитель\nГород Кострома \nСдек голубкова 12\n\nПолучатель\nВельск ул. Некрасова, 13, стр1\n\nКуртка M","d":532805841,"a":[],"m":[]},{"i":2890145,"f":169437458,"t":"Привет\nМожешь пожалуйста помочь с расчетом стоимости","d":532805739,"a":[],"m":[]},{"i":2854749,"f":169437458,"t":"Так","d":530298434,"a":[],"m":[]},{"i":2853599,"f":15267753,"t":"прив","d":530203728,"a":[],"m":[]},{"i":2853328,"f":169437458,"t":"Привет","d":530143058,"a":[],"m":[]},{"i":2846022,"f":15267753,"t":"данные","d":529638494,"a":[],"m":[{"f":169437458,"t":"Нужна ещё отправка","d":529613297,"a":[]}]},{"i":2846021,"f":15267753,"t":"+++","d":529638489,"a":[],"m":[]},{"i":2845717,"f":169437458,"t":"Нужна ещё отправка","d":529613297,"a":[],"m":[]},{"i":2845716,"f":169437458,"t":"Закинул","d":529613268,"a":[{"t":0,"s":{"m":"https://sun9-59.userapi.com/impg/ODY2r7ad3JE-loB3EpxUJC0D1s6HnztC7AjL8g/5zBP3up0hYs.jpg?size=510x423&quality=95&sign=ef57e6f2ecfa2b780e24142a841cc768&c_uniq_tag=E9Kx-vufIIBSRd5eluWb4RztrDmzTFOd7Y9r5zICHno&type=album","s":"https://sun9-59.userapi.com/impg/ODY2r7ad3JE-loB3EpxUJC0D1s6HnztC7AjL8g/5zBP3up0hYs.jpg?size=200x166&quality=95&sign=ecc552ac105c952d2cb0b9ccfe4ff11a&c_uniq_tag=t-JcUxxIA9KjreKUzS7ERyg-0PY7A1eOHi5N8z4chr0&type=album","n":"https://sun9-59.userapi.com/impg/ODY2r7ad3JE-loB3EpxUJC0D1s6HnztC7AjL8g/5zBP3up0hYs.jpg?size=828x686&quality=95&sign=4c576d10b70cd9e722d00e462060b99e&c_uniq_tag=6UUMkybW_RvvXJfD3N1cyfKQP8HUGKr8ZO6-HXG4MRM&type=album","o":"https://sun9-59.userapi.com/impg/ODY2r7ad3JE-loB3EpxUJC0D1s6HnztC7AjL8g/5zBP3up0hYs.jpg?size=807x669&quality=95&sign=6e87a27054b21a89fa86e497243e2d09&c_uniq_tag=gkU_jDD_Mp70c5zF5e0omUSzWULlKhl__Ypr1AR8O4U&type=album","t":"https://sun9-59.userapi.com/impg/ODY2r7ad3JE-loB3EpxUJC0D1s6HnztC7AjL8g/5zBP3up0hYs.jpg?size=130x108&quality=95&sign=075f1dcf9e49be873cc6db0539754336&c_uniq_tag=wNkXKO2SRTZtHAHjp1alp8KKITevTBVALOSs4moTKgk&type=album"},"z":"","q":0,"w":0,"o":169437458,"i":457247719,"d":529613265}],"m":[]},{"i":2845251,"f":169437458,"t":"Уснул сейчас скину","d":529589681,"a":[],"m":[]},{"i":2845250,"f":169437458,"t":"Привет","d":529589675,"a":[],"m":[]},{"i":2845023,"f":15267753,"t":"или тиньк можно как удобней )","d":529565189,"a":[],"m":[]},{"i":2844976,"f":169437458,"t":"Хорошо","d":529548960,"a":[],"m":[]},{"i":2844821,"f":15267753,"t":"сюда","d":529537554,"a":[],"m":[{"f":15267753,"t":"89059515168","d":528425778,"a":[]},{"f":15267753,"t":"а тут какой габарит","d":529536883,"a":[],"m":[{"f":169437458,"t":"2 получатель \nМинков Степан Дмитриевич \nСдек г. Тюмень Бориса Опрокиднева 12\n89829215364","d":529526934,"a":[]}]}]},{"i":2844820,"f":15267753,"t":"ну да","d":529537547,"a":[],"m":[]},{"i":2844815,"f":169437458,"t":"Они оплачены ?","d":529537480,"a":[],"m":[]},{"i":2844813,"f":169437458,"t":"👌","d":529537474,"a":[],"m":[]},{"i":2844798,"f":15267753,"t":"Номер заказа СДЭК 1377430375\n400","d":529537038,"a":[],"m":[{"f":169437458,"t":"2 получатель \nМинков Степан Дмитриевич \nСдек г. Тюмень Бориса Опрокиднева 12\n89829215364","d":529526934,"a":[]}]},{"i":2844796,"f":15267753,"t":"Номер заказа СДЭК 1377430265\n700","d":529536979,"a":[],"m":[{"f":169437458,"t":"1 Получатель \nГород Кострома \nПотанин Георгий Олегович \nСдек голубкова 12","d":529523652,"a":[]}]},{"i":2844794,"f":169437458,"t":"Под куртку m норм ?","d":529536914,"a":[],"m":[]},{"i":2844793,"f":15267753,"t":"а тут какой габарит","d":529536883,"a":[],"m":[{"f":169437458,"t":"2 получатель \nМинков Степан Дмитриевич \nСдек г. Тюмень Бориса Опрокиднева 12\n89829215364","d":529526934,"a":[]}]},{"i":2844766,"f":169437458,"t":"Ну как ?","d":529534840,"a":[],"m":[]},{"i":2844670,"f":169437458,"t":"Хорошо","d":529529761,"a":[],"m":[]},{"i":2844669,"f":15267753,"t":"Чуток позже, отошел от компа","d":529529751,"a":[],"m":[]},{"i":2844662,"f":169437458,"t":"?","d":529529458,"a":[],"m":[]},{"i":2844603,"f":169437458,"t":"Отправитель один","d":529526947,"a":[],"m":[]},{"i":2844602,"f":169437458,"t":"2 посылки","d":529526943,"a":[],"m":[]},{"i":2844601,"f":169437458,"t":"2 получатель \nМинков Степан Дмитриевич \nСдек г. Тюмень Бориса Опрокиднева 12\n89829215364","d":529526934,"a":[],"m":[]},{"i":2844600,"f":169437458,"t":"Отправитель","d":529526893,"a":[],"m":[{"f":169437458,"t":"Отправитель","d":529518451,"a":[]}]},{"i":2844595,"f":169437458,"t":"50х45х30","d":529526785,"a":[],"m":[]},{"i":2844512,"f":15267753,"t":"габарит","d":529524158,"a":[],"m":[]},{"i":2844501,"f":169437458,"t":"1 Получатель \nГород Кострома \nПотанин Георгий Олегович \nСдек голубкова 12","d":529523652,"a":[],"m":[]},{"i":2844475,"f":169437458,"t":"Сейчас скину получателей","d":529522406,"a":[],"m":[]},{"i":2844376,"f":169437458,"t":"Отправитель","d":529518451,"a":[],"m":[{"f":169437458,"t":"Отправитель: Смирнов Марк \nОткуда: Румянцево, Московский \n89852777324","d":528322175,"a":[{"t":0,"s":{"m":"https://sun9-51.userapi.com/impg/EF9BOIvnnkSGG-gnjg77L_vHskon1mpDoctWkg/VZZ0RKzstDo.jpg?size=510x900&quality=95&crop=0,0,828,1461&sign=3b66d9570074124621e434353602ba37&c_uniq_tag=IeX7pKfgUjjxkT_2h9Er-iuIlYfJ7UQ1k7xBdE1yA6k&type=album","s":"https://sun9-51.userapi.com/impg/EF9BOIvnnkSGG-gnjg77L_vHskon1mpDoctWkg/VZZ0RKzstDo.jpg?size=200x433&quality=95&sign=094c10eed06bed121645dd75808c980b&c_uniq_tag=l0yGtVdK2ZFeZZcR5lKXUAay6m9lh-Y7CVgdYjcgn6c&type=album","n":"https://sun9-51.userapi.com/impg/EF9BOIvnnkSGG-gnjg77L_vHskon1mpDoctWkg/VZZ0RKzstDo.jpg?size=828x1792&quality=95&sign=6e454e5797bd280e0a523593f5323da0&c_uniq_tag=8c6eglvAJDV5gwkS0IS0AGFdjSpAkAG7PtJaR3Jz9_w&type=album","o":"https://sun9-51.userapi.com/impg/EF9BOIvnnkSGG-gnjg77L_vHskon1mpDoctWkg/VZZ0RKzstDo.jpg?size=499x1080&quality=95&sign=20d240398d1700895d0d6ff00c26792e&c_uniq_tag=IuA83_tjKjyUxi85gjd5iA6KV6SREFz9a92uTD9dvmw&type=album","t":"https://sun9-51.userapi.com/impg/EF9BOIvnnkSGG-gnjg77L_vHskon1mpDoctWkg/VZZ0RKzstDo.jpg?size=279x604&quality=95&sign=e574d9cb49ba7b0e180cc69a8d54f967&c_uniq_tag=uaDNGWgQwL-iYO4rnbLf2tGBKu7XrsH3HUVN1nlzq-0&type=album"},"z":"","q":0,"w":0,"o":169437458,"i":457247667,"d":528322173}]}]},{"i":2844375,"f":169437458,"t":"Надо два трек номера","d":529518441,"a":[],"m":[]},{"i":2844355,"f":15267753,"t":"Прив","d":529517468,"a":[],"m":[]},{"i":2844349,"f":169437458,"t":"Привет","d":529516891,"a":[],"m":[]},{"i":2828155,"f":169437458,"t":"👌","d":528425944,"a":[],"m":[]},{"i":2828154,"f":15267753,"t":"+++","d":528425938,"a":[],"m":[]},{"i":2828153,"f":169437458,"t":"","d":528425886,"a":[{"t":0,"s":{"m":"https://sun9-37.userapi.com/impg/1vNp-qNufa8vznW-kMAwlYvaIhtENfXUPSttcQ/MaOXQX15ens.jpg?size=510x711&quality=95&sign=fd35b83186977dd7671f3713783504cf&c_uniq_tag=yur9bs5orqyzMXui6qw19w1XX5wNoAD-euUiulopSK4&type=album","s":"https://sun9-37.userapi.com/impg/1vNp-qNufa8vznW-kMAwlYvaIhtENfXUPSttcQ/MaOXQX15ens.jpg?size=200x279&quality=95&sign=65aad3702ff49b7bfca8f674b4ce7308&c_uniq_tag=DpACFsOZWk_IfMmvFYMoAdYodo-BeW74h9WqSDAArZs&type=album","n":"https://sun9-37.userapi.com/impg/1vNp-qNufa8vznW-kMAwlYvaIhtENfXUPSttcQ/MaOXQX15ens.jpg?size=828x1155&quality=95&sign=e3587eea3c8e3c1b06f8310ab8757b75&c_uniq_tag=IiyYp3PJcoCLOQv_D2oM1N2_iQ7vE9qzcDQ0DUklj9E&type=album","o":"https://sun9-37.userapi.com/impg/1vNp-qNufa8vznW-kMAwlYvaIhtENfXUPSttcQ/MaOXQX15ens.jpg?size=774x1080&quality=95&sign=b2b362ef90fb33b031a8ddaa1c63067c&c_uniq_tag=53M8mmve2N0Cd9UBfMuI3KwEddZMBY2ZHkQfeOUIznQ&type=album","t":"https://sun9-37.userapi.com/impg/1vNp-qNufa8vznW-kMAwlYvaIhtENfXUPSttcQ/MaOXQX15ens.jpg?size=433x604&quality=95&sign=6781d92216b11067bca683f14951f015&c_uniq_tag=LXlzOL1v5pwKnQbgIXruTZmL0KEYWB1kOxR973HU1YY&type=album"},"z":"","q":0,"w":0,"o":169437458,"i":457247673,"d":528425885}],"m":[]},{"i":2828149,"f":15267753,"t":"И эт тож","d":528425787,"a":[],"m":[{"f":15267753,"t":"Накладная успешно создана с номером: 1342311053\n300","d":516896776,"a":[]}]},{"i":2828148,"f":15267753,"t":"89059515168","d":528425778,"a":[],"m":[]},{"i":2828147,"f":15267753,"t":"Мне на сбер за нее","d":528425771,"a":[],"m":[]},{"i":2828146,"f":15267753,"t":"Да","d":528425767,"a":[],"m":[]},{"i":2828143,"f":169437458,"t":"Она оплачена ?","d":528425566,"a":[],"m":[]},{"i":2828017,"f":15267753,"t":"привет, ты закидывал? мог не увидеть","d":528416805,"a":[],"m":[]},{"i":2826614,"f":169437458,"t":"Спасибо","d":528327102,"a":[],"m":[]},{"i":2826602,"f":169437458,"t":"👌","d":528326797,"a":[],"m":[]},{"i":2826468,"f":15267753,"t":"Номер заказа СДЭК 1373474690 \n500","d":528325075,"a":[],"m":[{"f":169437458,"t":"Получатель \nГород Уфа, Башкортостан \nХантемиров Арон Айвазович \n89961052810\nСдек Проспект Октября 60","d":528322129,"a":[]}]},{"i":2826418,"f":169437458,"t":"Давай m","d":528324149,"a":[],"m":[]},{"i":2826404,"f":15267753,"t":"рублей 400-450 м с 300-350 наверн","d":528324038,"a":[],"m":[]},{"i":2826402,"f":169437458,"t":"Можно и m и s цену узнать","d":528323960,"a":[],"m":[]},{"i":2826397,"f":15267753,"t":"габарит еще","d":528323805,"a":[],"m":[]},{"i":2826383,"f":169437458,"t":"Отправитель: Смирнов Марк \nОткуда: Румянцево, Московский \n89852777324","d":528322175,"a":[{"t":0,"s":{"m":"https://sun9-51.userapi.com/impg/EF9BOIvnnkSGG-gnjg77L_vHskon1mpDoctWkg/VZZ0RKzstDo.jpg?size=510x900&quality=95&crop=0,0,828,1461&sign=3b66d9570074124621e434353602ba37&c_uniq_tag=IeX7pKfgUjjxkT_2h9Er-iuIlYfJ7UQ1k7xBdE1yA6k&type=album","s":"https://sun9-51.userapi.com/impg/EF9BOIvnnkSGG-gnjg77L_vHskon1mpDoctWkg/VZZ0RKzstDo.jpg?size=200x433&quality=95&sign=094c10eed06bed121645dd75808c980b&c_uniq_tag=l0yGtVdK2ZFeZZcR5lKXUAay6m9lh-Y7CVgdYjcgn6c&type=album","n":"https://sun9-51.userapi.com/impg/EF9BOIvnnkSGG-gnjg77L_vHskon1mpDoctWkg/VZZ0RKzstDo.jpg?size=828x1792&quality=95&sign=6e454e5797bd280e0a523593f5323da0&c_uniq_tag=8c6eglvAJDV5gwkS0IS0AGFdjSpAkAG7PtJaR3Jz9_w&type=album","o":"https://sun9-51.userapi.com/impg/EF9BOIvnnkSGG-gnjg77L_vHskon1mpDoctWkg/VZZ0RKzstDo.jpg?size=499x1080&quality=95&sign=20d240398d1700895d0d6ff00c26792e&c_uniq_tag=IuA83_tjKjyUxi85gjd5iA6KV6SREFz9a92uTD9dvmw&type=album","t":"https://sun9-51.userapi.com/impg/EF9BOIvnnkSGG-gnjg77L_vHskon1mpDoctWkg/VZZ0RKzstDo.jpg?size=279x604&quality=95&sign=e574d9cb49ba7b0e180cc69a8d54f967&c_uniq_tag=uaDNGWgQwL-iYO4rnbLf2tGBKu7XrsH3HUVN1nlzq-0&type=album"},"z":"","q":0,"w":0,"o":169437458,"i":457247667,"d":528322173}],"m":[]},{"i":2826381,"f":169437458,"t":"Получатель \nГород Уфа, Башкортостан \nХантемиров Арон Айвазович \n89961052810\nСдек Проспект Октября 60","d":528322129,"a":[],"m":[]},{"i":2825951,"f":15267753,"t":"Ну да","d":528308182,"a":[],"m":[]},{"i":2825929,"f":169437458,"t":"Поможешь со скидкой","d":528306306,"a":[],"m":[]},{"i":2825920,"f":15267753,"t":"привет","d":528305115,"a":[],"m":[]},{"i":2825912,"f":169437458,"t":"Привет","d":528304261,"a":[],"m":[]},{"i":2647649,"f":15267753,"t":"Накладная успешно создана с номером: 1342311053\n300","d":516896776,"a":[],"m":[{"f":169437458,"t":"Получатель \nГород Кострома \nПотанин Георгий Олегович \n89621834437\nСдек улица голубкова 12 а","d":516896016,"a":[]}]},{"i":2647644,"f":169437458,"t":"Получатель \nГород Кострома \nПотанин Георгий Олегович \n89621834437\nСдек улица голубкова 12 а","d":516896016,"a":[],"m":[]},{"i":2647643,"f":169437458,"t":"Отправитель","d":516895940,"a":[],"m":[{"f":385795115,"t":"Г. Чехов \nФио и тел мой нужен ?","d":516895440,"a":[{"t":0,"s":{"m":"https://sun9-76.userapi.com/impg/GlPnLA5HIAxQWFXj0FndoBuTjVRzOZEdQBVdxw/EFdRlUOzMUM.jpg?size=510x900&quality=95&crop=0,0,828,1461&sign=4ef869485e7bd61aa4a8c59cae63c258&c_uniq_tag=IFQG7nTHtN5AA9xEtORToLXZ8PDnGCJRx7Qx1MnaQ2A&type=album","s":"https://sun9-76.userapi.com/impg/GlPnLA5HIAxQWFXj0FndoBuTjVRzOZEdQBVdxw/EFdRlUOzMUM.jpg?size=200x433&quality=95&sign=1b9da001089dc9f29b05d579ccd38737&c_uniq_tag=WPJjluEoHNLkmcDMjOvmneGxbg3pkRcvQEKVr2p5WuY&type=album","n":"https://sun9-76.userapi.com/impg/GlPnLA5HIAxQWFXj0FndoBuTjVRzOZEdQBVdxw/EFdRlUOzMUM.jpg?size=828x1792&quality=95&sign=61d4227d740f795bb2c54ce90dbc9659&c_uniq_tag=pprfoTZH4HG00OUlF3uv6td7O0tdK0Hf14GvATrIiPA&type=album","o":"https://sun9-76.userapi.com/impg/GlPnLA5HIAxQWFXj0FndoBuTjVRzOZEdQBVdxw/EFdRlUOzMUM.jpg?size=499x1080&quality=95&sign=b88d96674eb56120554a50270cc64798&c_uniq_tag=q9mCGzPozbDLFiivlXI-7e9rFTT2Qbu77e-E2npnrKU&type=album","t":"https://sun9-76.userapi.com/impg/GlPnLA5HIAxQWFXj0FndoBuTjVRzOZEdQBVdxw/EFdRlUOzMUM.jpg?size=279x604&quality=95&sign=7210cf663511b3e2cd69c475ae73d7bb&c_uniq_tag=L9gMUVMiFS0xMc7srB186ChzCZ0hLgDuiO8lJQEGReY&type=album"},"z":"","q":0,"w":0,"o":385795115,"i":457298287,"d":516895423}]},{"f":385795115,"t":"Габариты 30х15","d":516895508,"a":[]}]},{"i":2647622,"f":169437458,"t":"Супер","d":516895174,"a":[],"m":[]},{"i":2647620,"f":15267753,"t":"Da","d":516895065,"a":[],"m":[]},{"i":2647618,"f":169437458,"t":"","d":516895032,"a":[{"t":3,"o":169437458,"i":645939476,"n":"audio_msg.opus","e":"ogg","s":14454,"url":"https://vk.com/doc169437458_645939476?hash=giSAXBgyYot7GAaN7YzTYEmiM1U5wspbhe13fo50MJs&dl=GzhDh9tJfiHKaqZRepMRDfshUm13IOfPJ0ziZqTNnLg&api=1&no_preview=1"}],"m":[]},{"i":2595563,"f":169437458,"t":"Взлом","d":513530931,"a":[],"m":[]},{"i":2592930,"f":15267753,"t":"Не не надо)","d":513290678,"a":[],"m":[]},{"i":2592879,"f":169437458,"t":"","d":513287554,"a":[{"t":3,"o":169437458,"i":642145391,"n":"audio_msg.opus","e":"ogg","s":10999,"url":"https://vk.com/doc169437458_642145391?hash=wzYT7kd2Pqxph1HUsR6CBZK4TLzEo1hr3hFl3Ikfguo&dl=UNIcVIzouw0LmInLXlTu6njOtnHZVz4K7o30NX6mcI4&api=1&no_preview=1"}],"m":[]},{"i":2592878,"f":169437458,"t":"Спасибо","d":513287543,"a":[],"m":[]},{"i":2592847,"f":15267753,"t":"Обращайс)","d":513286233,"a":[],"m":[]},{"i":2592846,"f":15267753,"t":"+++","d":513286231,"a":[],"m":[]},{"i":2592819,"f":169437458,"t":"","d":513285341,"a":[{"t":3,"o":169437458,"i":642142350,"n":"audio_msg.opus","e":"ogg","s":5362,"url":"https://vk.com/doc169437458_642142350?hash=Df8EbHneCgwcnNYkvQuWsJaTNojZ74QgMGfwpWNaEGH&dl=4yZmZCDdIZci44DMKW6Z4KwrtRNjisTl3XQaVUjXGm8&api=1&no_preview=1"}],"m":[]},{"i":2592818,"f":169437458,"t":"","d":513285337,"a":[{"t":0,"s":{"m":"https://sun9-15.userapi.com/impg/_ncWCjuvQ_jQw8JsOP0oTE6xtbZGwtAad5bA2Q/ur7YbtAsgiY.jpg?size=510x441&quality=95&sign=bd601c4d14a8f00a70070a406f744db7&c_uniq_tag=Cbyon1vscwEJdSUkHoGWDhFV5vTLKNejXFJ_DRxHA5Q&type=album","s":"https://sun9-15.userapi.com/impg/_ncWCjuvQ_jQw8JsOP0oTE6xtbZGwtAad5bA2Q/ur7YbtAsgiY.jpg?size=200x173&quality=95&sign=53ae8d01133355a7aea22f68ee9f7b8c&c_uniq_tag=37xPnE7Kh40NDhq__2QCjHZxNzD_WBXqvZRmBwIjpPo&type=album","n":"https://sun9-15.userapi.com/impg/_ncWCjuvQ_jQw8JsOP0oTE6xtbZGwtAad5bA2Q/ur7YbtAsgiY.jpg?size=828x716&quality=95&sign=1290fa52676b6475444b13bb6b8dcf13&c_uniq_tag=GSkHaYObUJRK9d6kLT6F_ODBWDviQy3oc9cgK9ymHpE&type=album","o":"https://sun9-15.userapi.com/impg/_ncWCjuvQ_jQw8JsOP0oTE6xtbZGwtAad5bA2Q/ur7YbtAsgiY.jpg?size=807x698&quality=95&sign=7b817e2dec5cc3ec3df518da9ba6f281&c_uniq_tag=Rr19tnT6DQvfK0ZdLV78qClF7r43ACAsOyKo_dw3dFQ&type=album","t":"https://sun9-15.userapi.com/impg/_ncWCjuvQ_jQw8JsOP0oTE6xtbZGwtAad5bA2Q/ur7YbtAsgiY.jpg?size=130x112&quality=95&sign=43be01e54697a713b449b55b47670b71&c_uniq_tag=JGSk1IrDR0uwlYmCsYv44k9x4YDDYsqj0EN0fGfvJV0&type=album"},"z":"","q":0,"w":0,"o":169437458,"i":457245987,"d":513285337}],"m":[]},{"i":2592766,"f":15267753,"t":"их мне скидывать я плачу за доставку сам","d":513284322,"a":[],"m":[]},{"i":2592765,"f":15267753,"t":"да все вместе 270","d":513284313,"a":[],"m":[]},{"i":2592757,"f":169437458,"t":"","d":513284100,"a":[{"t":3,"o":169437458,"i":642140531,"n":"audio_msg.opus","e":"ogg","s":26608,"url":"https://vk.com/doc169437458_642140531?hash=YK7KYpLjvJnr7JtvJvOpJx1az80ohcWlVRvz9TMgmqo&dl=WZNYUxmuT9lyO2zKYzABekG2H4RbTqAgYZPsw33DYLX&api=1&no_preview=1"}],"m":[]},{"i":2592738,"f":15267753,"t":"89059515168 сбер","d":513283621,"a":[],"m":[]},{"i":2592737,"f":15267753,"t":"Накладная успешно создана с номером: 1333723915\n270","d":513283605,"a":[],"m":[{"f":169437458,"t":"Отправитель: Г Кострома \nПолучатель: Тул область город Новомосковск \nСдек: улица мира 3Ж\nМинаев Максим Олегович \n9190729165\nГабариты: \nДлина 30 см \nШирина 22 см \nВысота 7 см","d":513283319,"a":[]}]},{"i":2592725,"f":169437458,"t":"Отправитель: Г Кострома \nПолучатель: Тул область город Новомосковск \nСдек: улица мира 3Ж\nМинаев Максим Олегович \n9190729165\nГабариты: \nДлина 30 см \nШирина 22 см \nВысота 7 см","d":513283319,"a":[],"m":[]},{"i":2592699,"f":15267753,"t":"Город отправителя\nГород получателя, фио, тел, пункт выдачи\nГабарит","d":513282771,"a":[],"m":[]},{"i":2592693,"f":169437458,"t":"","d":513282646,"a":[{"t":3,"o":169437458,"i":642138318,"n":"audio_msg.opus","e":"ogg","s":6309,"url":"https://vk.com/doc169437458_642138318?hash=BNzvrvUINCSZxOqrTVFZmzOBj2GEuhj3vQENHazK1EP&dl=8wICgrblZOolNmTuzlUZgkc53lWSSETIfTVx46SHZZ0&api=1&no_preview=1"}],"m":[]},{"i":2592692,"f":169437458,"t":"","d":513282642,"a":[{"t":3,"o":169437458,"i":642138314,"n":"audio_msg.opus","e":"ogg","s":10600,"url":"https://vk.com/doc169437458_642138314?hash=MZh66mpXnN7YzTuGyeXynAK9zWZc1KXlAM5q1XmRc5s&dl=B9fsyW80yu66hAZo6eHjnXG9VkYdKqh3Xgmj1zInUuP&api=1&no_preview=1"}],"m":[]},{"i":2592669,"f":169437458,"t":"","d":513281087,"a":[{"t":3,"o":169437458,"i":642136070,"n":"audio_msg.opus","e":"ogg","s":5408,"url":"https://vk.com/doc169437458_642136070?hash=CBEN2IIHnkbGEcYXqOGVwG0JTXBCZz67yaEWSlxhDVL&dl=bGOQeMKLSHO7qOT6cPoQBaFf13GBICxgvKiHnEYdYBE&api=1&no_preview=1"}],"m":[]},{"i":2592644,"f":15267753,"t":"Данные пишешь и делаю)","d":513279360,"a":[],"m":[]},{"i":2592643,"f":15267753,"t":"Да можно","d":513279353,"a":[],"m":[]},{"i":2592642,"f":15267753,"t":"Прив","d":513279351,"a":[],"m":[]},{"i":2592641,"f":169437458,"t":"","d":513279058,"a":[{"t":3,"o":169437458,"i":642133040,"n":"audio_msg.opus","e":"ogg","s":21108,"url":"https://vk.com/doc169437458_642133040?hash=cFVoxrSrAznQflEBurM1NcDz5dC1nAinemaZzD4ZexP&dl=cPdTmTFq0alkM3OoOByOtgZEznyhkU8xBsUngXIsW08&api=1&no_preview=1"}],"m":[]}]}