{"meta":{"v":"1.2","p":55765826,"a":15267753,"t":"Александр Мельник","d":1691415284},"data":[{"i":3112678,"f":15267753,"t":"550","d":549722510,"a":[],"m":[]},{"i":3112672,"f":15267753,"t":"привет","d":549722488,"a":[],"m":[]},{"i":3112474,"f":55765826,"t":"Привет. Из Севастополя в Тюмень доставить Панаму сколько будет денег?","d":549705823,"a":[],"m":[]},{"i":3088221,"f":15267753,"t":"+","d":547082599,"a":[],"m":[{"f":55765826,"t":"Перевёл","d":547082589,"a":[]}]},{"i":3088220,"f":55765826,"t":"Перевёл","d":547082589,"a":[],"m":[]},{"i":3088212,"f":15267753,"t":"сбер сюда ж","d":547082316,"a":[],"m":[{"f":15267753,"t":"89059515168 сбер альфа","d":477314147,"a":[]}]},{"i":3088211,"f":15267753,"t":"Номер заказа СДЭК 1436010505\n500","d":547082282,"a":[],"m":[{"f":55765826,"t":"От\nОмск\nИван Зябрин\n\nКуда \nТюмень\nМельник Александр Алексеевич\n89068220181\nПункт выдачи на Сперанского 41","d":547074731,"a":[]}]},{"i":3088174,"f":55765826,"t":"От\nОмск\nИван Зябрин\n\nКуда \nТюмень\nМельник Александр Алексеевич\n89068220181\nПункт выдачи на Сперанского 41","d":547074731,"a":[],"m":[]},{"i":3088173,"f":15267753,"t":"И город аткуда","d":547074516,"a":[],"m":[]},{"i":3088172,"f":15267753,"t":"Так жи все","d":547074512,"a":[],"m":[{"f":55765826,"t":"г. Самара \nУл Молодёжная 10 (отделение) \nГаврилов Максим Павлович \n9019432657","d":511812057,"a":[]}]},{"i":3088165,"f":55765826,"t":"Там 2 пары кроссов","d":547073332,"a":[],"m":[]},{"i":3088164,"f":55765826,"t":"Я уж не помню","d":547073319,"a":[],"m":[]},{"i":3088163,"f":55765826,"t":"Какая инфа? \nГород и отделение откуда отправлять?","d":547073297,"a":[],"m":[]},{"i":3088161,"f":15267753,"t":"Привет да","d":547073273,"a":[],"m":[]},{"i":3088160,"f":55765826,"t":"Привет. Ты сдек накладные ещё делаешь?","d":547073259,"a":[],"m":[]},{"i":2570543,"f":15267753,"t":"+","d":511818981,"a":[],"m":[]},{"i":2570542,"f":55765826,"t":"Перевел","d":511818973,"a":[],"m":[]},{"i":2570472,"f":15267753,"t":"Накладная успешно создана с номером: 1330815276\n350","d":511816688,"a":[],"m":[{"f":55765826,"t":"г. Самара \nУл Молодёжная 10 (отделение) \nГаврилов Максим Павлович \n9019432657","d":511812057,"a":[]}]},{"i":2570379,"f":55765826,"t":"Ок","d":511812709,"a":[],"m":[]},{"i":2570371,"f":15267753,"t":"Сломался пока чуть позже","d":511812473,"a":[{"t":0,"s":{"m":"https://sun9-54.userapi.com/impg/Aam50LvMPWapqQVGZ4CO95iLX7N-ZSfqtHMxzQ/fZt1Dcw6vZg.jpg?size=510x900&quality=95&crop=0,0,828,1461&sign=d5f0563ed43563fba428fd75242ea3b0&c_uniq_tag=B_zhyfx3Hk_c41Tzkh_Wfm-0IeJqy8r58Mg-xHY6Rs8&type=album","s":"https://sun9-54.userapi.com/impg/Aam50LvMPWapqQVGZ4CO95iLX7N-ZSfqtHMxzQ/fZt1Dcw6vZg.jpg?size=200x433&quality=95&sign=6473f355c09bf10a99e33c7ced70bc81&c_uniq_tag=y1-Fhkk5iDsZ8vSu98CjGyAnF8a77m4Hli2bQ4ejOUc&type=album","n":"https://sun9-54.userapi.com/impg/Aam50LvMPWapqQVGZ4CO95iLX7N-ZSfqtHMxzQ/fZt1Dcw6vZg.jpg?size=828x1792&quality=95&sign=0b6b82998371697112880c489efaeadb&c_uniq_tag=vOCKv28-ffBBxOmgKTmqUdTV9XfJUexj6UA349DNvw4&type=album","o":"https://sun9-54.userapi.com/impg/Aam50LvMPWapqQVGZ4CO95iLX7N-ZSfqtHMxzQ/fZt1Dcw6vZg.jpg?size=499x1080&quality=95&sign=87e7a8ff922ef8b01b5cae4c578c37eb&c_uniq_tag=xWpkGzKsAt09etqyrwdje5H_UM8mANJw7IoYnY3IUBM&type=album","t":"https://sun9-54.userapi.com/impg/Aam50LvMPWapqQVGZ4CO95iLX7N-ZSfqtHMxzQ/fZt1Dcw6vZg.jpg?size=279x604&quality=95&sign=9fbeb232d46b10c8af79cf44b06b94c3&c_uniq_tag=Ip0ucd_Dg7XIXjcPKnHrV1pG1KGUi8V21D6Zkj2Bi_o&type=album"},"z":"","q":0,"w":0,"o":15267753,"i":457258497,"d":511812469}],"m":[]},{"i":2570366,"f":55765826,"t":"См 40*65","d":511812264,"a":[],"m":[]},{"i":2570365,"f":55765826,"t":"Шорты 34 размера","d":511812242,"a":[],"m":[]},{"i":2570364,"f":55765826,"t":"Тюмень","d":511812232,"a":[],"m":[]},{"i":2570361,"f":15267753,"t":"Откуда и габарит","d":511812126,"a":[],"m":[]},{"i":2570358,"f":55765826,"t":"г. Самара \nУл Молодёжная 10 (отделение) \nГаврилов Максим Павлович \n9019432657","d":511812057,"a":[],"m":[]},{"i":2570354,"f":15267753,"t":"Привет давай","d":511812023,"a":[],"m":[]},{"i":2570342,"f":55765826,"t":"Привет накладную сделаем?","d":511811889,"a":[],"m":[]},{"i":2454467,"f":15267753,"t":"+++","d":506350754,"a":[],"m":[]},{"i":2454466,"f":55765826,"t":"Спасибо","d":506350744,"a":[],"m":[]},{"i":2454465,"f":55765826,"t":"Денюжку закинул","d":506350743,"a":[],"m":[]},{"i":2454458,"f":15267753,"t":"Накладная успешно создана с номером: 1316737906\n400","d":506350423,"a":[],"m":[]},{"i":2454448,"f":55765826,"t":"Пара кроссовок","d":506350031,"a":[],"m":[]},{"i":2454440,"f":55765826,"t":"Из Сочи \n\nМельник Александр Алексеевич\n  9068220181\n Михаила Сперанского 41 (пункт) \n  Город Тюмень","d":506349932,"a":[],"m":[]},{"i":2454427,"f":15267753,"t":"Привет давай","d":506349753,"a":[],"m":[]},{"i":2454426,"f":55765826,"t":"Привет накладную сделаем?","d":506349743,"a":[],"m":[]},{"i":2387730,"f":15267753,"t":"+","d":501596495,"a":[],"m":[]},{"i":2387729,"f":55765826,"t":"Перевёл","d":501596460,"a":[],"m":[]},{"i":2387727,"f":15267753,"t":"Накладная успешно создана с номером: 1302798182\n270","d":501596372,"a":[],"m":[]},{"i":2387726,"f":55765826,"t":"Вот куда отправить","d":501596218,"a":[],"m":[]},{"i":2387725,"f":55765826,"t":"Карпович Евгений Валентинович \n89128583950\nИжевск \nПункт IZHV10","d":501596213,"a":[],"m":[]},{"i":2387721,"f":55765826,"t":"Давай сделаем","d":501596185,"a":[],"m":[]},{"i":2387700,"f":15267753,"t":"хорошо","d":501595624,"a":[],"m":[]},{"i":2387699,"f":55765826,"t":"Если там продавец не сливается","d":501595617,"a":[],"m":[]},{"i":2387698,"f":15267753,"t":"оке","d":501595612,"a":[],"m":[]},{"i":2387697,"f":55765826,"t":"Отпишу ок","d":501595608,"a":[],"m":[]},{"i":2387693,"f":15267753,"t":"270 будет","d":501595595,"a":[],"m":[]},{"i":2387689,"f":55765826,"t":"С ладошку посылка","d":501595527,"a":[],"m":[]},{"i":2387666,"f":55765826,"t":"Нет. Лючок бегзобака","d":501594681,"a":[],"m":[{"f":15267753,"t":"Пара?","d":501594647,"a":[]}]},{"i":2387663,"f":15267753,"t":"Пара?","d":501594647,"a":[],"m":[]},{"i":2387602,"f":55765826,"t":"?","d":501588349,"a":[],"m":[]},{"i":2387587,"f":55765826,"t":"Из Тюмени в ижевск 350 будет?","d":501584003,"a":[],"m":[]},{"i":2387570,"f":15267753,"t":"Давай","d":501582972,"a":[],"m":[]},{"i":2387569,"f":15267753,"t":"Привет","d":501582970,"a":[],"m":[]},{"i":2387566,"f":55765826,"t":"Накладную сделаем?","d":501581595,"a":[],"m":[]},{"i":2387565,"f":55765826,"t":"Привет","d":501581591,"a":[],"m":[]},{"i":2270032,"f":55765826,"t":"В том и дело что это были разные отделения)","d":494004154,"a":[],"m":[]},{"i":2270031,"f":15267753,"t":"Проще отделение тогда другое чем им доказыать чета","d":494004033,"a":[],"m":[]},{"i":2270030,"f":55765826,"t":"Но некоторые голову ебут","d":494004009,"a":[],"m":[]},{"i":2270029,"f":55765826,"t":"Я так и обьяснял","d":494004003,"a":[],"m":[]},{"i":2270028,"f":55765826,"t":"Ну вот у меня 2 раза было","d":494003997,"a":[],"m":[]},{"i":2270027,"f":15267753,"t":"По готовой накладной","d":494003994,"a":[],"m":[]},{"i":2270026,"f":15267753,"t":"Да","d":494003988,"a":[],"m":[]},{"i":2270025,"f":15267753,"t":"Эээ, не должны вообще","d":494003985,"a":[],"m":[]},{"i":2270024,"f":55765826,"t":"Надо же просто говорить что от ип отправляю и все?","d":494003984,"a":[],"m":[]},{"i":2270023,"f":55765826,"t":"Да у меня через раз гонят и просят паспорт но я их не понимаю","d":494003969,"a":[],"m":[]},{"i":2270022,"f":15267753,"t":"Привет, да нет, а почему да?)","d":494003922,"a":[],"m":[]},{"i":2270021,"f":55765826,"t":"Привет. Слушай а если делать Накладную и отправлять будет девушка в отделении не доебуться?","d":494003847,"a":[],"m":[]},{"i":2104579,"f":15267753,"t":"+","d":484239132,"a":[],"m":[]},{"i":2104578,"f":55765826,"t":"","d":484239130,"a":[{"t":0,"s":{"m":"https://sun9-54.userapi.com/impg/1fvM0DDlePmqvD3TTb3l8RUp8m_sj5oEYMU2HA/WecKFyCYbto.jpg?size=507x1080&quality=96&sign=10cfd29d4b1cd88e13f294fdde8f7253&c_uniq_tag=FQDzjXPE_Ab6HQr4cf-AWrX5wLBpRrC9SZF_9wghgxc&type=album","s":"https://sun9-54.userapi.com/impg/1fvM0DDlePmqvD3TTb3l8RUp8m_sj5oEYMU2HA/WecKFyCYbto.jpg?size=283x604&quality=96&sign=f3a4c59068dbe6d7681d48a470f1c9b6&c_uniq_tag=b6URGdoA29213nhFq8vV_TrA8lLpmh366_Pxs-E-Ss4&type=album","n":"https://sun9-54.userapi.com/impg/1fvM0DDlePmqvD3TTb3l8RUp8m_sj5oEYMU2HA/WecKFyCYbto.jpg?size=35x75&quality=96&sign=d3cff71a7a075b4c809ed563fb50bab1&c_uniq_tag=_GkCU0H8sHGvky1t8YbdMCfmN_3ZVzO7R3O_iWW9EDc&type=album","o":"https://sun9-54.userapi.com/impg/1fvM0DDlePmqvD3TTb3l8RUp8m_sj5oEYMU2HA/WecKFyCYbto.jpg?size=510x900&quality=96&crop=0,0,751,1325&sign=273df2d216498bf109b8a0154c13f624&c_uniq_tag=ecoSkpX8AyIH1PWjpoOOOxIC4h8WKR-VGvsode5emBA&type=album","t":"https://sun9-54.userapi.com/impg/1fvM0DDlePmqvD3TTb3l8RUp8m_sj5oEYMU2HA/WecKFyCYbto.jpg?size=200x426&quality=96&sign=f91e4d76987ce228bced19cc6b7a40a7&c_uniq_tag=68-J8BQ7SczqRc8rVCia5sQY8hyl9BxBhKI5SYFgh-0&type=album"},"z":"","q":0,"w":0,"o":55765826,"i":457246525,"d":484239129}],"m":[]},{"i":2104574,"f":15267753,"t":"350","d":484239039,"a":[],"m":[]},{"i":2104573,"f":15267753,"t":"Накладная успешно создана с номером: 1254809168","d":484239038,"a":[],"m":[]},{"i":2104570,"f":55765826,"t":"Санкт-Петербург\nНапалков Роман Константинович\n\nТюмень\nМельник Александр Алексеевич\n89068220181\nПункт выдачи на Демьяна бедного 83 (TYUM17 вроде) \n35*25*15","d":484238853,"a":[],"m":[]},{"i":2104549,"f":15267753,"t":"Привет давай","d":484238566,"a":[],"m":[]},{"i":2104547,"f":55765826,"t":"Привет накладную сделаем?","d":484238537,"a":[],"m":[]},{"i":1987394,"f":15267753,"t":"+","d":477934773,"a":[],"m":[]},{"i":1987393,"f":55765826,"t":"Спасибо","d":477934764,"a":[],"m":[]},{"i":1987392,"f":55765826,"t":"Перевёл","d":477934763,"a":[],"m":[]},{"i":1987384,"f":15267753,"t":"Да","d":477934687,"a":[],"m":[]},{"i":1987383,"f":55765826,"t":"Я прихожу получается в отделение называю номер накладной и отдаю посылку просто да?","d":477934678,"a":[],"m":[]},{"i":1987381,"f":15267753,"t":"Сбер","d":477934657,"a":[],"m":[{"f":15267753,"t":"89059515168 сбер альфа","d":477314147,"a":[]}]},{"i":1987380,"f":55765826,"t":"Куда перевод","d":477934656,"a":[],"m":[]},{"i":1987378,"f":55765826,"t":"Скинь телефон сбер","d":477934653,"a":[],"m":[]},{"i":1987377,"f":15267753,"t":"350","d":477934641,"a":[],"m":[]},{"i":1987376,"f":15267753,"t":"1239810752","d":477934639,"a":[],"m":[]},{"i":1987363,"f":55765826,"t":"Тюмень\nМельник Александр Алексеевич \n\nСанкт-Петербург\n Богдан Дмитриевич Топилин\n89817829415\nПункт выдачи на торфяной дороге\n40*26*15","d":477934412,"a":[],"m":[]},{"i":1987319,"f":15267753,"t":"Габариты","d":477934219,"a":[],"m":[]},{"i":1987318,"f":15267753,"t":"Город получателя фил номер пункт сдек","d":477934218,"a":[],"m":[]},{"i":1987316,"f":15267753,"t":"Город отправления","d":477934212,"a":[],"m":[]},{"i":1987315,"f":55765826,"t":"Что для этого надо? А то я не делал этого раньше","d":477934202,"a":[],"m":[]},{"i":1987310,"f":15267753,"t":"Привет да","d":477934185,"a":[],"m":[]},{"i":1987302,"f":55765826,"t":"Привет можно оформить накладную сдек?","d":477934163,"a":[],"m":[]},{"i":1981475,"f":15267753,"t":"Привет, ого быстро, кайф!","d":477662120,"a":[],"m":[]},{"i":1981465,"f":55765826,"t":"Привет посылку получил спасибо за помощь","d":477660820,"a":[],"m":[]},{"i":1975654,"f":55765826,"t":"Благодарю за оперативность","d":477323378,"a":[],"m":[]},{"i":1975642,"f":15267753,"t":"","d":477323293,"a":[{"t":0,"s":{"m":"https://sun9-38.userapi.com/impg/hoKyei56fi1FLRDM8Czd6zyn5uHioQPQQFk7Eg/0C-T9LnV3DI.jpg?size=810x1080&quality=96&sign=f65aa904153629ab2e9cc4ddcd25e398&c_uniq_tag=M3ABbuOSmX7FYFXwoalSFi75xREV7wHbdHYmrkYjI68&type=album","s":"https://sun9-38.userapi.com/impg/hoKyei56fi1FLRDM8Czd6zyn5uHioQPQQFk7Eg/0C-T9LnV3DI.jpg?size=453x604&quality=96&sign=45c41681a797ef6a6274ad90b9d38dff&c_uniq_tag=Y7OU71qatUJcpyy1cbEz2IFxdT5hfcGFynnuAY_594U&type=album","n":"https://sun9-38.userapi.com/impg/hoKyei56fi1FLRDM8Czd6zyn5uHioQPQQFk7Eg/0C-T9LnV3DI.jpg?size=56x75&quality=96&sign=4d67ba88ea3393ed667dc033202cc478&c_uniq_tag=qrD4-ydpTQlUtVsVEbOr8F67-UL5I9O2OtzjBeWJGNA&type=album","o":"https://sun9-38.userapi.com/impg/hoKyei56fi1FLRDM8Czd6zyn5uHioQPQQFk7Eg/0C-T9LnV3DI.jpg?size=510x680&quality=96&sign=21be132f69691e5eba7c1e93ad46b45b&c_uniq_tag=QVaDxB-8QHSC9NVfb6qKtK5DnJqFdsJN0l6uZ1GlhtM&type=album","t":"https://sun9-38.userapi.com/impg/hoKyei56fi1FLRDM8Czd6zyn5uHioQPQQFk7Eg/0C-T9LnV3DI.jpg?size=200x267&quality=96&sign=23af17f16db0d1af8e88f570834c32c1&c_uniq_tag=LLgK4Idazo-_d-Bth6s62J4z2LN8lUFsGnhIpspT7m8&type=album"},"z":"","q":0,"w":0,"o":15267753,"i":457256709,"d":477323293}],"m":[]},{"i":1975345,"f":55765826,"t":"Окей","d":477318917,"a":[],"m":[]},{"i":1975285,"f":15267753,"t":"сегодня попробую успеть закинуть","d":477317925,"a":[],"m":[]},{"i":1975284,"f":15267753,"t":"Накладная успешно создана с номером: 1238288600","d":477317917,"a":[],"m":[]},{"i":1975138,"f":55765826,"t":"Хорошо. Я просто для справки","d":477314558,"a":[],"m":[]},{"i":1975137,"f":15267753,"t":"Пока в диске","d":477314549,"a":[],"m":[]},{"i":1975136,"f":15267753,"t":"Сегодня или завтра","d":477314547,"a":[],"m":[]},{"i":1975135,"f":55765826,"t":"Когда ждать трек?","d":477314541,"a":[],"m":[]},{"i":1975133,"f":55765826,"t":"Хорошо буду знать","d":477314493,"a":[],"m":[]},{"i":1975132,"f":15267753,"t":"Да","d":477314381,"a":[],"m":[]},{"i":1975131,"f":55765826,"t":"Слушай это же через тебя можно сдек делать дешево да?","d":477314370,"a":[],"m":[]},{"i":1975130,"f":55765826,"t":"Мельник Александр Алексеевич\n  9068220181\n  Демьяна Бедного 83\n  Город Тюмень","d":477314284,"a":[],"m":[]},{"i":1975129,"f":15267753,"t":"Пиши сдек куда","d":477314244,"a":[],"m":[]},{"i":1975127,"f":15267753,"t":"Пришло","d":477314240,"a":[],"m":[]},{"i":1975126,"f":55765826,"t":"","d":477314236,"a":[{"t":0,"s":{"m":"https://sun9-42.userapi.com/impg/VxoOjJSiTaGv0qWQoc1nYoJKBlOjz40v6aAhtA/N647PilMxSU.jpg?size=486x1080&quality=96&sign=1ea122e4c1efdd7944b6a7c7123dcf32&c_uniq_tag=uta8rloPCALYZXkah6I5D0pQoJMQ3e3XzDuhfveXWSU&type=album","s":"https://sun9-42.userapi.com/impg/VxoOjJSiTaGv0qWQoc1nYoJKBlOjz40v6aAhtA/N647PilMxSU.jpg?size=272x604&quality=96&sign=8d3ec4e3f2e1605cfb1f093e86516544&c_uniq_tag=uxe94CpIGFuwqzHeqahA9-mUUCqoWIX5SMh5O-3dV9w&type=album","n":"https://sun9-42.userapi.com/impg/VxoOjJSiTaGv0qWQoc1nYoJKBlOjz40v6aAhtA/N647PilMxSU.jpg?size=34x75&quality=96&sign=2f613cca2e5c94b26664cdbb7abcd2e5&c_uniq_tag=XWejP05sz51ntVJwhN2sV7Sa4uqVUdHEpZgrqGCEZd4&type=album","o":"https://sun9-42.userapi.com/impg/VxoOjJSiTaGv0qWQoc1nYoJKBlOjz40v6aAhtA/N647PilMxSU.jpg?size=510x900&quality=96&crop=0,0,720,1271&sign=08d27068e5c69c5eb0776bcf5a26d9d7&c_uniq_tag=UHhIWNM75xFpFL0T84a-4CdBrp7u8u_rDlfLIrKJn80&type=album","t":"https://sun9-42.userapi.com/impg/VxoOjJSiTaGv0qWQoc1nYoJKBlOjz40v6aAhtA/N647PilMxSU.jpg?size=200x444&quality=96&sign=2f63eec802c17c04b32b8d665b0139b9&c_uniq_tag=51NEzg7wQn6TExpOAECi6Hpe1EqmtxDazt9jEMubOhQ&type=album"},"z":"","q":0,"w":0,"o":55765826,"i":457246417,"d":477314236}],"m":[]},{"i":1975123,"f":15267753,"t":"Да не меряная","d":477314164,"a":[],"m":[]},{"i":1975122,"f":55765826,"t":"Посмотри без косяков пара?","d":477314158,"a":[],"m":[]},{"i":1975121,"f":15267753,"t":"89059515168 сбер альфа","d":477314147,"a":[],"m":[]},{"i":1975120,"f":15267753,"t":"Да есть она","d":477314133,"a":[],"m":[]},{"i":1975100,"f":55765826,"t":"Дак вроде все скинул как есть)","d":477313859,"a":[],"m":[]},{"i":1975097,"f":15267753,"t":"Сек","d":477313840,"a":[],"m":[]},{"i":1975096,"f":15267753,"t":"Я думал форсы","d":477313839,"a":[],"m":[]},{"i":1975095,"f":15267753,"t":"А реаты","d":477313837,"a":[],"m":[]},{"i":1975089,"f":55765826,"t":"","d":477313767,"a":[{"t":0,"s":{"m":"https://sun9-7.userapi.com/impg/6q3y68Z0nC3xRxU-z8zdtsE3GcV6I3afHczUug/okrirdvbCNI.jpg?size=486x1080&quality=96&sign=591894efb93f283b98b259b629bd7e99&c_uniq_tag=bQSYjWE8TX_kTP5Vy1jn1f-MkQpkefZvAY87E-4Z5XU&type=album","s":"https://sun9-7.userapi.com/impg/6q3y68Z0nC3xRxU-z8zdtsE3GcV6I3afHczUug/okrirdvbCNI.jpg?size=272x604&quality=96&sign=11315091c702376441222b3e6e8c749f&c_uniq_tag=4LgCOMHz0-FITBUFG9p_3IyiFAZnbJIwjqbTxwJUf4o&type=album","n":"https://sun9-7.userapi.com/impg/6q3y68Z0nC3xRxU-z8zdtsE3GcV6I3afHczUug/okrirdvbCNI.jpg?size=34x75&quality=96&sign=3a3d17b1ee2de6fd69ae20f74121c0af&c_uniq_tag=DHMPcX9SnBYcjMVX2y-X2if2QOV9sYQyZVoxTKJHZs0&type=album","o":"https://sun9-7.userapi.com/impg/6q3y68Z0nC3xRxU-z8zdtsE3GcV6I3afHczUug/okrirdvbCNI.jpg?size=510x900&quality=96&crop=0,0,720,1271&sign=643476e0312e989c3997298c835ae9a2&c_uniq_tag=o2qgCTWfic6MP6wV0bGtDVb54U_1lnlvphAb4rxqBR8&type=album","t":"https://sun9-7.userapi.com/impg/6q3y68Z0nC3xRxU-z8zdtsE3GcV6I3afHczUug/okrirdvbCNI.jpg?size=200x444&quality=96&sign=27a0c9b6f12804c6453b1fa13e9911b0&c_uniq_tag=Mqct9fPXeL68ko3WBIT-qMQijuI4g9ZqESRLZ7YalBU&type=album"},"z":"","q":0,"w":0,"o":55765826,"i":457246416,"d":477313767}],"m":[]},{"i":1975083,"f":15267753,"t":"8 и 7.5 было","d":477313640,"a":[],"m":[]},{"i":1975081,"f":15267753,"t":"А 7 и не было","d":477313634,"a":[],"m":[]},{"i":1975073,"f":55765826,"t":"7 то остались может","d":477313460,"a":[],"m":[]},{"i":1975071,"f":55765826,"t":"А не 8","d":477313417,"a":[],"m":[]},{"i":1975070,"f":55765826,"t":"Дак надо 7","d":477313411,"a":[],"m":[]},{"i":1975069,"f":15267753,"t":"7.5 ток есть","d":477313391,"a":[],"m":[]},{"i":1975068,"f":15267753,"t":"8 забрал кто т","d":477313388,"a":[],"m":[]},{"i":1975067,"f":15267753,"t":"Я тут","d":477313345,"a":[],"m":[]},{"i":1975041,"f":55765826,"t":"Ок","d":477312930,"a":[],"m":[]},{"i":1975040,"f":15267753,"t":"10 мин","d":477312927,"a":[],"m":[]},{"i":1975038,"f":55765826,"t":"Через скока быть на связи примерно","d":477312921,"a":[],"m":[]},{"i":1974957,"f":15267753,"t":"Еду","d":477312075,"a":[],"m":[]},{"i":1974889,"f":55765826,"t":"Ок","d":477307195,"a":[],"m":[]},{"i":1974888,"f":15267753,"t":"В целых","d":477307188,"a":[],"m":[]},{"i":1974880,"f":55765826,"t":"Они же не в резаном боксе?","d":477306962,"a":[],"m":[]},{"i":1974879,"f":55765826,"t":"Хороши жду","d":477306948,"a":[],"m":[]},{"i":1974877,"f":15267753,"t":"скоро прям поеду. гляну напишу","d":477306922,"a":[],"m":[]},{"i":1974871,"f":55765826,"t":"Когда туда поедешь?","d":477306813,"a":[],"m":[]},{"i":1974870,"f":55765826,"t":"7юс надо","d":477306807,"a":[],"m":[]},{"i":1974869,"f":15267753,"t":"+ 800 сдеком","d":477306758,"a":[],"m":[]},{"i":1974868,"f":15267753,"t":"привет","d":477306755,"a":[],"m":[]},{"i":1974849,"f":55765826,"t":"Вот на эти?","d":477296127,"a":[{"t":0,"s":{"m":"https://sun9-57.userapi.com/impg/MoIVHSC6Q2f8j3krrwPYcJKx9bNoZrQbXUBvVA/rfa-U2cl3gQ.jpg?size=810x1080&quality=96&sign=054bda28e2e962b9042a04f6b8166777&c_uniq_tag=F4Fs6_Lst9CtIjkKplJDBJt_qTe0rhkIA9H2uU5fc20&type=album","s":"https://sun9-57.userapi.com/impg/MoIVHSC6Q2f8j3krrwPYcJKx9bNoZrQbXUBvVA/rfa-U2cl3gQ.jpg?size=453x604&quality=96&sign=037a97332b1721e3d59134beb3c38d55&c_uniq_tag=Mv5yAigu6R0Lob7xfHembDawJC17jReXEBanoqDZwIY&type=album","n":"https://sun9-57.userapi.com/impg/MoIVHSC6Q2f8j3krrwPYcJKx9bNoZrQbXUBvVA/rfa-U2cl3gQ.jpg?size=56x75&quality=96&sign=cbbfcc3e4d0dd0a466708a899dc7bf8b&c_uniq_tag=1CAdKS8xvTNeZpFu1DJb70iKDSgNwF3cAEfm7tq-Pso&type=album","o":"https://sun9-57.userapi.com/impg/MoIVHSC6Q2f8j3krrwPYcJKx9bNoZrQbXUBvVA/rfa-U2cl3gQ.jpg?size=510x680&quality=96&sign=85c92b7d636e42e57802d7ee47e2f73f&c_uniq_tag=8AYdF49f1FRJK4gKf_wn3nVUl_-_Jpeyl5OBMRUqSL4&type=album","t":"https://sun9-57.userapi.com/impg/MoIVHSC6Q2f8j3krrwPYcJKx9bNoZrQbXUBvVA/rfa-U2cl3gQ.jpg?size=200x267&quality=96&sign=0ec10470bee36393e9461a128eafc915&c_uniq_tag=03m9QRZCQzboeUCidA-5OeLsk1Qe2t0qPGDb_OA4Jvo&type=album"},"z":"","q":0,"w":0,"o":55765826,"i":457246415,"d":477296127}],"m":[]},{"i":1974848,"f":55765826,"t":"Привет сколько хш у тебя?","d":477296117,"a":[],"m":[]}]}