{"meta":{"v":"1.2","p":291949791,"a":15267753,"t":"Ваня Пчелкин","d":1691415976},"data":[{"i":2749468,"f":15267753,"t":"+","d":523360565,"a":[],"m":[]},{"i":2749450,"f":291949791,"t":"","d":523358953,"a":[{"t":0,"s":{"m":"https://sun9-31.userapi.com/impg/X4sRZeUL6PaskZlaaBExKk6qqu-YwEbXsIACZQ/I3hniGCiNfc.jpg?size=510x900&quality=95&crop=0,0,738,1302&sign=bb74fb1300a0f7293df9019673d4e959&c_uniq_tag=TMUlmU-V8QBMBJVp26lWoAjIg_cCdvzjPw1vnrQLsi8&type=album","s":"https://sun9-31.userapi.com/impg/X4sRZeUL6PaskZlaaBExKk6qqu-YwEbXsIACZQ/I3hniGCiNfc.jpg?size=200x434&quality=95&sign=d9ea23fabde3a7f680a58e816b36b992&c_uniq_tag=jCSgiP5-Kvrj2givIm3zC7tuJsU46G-am3h4fKmTX6w&type=album","n":"https://sun9-31.userapi.com/impg/X4sRZeUL6PaskZlaaBExKk6qqu-YwEbXsIACZQ/I3hniGCiNfc.jpg?size=738x1600&quality=95&sign=c07812453b5dddcde5b54a2580d4837a&c_uniq_tag=k2Mq6xd26fA1Yyx3lAlZzAyLOaLHzaZ96dWaPoY3PLM&type=album","o":"https://sun9-31.userapi.com/impg/X4sRZeUL6PaskZlaaBExKk6qqu-YwEbXsIACZQ/I3hniGCiNfc.jpg?size=498x1080&quality=95&sign=c3b165071f019e3e2dbc80f556f0bfe3&c_uniq_tag=qKf6WJBAP2FJXr9vylVAmIe2gMdXxM7Qi6TyRPVn4v4&type=album","t":"https://sun9-31.userapi.com/impg/X4sRZeUL6PaskZlaaBExKk6qqu-YwEbXsIACZQ/I3hniGCiNfc.jpg?size=279x604&quality=95&sign=6d5fdc6796c8a07d7e550984f38244c6&c_uniq_tag=pcMjIYQzM8Qzl2SwAJP-Oa7WI_srlJO-qMwos5y-FXM&type=album"},"z":"","q":0,"w":0,"o":291949791,"i":457277692,"d":523358953}],"m":[]},{"i":2749444,"f":15267753,"t":"Накладная успешно создана с номером: 1358822934\n400","d":523358739,"a":[],"m":[{"f":291949791,"t":"Получатель\nИван Иванович Порошин\n+79101341299","d":523321627,"a":[]}]},{"i":2749440,"f":291949791,"t":"Да","d":523358658,"a":[],"m":[]},{"i":2749439,"f":291949791,"t":"Салют","d":523358657,"a":[],"m":[]},{"i":2749437,"f":15267753,"t":"делаем?","d":523358631,"a":[],"m":[]},{"i":2749436,"f":15267753,"t":"привет","d":523358626,"a":[],"m":[]},{"i":2749315,"f":291949791,"t":"Адрес сдека","d":523321634,"a":[],"m":[{"f":291949791,"t":"Красные зори 15","d":523321631,"a":[]}]},{"i":2749314,"f":291949791,"t":"Красные зори 15","d":523321631,"a":[],"m":[]},{"i":2749313,"f":291949791,"t":"Получатель\nИван Иванович Порошин\n+79101341299","d":523321627,"a":[],"m":[]},{"i":2749312,"f":291949791,"t":"1 пара поедет","d":523321605,"a":[],"m":[]},{"i":2749311,"f":291949791,"t":"В Выксу","d":523321600,"a":[],"m":[]},{"i":2749310,"f":291949791,"t":"С Гродно","d":523321597,"a":[],"m":[]},{"i":2749309,"f":291949791,"t":"Накладную намутишь?","d":523321594,"a":[],"m":[]},{"i":2749308,"f":291949791,"t":"Салют","d":523321586,"a":[],"m":[]},{"i":2749307,"f":291949791,"t":"Илюх","d":523321584,"a":[],"m":[]},{"i":2743244,"f":15267753,"t":"+","d":522783628,"a":[],"m":[]},{"i":2743162,"f":291949791,"t":"","d":522781285,"a":[{"t":3,"o":291949791,"i":640866438,"n":"Квитанция.pdf","e":"pdf","s":184377,"url":"https://vk.com/doc291949791_640866438?hash=9QwWYPLpmVBExkMvdDijbzDIyz0DrCTYroZThL2Pwl4&dl=mxh97QT1NR9g0C3I1pHWkPLws359Z8leXJgCj3G0fiH&api=1&no_preview=1"}],"m":[]},{"i":2743161,"f":291949791,"t":"Спасибо","d":522781246,"a":[],"m":[]},{"i":2743160,"f":15267753,"t":"да ок","d":522781241,"a":[],"m":[]},{"i":2743159,"f":291949791,"t":"Можно тиньк?","d":522781238,"a":[],"m":[]},{"i":2743158,"f":15267753,"t":"89059515168 сбер","d":522781229,"a":[],"m":[]},{"i":2743157,"f":15267753,"t":"Накладная успешно создана с номером: 1357318850\n500","d":522781225,"a":[],"m":[]},{"i":2743156,"f":15267753,"t":"привет","d":522781161,"a":[],"m":[]},{"i":2743155,"f":291949791,"t":"","d":522781141,"a":[],"m":[{"f":291949791,"t":"С бреста","d":522770320,"a":[]},{"f":291949791,"t":"Революционная ул., 76, Тольятти, Самарская обл., 445028","d":522770327,"a":[]},{"f":291949791,"t":"Вот сюда","d":522770329,"a":[]},{"f":291949791,"t":"Две пары поедет","d":522770333,"a":[]},{"f":291949791,"t":"Получатель","d":522770441,"a":[]},{"f":291949791,"t":"Щербинин Алексей Андреевич","d":522770443,"a":[]},{"f":291949791,"t":"+79608465311","d":522770450,"a":[]}]},{"i":2743154,"f":291949791,"t":"Можешь накладную сделать?","d":522781119,"a":[],"m":[]},{"i":2743153,"f":291949791,"t":"Салют","d":522781115,"a":[],"m":[]},{"i":2743152,"f":291949791,"t":"Илья","d":522781113,"a":[],"m":[]}]}