{"meta":{"v":"1.2","p":80114188,"a":15267753,"t":"Андрей Скоромнов","d":1691414787},"data":[{"i":3141497,"f":80114188,"t":"улетело","d":552656980,"a":[],"m":[]},{"i":3141494,"f":15267753,"t":"да сбер","d":552656576,"a":[],"m":[]},{"i":3141493,"f":80114188,"t":"номер есть твой","d":552656414,"a":[],"m":[]},{"i":3141492,"f":80114188,"t":"привет\nсори \nзабыл \nсбер же?","d":552656408,"a":[],"m":[]},{"i":3141478,"f":15267753,"t":"1451897823\n450","d":552655680,"a":[],"m":[]},{"i":3141477,"f":15267753,"t":"привет","d":552655679,"a":[],"m":[]},{"i":3138755,"f":80114188,"t":"Привет, посылка доехала","d":552324267,"a":[],"m":[]},{"i":3135306,"f":80114188,"t":"отпраили","d":551968136,"a":[],"m":[]},{"i":3135295,"f":80114188,"t":"спасибо\nкак отправим- отпишу","d":551967772,"a":[],"m":[]},{"i":3135294,"f":15267753,"t":"Номер заказа СДЭК 1451897823","d":551967675,"a":[],"m":[{"f":80114188,"t":"привет\n\nгород отправителя: Нижний новгород \n \nгород получателя: Беларусь, Могилёв\nФИО получателя: Скоромнов Андрей Алексеевич\nтелефон получателя: 89691121124\nпункт сдек получателя: Первомайская ул., 1 • офис 13\n \nгабариты и вес не могу точно сказать","d":551967456,"a":[]}]},{"i":3135293,"f":15267753,"t":"привет","d":551967623,"a":[],"m":[]},{"i":3135280,"f":80114188,"t":"привет\n\nгород отправителя: Нижний новгород \n \nгород получателя: Беларусь, Могилёв\nФИО получателя: Скоромнов Андрей Алексеевич\nтелефон получателя: 89691121124\nпункт сдек получателя: Первомайская ул., 1 • офис 13\n \nгабариты и вес не могу точно сказать","d":551967456,"a":[],"m":[]},{"i":3133856,"f":80114188,"t":"супер, тогда чуть позже напишу","d":551802381,"a":[],"m":[]},{"i":3133782,"f":15267753,"t":"Могу","d":551797907,"a":[],"m":[]},{"i":3133781,"f":15267753,"t":"Привте","d":551797907,"a":[],"m":[]},{"i":3133780,"f":80114188,"t":"привет \nа не подскажешь\nты можешь оформить сдек из россии в беларусь?\nи норм будет телефон шипнуть так?","d":551797893,"a":[],"m":[]},{"i":3088386,"f":15267753,"t":"+++","d":547127494,"a":[],"m":[]},{"i":3088385,"f":80114188,"t":"","d":547127489,"a":[{"t":0,"s":{"m":"https://sun9-72.userapi.com/impg/R4yHPVRk3eIxsmYO1bjQ6L8FoN8srzO3bFpNEw/tbLc_JfNHCc.jpg?size=510x900&quality=95&crop=0,0,828,1461&sign=77ec78cc4a1480a9b8e145fb7eb7dc81&c_uniq_tag=x7nTs1mY5wUpSutcxpRviqox4Dr08UmadXsyRbKE2yU&type=album","s":"https://sun9-72.userapi.com/impg/R4yHPVRk3eIxsmYO1bjQ6L8FoN8srzO3bFpNEw/tbLc_JfNHCc.jpg?size=200x433&quality=95&sign=1fdd20549ed09f56613176d6e7d3abcf&c_uniq_tag=BW_AjYlRzacWn714R6IaeNcQQdl6nW4RyYYcUzgdwMQ&type=album","n":"https://sun9-72.userapi.com/impg/R4yHPVRk3eIxsmYO1bjQ6L8FoN8srzO3bFpNEw/tbLc_JfNHCc.jpg?size=828x1792&quality=95&sign=63e8110e6b20e5ca243a2e31dd22fc04&c_uniq_tag=tzVwm8vJ9noyaL7C93WBMb8Xl4tV6mJ_iSguKTVsbik&type=album","o":"https://sun9-72.userapi.com/impg/R4yHPVRk3eIxsmYO1bjQ6L8FoN8srzO3bFpNEw/tbLc_JfNHCc.jpg?size=499x1080&quality=95&sign=8ce6767ceb8cd33fb4b255d781666c1f&c_uniq_tag=wlmIzm0glGLpQ5VZadq1eBocOkARn_EKCqN4laNL44k&type=album","t":"https://sun9-72.userapi.com/impg/R4yHPVRk3eIxsmYO1bjQ6L8FoN8srzO3bFpNEw/tbLc_JfNHCc.jpg?size=279x604&quality=95&sign=4c940df621024531f1a3b651b5d4f988&c_uniq_tag=GKEltPwg_0bEZaC_mTHSLEYexWrQXelSeWd7zmqFQfM&type=album"},"z":"","q":0,"w":0,"o":80114188,"i":457255065,"d":547127488}],"m":[]},{"i":3088382,"f":15267753,"t":"бывает такое","d":547127423,"a":[],"m":[]},{"i":3088381,"f":15267753,"t":"сами проебались сдек","d":547127417,"a":[],"m":[]},{"i":3088380,"f":80114188,"t":"хорошо","d":547127405,"a":[],"m":[]},{"i":3088379,"f":80114188,"t":"уахахахха","d":547127403,"a":[],"m":[]},{"i":3088378,"f":15267753,"t":"ну так ниче не поменяли)","d":547127395,"a":[],"m":[{"f":15267753,"t":"1435408478\n400","d":546898311,"a":[]}]},{"i":3088371,"f":80114188,"t":"сколько там выходит?","d":547127127,"a":[],"m":[]},{"i":3088370,"f":80114188,"t":"все гуд, забрал","d":547127123,"a":[],"m":[]},{"i":3088070,"f":80114188,"t":"оттуда заберу","d":547063920,"a":[],"m":[]},{"i":3088069,"f":80114188,"t":"хотя ладно\nзавтра приеду","d":547063916,"a":[],"m":[]},{"i":3088066,"f":80114188,"t":"оформить чтоб перевезли?","d":547063321,"a":[],"m":[]},{"i":3088065,"f":80114188,"t":"привет \nслушай а её не в тот сдек привезли\nсоседний, конечно, но максимально неудобный","d":547063313,"a":[],"m":[]},{"i":3086834,"f":80114188,"t":"оки","d":546901582,"a":[],"m":[]},{"i":3086833,"f":15267753,"t":"У них там на каждом шаге роботы меряют","d":546901582,"a":[],"m":[]},{"i":3086832,"f":15267753,"t":"Давай скажешь как заберешь я точнл скажу","d":546901569,"a":[],"m":[]},{"i":3086829,"f":15267753,"t":"А я хз","d":546901563,"a":[],"m":[]},{"i":3086828,"f":80114188,"t":"там не перемеряли чтоль в сдеке","d":546901553,"a":[],"m":[]},{"i":3086827,"f":80114188,"t":"там 7 нинтенд","d":546901542,"a":[],"m":[]},{"i":3086826,"f":80114188,"t":"ого\nа почему 400 ток","d":546901537,"a":[],"m":[]},{"i":3086797,"f":15267753,"t":"1435408478\n400","d":546898311,"a":[],"m":[]},{"i":3086662,"f":80114188,"t":"отправил","d":546890191,"a":[],"m":[]},{"i":3086490,"f":80114188,"t":"спасибочки\nда","d":546879261,"a":[],"m":[]},{"i":3086487,"f":15267753,"t":"отправишь скажешь ну как обычно","d":546879250,"a":[],"m":[]},{"i":3086485,"f":15267753,"t":"Номер заказа СДЭК 1435408478","d":546879241,"a":[],"m":[{"f":80114188,"t":"город отправителя: Нижний новгород \n \nгород получателя: Москва\nФИО получателя: Скоромнов АНдрей Алексеевич\nтелефон получателя: 89691121124\nпункт сдек получателя: г. москва \nБагратионовский пр., 7, корп. 3\n \nгабариты и вес не могу точно сказать","d":546874221,"a":[]}]},{"i":3086377,"f":80114188,"t":"вот на эти данные сделаешь, пожалуйста","d":546874230,"a":[],"m":[]},{"i":3086376,"f":80114188,"t":"привет","d":546874224,"a":[],"m":[]},{"i":3086375,"f":80114188,"t":"город отправителя: Нижний новгород \n \nгород получателя: Москва\nФИО получателя: Скоромнов АНдрей Алексеевич\nтелефон получателя: 89691121124\nпункт сдек получателя: г. москва \nБагратионовский пр., 7, корп. 3\n \nгабариты и вес не могу точно сказать","d":546874221,"a":[],"m":[]},{"i":3079845,"f":80114188,"t":"спасибо","d":546203847,"a":[],"m":[]},{"i":3079843,"f":80114188,"t":"","d":546203829,"a":[{"t":0,"s":{"m":"https://sun9-26.userapi.com/impg/f1xZS0fF-_EAicPBD_Ou6gnjQAEEWzIWLWkeMw/_8HEip9kNGk.jpg?size=510x900&quality=95&crop=0,0,828,1461&sign=505419aa0e66a6783bd3af5e31dcb56c&c_uniq_tag=jW0RLfZ3o15_svpn-YENDMrPK1u6cv0NTdZivzKUit4&type=album","s":"https://sun9-26.userapi.com/impg/f1xZS0fF-_EAicPBD_Ou6gnjQAEEWzIWLWkeMw/_8HEip9kNGk.jpg?size=200x433&quality=95&sign=e437a2f4592a4334341dcbdbd35312dd&c_uniq_tag=HsQSz0so_zpY60XuAZ5fO2UGP9DWbMeMo4eUY5VjG08&type=album","n":"https://sun9-26.userapi.com/impg/f1xZS0fF-_EAicPBD_Ou6gnjQAEEWzIWLWkeMw/_8HEip9kNGk.jpg?size=828x1792&quality=95&sign=5e7536c09b8686186e92c970e3be01ba&c_uniq_tag=IgJZiIFqgNxqFnm3DQf4UiinqEjQltEjfKgn1kG8cWo&type=album","o":"https://sun9-26.userapi.com/impg/f1xZS0fF-_EAicPBD_Ou6gnjQAEEWzIWLWkeMw/_8HEip9kNGk.jpg?size=499x1080&quality=95&sign=c7ccc2eac6cc3e657f4762e5e9944963&c_uniq_tag=6yNtV9NZO98qz6XygZ7ccOz8YDPFs5EDH6mFKrMHj8E&type=album","t":"https://sun9-26.userapi.com/impg/f1xZS0fF-_EAicPBD_Ou6gnjQAEEWzIWLWkeMw/_8HEip9kNGk.jpg?size=279x604&quality=95&sign=125d032ed8b8d05d067368b70a544aa3&c_uniq_tag=iIXOkJn1Z6bo6w6EbzeRdoVlnfI4EtcpZ3JqGqe76V0&type=album"},"z":"","q":0,"w":0,"o":80114188,"i":457255038,"d":546203829}],"m":[]},{"i":3079841,"f":80114188,"t":"не пон почему меня запутали","d":546203509,"a":[],"m":[]},{"i":3079840,"f":80114188,"t":"а госпаде","d":546203503,"a":[],"m":[]},{"i":3079839,"f":15267753,"t":"Там любой можно","d":546203469,"a":[],"m":[]},{"i":3079837,"f":80114188,"t":"в москве","d":546203461,"a":[],"m":[]},{"i":3079836,"f":15267753,"t":"В нн?","d":546203456,"a":[],"m":[]},{"i":3079835,"f":80114188,"t":"а можешь адрес пункта поменять на старопетровский  проезд 1с2","d":546203447,"a":[],"m":[]},{"i":3079834,"f":15267753,"t":"","d":546203404,"a":[{"t":0,"s":{"m":"https://sun9-20.userapi.com/impg/Wh-vAfo5PuIDQYiXIWMU_1VDxRG3398PL90Afw/RIngni-Gt6I.jpg?size=510x900&quality=95&crop=0,0,1183,2088&sign=472315c58ef4c4f21c07e15144042b65&c_uniq_tag=4byh0pWgEaUpx4ubTI4xJviKf-41pYX7amkRh5wCyGI&type=album","s":"https://sun9-20.userapi.com/impg/Wh-vAfo5PuIDQYiXIWMU_1VDxRG3398PL90Afw/RIngni-Gt6I.jpg?size=200x433&quality=95&sign=4f76280251a49cf79c1d27556c4f371f&c_uniq_tag=LimQ-A6OvF_GmRhPETeU82wx7tyF90mKDLupm--PurU&type=album","n":"https://sun9-20.userapi.com/impg/Wh-vAfo5PuIDQYiXIWMU_1VDxRG3398PL90Afw/RIngni-Gt6I.jpg?size=998x2160&quality=95&sign=7c1b8ea5eef9b28e00cde8f8a67be9df&c_uniq_tag=g5RLjXrJKVDx1AvPHEFQWNWd3ImWZbV993B-WpBkGW8&type=album","o":"https://sun9-20.userapi.com/impg/Wh-vAfo5PuIDQYiXIWMU_1VDxRG3398PL90Afw/RIngni-Gt6I.jpg?size=499x1080&quality=95&sign=f02edf953cd5f97be621f8cabf4b8160&c_uniq_tag=dGXT50ynFliIZbJs4-pjHPWoFzLhBYhR_vE3SQeVYNw&type=album","t":"https://sun9-20.userapi.com/impg/Wh-vAfo5PuIDQYiXIWMU_1VDxRG3398PL90Afw/RIngni-Gt6I.jpg?size=279x604&quality=95&sign=0adc2429d5d29c840d47fca061aa9479&c_uniq_tag=xlecwsSy_NilOpq7ifiImuqocSQeWAU9xQOE_-zvp7A&type=album"},"z":"","q":0,"w":0,"o":15267753,"i":457259559,"d":546203404}],"m":[]},{"i":3079833,"f":80114188,"t":"но пункт улица красные зори","d":546203339,"a":[],"m":[]},{"i":3079832,"f":80114188,"t":"хотя странно \nстоит то москва","d":546203306,"a":[],"m":[]},{"i":3079823,"f":80114188,"t":"тут какие-то красные зори","d":546203034,"a":[],"m":[]},{"i":3079822,"f":80114188,"t":"надо москва","d":546203013,"a":[],"m":[]},{"i":3079814,"f":80114188,"t":"там кажется не тот пункт выбрал(","d":546202967,"a":[],"m":[]},{"i":3079569,"f":80114188,"t":"как отправлю - отпишу","d":546193941,"a":[],"m":[]},{"i":3079563,"f":15267753,"t":"Накладная успешно создана с номером: 1433111670\n450","d":546193691,"a":[],"m":[]},{"i":3079542,"f":80114188,"t":"вес хз","d":546192687,"a":[],"m":[]},{"i":3079541,"f":80114188,"t":"да","d":546192686,"a":[],"m":[]},{"i":3079540,"f":80114188,"t":"привет","d":546192686,"a":[],"m":[]},{"i":3079525,"f":15267753,"t":"Габарит такой же?","d":546192376,"a":[],"m":[]},{"i":3079523,"f":15267753,"t":"Привет","d":546192373,"a":[],"m":[]},{"i":3079522,"f":80114188,"t":"привет\nможно ещё разок на эти данные)","d":546192249,"a":[],"m":[{"f":80114188,"t":"город отправителя: москва\n\nгород получателя: Нижний новгород\nФИО получателя: Гаврилин Максим Михайлович\nтелефон получателя: 89964470303\nпункт сдек получателя: Нижний новгород ул. красных зорь, 27\n\nгабариты и вес не могу точно сказать, можно ли указать какие-нибудь, а в пункте сдека поправить?","d":545061275,"a":[]}]},{"i":3076326,"f":15267753,"t":"+","d":545922819,"a":[],"m":[]},{"i":3076317,"f":80114188,"t":"✅","d":545922415,"a":[{"t":0,"s":{"m":"https://sun9-49.userapi.com/impg/g3PY-wK3Gife950fCiclSnACWaLT7HFqAZ0HTQ/21hJ1kYPMtY.jpg?size=510x900&quality=95&crop=0,0,828,1461&sign=86e44ab5b648b27880d42fe852473f6f&c_uniq_tag=svwJd4vzCqB_ALyIdy1X_6tWpoCcORYpqAFV3Wm5yec&type=album","s":"https://sun9-49.userapi.com/impg/g3PY-wK3Gife950fCiclSnACWaLT7HFqAZ0HTQ/21hJ1kYPMtY.jpg?size=200x433&quality=95&sign=d4e372c56b7a42be1528d8c80823306c&c_uniq_tag=tjqVHqOwF0iWolKXhZJ7oRAClwXKN-CdddmGSnrcU7U&type=album","n":"https://sun9-49.userapi.com/impg/g3PY-wK3Gife950fCiclSnACWaLT7HFqAZ0HTQ/21hJ1kYPMtY.jpg?size=828x1792&quality=95&sign=4625624f0f217192976ed35f3e20efcc&c_uniq_tag=4RfUBDMafkNArk2GEQatRDvK2wG0eOyZTIdkKlIdMtI&type=album","o":"https://sun9-49.userapi.com/impg/g3PY-wK3Gife950fCiclSnACWaLT7HFqAZ0HTQ/21hJ1kYPMtY.jpg?size=499x1080&quality=95&sign=504b69d70bfd974dd42b2c185aa095c2&c_uniq_tag=PwtGEcPmMJtuZhyg_aspz8WB-SfyxqU1Zd_E16YgBHo&type=album","t":"https://sun9-49.userapi.com/impg/g3PY-wK3Gife950fCiclSnACWaLT7HFqAZ0HTQ/21hJ1kYPMtY.jpg?size=279x604&quality=95&sign=bde81ac28a1f33487b86f66d1bf338b4&c_uniq_tag=86A4AALLtnuzpiWLFjHRzqdhtnvFlZLrK8qFM-q_e_I&type=album"},"z":"","q":0,"w":0,"o":80114188,"i":457255031,"d":545922407}],"m":[]},{"i":3076298,"f":15267753,"t":"да","d":545921237,"a":[],"m":[]},{"i":3076297,"f":80114188,"t":"туда же на сбер?","d":545921233,"a":[],"m":[]},{"i":3076290,"f":15267753,"t":"1431286226\n450","d":545920974,"a":[],"m":[]},{"i":3076289,"f":15267753,"t":"Габариты 31 x 22 x 40 см \nВес 4.475 кг","d":545920970,"a":[],"m":[]},{"i":3076288,"f":15267753,"t":"ща гляну","d":545920938,"a":[],"m":[]},{"i":3076287,"f":15267753,"t":"ой не увидел, ушло вниз","d":545920937,"a":[],"m":[]},{"i":3076286,"f":15267753,"t":"прив","d":545920933,"a":[],"m":[]},{"i":3076283,"f":80114188,"t":"привет \nа сколько оплачивать то?👉👈","d":545920903,"a":[],"m":[]},{"i":3073926,"f":80114188,"t":"отправил","d":545672966,"a":[],"m":[]},{"i":3073722,"f":80114188,"t":"спасибо\nкак отправлю - отпишу","d":545663911,"a":[],"m":[]},{"i":3073692,"f":15267753,"t":"Номер заказа СДЭК 1431286226","d":545663162,"a":[],"m":[]},{"i":3073691,"f":15267753,"t":"привет","d":545663112,"a":[],"m":[]},{"i":3073508,"f":80114188,"t":"привет\nоформишь снова на эти данные\nвес и габариты не знаю","d":545651534,"a":[],"m":[{"f":80114188,"t":"город отправителя: москва\n\nгород получателя: Нижний новгород\nФИО получателя: Гаврилин Максим Михайлович\nтелефон получателя: 89964470303\nпункт сдек получателя: Нижний новгород ул. красных зорь, 27\n\nгабариты и вес не могу точно сказать, можно ли указать какие-нибудь, а в пункте сдека поправить?","d":545061275,"a":[]}]},{"i":3072581,"f":80114188,"t":"","d":545565916,"a":[{"t":0,"s":{"m":"https://sun9-31.userapi.com/impg/iH6CtCyfR6huzAC5DUxiQZv7NIzhfesiJJHnuA/D9TYZZlgf84.jpg?size=510x900&quality=95&crop=0,0,828,1461&sign=9006d9b2f545946f7652ef6701daa12b&c_uniq_tag=z0f0NVcHyHRSmvu2KH7y_TwgvnSJ6uwSL1bau5QTinU&type=album","s":"https://sun9-31.userapi.com/impg/iH6CtCyfR6huzAC5DUxiQZv7NIzhfesiJJHnuA/D9TYZZlgf84.jpg?size=200x433&quality=95&sign=4e1440fdf75647765eb0dd34c8da3495&c_uniq_tag=XrISLeNu6UEpMb_4rqPC5J5Gc71ZdR2H4pjzuJwFcOA&type=album","n":"https://sun9-31.userapi.com/impg/iH6CtCyfR6huzAC5DUxiQZv7NIzhfesiJJHnuA/D9TYZZlgf84.jpg?size=828x1792&quality=95&sign=29be811b45a1199c0884af836c12bf15&c_uniq_tag=qHcfUAl4S_BHDGirHBH1fudBEtVMHjajRGNrPbOGjyk&type=album","o":"https://sun9-31.userapi.com/impg/iH6CtCyfR6huzAC5DUxiQZv7NIzhfesiJJHnuA/D9TYZZlgf84.jpg?size=499x1080&quality=95&sign=548b04acc7ccdf9e84f44332f5704444&c_uniq_tag=3Ey9WA52RdYulzwDM3Se-HRlh0NPX1U_v3jJrV8l9gk&type=album","t":"https://sun9-31.userapi.com/impg/iH6CtCyfR6huzAC5DUxiQZv7NIzhfesiJJHnuA/D9TYZZlgf84.jpg?size=279x604&quality=95&sign=e8c8a9e3c867006cf53fc84e08663716&c_uniq_tag=9wg9fxVZqi55FR4CexUlyNCaRtI4KkE3B8OZLw6tdtw&type=album"},"z":"","q":0,"w":0,"o":80114188,"i":457255019,"d":545565915}],"m":[]},{"i":3072410,"f":15267753,"t":"1430643016\n450","d":545519652,"a":[],"m":[]},{"i":3072323,"f":80114188,"t":"отправил","d":545512636,"a":[],"m":[]},{"i":3072170,"f":80114188,"t":"кайф\nспасибо\nкак отправлю - отпишу","d":545500238,"a":[],"m":[]},{"i":3072161,"f":15267753,"t":"Накладная успешно создана с номером: 1430643016\n450","d":545499794,"a":[],"m":[]},{"i":3072159,"f":80114188,"t":"угу","d":545499778,"a":[],"m":[]},{"i":3072158,"f":15267753,"t":"так же там померят?","d":545499766,"a":[],"m":[]},{"i":3072157,"f":15267753,"t":"привет","d":545499741,"a":[],"m":[]},{"i":3072150,"f":80114188,"t":"привет\nможно на эти же данные","d":545499585,"a":[],"m":[{"f":80114188,"t":"город отправителя: москва\n\nгород получателя: Нижний новгород\nФИО получателя: Гаврилин Максим Михайлович\nтелефон получателя: 89964470303\nпункт сдек получателя: Нижний новгород ул. красных зорь, 27\n\nгабариты и вес не могу точно сказать, можно ли указать какие-нибудь, а в пункте сдека поправить?","d":545061275,"a":[]}]},{"i":3067984,"f":15267753,"t":"обращайся!","d":545133854,"a":[],"m":[]},{"i":3067983,"f":15267753,"t":"+","d":545133846,"a":[],"m":[]},{"i":3067870,"f":80114188,"t":"спасибо большое","d":545127537,"a":[],"m":[]},{"i":3067869,"f":80114188,"t":"","d":545127533,"a":[{"t":0,"s":{"m":"https://sun9-57.userapi.com/impg/d0FKOtnU2t3Yk2A7phw5y3h8u_GliqLSlMCfjw/NmY0-e4jyNo.jpg?size=510x900&quality=95&crop=0,0,828,1461&sign=395ed39a4a9da587a708da79b3532025&c_uniq_tag=SYhYuDIyOdr_LrXhep4MqOvaUSYmRZEJgd18ZDfgQuY&type=album","s":"https://sun9-57.userapi.com/impg/d0FKOtnU2t3Yk2A7phw5y3h8u_GliqLSlMCfjw/NmY0-e4jyNo.jpg?size=200x433&quality=95&sign=fe008b65962a99863f8a1e2e7e2d9815&c_uniq_tag=NJ7DW-1CDBOWBYXQGtD2o7RJ_AMi_lb3ytFXA5AgQiU&type=album","n":"https://sun9-57.userapi.com/impg/d0FKOtnU2t3Yk2A7phw5y3h8u_GliqLSlMCfjw/NmY0-e4jyNo.jpg?size=828x1792&quality=95&sign=2bb25adaea2d1263c989a9afa0e3a532&c_uniq_tag=ED7tbVpwCN19ywBBAz2IDC-4cMHfteCOc3tQWGZLF8I&type=album","o":"https://sun9-57.userapi.com/impg/d0FKOtnU2t3Yk2A7phw5y3h8u_GliqLSlMCfjw/NmY0-e4jyNo.jpg?size=499x1080&quality=95&sign=1c1c711ffba0689fbfb39bd14ced3e40&c_uniq_tag=IGoh08DHhUManjdbUbnbqIGyrvb8ds9ch5kZnbQDhUc&type=album","t":"https://sun9-57.userapi.com/impg/d0FKOtnU2t3Yk2A7phw5y3h8u_GliqLSlMCfjw/NmY0-e4jyNo.jpg?size=279x604&quality=95&sign=356aff6ded2ce3c3cfb0eab4156e37e6&c_uniq_tag=VpmpdqKMqbrLvO7mt3Fa5g4ZpAl_Bp5cSdzLc3lQHr8&type=album"},"z":"","q":0,"w":0,"o":80114188,"i":457255002,"d":545127532}],"m":[]},{"i":3067859,"f":15267753,"t":"89059515168 сбер","d":545125208,"a":[],"m":[]},{"i":3067858,"f":15267753,"t":"1429143769\n500","d":545125204,"a":[],"m":[]},{"i":3067801,"f":80114188,"t":"как освободишься - отпиши)","d":545099469,"a":[],"m":[]},{"i":3067341,"f":80114188,"t":"отправил","d":545069798,"a":[],"m":[]},{"i":3067177,"f":80114188,"t":"хорошо","d":545062545,"a":[],"m":[]},{"i":3067162,"f":15267753,"t":"Как отправишь скажешь — напишу цену!","d":545061619,"a":[],"m":[]},{"i":3067160,"f":15267753,"t":"Номер заказа СДЭК 1429143769","d":545061609,"a":[],"m":[{"f":80114188,"t":"город отправителя: москва\n\nгород получателя: Нижний новгород\nФИО получателя: Гаврилин Максим Михайлович\nтелефон получателя: 89964470303\nпункт сдек получателя: Нижний новгород ул. красных зорь, 27\n\nгабариты и вес не могу точно сказать, можно ли указать какие-нибудь, а в пункте сдека поправить?","d":545061275,"a":[]}]},{"i":3067154,"f":80114188,"t":"город отправителя: москва\n\nгород получателя: Нижний новгород\nФИО получателя: Гаврилин Максим Михайлович\nтелефон получателя: 89964470303\nпункт сдек получателя: Нижний новгород ул. красных зорь, 27\n\nгабариты и вес не могу точно сказать, можно ли указать какие-нибудь, а в пункте сдека поправить?","d":545061275,"a":[],"m":[]},{"i":3067076,"f":15267753,"t":"Город получателя фио тел пункт сдек\nГабарит вес","d":545056729,"a":[],"m":[]},{"i":3067075,"f":15267753,"t":"Город отправителя","d":545056720,"a":[],"m":[]},{"i":3067074,"f":80114188,"t":"а не подскажешь что нужно?","d":545056705,"a":[],"m":[]},{"i":3067073,"f":15267753,"t":"Да","d":545056683,"a":[],"m":[]},{"i":3067072,"f":15267753,"t":"Привет","d":545056681,"a":[],"m":[]},{"i":3067071,"f":80114188,"t":"Добрый день!\nПодскажите, пожалуйста, вы делаете ещё накладные сдека?","d":545056616,"a":[],"m":[]}]}