{"meta":{"v":"1.2","p":246014718,"a":15267753,"t":"Никита Томеев","d":1691415904},"data":[{"i":2787189,"f":246014718,"t":"Отправил, спасибо)","d":525801536,"a":[],"m":[]},{"i":2787188,"f":15267753,"t":"+","d":525801536,"a":[],"m":[]},{"i":2787187,"f":15267753,"t":"Накладная успешно создана с номером: 1366179168\n400","d":525801501,"a":[],"m":[{"f":246014718,"t":"Илья, привет!\nЕще одна посылочка намечается, сделаем?\n\nполучатель\nБирюков Марк \n89014611852 \nМытищи, борисовка 24\nотправка из г владимир \nВ 20, Ш 35, Д 32","d":525801416,"a":[]}]},{"i":2787186,"f":15267753,"t":"првиет","d":525801430,"a":[],"m":[]},{"i":2787185,"f":246014718,"t":"Илья, привет!\nЕще одна посылочка намечается, сделаем?\n\nполучатель\nБирюков Марк \n89014611852 \nМытищи, борисовка 24\nотправка из г владимир \nВ 20, Ш 35, Д 32","d":525801416,"a":[],"m":[]},{"i":2783880,"f":15267753,"t":"+","d":525617590,"a":[],"m":[]},{"i":2783879,"f":246014718,"t":"Спасибо как всегда!","d":525617583,"a":[],"m":[]},{"i":2783878,"f":15267753,"t":"Накладная успешно создана с номером: 1365544938\n750","d":525617545,"a":[],"m":[{"f":246014718,"t":"Получатель\n\nМосква, Волховский переулок 2с1\nПарфёнов Семен Евгеньевич \n89154639853\n\nОтправка из г Владимир \n\n40х35х60","d":525616587,"a":[]}]},{"i":2783874,"f":246014718,"t":"Давай бро, жду, выхожу в сдэк как раз","d":525617209,"a":[],"m":[]},{"i":2783866,"f":246014718,"t":"Получатель\n\nМосква, Волховский переулок 2с1\nПарфёнов Семен Евгеньевич \n89154639853\n\nОтправка из г Владимир \n\n40х35х60","d":525616587,"a":[],"m":[]},{"i":2783859,"f":15267753,"t":"Прив давай","d":525616420,"a":[],"m":[]},{"i":2783852,"f":246014718,"t":"Привет бро, нужна накладная, сделаем?","d":525615608,"a":[],"m":[]},{"i":2753367,"f":15267753,"t":"+++","d":523659649,"a":[],"m":[]},{"i":2753158,"f":246014718,"t":"Благодарю!","d":523648629,"a":[],"m":[]},{"i":2753152,"f":15267753,"t":"Накладная успешно создана с номером: 1359568058\n400","d":523648555,"a":[],"m":[{"f":246014718,"t":"Привет бро! Нужна накладная\nПолучатель- Оладов Илья Николаевич \n79023348050\nСдэк на Сормовская 6, город Москва \nОтправка из г Владимир\nВ 20, Ш 35, Д 32","d":523648305,"a":[]}]},{"i":2753149,"f":15267753,"t":"Привет","d":523648441,"a":[],"m":[]},{"i":2753143,"f":246014718,"t":"Привет бро! Нужна накладная\nПолучатель- Оладов Илья Николаевич \n79023348050\nСдэк на Сормовская 6, город Москва \nОтправка из г Владимир\nВ 20, Ш 35, Д 32","d":523648305,"a":[],"m":[]},{"i":2741246,"f":246014718,"t":"","d":522617922,"a":[{"t":4}],"m":[]},{"i":2741244,"f":15267753,"t":"+","d":522617866,"a":[],"m":[]},{"i":2741243,"f":15267753,"t":"если срочно просто пиши, могу не заметить так иногда","d":522617858,"a":[],"m":[]},{"i":2741237,"f":246014718,"t":"Лучший, спасибо!","d":522617771,"a":[],"m":[]},{"i":2741233,"f":15267753,"t":"Накладная успешно создана с номером: 1356794271\n350","d":522617705,"a":[],"m":[{"f":246014718,"t":"Привет :)\nПоможешь с накладной ? \n \nполучатель- Томеев Никита Александрович,79042611443, г.Владимир, ул Мира, 70\n \nОтправка из г Мытищи \n \n0.7кг \n \nВ 15, Ш 30, Д 30","d":522610281,"a":[]}]},{"i":2741225,"f":15267753,"t":"прив сейчас сделаю","d":522617576,"a":[],"m":[]},{"i":2741029,"f":246014718,"t":"Привет :)\nПоможешь с накладной ? \n \nполучатель- Томеев Никита Александрович,79042611443, г.Владимир, ул Мира, 70\n \nОтправка из г Мытищи \n \n0.7кг \n \nВ 15, Ш 30, Д 30","d":522610281,"a":[],"m":[]},{"i":2708951,"f":15267753,"t":"+","d":520472060,"a":[],"m":[]},{"i":2708936,"f":246014718,"t":"Ушли, спасибо)","d":520471634,"a":[],"m":[]},{"i":2708934,"f":15267753,"t":"Накладная успешно создана с номером: 1351282119\n400","d":520471591,"a":[],"m":[{"f":246014718,"t":"Здаров бро, еще одна накладная нужна)\n\nТерновский Марк Игоревич, 79645538218\nул. авиамоторная 67/8 стр.3\n\nОтправка из г Владимир\n\n1кг \n \nВ 20, Ш 35, Д 32","d":520464770,"a":[]}]},{"i":2708933,"f":246014718,"t":"Да, Москва)","d":520471556,"a":[],"m":[]},{"i":2708932,"f":15267753,"t":"это мск да","d":520471532,"a":[],"m":[]},{"i":2708929,"f":15267753,"t":"да чуточек )","d":520471511,"a":[],"m":[{"f":246014718,"t":"Ты с этого дела благого берешь комиссию себе, надеюсь?","d":520464800,"a":[]}]},{"i":2708928,"f":15267753,"t":"прив","d":520471505,"a":[],"m":[]},{"i":2708760,"f":246014718,"t":"Ты с этого дела благого берешь комиссию себе, надеюсь?","d":520464800,"a":[],"m":[]},{"i":2708757,"f":246014718,"t":"Здаров бро, еще одна накладная нужна)\n\nТерновский Марк Игоревич, 79645538218\nул. авиамоторная 67/8 стр.3\n\nОтправка из г Владимир\n\n1кг \n \nВ 20, Ш 35, Д 32","d":520464770,"a":[],"m":[]},{"i":2702555,"f":15267753,"t":"+","d":520115508,"a":[],"m":[]},{"i":2702554,"f":246014718,"t":"Отправил :)\nСпасибо тебе!","d":520115477,"a":[],"m":[]},{"i":2702553,"f":15267753,"t":"Накладная успешно создана с номером: 1350412252\n400","d":520115424,"a":[],"m":[{"f":246014718,"t":"Пузанова Анастасия Игоревна \n8 (906) 097-31-90 \nОтделение: одинцово, Маковского 16\n\n1кг \n \nВ 20, Ш 35, Д 32","d":520115135,"a":[]}]},{"i":2702552,"f":246014718,"t":"Г. Владимир","d":520115316,"a":[],"m":[]},{"i":2702551,"f":15267753,"t":"Откуда","d":520115299,"a":[],"m":[]},{"i":2702547,"f":246014718,"t":"Пузанова Анастасия Игоревна \n8 (906) 097-31-90 \nОтделение: одинцово, Маковского 16\n\n1кг \n \nВ 20, Ш 35, Д 32","d":520115135,"a":[],"m":[]},{"i":2702539,"f":15267753,"t":"Да","d":520114442,"a":[],"m":[]},{"i":2702538,"f":15267753,"t":"Привет","d":520114440,"a":[],"m":[]},{"i":2702531,"f":246014718,"t":"Привет бро!\nНакладная нужна, сможешь сделать?","d":520114269,"a":[],"m":[]},{"i":2572852,"f":15267753,"t":"+++","d":511967121,"a":[],"m":[]},{"i":2572851,"f":246014718,"t":"","d":511967119,"a":[{"t":4}],"m":[]},{"i":2572849,"f":15267753,"t":"Накладная успешно создана с номером: 1331110028\n500","d":511967068,"a":[],"m":[{"f":246014718,"t":"Филатов Сергей Дмитриевич \n89851437309\nСдэк: 26-ти бакинских Комиссаров, дом 14 (г. Москва)\n\nОтправка из г Владимир","d":511966825,"a":[{"t":0,"s":{"m":"https://sun9-17.userapi.com/impg/6w4Up8cu5ILVkl6tYdWxRxnLCJ8w-DyuGpbcIw/kCUt5sKm0_0.jpg?size=232x152&quality=95&sign=0c496d33e95aad774452b80386d999db&c_uniq_tag=DyEpm2JYkDEtEqVvdeOnd1y1PapcVQEFd38Ntco7F80&type=album","s":"https://sun9-17.userapi.com/impg/6w4Up8cu5ILVkl6tYdWxRxnLCJ8w-DyuGpbcIw/kCUt5sKm0_0.jpg?size=200x133&quality=95&crop=1,0,229,152&sign=698aab31377fff52c059c24039ce1cee&c_uniq_tag=CbvV-CrDxqzVP6q2d3u0vzzdtM4lxYFLY2shmWS5Svc&type=album","n":"https://sun9-17.userapi.com/impg/6w4Up8cu5ILVkl6tYdWxRxnLCJ8w-DyuGpbcIw/kCUt5sKm0_0.jpg?size=130x87&quality=95&crop=2,0,227,152&sign=103d449bc3472f94b3f0d1273ad4bd15&c_uniq_tag=A-LedsNFeEhKG1tEOtYL84DpQYKqfGKAr5LbcSNjr0k&type=album","o":"https://sun9-17.userapi.com/impg/6w4Up8cu5ILVkl6tYdWxRxnLCJ8w-DyuGpbcIw/kCUt5sKm0_0.jpg?size=232x152&quality=95&sign=0c496d33e95aad774452b80386d999db&c_uniq_tag=DyEpm2JYkDEtEqVvdeOnd1y1PapcVQEFd38Ntco7F80&type=album","t":"https://sun9-17.userapi.com/impg/6w4Up8cu5ILVkl6tYdWxRxnLCJ8w-DyuGpbcIw/kCUt5sKm0_0.jpg?size=130x85&quality=95&sign=ebd797d4f38722e911281a9d931ca07b&c_uniq_tag=3VQIQH3bt0zl7t7n3vjbHuFy-DyaLLg5AUc4UWnSOjE&type=album"},"z":"","q":0,"w":0,"o":246014718,"i":457251179,"d":511966775}]}]},{"i":2572840,"f":246014718,"t":"Филатов Сергей Дмитриевич \n89851437309\nСдэк: 26-ти бакинских Комиссаров, дом 14 (г. Москва)\n\nОтправка из г Владимир","d":511966825,"a":[{"t":0,"s":{"m":"https://sun9-17.userapi.com/impg/6w4Up8cu5ILVkl6tYdWxRxnLCJ8w-DyuGpbcIw/kCUt5sKm0_0.jpg?size=232x152&quality=95&sign=0c496d33e95aad774452b80386d999db&c_uniq_tag=DyEpm2JYkDEtEqVvdeOnd1y1PapcVQEFd38Ntco7F80&type=album","s":"https://sun9-17.userapi.com/impg/6w4Up8cu5ILVkl6tYdWxRxnLCJ8w-DyuGpbcIw/kCUt5sKm0_0.jpg?size=200x133&quality=95&crop=1,0,229,152&sign=698aab31377fff52c059c24039ce1cee&c_uniq_tag=CbvV-CrDxqzVP6q2d3u0vzzdtM4lxYFLY2shmWS5Svc&type=album","n":"https://sun9-17.userapi.com/impg/6w4Up8cu5ILVkl6tYdWxRxnLCJ8w-DyuGpbcIw/kCUt5sKm0_0.jpg?size=130x87&quality=95&crop=2,0,227,152&sign=103d449bc3472f94b3f0d1273ad4bd15&c_uniq_tag=A-LedsNFeEhKG1tEOtYL84DpQYKqfGKAr5LbcSNjr0k&type=album","o":"https://sun9-17.userapi.com/impg/6w4Up8cu5ILVkl6tYdWxRxnLCJ8w-DyuGpbcIw/kCUt5sKm0_0.jpg?size=232x152&quality=95&sign=0c496d33e95aad774452b80386d999db&c_uniq_tag=DyEpm2JYkDEtEqVvdeOnd1y1PapcVQEFd38Ntco7F80&type=album","t":"https://sun9-17.userapi.com/impg/6w4Up8cu5ILVkl6tYdWxRxnLCJ8w-DyuGpbcIw/kCUt5sKm0_0.jpg?size=130x85&quality=95&sign=ebd797d4f38722e911281a9d931ca07b&c_uniq_tag=3VQIQH3bt0zl7t7n3vjbHuFy-DyaLLg5AUc4UWnSOjE&type=album"},"z":"","q":0,"w":0,"o":246014718,"i":457251179,"d":511966775}],"m":[]},{"i":2572833,"f":15267753,"t":"Привет)","d":511966728,"a":[],"m":[]},{"i":2572831,"f":246014718,"t":"Бро, привет \nПостоянным клиентом буду у тебя кажись)\nЕще одна накладная нужна","d":511966702,"a":[],"m":[]},{"i":2569778,"f":15267753,"t":"+","d":511799644,"a":[],"m":[]},{"i":2569754,"f":246014718,"t":"","d":511799332,"a":[{"t":4}],"m":[]},{"i":2569750,"f":15267753,"t":"Накладная успешно создана с номером: 1330738840\n400","d":511799264,"a":[],"m":[{"f":246014718,"t":"Парфёнов Семен \n89154639853 \nСдэк - Путилково ТЦ Вейпак\n\nОтправка из г. Владимир\n\n1кг\n\nВ 20, Ш 35, Д 32","d":511797188,"a":[]}]},{"i":2569736,"f":246014718,"t":"Хорошо","d":511798339,"a":[],"m":[]},{"i":2569733,"f":15267753,"t":"завис сдек пока чуть позже","d":511798326,"a":[],"m":[]},{"i":2569699,"f":246014718,"t":"Парфёнов Семен \n89154639853 \nСдэк - Путилково ТЦ Вейпак\n\nОтправка из г. Владимир\n\n1кг\n\nВ 20, Ш 35, Д 32","d":511797188,"a":[],"m":[]},{"i":2569698,"f":15267753,"t":"Конечно","d":511797139,"a":[],"m":[]},{"i":2569697,"f":15267753,"t":"Привет","d":511797138,"a":[],"m":[]},{"i":2569695,"f":246014718,"t":"Привет! :)\nЕще одна накладная нужна, сделаем?","d":511797127,"a":[],"m":[]},{"i":2566730,"f":15267753,"t":"+++","d":511636442,"a":[],"m":[]},{"i":2566729,"f":246014718,"t":"Спасибо :)","d":511636439,"a":[],"m":[]},{"i":2566728,"f":246014718,"t":"Ушли!","d":511636436,"a":[],"m":[]},{"i":2566727,"f":15267753,"t":"+","d":511636434,"a":[],"m":[]},{"i":2566726,"f":15267753,"t":"Накладная успешно создана с номером: 1330316476\n500","d":511636366,"a":[],"m":[{"f":246014718,"t":"Получатель:\n89037749495 \nФирсов Дмитрий Юрьевич \nСнежная 23 мск\n\nОтправляю из г владимир","d":511636284,"a":[{"t":0,"s":{"m":"https://sun9-79.userapi.com/impg/VVLev2ZxxhK0SzDNEgXmHM88_MBf8aoUOM_MgQ/QsGxowSlrhA.jpg?size=232x152&quality=96&sign=3893fa05966daee681210a8a1811608d&c_uniq_tag=MScbzGY7VDCA2gIuLk4PP2ZYUE7YcwQ-Ugz6Ifn6WuM&type=album","s":"https://sun9-79.userapi.com/impg/VVLev2ZxxhK0SzDNEgXmHM88_MBf8aoUOM_MgQ/QsGxowSlrhA.jpg?size=232x152&quality=96&sign=3893fa05966daee681210a8a1811608d&c_uniq_tag=MScbzGY7VDCA2gIuLk4PP2ZYUE7YcwQ-Ugz6Ifn6WuM&type=album","n":"https://sun9-79.userapi.com/impg/VVLev2ZxxhK0SzDNEgXmHM88_MBf8aoUOM_MgQ/QsGxowSlrhA.jpg?size=232x152&quality=96&sign=3893fa05966daee681210a8a1811608d&c_uniq_tag=MScbzGY7VDCA2gIuLk4PP2ZYUE7YcwQ-Ugz6Ifn6WuM&type=album","o":"https://sun9-79.userapi.com/impg/VVLev2ZxxhK0SzDNEgXmHM88_MBf8aoUOM_MgQ/QsGxowSlrhA.jpg?size=200x133&quality=96&crop=1,0,229,152&sign=59659b41d9945cb86e0a19eefa174bd2&c_uniq_tag=fjRnnUdi-POJ3-f0GJ5lJyVZUP0UNKoehuKdaS6F4Lc&type=album","t":"https://sun9-79.userapi.com/impg/VVLev2ZxxhK0SzDNEgXmHM88_MBf8aoUOM_MgQ/QsGxowSlrhA.jpg?size=130x87&quality=96&crop=2,0,227,152&sign=f77186d9d2a4ff518f151642de26aa50&c_uniq_tag=pe69aotORpbu4YO2LDiLSG9NIfg_4y7ar5ryDDeUqMw&type=album"},"z":"","q":0,"w":0,"o":246014718,"i":457251160,"d":511636259}]}]},{"i":2566725,"f":246014718,"t":"Получатель:\n89037749495 \nФирсов Дмитрий Юрьевич \nСнежная 23 мск\n\nОтправляю из г владимир","d":511636284,"a":[{"t":0,"s":{"m":"https://sun9-79.userapi.com/impg/VVLev2ZxxhK0SzDNEgXmHM88_MBf8aoUOM_MgQ/QsGxowSlrhA.jpg?size=232x152&quality=96&sign=3893fa05966daee681210a8a1811608d&c_uniq_tag=MScbzGY7VDCA2gIuLk4PP2ZYUE7YcwQ-Ugz6Ifn6WuM&type=album","s":"https://sun9-79.userapi.com/impg/VVLev2ZxxhK0SzDNEgXmHM88_MBf8aoUOM_MgQ/QsGxowSlrhA.jpg?size=232x152&quality=96&sign=3893fa05966daee681210a8a1811608d&c_uniq_tag=MScbzGY7VDCA2gIuLk4PP2ZYUE7YcwQ-Ugz6Ifn6WuM&type=album","n":"https://sun9-79.userapi.com/impg/VVLev2ZxxhK0SzDNEgXmHM88_MBf8aoUOM_MgQ/QsGxowSlrhA.jpg?size=232x152&quality=96&sign=3893fa05966daee681210a8a1811608d&c_uniq_tag=MScbzGY7VDCA2gIuLk4PP2ZYUE7YcwQ-Ugz6Ifn6WuM&type=album","o":"https://sun9-79.userapi.com/impg/VVLev2ZxxhK0SzDNEgXmHM88_MBf8aoUOM_MgQ/QsGxowSlrhA.jpg?size=200x133&quality=96&crop=1,0,229,152&sign=59659b41d9945cb86e0a19eefa174bd2&c_uniq_tag=fjRnnUdi-POJ3-f0GJ5lJyVZUP0UNKoehuKdaS6F4Lc&type=album","t":"https://sun9-79.userapi.com/impg/VVLev2ZxxhK0SzDNEgXmHM88_MBf8aoUOM_MgQ/QsGxowSlrhA.jpg?size=130x87&quality=96&crop=2,0,227,152&sign=f77186d9d2a4ff518f151642de26aa50&c_uniq_tag=pe69aotORpbu4YO2LDiLSG9NIfg_4y7ar5ryDDeUqMw&type=album"},"z":"","q":0,"w":0,"o":246014718,"i":457251160,"d":511636259}],"m":[]},{"i":2566723,"f":15267753,"t":"привет, давай","d":511636236,"a":[],"m":[]},{"i":2566722,"f":246014718,"t":"Привет бро, помощь с накладной нужна, сделаешь?","d":511636224,"a":[],"m":[]},{"i":2463949,"f":246014718,"t":"","d":506869158,"a":[{"t":4}],"m":[]},{"i":2463946,"f":15267753,"t":"обращайся )","d":506869093,"a":[],"m":[]},{"i":2463945,"f":15267753,"t":"+","d":506869090,"a":[],"m":[]},{"i":2463944,"f":246014718,"t":"Отправил! Спасибо тебе :)","d":506869083,"a":[],"m":[]},{"i":2463941,"f":15267753,"t":"89059515168 сбер","d":506869009,"a":[],"m":[]},{"i":2463940,"f":15267753,"t":"Накладная успешно создана с номером: 1318423107\n500","d":506868996,"a":[],"m":[]},{"i":2463927,"f":246014718,"t":"отправка из г Владимир, Владимирская обл","d":506868500,"a":[],"m":[]},{"i":2463926,"f":15267753,"t":"И откуда город)","d":506868484,"a":[],"m":[]},{"i":2463923,"f":246014718,"t":"","d":506868309,"a":[{"t":0,"s":{"m":"https://sun9-33.userapi.com/impg/yzlK8kDude5mFI5F1Sy0lTxRCmyrZpzVOUw2mQ/fSVGsSPjkag.jpg?size=232x152&quality=96&sign=698a2f16e80100bec18fa269dc6c0e48&c_uniq_tag=r5rCuYPHrGhGnZHFDmvfSpIHF-gh_U2eAdZRSh0pyrk&type=album","s":"https://sun9-33.userapi.com/impg/yzlK8kDude5mFI5F1Sy0lTxRCmyrZpzVOUw2mQ/fSVGsSPjkag.jpg?size=232x152&quality=96&sign=698a2f16e80100bec18fa269dc6c0e48&c_uniq_tag=r5rCuYPHrGhGnZHFDmvfSpIHF-gh_U2eAdZRSh0pyrk&type=album","n":"https://sun9-33.userapi.com/impg/yzlK8kDude5mFI5F1Sy0lTxRCmyrZpzVOUw2mQ/fSVGsSPjkag.jpg?size=232x152&quality=96&sign=698a2f16e80100bec18fa269dc6c0e48&c_uniq_tag=r5rCuYPHrGhGnZHFDmvfSpIHF-gh_U2eAdZRSh0pyrk&type=album","o":"https://sun9-33.userapi.com/impg/yzlK8kDude5mFI5F1Sy0lTxRCmyrZpzVOUw2mQ/fSVGsSPjkag.jpg?size=200x133&quality=96&crop=1,0,229,152&sign=09750ea24d90b6d0c0dffeaafbfc30af&c_uniq_tag=arvjDEfmMyjjWEKYwU993sheDjYS8eNguvvBq_iLn_c&type=album","t":"https://sun9-33.userapi.com/impg/yzlK8kDude5mFI5F1Sy0lTxRCmyrZpzVOUw2mQ/fSVGsSPjkag.jpg?size=130x87&quality=96&crop=2,0,227,152&sign=5080c0e35a6c1b166c86b681afa885d6&c_uniq_tag=eGoBQUVueqDNq2j6cV9RKQuWeYeJY_hIPxeSEVjw0mk&type=album"},"z":"","q":0,"w":0,"o":246014718,"i":457250948,"d":506868309}],"m":[]},{"i":2463922,"f":246014718,"t":"","d":506868304,"a":[{"t":0,"s":{"m":"https://sun9-19.userapi.com/impg/JjHfQEoNZz4e7LYjvTsatd3E2NJ1GDkAox8IFQ/ROM-IETHCRQ.jpg?size=499x1080&quality=96&sign=074a6d5cf16b18b008b8d3215ecd700d&c_uniq_tag=2BiYe_8hQKvJV067610-b-arE7r9mPM8ZstmMs_djjk&type=album","s":"https://sun9-19.userapi.com/impg/JjHfQEoNZz4e7LYjvTsatd3E2NJ1GDkAox8IFQ/ROM-IETHCRQ.jpg?size=279x604&quality=96&sign=4ed57b0184c52494c38f8dce3a97b1c2&c_uniq_tag=u7-nWG9Hc4W3qZqanqEwnUs8d7Vn-ulGyu0UCvlplBs&type=album","n":"https://sun9-19.userapi.com/impg/JjHfQEoNZz4e7LYjvTsatd3E2NJ1GDkAox8IFQ/ROM-IETHCRQ.jpg?size=499x900&quality=96&crop=0,0,499,900&sign=454fe3a736d5feda9261b376604db911&c_uniq_tag=bEEz_v3Lv8gC_PVD08LxF1jOK2aDrzrQ-60AVZyPjMU&type=album","o":"https://sun9-19.userapi.com/impg/JjHfQEoNZz4e7LYjvTsatd3E2NJ1GDkAox8IFQ/ROM-IETHCRQ.jpg?size=320x693&quality=96&sign=82445bc76f9fd674cdbc7fa9124c2782&c_uniq_tag=0KAcu2Owwb85KNClr-Rw9lZj81G-AEYZ_FadTYnUBZY&type=album","t":"https://sun9-19.userapi.com/impg/JjHfQEoNZz4e7LYjvTsatd3E2NJ1GDkAox8IFQ/ROM-IETHCRQ.jpg?size=130x281&quality=96&sign=1dc3b1e290f3ae87d22d74cad8e63be7&c_uniq_tag=AedF0nBYg3OmiXVePJTnK1vI4JPFG3UxxVKmr4EjGhQ&type=album"},"z":"","q":0,"w":0,"o":246014718,"i":457250947,"d":506868303}],"m":[]},{"i":2463921,"f":246014718,"t":"получатель \n\nСтаучан Александр Александрович \n89671959004","d":506868298,"a":[],"m":[]},{"i":2463920,"f":246014718,"t":"супер, тогда сейчас кину данные","d":506868282,"a":[],"m":[]},{"i":2463919,"f":15267753,"t":"Привет, да","d":506868263,"a":[],"m":[]},{"i":2463886,"f":246014718,"t":"Привет бро, мне сообщили, что ты с накладными сдэк помогаешь\nСделаем?","d":506865705,"a":[],"m":[]}]}