{"meta":{"v":"1.2","p":535381408,"a":15267753,"t":"Earl Sweatshirt","d":1691415351},"data":[{"i":3101313,"f":15267753,"t":"+","d":548443394,"a":[],"m":[]},{"i":3101310,"f":535381408,"t":"Спасибо","d":548442762,"a":[],"m":[]},{"i":3101309,"f":535381408,"t":"Оплатили","d":548442760,"a":[{"t":0,"s":{"m":"https://sun9-70.userapi.com/impg/_CREhlx2Zp3SYvzBBplORunhHhru1oIvcz3LEw/oXjPAe4xp5U.jpg?size=510x900&quality=95&crop=0,0,1125,1985&sign=1237b549666cb8b17f124e14079ba001&c_uniq_tag=VA6Q6PMudMIRRRZmrUYq8ixtFJSU3Rccm5zO_zJWucU&type=album","s":"https://sun9-70.userapi.com/impg/_CREhlx2Zp3SYvzBBplORunhHhru1oIvcz3LEw/oXjPAe4xp5U.jpg?size=200x433&quality=95&sign=aed2c42d70fa8575a9b041415ed4b8b4&c_uniq_tag=kt0cVwBKmBRzKbCnGJhiU1tb866tU3jyfvo_J8EhyuY&type=album","n":"https://sun9-70.userapi.com/impg/_CREhlx2Zp3SYvzBBplORunhHhru1oIvcz3LEw/oXjPAe4xp5U.jpg?size=998x2160&quality=95&sign=88254dbe9913a613fc4d1af65d642818&c_uniq_tag=gJvK6Et_dmua1ogiFpiTvVpJEbIdiIEjceMC_jBMzn4&type=album","o":"https://sun9-70.userapi.com/impg/_CREhlx2Zp3SYvzBBplORunhHhru1oIvcz3LEw/oXjPAe4xp5U.jpg?size=499x1080&quality=95&sign=f5d725e6e652b947cae756bf8a8cb7cf&c_uniq_tag=hSUvaJGxAhcu_BTrB0XytPsf2p3RJj0QVWRd5JxAVec&type=album","t":"https://sun9-70.userapi.com/impg/_CREhlx2Zp3SYvzBBplORunhHhru1oIvcz3LEw/oXjPAe4xp5U.jpg?size=279x604&quality=95&sign=4e439b689cb5399d127835afeb8e7aa9&c_uniq_tag=JUImCWBRGXXbdfe6eLazMPhRDUK9cHO7vriKEDBuSi0&type=album"},"z":"","q":0,"w":0,"o":535381408,"i":457251434,"d":548442756}],"m":[]},{"i":3101296,"f":15267753,"t":"Номер заказа СДЭК 1440393941\n1400","d":548442260,"a":[],"m":[{"f":535381408,"t":"Сюда \n\nФилинов Ярослав Михайлович \n+79262654282\nГ.Владивосток , Светланская 152","d":548440766,"a":[]}]},{"i":3101294,"f":535381408,"t":"Да должен","d":548442223,"a":[],"m":[]},{"i":3101293,"f":15267753,"t":"влезешь в габариты да","d":548442207,"a":[],"m":[]},{"i":3101292,"f":535381408,"t":"Ну окей давай так","d":548442068,"a":[],"m":[]},{"i":3101284,"f":15267753,"t":"1400","d":548441702,"a":[],"m":[]},{"i":3101282,"f":535381408,"t":"А так попробуй","d":548441601,"a":[],"m":[{"f":535381408,"t":"Длина 55\nВысота 20\nШирина 20","d":548441586,"a":[]}]},{"i":3101281,"f":535381408,"t":"Длина 55\nВысота 20\nШирина 20","d":548441586,"a":[],"m":[]},{"i":3101277,"f":535381408,"t":"Ща сек","d":548441511,"a":[],"m":[]},{"i":3101273,"f":15267753,"t":"по габаритам большой","d":548441235,"a":[],"m":[]},{"i":3101272,"f":15267753,"t":"2850 оно будет","d":548441231,"a":[],"m":[]},{"i":3101271,"f":535381408,"t":"Длина 55\nВысота 35\nШирина 35","d":548441138,"a":[],"m":[]},{"i":3101249,"f":535381408,"t":"Измерю скажу","d":548440810,"a":[],"m":[]},{"i":3101247,"f":535381408,"t":"Там 4пары в пакетах","d":548440794,"a":[],"m":[]},{"i":3101246,"f":535381408,"t":"Ща","d":548440787,"a":[],"m":[]},{"i":3101245,"f":15267753,"t":"габарит?","d":548440781,"a":[],"m":[]},{"i":3101244,"f":535381408,"t":"Отсюда \n\nМинск \n\nКальварийская ул. 1","d":548440777,"a":[],"m":[]},{"i":3101243,"f":15267753,"t":"прив","d":548440776,"a":[],"m":[]},{"i":3101242,"f":535381408,"t":"Сюда \n\nФилинов Ярослав Михайлович \n+79262654282\nГ.Владивосток , Светланская 152","d":548440766,"a":[],"m":[]},{"i":3101241,"f":535381408,"t":"Привет \nСделаешь накладную","d":548440763,"a":[],"m":[]},{"i":3085751,"f":535381408,"t":"Супер","d":546787124,"a":[],"m":[{"f":15267753,"t":"Видимо пришло","d":546787096,"a":[]}]},{"i":3085746,"f":15267753,"t":"Видимо пришло","d":546787096,"a":[],"m":[]},{"i":3085723,"f":15267753,"t":"Норм","d":546785835,"a":[],"m":[]},{"i":3085722,"f":15267753,"t":"Ну ето тиньк да","d":546785834,"a":[],"m":[]},{"i":3085721,"f":535381408,"t":"Норм там?","d":546785824,"a":[],"m":[]},{"i":3085720,"f":535381408,"t":"","d":546785816,"a":[{"t":0,"s":{"m":"https://sun9-53.userapi.com/impg/BG-4SuAnbu0cLJdG4vsqryao9GeL2wpJmBz0cQ/0EDbr4mfDXI.jpg?size=510x900&quality=95&crop=0,0,1125,1985&sign=acfd04da194b6161dd8ba2fab3c496ee&c_uniq_tag=bD7T4zSmV7fZLlpJPeQWdkwi07nZfftWjUhjYv79s90&type=album","s":"https://sun9-53.userapi.com/impg/BG-4SuAnbu0cLJdG4vsqryao9GeL2wpJmBz0cQ/0EDbr4mfDXI.jpg?size=200x433&quality=95&sign=c88a363b6ee9ef0d826846fb42a4baf3&c_uniq_tag=kiFbXSBTvTZQzhFlSyXucJvl0-g9UU6KVm8G7G6N4yE&type=album","n":"https://sun9-53.userapi.com/impg/BG-4SuAnbu0cLJdG4vsqryao9GeL2wpJmBz0cQ/0EDbr4mfDXI.jpg?size=998x2160&quality=95&sign=00363120cfa33487f7cdff42e4686cf3&c_uniq_tag=2fKuzAxioDIkEjUzGaEYh37bcpCCbS1kD6nq3MfmON0&type=album","o":"https://sun9-53.userapi.com/impg/BG-4SuAnbu0cLJdG4vsqryao9GeL2wpJmBz0cQ/0EDbr4mfDXI.jpg?size=499x1080&quality=95&sign=5950cf48a95c9aef5e986def92978c24&c_uniq_tag=wRbuMwKeqmFxI7FowwIsq6ITY48DHRtHtEN2GZfhSIw&type=album","t":"https://sun9-53.userapi.com/impg/BG-4SuAnbu0cLJdG4vsqryao9GeL2wpJmBz0cQ/0EDbr4mfDXI.jpg?size=279x604&quality=95&sign=2fa83210428f8e2e6d239f32df39aa2e&c_uniq_tag=U1-2pfttDIaHvslMLu2W_J-CMzggkoM-Hmhp4FHl574&type=album"},"z":"","q":0,"w":0,"o":535381408,"i":457251433,"d":546785815}],"m":[]},{"i":3085719,"f":535381408,"t":"","d":546785811,"a":[{"t":0,"s":{"m":"https://sun9-6.userapi.com/impg/XN1uIESNggvtjRbCAUkoPNmSabx_ISP9xIw1YA/RwERyktPbOo.jpg?size=510x900&quality=95&crop=0,0,606,1069&sign=d678c5d6d6f210263b4de8b65f0fcea7&c_uniq_tag=bl70RbYvTozKCIqYvYbhZX8OcaVXatwD40gOnIXge8s&type=album","s":"https://sun9-6.userapi.com/impg/XN1uIESNggvtjRbCAUkoPNmSabx_ISP9xIw1YA/RwERyktPbOo.jpg?size=200x422&quality=95&sign=d098eb40d40517b2b65401360e0132e0&c_uniq_tag=FgXNMmdZ5ri64ilOq2w_6IjCjfFwetva_pp3hL_osbo&type=album","n":"https://sun9-6.userapi.com/impg/XN1uIESNggvtjRbCAUkoPNmSabx_ISP9xIw1YA/RwERyktPbOo.jpg?size=606x1280&quality=95&sign=2d73f1b575b2325c529e6cf763fd84cc&c_uniq_tag=8ZvqwXAZoGA5aMzmhqXqG8RumqcJq30CI6Qu1Y37Bdk&type=album","o":"https://sun9-6.userapi.com/impg/XN1uIESNggvtjRbCAUkoPNmSabx_ISP9xIw1YA/RwERyktPbOo.jpg?size=511x1080&quality=95&sign=c0b2b13535e5fe10e8f3684848243e36&c_uniq_tag=5pSqDQM_3DzYWKXlzxwpIGrAlGaFSI-8g9QJus1FAU4&type=album","t":"https://sun9-6.userapi.com/impg/XN1uIESNggvtjRbCAUkoPNmSabx_ISP9xIw1YA/RwERyktPbOo.jpg?size=286x604&quality=95&sign=51091e2f2e02875704d9e1ea197301b2&c_uniq_tag=OkpO45sIjOwDwiIgCizxfwj0DbqfePsoqRwFJJ2q-cI&type=album"},"z":"","q":0,"w":0,"o":535381408,"i":457251432,"d":546785809}],"m":[]},{"i":3085478,"f":15267753,"t":"а хз, мб вес, габарт или еще что то другое. либо просто выросла цена за это время в сдеке самом)","d":546740158,"a":[],"m":[{"f":535381408,"t":"Без негатива \nПросто интересно \nИ что бы клиенту было чуть что ответить","d":546653268,"a":[]}]},{"i":3085477,"f":15267753,"t":"5536914095458174","d":546740135,"a":[],"m":[{"f":535381408,"t":"Не может перевести пока что \nМожет попробуй карту дать ? \nОн с Тинькова бросает","d":546654218,"a":[]}]},{"i":3084633,"f":535381408,"t":"Не может перевести пока что \nМожет попробуй карту дать ? \nОн с Тинькова бросает","d":546654218,"a":[],"m":[{"f":535381408,"t":"","d":546654183,"a":[{"t":0,"s":{"m":"https://sun9-28.userapi.com/impg/ABA2uTWaEyh4OtB67-sfrodWLhYdiahbwGxsJg/Qh4nFk9AZ2A.jpg?size=510x900&quality=95&crop=0,0,1125,1985&sign=3d0e19fd27e65b7efdb568c55432f1cc&c_uniq_tag=AmPdMsxrUs6oz0yz4DVqXXOu8StiGG0soXnUpDcP9JY&type=album","s":"https://sun9-28.userapi.com/impg/ABA2uTWaEyh4OtB67-sfrodWLhYdiahbwGxsJg/Qh4nFk9AZ2A.jpg?size=200x433&quality=95&sign=89f6a4fe5b77121b3c2fa3dd4ce211dc&c_uniq_tag=dFvgjWX7omiX4mACCn7_h25lW-kgiBsQSNCcnPTLEFE&type=album","n":"https://sun9-28.userapi.com/impg/ABA2uTWaEyh4OtB67-sfrodWLhYdiahbwGxsJg/Qh4nFk9AZ2A.jpg?size=998x2160&quality=95&sign=8b5abe067bb86dec227535e2aae66589&c_uniq_tag=Ea6AMzLldrIB9MTaFpMdYDYV5sL6sn7tg7ZFM3T0vE0&type=album","o":"https://sun9-28.userapi.com/impg/ABA2uTWaEyh4OtB67-sfrodWLhYdiahbwGxsJg/Qh4nFk9AZ2A.jpg?size=499x1080&quality=95&sign=dc5f2df7f5d83302cf8cb189a6aa0d9b&c_uniq_tag=Aj94IRsDpOmjFJcRmvtUPbn9x4u8zoJXHT2M1FvkQiM&type=album","t":"https://sun9-28.userapi.com/impg/ABA2uTWaEyh4OtB67-sfrodWLhYdiahbwGxsJg/Qh4nFk9AZ2A.jpg?size=279x604&quality=95&sign=883e6768ae979c514a3972bdf852c7a6&c_uniq_tag=404og4Op32AWtWvFPiyMxONZ800f3zz3Z9XpQVC7E04&type=album"},"z":"","q":0,"w":0,"o":535381408,"i":457251430,"d":546654182}]}]},{"i":3084632,"f":535381408,"t":"","d":546654183,"a":[{"t":0,"s":{"m":"https://sun9-28.userapi.com/impg/ABA2uTWaEyh4OtB67-sfrodWLhYdiahbwGxsJg/Qh4nFk9AZ2A.jpg?size=510x900&quality=95&crop=0,0,1125,1985&sign=3d0e19fd27e65b7efdb568c55432f1cc&c_uniq_tag=AmPdMsxrUs6oz0yz4DVqXXOu8StiGG0soXnUpDcP9JY&type=album","s":"https://sun9-28.userapi.com/impg/ABA2uTWaEyh4OtB67-sfrodWLhYdiahbwGxsJg/Qh4nFk9AZ2A.jpg?size=200x433&quality=95&sign=89f6a4fe5b77121b3c2fa3dd4ce211dc&c_uniq_tag=dFvgjWX7omiX4mACCn7_h25lW-kgiBsQSNCcnPTLEFE&type=album","n":"https://sun9-28.userapi.com/impg/ABA2uTWaEyh4OtB67-sfrodWLhYdiahbwGxsJg/Qh4nFk9AZ2A.jpg?size=998x2160&quality=95&sign=8b5abe067bb86dec227535e2aae66589&c_uniq_tag=Ea6AMzLldrIB9MTaFpMdYDYV5sL6sn7tg7ZFM3T0vE0&type=album","o":"https://sun9-28.userapi.com/impg/ABA2uTWaEyh4OtB67-sfrodWLhYdiahbwGxsJg/Qh4nFk9AZ2A.jpg?size=499x1080&quality=95&sign=dc5f2df7f5d83302cf8cb189a6aa0d9b&c_uniq_tag=Aj94IRsDpOmjFJcRmvtUPbn9x4u8zoJXHT2M1FvkQiM&type=album","t":"https://sun9-28.userapi.com/impg/ABA2uTWaEyh4OtB67-sfrodWLhYdiahbwGxsJg/Qh4nFk9AZ2A.jpg?size=279x604&quality=95&sign=883e6768ae979c514a3972bdf852c7a6&c_uniq_tag=404og4Op32AWtWvFPiyMxONZ800f3zz3Z9XpQVC7E04&type=album"},"z":"","q":0,"w":0,"o":535381408,"i":457251430,"d":546654182}],"m":[]},{"i":3084624,"f":535381408,"t":"Без негатива \nПросто интересно \nИ что бы клиенту было чуть что ответить","d":546653268,"a":[],"m":[]},{"i":3084623,"f":535381408,"t":"А от чего стоимость изменилась ? \nОтправлял туда же уже \nТолько ща отправляю кепку а не Лонг","d":546653239,"a":[{"t":0,"s":{"m":"https://sun9-74.userapi.com/impg/Ppt5Kixq67RDBFhpkn3aEiEdoI_TYYquYm5pWg/yfAraCFqeZE.jpg?size=510x900&quality=95&crop=0,0,1125,1985&sign=5c5040b9ca4fc930f8e22d06b6df1c2c&c_uniq_tag=euYy_oQ3QtQ2zpyAAWSG09xZUT6QNjY3NMxyBSx-wnc&type=album","s":"https://sun9-74.userapi.com/impg/Ppt5Kixq67RDBFhpkn3aEiEdoI_TYYquYm5pWg/yfAraCFqeZE.jpg?size=200x433&quality=95&sign=68e383fcb2e968efb7c268c7f2d4f26f&c_uniq_tag=XIWSHyPZSIRJ7FxqPDAHNhORnKKSZ26qXI1BND8S0lo&type=album","n":"https://sun9-74.userapi.com/impg/Ppt5Kixq67RDBFhpkn3aEiEdoI_TYYquYm5pWg/yfAraCFqeZE.jpg?size=998x2160&quality=95&sign=c347f7b9eae84a3ebfd125d74ffbce20&c_uniq_tag=0LgZBFQwajKNvpwgmx4rRdsMI0qhhFl3wYP-AcR0fF0&type=album","o":"https://sun9-74.userapi.com/impg/Ppt5Kixq67RDBFhpkn3aEiEdoI_TYYquYm5pWg/yfAraCFqeZE.jpg?size=499x1080&quality=95&sign=dcff43494dfad3d01769003fb0e80484&c_uniq_tag=0bcIjXV-wtnW3GFeIsaz7tpe-fvpQdtmexqnKDxKEvc&type=album","t":"https://sun9-74.userapi.com/impg/Ppt5Kixq67RDBFhpkn3aEiEdoI_TYYquYm5pWg/yfAraCFqeZE.jpg?size=279x604&quality=95&sign=ad70b64066af7945a30735737dfd7962&c_uniq_tag=rLSTM4hfODc7OiJJ96NOVT5aQUab743ZlhVfwjpCFIQ&type=album"},"z":"","q":0,"w":0,"o":535381408,"i":457251428,"d":546653135},{"t":0,"s":{"m":"https://sun9-77.userapi.com/impg/8zlD4BJaaefBBjJoBAYDu-0yJGUSwgnGdcZJzg/fh8U__YD8Tg.jpg?size=510x900&quality=95&crop=0,0,1125,1985&sign=3bb163e236a25ef255f832f0f1723574&c_uniq_tag=eHGay0Ke9eYanj3J-jU2QydeQKhBsFD5oBenoiJ6VUk&type=album","s":"https://sun9-77.userapi.com/impg/8zlD4BJaaefBBjJoBAYDu-0yJGUSwgnGdcZJzg/fh8U__YD8Tg.jpg?size=200x433&quality=95&sign=c091ccda8dd4ecbbafe4bb4288651f64&c_uniq_tag=aZ2--uxJcy8Nt5JZcB_0XheBmV75tVmzybTG56716rw&type=album","n":"https://sun9-77.userapi.com/impg/8zlD4BJaaefBBjJoBAYDu-0yJGUSwgnGdcZJzg/fh8U__YD8Tg.jpg?size=998x2160&quality=95&sign=9043d7a39418d66a34f5370cc6d67773&c_uniq_tag=FJPHYtKKLYl-f9tyU_mdCkPM-ruCbAwIY4CGqinlJew&type=album","o":"https://sun9-77.userapi.com/impg/8zlD4BJaaefBBjJoBAYDu-0yJGUSwgnGdcZJzg/fh8U__YD8Tg.jpg?size=499x1080&quality=95&sign=d4fc848d43b5e317a08b3bdab06c9e63&c_uniq_tag=3vj0lvSd1yzgmEORJb5xRHzA8uQTZOjGMxLJ33oJtpI&type=album","t":"https://sun9-77.userapi.com/impg/8zlD4BJaaefBBjJoBAYDu-0yJGUSwgnGdcZJzg/fh8U__YD8Tg.jpg?size=279x604&quality=95&sign=3f385088ed0841fca58e3e804b4be929&c_uniq_tag=-W2WhOY8xCKOtr-nPUKZ1_Ahm1YztJ0BV_4c7Fm9uDI&type=album"},"z":"","q":0,"w":0,"o":535381408,"i":457251427,"d":546653123}],"m":[]},{"i":3084622,"f":535381408,"t":"Да забыл)","d":546653041,"a":[],"m":[]},{"i":3084561,"f":15267753,"t":"да ето с любого в городе можно без разницы вообще","d":546649882,"a":[],"m":[{"f":535381408,"t":"Да только адрес ща изменю","d":546646013,"a":[]}]},{"i":3084560,"f":15267753,"t":"Номер заказа СДЭК 1434508465\n400","d":546649844,"a":[],"m":[{"f":535381408,"t":"Сюда \n\nБереснев Георгий Валерьевич\n89265732350\nАдрес сдека:\nМосква, Перовский проезд, 9","d":546637448,"a":[]}]},{"i":3084511,"f":535381408,"t":"Готово","d":546646113,"a":[],"m":[]},{"i":3084508,"f":535381408,"t":"Да только адрес ща изменю","d":546646013,"a":[],"m":[{"f":535381408,"t":"Отсюда \n\nМинск \nпросп. Дзержинского, 11","d":546637578,"a":[]}]},{"i":3084507,"f":535381408,"t":"Привет","d":546646001,"a":[],"m":[]},{"i":3084506,"f":15267753,"t":"делать?","d":546645987,"a":[],"m":[]},{"i":3084505,"f":15267753,"t":"занят был, сорри","d":546645984,"a":[],"m":[]},{"i":3084504,"f":15267753,"t":"привет","d":546645980,"a":[],"m":[]},{"i":3084424,"f":535381408,"t":"Ладно видимо не успею уже отправить","d":546637752,"a":[],"m":[]},{"i":3084422,"f":535381408,"t":"Кепку отправляю \n\n15 10 5","d":546637615,"a":[],"m":[]},{"i":3084420,"f":535381408,"t":"Отсюда \n\nМинск \n\nКальварийская ул. 1","d":546637578,"a":[],"m":[]},{"i":3084419,"f":535381408,"t":"Сюда \n\nБереснев Георгий Валерьевич\n89265732350\nАдрес сдека:\nМосква, Перовский проезд, 9","d":546637448,"a":[],"m":[]},{"i":3084418,"f":535381408,"t":"Что бы успеть сейчас отправить","d":546637421,"a":[],"m":[]},{"i":3084417,"f":535381408,"t":"Очень надо ща","d":546637414,"a":[],"m":[]},{"i":3084416,"f":535381408,"t":"Сделаешь сейчас накладную","d":546637407,"a":[],"m":[]},{"i":3084415,"f":535381408,"t":"Привет","d":546637400,"a":[],"m":[]},{"i":3081479,"f":15267753,"t":"привет 1250","d":546347173,"a":[],"m":[]},{"i":3081448,"f":535381408,"t":"Как то не то мне кажется","d":546342457,"a":[],"m":[]},{"i":3081446,"f":535381408,"t":"Потому что у меня показывает \nОколо 3₽тыс","d":546342442,"a":[],"m":[]},{"i":3081445,"f":535381408,"t":"2 Пары шипнуть без бокса","d":546342416,"a":[],"m":[]},{"i":3081444,"f":535381408,"t":"Привет \nМожешь пожалуйста посмотреть сколько будет стоить доставка с Минска до Владивостока","d":546342400,"a":[],"m":[]},{"i":3065345,"f":15267753,"t":"прив, ок","d":544903236,"a":[],"m":[]},{"i":3065012,"f":535381408,"t":"Привет \nИзвини \nЧел отмену делает","d":544882462,"a":[],"m":[{"f":15267753,"t":"Номер заказа СДЭК 1428285979 \n400","d":544781266,"a":[]}]},{"i":3064421,"f":15267753,"t":"Номер заказа СДЭК 1428285979 \n400","d":544781266,"a":[],"m":[{"f":535381408,"t":"Сюда \n\nСПБ\nЖуковский Савва Станиславович \nУл. Варшавская, 6, к 2\n89214431369","d":544781027,"a":[]}]},{"i":3064420,"f":535381408,"t":"Там барсетка отправляю \n\n15 10 5","d":544781054,"a":[],"m":[]},{"i":3064419,"f":535381408,"t":"Сюда \n\nСПБ\nЖуковский Савва Станиславович \nУл. Варшавская, 6, к 2\n89214431369","d":544781027,"a":[],"m":[]},{"i":3064418,"f":535381408,"t":"Отсюда \n\nМинск. Ул кальварийская, 1, 005","d":544781004,"a":[],"m":[]},{"i":3064417,"f":15267753,"t":"Прив пиши","d":544780982,"a":[],"m":[]},{"i":3064416,"f":535381408,"t":"Привет сделаешь накладную?","d":544780916,"a":[],"m":[]},{"i":3026751,"f":535381408,"t":"Понял спасибо","d":541785108,"a":[],"m":[]},{"i":3026632,"f":15267753,"t":"Хоть откуда можнл","d":541781326,"a":[],"m":[]},{"i":3026619,"f":535381408,"t":"Если это отделение переехало \nМогу же с другого отправить ?","d":541781112,"a":[],"m":[{"f":535381408,"t":"Отсюда \n\nул. Скрыганова 2, Минск 220073","d":541769011,"a":[]}]},{"i":3026356,"f":15267753,"t":"+","d":541770726,"a":[],"m":[]},{"i":3026355,"f":535381408,"t":"Спасибо","d":541770682,"a":[],"m":[]},{"i":3026353,"f":535381408,"t":"","d":541770677,"a":[],"m":[{"f":91576876,"t":"Перевел","d":541770644,"a":[]}]},{"i":3026351,"f":15267753,"t":"Номер заказа СДЭК 1418070242 \n350","d":541770485,"a":[],"m":[{"f":535381408,"t":"Сюда \n\nБереснев Георгий Валерьевич\n89265732350\nАдрес сдека:\nМосква, Перовский проезд, 9","d":541768945,"a":[]}]},{"i":3026350,"f":535381408,"t":"Там Лонг отправляю \n\n15 10 5","d":541770399,"a":[],"m":[]},{"i":3026340,"f":15267753,"t":"габарит?","d":541769894,"a":[],"m":[]},{"i":3026321,"f":535381408,"t":"Отсюда \n\nул. Скрыганова 2, Минск 220073","d":541769011,"a":[],"m":[]},{"i":3026320,"f":535381408,"t":"Сюда \n\nБереснев Георгий Валерьевич\n89265732350\nАдрес сдека:\nМосква, Перовский проезд, 9","d":541768945,"a":[],"m":[]},{"i":3026319,"f":15267753,"t":"Пиши данные","d":541768912,"a":[],"m":[{"f":535381408,"t":"Сделаешь накладную?","d":541768899,"a":[]}]},{"i":3026318,"f":535381408,"t":"Сделаешь накладную?","d":541768899,"a":[],"m":[]},{"i":3026260,"f":15267753,"t":"привет","d":541764919,"a":[],"m":[]},{"i":3026193,"f":535381408,"t":"Привет тут ?","d":541733313,"a":[],"m":[]},{"i":2630861,"f":15267753,"t":"+","d":515937868,"a":[],"m":[]},{"i":2630859,"f":535381408,"t":"Спасибо","d":515937854,"a":[{"t":0,"s":{"m":"https://sun9-71.userapi.com/impg/lrZ8p2cdkfpH9Iu88QPnUfS_IMDo0OdiTN6b-Q/C9ckwBKAWQg.jpg?size=510x900&quality=95&crop=0,0,750,1324&sign=cbb9121a3386f1ee5fcaeb6a57fb36c0&c_uniq_tag=bv2_NxrHIM23chn-iQtHguwFFDT8kELXr5h6iTYzFF8&type=album","s":"https://sun9-71.userapi.com/impg/lrZ8p2cdkfpH9Iu88QPnUfS_IMDo0OdiTN6b-Q/C9ckwBKAWQg.jpg?size=200x433&quality=95&sign=ddcaa7554ab0ce656452bd740ce5f0d4&c_uniq_tag=Dra8QVm4Hfst_IfUStdU2z4H86KJvyuZIZ847jt9eHI&type=album","n":"https://sun9-71.userapi.com/impg/lrZ8p2cdkfpH9Iu88QPnUfS_IMDo0OdiTN6b-Q/C9ckwBKAWQg.jpg?size=750x1624&quality=95&sign=a7582b7b201ba0ed804ce2fc73afb009&c_uniq_tag=Lm6pCIsiZN3koBR4AXJstmpYhgF08KPmIOtNcgyWkaQ&type=album","o":"https://sun9-71.userapi.com/impg/lrZ8p2cdkfpH9Iu88QPnUfS_IMDo0OdiTN6b-Q/C9ckwBKAWQg.jpg?size=499x1080&quality=95&sign=94eb5e78bb80a795d1865defcdf102e6&c_uniq_tag=jJHAZ7cE5f_MBxQxDnnSxwRRuZgxi8mJoS6NQkOvf1s&type=album","t":"https://sun9-71.userapi.com/impg/lrZ8p2cdkfpH9Iu88QPnUfS_IMDo0OdiTN6b-Q/C9ckwBKAWQg.jpg?size=279x604&quality=95&sign=fdc22fbc5646186ee7afbe51c5482863&c_uniq_tag=rZfH6nQX4UvldJjZW3iVjhcTPy4Fv3qPT1Efkf-nHWU&type=album"},"z":"","q":0,"w":0,"o":535381408,"i":457250581,"d":515937852}],"m":[]},{"i":2630821,"f":15267753,"t":"Накладная успешно создана с номером: 1340062044\n350","d":515937649,"a":[],"m":[{"f":535381408,"t":"Сюда \n\nШведов Андрей Вячеславович \nРоссия, Челябинская область, город Миасс\n89517713025","d":515936702,"a":[{"t":0,"s":{"m":"https://sun9-38.userapi.com/impg/mKhxducMoSfGVHhGtX4Y7BpXAWarBAFR3IQxkA/X3FtBCFnk-k.jpg?size=510x900&quality=95&crop=0,0,828,1461&sign=7d681d4a16dcd7351f9754405bc1ca56&c_uniq_tag=0l4U6T7lwl1HZyX-Op6gVTSwiGApz-HPlj59HvJTZzo&type=album","s":"https://sun9-38.userapi.com/impg/mKhxducMoSfGVHhGtX4Y7BpXAWarBAFR3IQxkA/X3FtBCFnk-k.jpg?size=200x433&quality=95&sign=35965bcd969378dbe18c6a0593c10945&c_uniq_tag=seDa_3-P1UZ9lCNxI-6kw9sdITf4B66ZJWHw20m1EIY&type=album","n":"https://sun9-38.userapi.com/impg/mKhxducMoSfGVHhGtX4Y7BpXAWarBAFR3IQxkA/X3FtBCFnk-k.jpg?size=828x1792&quality=95&sign=78c3de6f8ad86e8f8890751d13bfd431&c_uniq_tag=L2YN-uOhbID4Zw2EXxM4jwFdyqLmMOMw8xCPRDVhr4w&type=album","o":"https://sun9-38.userapi.com/impg/mKhxducMoSfGVHhGtX4Y7BpXAWarBAFR3IQxkA/X3FtBCFnk-k.jpg?size=499x1080&quality=95&sign=657aa2dd19d5e9eaf70882e13306a4b8&c_uniq_tag=W7noSXyTHG-mqJ_xRMqpOdJWLfVdnubK448SphzN6vY&type=album","t":"https://sun9-38.userapi.com/impg/mKhxducMoSfGVHhGtX4Y7BpXAWarBAFR3IQxkA/X3FtBCFnk-k.jpg?size=279x604&quality=95&sign=9809e45387842a5c18aec619e6c296ac&c_uniq_tag=PAwaK3ZCOZQXw1_QEdk1wMdI9dKuio2gEWqKfDrJA84&type=album"},"z":"","q":0,"w":0,"o":535381408,"i":457250580,"d":515936702}]}]},{"i":2630819,"f":535381408,"t":"Я примерно размеры написал \nМне майку шипнуть просто надо","d":515937607,"a":[],"m":[]},{"i":2630817,"f":15267753,"t":"Привет","d":515937502,"a":[],"m":[]},{"i":2630812,"f":535381408,"t":"Отсюда \nАдрес сдека \nУл. Киселёва 10, Минск 220029\n\n15 10 5","d":515936903,"a":[],"m":[]},{"i":2630801,"f":535381408,"t":"Сюда \n\nШведов Андрей Вячеславович \nРоссия, Челябинская область, город Миасс\n89517713025","d":515936702,"a":[{"t":0,"s":{"m":"https://sun9-38.userapi.com/impg/mKhxducMoSfGVHhGtX4Y7BpXAWarBAFR3IQxkA/X3FtBCFnk-k.jpg?size=510x900&quality=95&crop=0,0,828,1461&sign=7d681d4a16dcd7351f9754405bc1ca56&c_uniq_tag=0l4U6T7lwl1HZyX-Op6gVTSwiGApz-HPlj59HvJTZzo&type=album","s":"https://sun9-38.userapi.com/impg/mKhxducMoSfGVHhGtX4Y7BpXAWarBAFR3IQxkA/X3FtBCFnk-k.jpg?size=200x433&quality=95&sign=35965bcd969378dbe18c6a0593c10945&c_uniq_tag=seDa_3-P1UZ9lCNxI-6kw9sdITf4B66ZJWHw20m1EIY&type=album","n":"https://sun9-38.userapi.com/impg/mKhxducMoSfGVHhGtX4Y7BpXAWarBAFR3IQxkA/X3FtBCFnk-k.jpg?size=828x1792&quality=95&sign=78c3de6f8ad86e8f8890751d13bfd431&c_uniq_tag=L2YN-uOhbID4Zw2EXxM4jwFdyqLmMOMw8xCPRDVhr4w&type=album","o":"https://sun9-38.userapi.com/impg/mKhxducMoSfGVHhGtX4Y7BpXAWarBAFR3IQxkA/X3FtBCFnk-k.jpg?size=499x1080&quality=95&sign=657aa2dd19d5e9eaf70882e13306a4b8&c_uniq_tag=W7noSXyTHG-mqJ_xRMqpOdJWLfVdnubK448SphzN6vY&type=album","t":"https://sun9-38.userapi.com/impg/mKhxducMoSfGVHhGtX4Y7BpXAWarBAFR3IQxkA/X3FtBCFnk-k.jpg?size=279x604&quality=95&sign=9809e45387842a5c18aec619e6c296ac&c_uniq_tag=PAwaK3ZCOZQXw1_QEdk1wMdI9dKuio2gEWqKfDrJA84&type=album"},"z":"","q":0,"w":0,"o":535381408,"i":457250580,"d":515936702}],"m":[]},{"i":2630798,"f":535381408,"t":"Привет сделаешь накладную ?","d":515936578,"a":[],"m":[]},{"i":2320478,"f":15267753,"t":"+","d":497039894,"a":[],"m":[]},{"i":2320476,"f":535381408,"t":"Спасибо","d":497039890,"a":[],"m":[]},{"i":2320475,"f":535381408,"t":"","d":497039888,"a":[{"t":0,"s":{"m":"https://sun9-9.userapi.com/impg/g-o5jrDkJ-HpRD7bp5Zyykv2L_ahCVQoVQv94w/8Nn49s4djaY.jpg?size=499x1080&quality=96&sign=b3fe185fd289973a1506fdc321e08779&c_uniq_tag=DUVLaeMiijBa6Fnji3Rv66um9Sns9eB5PAyAf5z0cjE&type=album","s":"https://sun9-9.userapi.com/impg/g-o5jrDkJ-HpRD7bp5Zyykv2L_ahCVQoVQv94w/8Nn49s4djaY.jpg?size=279x604&quality=96&sign=8c18ed15079ec03d1f48f9d9dc723eab&c_uniq_tag=p8fAWv_LsobjlQFM3nhCN5rSY7quFRLNCbt0XwOcEUo&type=album","n":"https://sun9-9.userapi.com/impg/g-o5jrDkJ-HpRD7bp5Zyykv2L_ahCVQoVQv94w/8Nn49s4djaY.jpg?size=35x75&quality=96&sign=6b88e43ca9e0656f6db506980658c86b&c_uniq_tag=zvti1Bm8eJBg0VpuVHAdGweNibZsHU9d2aenge7m3B8&type=album","o":"https://sun9-9.userapi.com/impg/g-o5jrDkJ-HpRD7bp5Zyykv2L_ahCVQoVQv94w/8Nn49s4djaY.jpg?size=510x900&quality=96&crop=0,0,750,1324&sign=97a7a9db65bc7f71a398884b02f8e4e9&c_uniq_tag=fI-N_YXgd1M2F4IIqIERcsvvo5po7gOPJyuUT9qeC70&type=album","t":"https://sun9-9.userapi.com/impg/g-o5jrDkJ-HpRD7bp5Zyykv2L_ahCVQoVQv94w/8Nn49s4djaY.jpg?size=200x433&quality=96&sign=d24aabaacc05d9ee97113da88e7ecf47&c_uniq_tag=iBsuDCts28icK4h7-PSXx26qvnNLZ7LwckYzXsZ0l8M&type=album"},"z":"","q":0,"w":0,"o":535381408,"i":457250295,"d":497039887}],"m":[]},{"i":2320470,"f":535381408,"t":"Окей","d":497039843,"a":[],"m":[]},{"i":2320469,"f":15267753,"t":"Нет","d":497039827,"a":[],"m":[]},{"i":2320468,"f":535381408,"t":"Из за веса","d":497039817,"a":[],"m":[]},{"i":2320467,"f":535381408,"t":"Не завыебываються?","d":497039812,"a":[{"t":0,"s":{"m":"https://sun9-78.userapi.com/impg/3JflQLJrNmaKzJMqmycy0U4WviedKIQ9nYv-Hg/TQWSQKQyCls.jpg?size=499x1080&quality=96&sign=95b07798a8bf9df5c2ecb38d02e309fa&c_uniq_tag=cjvpiLoLDVp8Yz3BZnTns5SGbLM4nzBgASmBH2tgSug&type=album","s":"https://sun9-78.userapi.com/impg/3JflQLJrNmaKzJMqmycy0U4WviedKIQ9nYv-Hg/TQWSQKQyCls.jpg?size=279x604&quality=96&sign=a58c3a6544369f3359efac90cdca7c35&c_uniq_tag=n9rDMJ8DGKtMix9vOleNuY7ACV2doQWxu7FzlJBhdrI&type=album","n":"https://sun9-78.userapi.com/impg/3JflQLJrNmaKzJMqmycy0U4WviedKIQ9nYv-Hg/TQWSQKQyCls.jpg?size=35x75&quality=96&sign=1f35e212152359481a6c9ff56dc91231&c_uniq_tag=KZ59xJiavMhjZkaU91B7VCu4I5vZfq39mJVeffUS_wo&type=album","o":"https://sun9-78.userapi.com/impg/3JflQLJrNmaKzJMqmycy0U4WviedKIQ9nYv-Hg/TQWSQKQyCls.jpg?size=510x900&quality=96&crop=0,0,750,1324&sign=65ac2cb25d1e1f309c48247a196c2188&c_uniq_tag=ri26HQBrsWl5f-yrelm5yyuBAphXE2XncQIFo6r7Lvk&type=album","t":"https://sun9-78.userapi.com/impg/3JflQLJrNmaKzJMqmycy0U4WviedKIQ9nYv-Hg/TQWSQKQyCls.jpg?size=200x433&quality=96&sign=7854d2435cb286a710cd77b57cf48aaa&c_uniq_tag=nJCQGjKh88F-y7QXqtD2SQEZY0_8hCkRXqCOyKoQVwU&type=album"},"z":"","q":0,"w":0,"o":535381408,"i":457250294,"d":497039806}],"m":[]},{"i":2320466,"f":15267753,"t":"Накладная успешно создана с номером: 1286704921\n350","d":497039757,"a":[],"m":[]},{"i":2320463,"f":535381408,"t":"Сюда \n\nПавел Котляров Юрьевич \nБеларусь город Минск \n80447016813\n \nКиселево 10","d":497039677,"a":[{"t":0,"s":{"m":"https://sun9-44.userapi.com/impg/BoOlNGVsG_pt9v2eyAMNi1ksG7NZKL1vhcMiFQ/bFS5MXCze_4.jpg?size=499x1080&quality=96&sign=2caa113a3afe6a6912f2b0c6d6dfe5d5&c_uniq_tag=IMB51gFCtsNGq7UgXYzbBslRlFLPKRojb0obruiWf54&type=album","s":"https://sun9-44.userapi.com/impg/BoOlNGVsG_pt9v2eyAMNi1ksG7NZKL1vhcMiFQ/bFS5MXCze_4.jpg?size=279x604&quality=96&sign=ac8419165fbac7d0036117fac77758d4&c_uniq_tag=hkFhSXRNKVfLKUnWyZYMhwqbKbpoqxAwLlQdetYxPUs&type=album","n":"https://sun9-44.userapi.com/impg/BoOlNGVsG_pt9v2eyAMNi1ksG7NZKL1vhcMiFQ/bFS5MXCze_4.jpg?size=35x75&quality=96&sign=a4bc9b2baf437abe41b327a700d2ae52&c_uniq_tag=F56E8v91MXxaYpOcf4srC8NcAwfadEjfPsEGP67hakU&type=album","o":"https://sun9-44.userapi.com/impg/BoOlNGVsG_pt9v2eyAMNi1ksG7NZKL1vhcMiFQ/bFS5MXCze_4.jpg?size=510x900&quality=96&crop=0,0,750,1324&sign=c66e5ff9b97bba9f7eeb74b424ba618b&c_uniq_tag=iLqLaKJB3vfwx-_LImKNsejMBGvptZpxCVMNF4nHb6k&type=album","t":"https://sun9-44.userapi.com/impg/BoOlNGVsG_pt9v2eyAMNi1ksG7NZKL1vhcMiFQ/bFS5MXCze_4.jpg?size=200x433&quality=96&sign=8d53445042367f7258a829b998527ace&c_uniq_tag=bh_Ji5TYvCjBerpOtyl6rANr_3zqyjdj_ujHRwwZMhI&type=album"},"z":"","q":0,"w":0,"o":535381408,"i":457250293,"d":497039677}],"m":[]},{"i":2320451,"f":535381408,"t":"35 22 12\n\nМосква, снежная улица 23 (адрес сдэка)","d":497039582,"a":[],"m":[]},{"i":2320448,"f":535381408,"t":"","d":497039550,"a":[],"m":[{"f":170701681,"t":"35 22 12","d":497039469,"a":[]},{"f":170701681,"t":"Москва, снежная улица 23 (адрес сдэка)","d":497039502,"a":[]}]},{"i":2320447,"f":15267753,"t":"Да","d":497039536,"a":[],"m":[]},{"i":2320446,"f":15267753,"t":"Привет","d":497039534,"a":[],"m":[]},{"i":2320445,"f":535381408,"t":"Сейчас нужно срочно","d":497039529,"a":[],"m":[]},{"i":2320444,"f":535381408,"t":"Сделаешь накладную ?","d":497039524,"a":[],"m":[]},{"i":2320442,"f":535381408,"t":"Привет","d":497039515,"a":[],"m":[]},{"i":2117890,"f":15267753,"t":"Накладная успешно создана с номером: 1256514538\n350","d":485004312,"a":[],"m":[]},{"i":2117884,"f":15267753,"t":"Привет","d":485004252,"a":[],"m":[]},{"i":2117834,"f":535381408,"t":"Сюда \n\nПолина Маркович \n+375291681494 \nУл. Козлова 4 , г. Минск","d":485000584,"a":[],"m":[]},{"i":2117833,"f":535381408,"t":"От\nСанкт Петербург\n30*20*10\n1кг","d":485000537,"a":[],"m":[]},{"i":2117832,"f":535381408,"t":"Привет \nСделаешь накладную?","d":485000409,"a":[],"m":[]},{"i":2013480,"f":15267753,"t":"+","d":479247066,"a":[],"m":[]},{"i":2013478,"f":535381408,"t":"","d":479247057,"a":[{"t":0,"s":{"m":"https://sun9-54.userapi.com/impg/w9Q-6B1zJ8wPHTK5x6tme7P5pBDgjdqeZjczhg/-KCA-LlZs1E.jpg?size=499x1080&quality=96&sign=b9630de6c44f88d922c240af5f791882&c_uniq_tag=COkj5Kj5Wg5J81igy4PccoxtLXdX_EMpRwtYUIF3kYA&type=album","s":"https://sun9-54.userapi.com/impg/w9Q-6B1zJ8wPHTK5x6tme7P5pBDgjdqeZjczhg/-KCA-LlZs1E.jpg?size=279x604&quality=96&sign=b795980f71264d4de71dbf0fb4955cab&c_uniq_tag=uJQ8jLvM0MxiClY2McC3SIxaa-hZnZf1UAOyurvcRI8&type=album","n":"https://sun9-54.userapi.com/impg/w9Q-6B1zJ8wPHTK5x6tme7P5pBDgjdqeZjczhg/-KCA-LlZs1E.jpg?size=35x75&quality=96&sign=86ccd1b4dd2c446c2615ef7f26507276&c_uniq_tag=eyKA2jSLiWsUWTzVTxkt_frOB5THE4f_1iAKzvXe1bA&type=album","o":"https://sun9-54.userapi.com/impg/w9Q-6B1zJ8wPHTK5x6tme7P5pBDgjdqeZjczhg/-KCA-LlZs1E.jpg?size=510x900&quality=96&crop=0,0,750,1324&sign=a4872a7d9a1d095b7af340ca7b1d7985&c_uniq_tag=coaam__Yhk-12W1xqSBbOBMx-cA-ded817611l_c48Q&type=album","t":"https://sun9-54.userapi.com/impg/w9Q-6B1zJ8wPHTK5x6tme7P5pBDgjdqeZjczhg/-KCA-LlZs1E.jpg?size=200x433&quality=96&sign=de81c6061cde54c6e5798345ebd3d9ba&c_uniq_tag=zymxvr-6ez3kH7CtMyiBkzIzJ8XqmU8bOz2kbJr8GxU&type=album"},"z":"","q":0,"w":0,"o":535381408,"i":457249389,"d":479247057}],"m":[]},{"i":2013320,"f":15267753,"t":"350","d":479241236,"a":[],"m":[]},{"i":2013319,"f":15267753,"t":"Накладная успешно создана с номером: 1243072548","d":479241235,"a":[],"m":[]},{"i":2013318,"f":535381408,"t":"89123885974","d":479241209,"a":[],"m":[]},{"i":2013317,"f":15267753,"t":"тел получателя","d":479241152,"a":[],"m":[]},{"i":2013316,"f":15267753,"t":"da","d":479241090,"a":[],"m":[]},{"i":2013315,"f":535381408,"t":"Сейчас сможешь ? \nА то сдэк закрывается","d":479241077,"a":[],"m":[]},{"i":2013314,"f":535381408,"t":"Сюда\n\nАлександр Витальевич Окшин \nРоссия, Тюменская область, г.Тюмень, \n\nМалыгина,4","d":479241023,"a":[],"m":[]},{"i":2013313,"f":15267753,"t":"Привнт да","d":479240978,"a":[],"m":[]},{"i":2013312,"f":535381408,"t":"Привет \nСделаешь накладную?","d":479240968,"a":[],"m":[]},{"i":2013311,"f":535381408,"t":"От\n25*20*5\n0.6 кг","d":479240944,"a":[{"t":0,"s":{"m":"https://sun9-28.userapi.com/impg/sgY8TqIt3fTzrNg3QRnxlZnpx67Wla8VMCcuiA/UvRde54n3v4.jpg?size=499x1080&quality=96&sign=20afa94ae7338e0458099e775ab2b4f7&c_uniq_tag=Sjz3aVsAg40at9NpUHnIPPqI_D4MJUVwxZIJOCvltgc&type=album","s":"https://sun9-28.userapi.com/impg/sgY8TqIt3fTzrNg3QRnxlZnpx67Wla8VMCcuiA/UvRde54n3v4.jpg?size=279x604&quality=96&sign=6e9b7793ca2ffe569b1c88501841d395&c_uniq_tag=L3kvr4ZUOwH233u7GcmzGLfHD1or_lUqWS5rL8RxFeE&type=album","n":"https://sun9-28.userapi.com/impg/sgY8TqIt3fTzrNg3QRnxlZnpx67Wla8VMCcuiA/UvRde54n3v4.jpg?size=35x75&quality=96&sign=244f4c7b3a6bdd881e8eca93201a80f0&c_uniq_tag=__S9DPILFFQf1UPAfGedVkiJDWrQpbTt44r0yMbcW50&type=album","o":"https://sun9-28.userapi.com/impg/sgY8TqIt3fTzrNg3QRnxlZnpx67Wla8VMCcuiA/UvRde54n3v4.jpg?size=510x900&quality=96&crop=0,0,750,1324&sign=17ad657fb1ae68e9fd9bdcd20ff91463&c_uniq_tag=iLkoV9UW3Nc-FPPCgnzuN9ovRkxi14-JPOerIrL0Jfo&type=album","t":"https://sun9-28.userapi.com/impg/sgY8TqIt3fTzrNg3QRnxlZnpx67Wla8VMCcuiA/UvRde54n3v4.jpg?size=200x433&quality=96&sign=50b74202eb7f9014fdeaf46a236f3eac&c_uniq_tag=9Z9ZHDiGHZWxEiqnehLXiLa677BOARkVFUasWBxpDGQ&type=album"},"z":"","q":0,"w":0,"o":535381408,"i":457249388,"d":479240942}],"m":[]},{"i":2002114,"f":15267753,"t":"+","d":478624545,"a":[],"m":[]},{"i":2002113,"f":535381408,"t":"","d":478624539,"a":[{"t":0,"s":{"m":"https://sun9-78.userapi.com/impg/-2Q4roWzKf6fMyhJfaYuVq60cwZGc3RphX2Dvw/CNJiJoTNjYY.jpg?size=499x1080&quality=96&sign=454cabeaa647ffe69141e0eb72873ac7&c_uniq_tag=sLvp2XuXlWqBfFeiLv1Hp_GtVIPuPYiyHG5a7ekUkjQ&type=album","s":"https://sun9-78.userapi.com/impg/-2Q4roWzKf6fMyhJfaYuVq60cwZGc3RphX2Dvw/CNJiJoTNjYY.jpg?size=279x604&quality=96&sign=f0ce85a9316577abafe6a2da54cedb16&c_uniq_tag=mPRO3z8PpddBSnJ7Jm0r0zdHeZGCBEyyg2q7Rx_uhxo&type=album","n":"https://sun9-78.userapi.com/impg/-2Q4roWzKf6fMyhJfaYuVq60cwZGc3RphX2Dvw/CNJiJoTNjYY.jpg?size=35x75&quality=96&sign=1860ea53e74f974f75c661a80fd1cc6a&c_uniq_tag=KMFc2PvQsFeVRecbuHm7N5IJn2i5iLd0qPCi7fVs2xs&type=album","o":"https://sun9-78.userapi.com/impg/-2Q4roWzKf6fMyhJfaYuVq60cwZGc3RphX2Dvw/CNJiJoTNjYY.jpg?size=510x900&quality=96&crop=0,0,750,1324&sign=b3e65071fea3a2a95a51d7e530892586&c_uniq_tag=vFF_Lvt1kMunO2cVqFHgTcj8d-6ugUfTm4oYIb-bB4w&type=album","t":"https://sun9-78.userapi.com/impg/-2Q4roWzKf6fMyhJfaYuVq60cwZGc3RphX2Dvw/CNJiJoTNjYY.jpg?size=200x433&quality=96&sign=e5ff065ea0434b9979b2eb3a53ab7d67&c_uniq_tag=20LOxmpWvKTrARYqyddT9AQDX9eupCx9DhmuBJYPWrA&type=album"},"z":"","q":0,"w":0,"o":535381408,"i":457249304,"d":478624538}],"m":[]},{"i":2002107,"f":535381408,"t":"Ух бля(","d":478624430,"a":[],"m":[]},{"i":2002104,"f":15267753,"t":"750","d":478624392,"a":[],"m":[]},{"i":2002103,"f":15267753,"t":"Накладная успешно создана с номером: 1241516297","d":478624391,"a":[],"m":[]},{"i":2002092,"f":535381408,"t":"Сюда","d":478624143,"a":[],"m":[{"f":535381408,"t":"Сюда","d":477752564,"a":[]}]},{"i":2002091,"f":535381408,"t":"От","d":478624114,"a":[],"m":[{"f":154536868,"t":"Отправлю от СПб богатырский 64","d":478623829,"a":[]},{"f":154536868,"t":"50*35*30 \n2,8 кг","d":478623859,"a":[]}]},{"i":2002090,"f":15267753,"t":"Привет да","d":478624110,"a":[],"m":[]},{"i":2002089,"f":535381408,"t":"Привет \nСделаешь накладную?","d":478624100,"a":[],"m":[]},{"i":1996945,"f":15267753,"t":"+","d":478353354,"a":[],"m":[]},{"i":1996944,"f":535381408,"t":"","d":478353343,"a":[{"t":0,"s":{"m":"https://sun9-60.userapi.com/impg/PXzXKfwnHBangg_8sRLybtJl49b_0CBrX8VPVg/CvPoPj4Tf1U.jpg?size=499x1080&quality=96&sign=16b28c7688aa43022bd857faa3d30fee&c_uniq_tag=zcpUwY-lCfVAPDb0v3RViDw61BFQXYrsE-yQZvtm2eE&type=album","s":"https://sun9-60.userapi.com/impg/PXzXKfwnHBangg_8sRLybtJl49b_0CBrX8VPVg/CvPoPj4Tf1U.jpg?size=279x604&quality=96&sign=a2a65445632dc618c91b7736ce57845f&c_uniq_tag=-SRiv-i4dOPz1IiCJCYessKVGNJAjJ5him3pVlAllhM&type=album","n":"https://sun9-60.userapi.com/impg/PXzXKfwnHBangg_8sRLybtJl49b_0CBrX8VPVg/CvPoPj4Tf1U.jpg?size=35x75&quality=96&sign=c2687dcaef595edba84923f764bfa62a&c_uniq_tag=XnSluBZ0TTIn8LL_eYG6Y1jrrPpPOsH1zv_21Gw-S-Y&type=album","o":"https://sun9-60.userapi.com/impg/PXzXKfwnHBangg_8sRLybtJl49b_0CBrX8VPVg/CvPoPj4Tf1U.jpg?size=510x900&quality=96&crop=0,0,750,1324&sign=8a43bbb8a0fc5f9eb04d94c8c127d095&c_uniq_tag=n8P-dxpOjWh9DWX6SFkvwO9q0MqDBiYE04SethtuQhk&type=album","t":"https://sun9-60.userapi.com/impg/PXzXKfwnHBangg_8sRLybtJl49b_0CBrX8VPVg/CvPoPj4Tf1U.jpg?size=200x433&quality=96&sign=2266f22f5d4dcdc06cd6a128315c22ad&c_uniq_tag=MsPrlVBEmHsfls21FHRJRcI-j4zE-mmBogyF5S6AJ_o&type=album"},"z":"","q":0,"w":0,"o":535381408,"i":457249263,"d":478353343}],"m":[]},{"i":1996926,"f":15267753,"t":"350","d":478353035,"a":[],"m":[]},{"i":1996925,"f":15267753,"t":"Накладная успешно создана с номером: 1240698750","d":478353034,"a":[],"m":[]},{"i":1996912,"f":15267753,"t":"Щас сделаю","d":478352674,"a":[],"m":[]},{"i":1996910,"f":535381408,"t":"Сюда","d":478352665,"a":[],"m":[]},{"i":1996909,"f":535381408,"t":"- Минск \n- СДЭК на Ул.Нёманская 45\n- Стасевич Павел Александрович \n- +375445612728","d":478352661,"a":[],"m":[]},{"i":1996908,"f":535381408,"t":"От\nСанкт Петербург\n30*20*15\n1кг","d":478352657,"a":[],"m":[]},{"i":1996893,"f":15267753,"t":"Давай","d":478352498,"a":[],"m":[]},{"i":1996892,"f":15267753,"t":"Привет","d":478352497,"a":[],"m":[]},{"i":1996891,"f":535381408,"t":"Привет \nСделаешь накладную?","d":478352486,"a":[],"m":[]},{"i":1985824,"f":15267753,"t":"+","d":477873852,"a":[],"m":[]},{"i":1985823,"f":535381408,"t":"Спасибо","d":477873845,"a":[],"m":[]},{"i":1985822,"f":535381408,"t":"","d":477873842,"a":[{"t":0,"s":{"m":"https://sun9-42.userapi.com/impg/qC3I0gPL66GaI_hUYsAQscRwXUV_OjWOVtYMSQ/vT2SAvH-y7I.jpg?size=499x1080&quality=96&sign=67b6b2d79581eb0ac66cf9301582e681&c_uniq_tag=UbBFuw2p8Ww0DMSnhvATHuc-PMzpPOT7PUk__54Skm8&type=album","s":"https://sun9-42.userapi.com/impg/qC3I0gPL66GaI_hUYsAQscRwXUV_OjWOVtYMSQ/vT2SAvH-y7I.jpg?size=279x604&quality=96&sign=ee73c474cc94957eddcd5cb012f41017&c_uniq_tag=uiQupAhMMKPv8ThveVrx6wAfnhRncJ-3U7RB3akdyuo&type=album","n":"https://sun9-42.userapi.com/impg/qC3I0gPL66GaI_hUYsAQscRwXUV_OjWOVtYMSQ/vT2SAvH-y7I.jpg?size=35x75&quality=96&sign=9afda39420bc4744cb8ee436c3500fc3&c_uniq_tag=X93L6pFJDf0_wwyQXeWMaynZ_WubFxplJPci5_4G4C8&type=album","o":"https://sun9-42.userapi.com/impg/qC3I0gPL66GaI_hUYsAQscRwXUV_OjWOVtYMSQ/vT2SAvH-y7I.jpg?size=510x900&quality=96&crop=0,0,750,1324&sign=0ed05be2c6f6198b0079f5c069423001&c_uniq_tag=qWRPsvWIqa8RdaXBOfZzgBqeIyJV388CWaE5W0qITWY&type=album","t":"https://sun9-42.userapi.com/impg/qC3I0gPL66GaI_hUYsAQscRwXUV_OjWOVtYMSQ/vT2SAvH-y7I.jpg?size=200x433&quality=96&sign=d4b77697aa6e388aee30b70af1d302ab&c_uniq_tag=rw_bfFlhd4Sn18lDO1IOtXcj09iMtAKgqSm9RyBRZa0&type=album"},"z":"","q":0,"w":0,"o":535381408,"i":457249130,"d":477873841}],"m":[]},{"i":1985819,"f":15267753,"t":"450р","d":477872929,"a":[],"m":[]},{"i":1985818,"f":15267753,"t":"Накладная успешно создана с номером: 1239645802","d":477872928,"a":[],"m":[]},{"i":1985817,"f":535381408,"t":"Отсюда","d":477872872,"a":[],"m":[{"f":535381408,"t":"Габариты где то 35*20*10\n1.3кг \nИжевск","d":477872811,"a":[]}]},{"i":1985816,"f":535381408,"t":"Сюда шип","d":477872847,"a":[],"m":[{"f":535381408,"t":"Костюченко Дмитрий Игоревич\n\nМинск , казинца 121\n\n+375298456787","d":477872844,"a":[]}]},{"i":1985815,"f":535381408,"t":"Костюченко Дмитрий Игоревич\n\nМинск , казинца 121\n\n+375298456787","d":477872844,"a":[],"m":[]},{"i":1985814,"f":535381408,"t":"Габариты где то 35*20*10\n1.3кг \nИжевск","d":477872811,"a":[],"m":[]},{"i":1985813,"f":15267753,"t":"da","d":477872798,"a":[],"m":[]},{"i":1985812,"f":15267753,"t":"lf","d":477872797,"a":[],"m":[]},{"i":1985811,"f":535381408,"t":"Седлаешь ещё одну накладную сейчас ? \nИ я тебе разом сейчас закину","d":477872779,"a":[],"m":[]},{"i":1985143,"f":535381408,"t":"Спасибо","d":477853073,"a":[],"m":[]},{"i":1985142,"f":535381408,"t":"Через час два примерно","d":477853070,"a":[],"m":[]},{"i":1985141,"f":15267753,"t":"Угу","d":477853070,"a":[],"m":[]},{"i":1985140,"f":535381408,"t":"Можно чуть позже тебе закину ?","d":477853060,"a":[],"m":[{"f":15267753,"t":"600","d":477852900,"a":[]}]},{"i":1985137,"f":15267753,"t":"600","d":477852900,"a":[],"m":[]},{"i":1985136,"f":15267753,"t":"Накладная успешно создана с номером: 1239596746","d":477852899,"a":[],"m":[]},{"i":1985135,"f":535381408,"t":"Да","d":477852840,"a":[],"m":[]},{"i":1985134,"f":15267753,"t":"Сюда?","d":477852832,"a":[],"m":[{"f":535381408,"t":"Сюда","d":477752564,"a":[]}]},{"i":1985133,"f":15267753,"t":"Да","d":477852820,"a":[],"m":[]},{"i":1985132,"f":15267753,"t":"Привет","d":477852819,"a":[],"m":[]},{"i":1985131,"f":535381408,"t":"Сделаешь сейчас ?","d":477852815,"a":[],"m":[]},{"i":1985130,"f":535381408,"t":"Привет","d":477852807,"a":[],"m":[]},{"i":1985129,"f":535381408,"t":"","d":477852804,"a":[],"m":[{"f":424178278,"t":"Длина 50 см\n Ширина 25 см \nВысота 35 см","d":477852644,"a":[]},{"f":424178278,"t":"Вес 3 кг","d":477852657,"a":[]},{"f":424178278,"t":"Быстрее только сделай","d":477852694,"a":[]}]},{"i":1983192,"f":15267753,"t":"+","d":477763037,"a":[],"m":[]},{"i":1983190,"f":535381408,"t":"Спасибо","d":477763032,"a":[],"m":[]},{"i":1983189,"f":535381408,"t":"","d":477763028,"a":[{"t":0,"s":{"m":"https://sun9-78.userapi.com/impg/IydvuVehYM-9JM0rHb9dsocoO_enWSiWdxXNCA/SKpY8kb5rN0.jpg?size=499x1080&quality=96&sign=845fe07e0ff3e3f6026b29ac3c13ff0e&c_uniq_tag=kyTkAgZhd7QgiKDytxoXk3m5ZpJVX7kleqwv0Y0H1Oc&type=album","s":"https://sun9-78.userapi.com/impg/IydvuVehYM-9JM0rHb9dsocoO_enWSiWdxXNCA/SKpY8kb5rN0.jpg?size=279x604&quality=96&sign=7bb27b3310f443e2ca50a23df6250dff&c_uniq_tag=kQFzMH0YCohDVh4fCFzS0_btUj913Xxl25YBUqxdFts&type=album","n":"https://sun9-78.userapi.com/impg/IydvuVehYM-9JM0rHb9dsocoO_enWSiWdxXNCA/SKpY8kb5rN0.jpg?size=35x75&quality=96&sign=aa68d1bc42c6c07ceee8f927ec25248e&c_uniq_tag=OPro0QGuhGurXQwPjdijmmzAcNUXPoPebFOKmQqVqc4&type=album","o":"https://sun9-78.userapi.com/impg/IydvuVehYM-9JM0rHb9dsocoO_enWSiWdxXNCA/SKpY8kb5rN0.jpg?size=510x900&quality=96&crop=0,0,750,1324&sign=282f33daf8c81313b7a6238c40ecccf0&c_uniq_tag=lITXLhCMzbPuRGDnIP6OqSZ08HtDA2o48D7wK5LTq-c&type=album","t":"https://sun9-78.userapi.com/impg/IydvuVehYM-9JM0rHb9dsocoO_enWSiWdxXNCA/SKpY8kb5rN0.jpg?size=200x433&quality=96&sign=466da1d0cdb54e09f09f849bbafe2edf&c_uniq_tag=Qsa8KDpQeANugp6clsdQlklBZ4HswTEJjIz2da-N57I&type=album"},"z":"","q":0,"w":0,"o":535381408,"i":457249122,"d":477763028}],"m":[]},{"i":1983185,"f":15267753,"t":"650","d":477762933,"a":[],"m":[]},{"i":1983184,"f":15267753,"t":"Накладная успешно создана с номером: 1239325958","d":477762931,"a":[],"m":[]},{"i":1983180,"f":15267753,"t":"Не видал","d":477762854,"a":[],"m":[]},{"i":1983179,"f":15267753,"t":"Сек","d":477762852,"a":[],"m":[]},{"i":1983178,"f":535381408,"t":"Сделал ?","d":477762838,"a":[],"m":[]},{"i":1983081,"f":535381408,"t":"И тоже сюда","d":477757341,"a":[],"m":[{"f":535381408,"t":"Сюда","d":477752564,"a":[]}]},{"i":1983080,"f":535381408,"t":"","d":477757330,"a":[],"m":[{"f":241458373,"t":"Нижний Новгород","d":477757319,"a":[]}]},{"i":1983079,"f":15267753,"t":"откуда","d":477757317,"a":[],"m":[]},{"i":1983077,"f":535381408,"t":"","d":477757298,"a":[],"m":[{"f":241458373,"t":"26х37х45\n3,4 кг","d":477757177,"a":[]}]},{"i":1983076,"f":15267753,"t":"не понимаю","d":477757294,"a":[],"m":[]},{"i":1983075,"f":535381408,"t":"Ты понимаешь ? \nМожно так ?","d":477757270,"a":[],"m":[{"f":241458373,"t":"26х37х45\n3,4 кг","d":477757177,"a":[]},{"f":241458373,"t":"Разные габариты","d":477757183,"a":[],"m":[{"f":241458373,"t":"26х37х45(15х37х69)\n3,4 кг","d":477757177,"a":[]}]},{"f":535381408,"t":"Это как понять ?","d":477757213,"a":[]},{"f":535381408,"t":"Это не одна посылка?","d":477757227,"a":[]},{"f":241458373,"t":"Одна посылка","d":477757232,"a":[]},{"f":241458373,"t":"Просто можно же по разному","d":477757239,"a":[]}]},{"i":1983057,"f":535381408,"t":"Хорошо","d":477756474,"a":[],"m":[]},{"i":1983056,"f":15267753,"t":"вот верная","d":477756404,"a":[],"m":[]},{"i":1983055,"f":15267753,"t":"сорре )","d":477756402,"a":[],"m":[]},{"i":1983053,"f":15267753,"t":"Артема скопировалась накладная","d":477756401,"a":[],"m":[]},{"i":1983052,"f":15267753,"t":"1239265892","d":477756395,"a":[],"m":[]},{"i":1983050,"f":15267753,"t":"ща сек","d":477756357,"a":[],"m":[]},{"i":1983049,"f":15267753,"t":"эм","d":477756355,"a":[],"m":[]},{"i":1983046,"f":535381408,"t":"","d":477756305,"a":[],"m":[{"f":129878171,"t":"Чёт с ней какая то хуйня","d":477756276,"a":[],"m":[{"f":535381408,"t":"1237894806","d":477752855,"a":[]}]},{"f":129878171,"t":"Точно эта накладная?","d":477756282,"a":[]}]},{"i":1982999,"f":15267753,"t":"Оке","d":477753209,"a":[],"m":[]},{"i":1982997,"f":535381408,"t":"","d":477753057,"a":[],"m":[{"f":241458373,"t":"Через 1-1,5 часа скажу","d":477753021,"a":[]}]},{"i":1982993,"f":15267753,"t":"дп","d":477752950,"a":[],"m":[]},{"i":1982992,"f":535381408,"t":"И ещё одну ща сделаешь ?","d":477752947,"a":[],"m":[]},{"i":1982991,"f":15267753,"t":"+","d":477752924,"a":[],"m":[]},{"i":1982990,"f":535381408,"t":"","d":477752913,"a":[{"t":0,"s":{"m":"https://sun9-59.userapi.com/impg/vugzG_lPbwXnP1mo-cxTgI-tWPXpEP0dzZhtNQ/BQQ3ggPeaoM.jpg?size=499x1080&quality=96&sign=8c4cd942e3367466d85e94eefe34057b&c_uniq_tag=x7gXY867rnHAzh8GzeisTBOQ_EEzcrNwPtIBew1fKOw&type=album","s":"https://sun9-59.userapi.com/impg/vugzG_lPbwXnP1mo-cxTgI-tWPXpEP0dzZhtNQ/BQQ3ggPeaoM.jpg?size=279x604&quality=96&sign=a2115828c4c25a36a7ab2386479126c5&c_uniq_tag=z65o6J1Dhz-xokKTm1sZw4S122L7qmijLgFA-3lFAao&type=album","n":"https://sun9-59.userapi.com/impg/vugzG_lPbwXnP1mo-cxTgI-tWPXpEP0dzZhtNQ/BQQ3ggPeaoM.jpg?size=35x75&quality=96&sign=3a8d0cd9d359ac11ba74e68ff520e7ab&c_uniq_tag=2r0udyJX6aXHCp6GVmSdFjw2o-1aGYiid28du-InPJA&type=album","o":"https://sun9-59.userapi.com/impg/vugzG_lPbwXnP1mo-cxTgI-tWPXpEP0dzZhtNQ/BQQ3ggPeaoM.jpg?size=510x900&quality=96&crop=0,0,750,1324&sign=0e993e19f9d8687d4a865f5c79bc6f04&c_uniq_tag=qUfWwfmLBYhWfNuLXd7GQGG5hfUXyRBu2a4j6qaCrJU&type=album","t":"https://sun9-59.userapi.com/impg/vugzG_lPbwXnP1mo-cxTgI-tWPXpEP0dzZhtNQ/BQQ3ggPeaoM.jpg?size=200x433&quality=96&sign=5e4765d8bc777f62ffe8f6a5d43945f7&c_uniq_tag=Yz8cGVzZ9bLnMfP8VWvM3cTukHw4YhpyQ6Lfo5UPgtY&type=album"},"z":"","q":0,"w":0,"o":535381408,"i":457249118,"d":477752912}],"m":[]},{"i":1982989,"f":535381408,"t":"Ща закину","d":477752846,"a":[],"m":[]},{"i":1982988,"f":535381408,"t":"Окей \nСпасибо","d":477752843,"a":[],"m":[]},{"i":1982987,"f":15267753,"t":"или тебе карту","d":477752835,"a":[],"m":[]},{"i":1982986,"f":15267753,"t":"89059515168 сбер","d":477752832,"a":[],"m":[]},{"i":1982985,"f":15267753,"t":"трек","d":477752828,"a":[],"m":[]},{"i":1982984,"f":535381408,"t":"Или это сбер?","d":477752823,"a":[],"m":[{"f":15267753,"t":"1237894806","d":477752798,"a":[]}]},{"i":1982983,"f":535381408,"t":"Трек ?","d":477752816,"a":[],"m":[{"f":15267753,"t":"1237894806","d":477752798,"a":[]}]},{"i":1982981,"f":15267753,"t":"500","d":477752798,"a":[],"m":[]},{"i":1982980,"f":15267753,"t":"1237894806","d":477752798,"a":[],"m":[]},{"i":1982973,"f":535381408,"t":"От сюда","d":477752589,"a":[],"m":[{"f":129878171,"t":"Из СПб\n\nВес наверно 2.5 кг +-","d":477752562,"a":[{"t":0,"s":{"m":"https://sun9-64.userapi.com/impg/of2HSVGZp4lufdzc70TfB1OPWZ01XmCGO-g0Ww/YG3KwVjETeI.jpg?size=550x1080&quality=96&sign=8e0fb511b672fa5623c7a30c6332001f&c_uniq_tag=pFtQty3-MzR47tuhu2fL26xfz33HIeI07BpIO00DZ_0&type=album","s":"https://sun9-64.userapi.com/impg/of2HSVGZp4lufdzc70TfB1OPWZ01XmCGO-g0Ww/YG3KwVjETeI.jpg?size=308x604&quality=96&sign=9d9022ff8edecc829f9f6feac6f33c9a&c_uniq_tag=ZomWbGl_Ec1tMRmV8ka3mYaIJh7cQjJ63EVtf7XMFOk&type=album","n":"https://sun9-64.userapi.com/impg/of2HSVGZp4lufdzc70TfB1OPWZ01XmCGO-g0Ww/YG3KwVjETeI.jpg?size=38x75&quality=96&sign=cb61719bf92a07432bf21b3601c1b9b5&c_uniq_tag=fxnmLw4_lkYSpl6T4IddJCaba0UvOdEgd_CoYe6tcn8&type=album","o":"https://sun9-64.userapi.com/impg/of2HSVGZp4lufdzc70TfB1OPWZ01XmCGO-g0Ww/YG3KwVjETeI.jpg?size=510x900&quality=96&crop=0,0,828,1461&sign=2b160219504eda08ddcf65f5170c1c8b&c_uniq_tag=0c9etFvsg2O4CB5NxCD_dngM_gbCQt3QiQ6jByyB0U4&type=album","t":"https://sun9-64.userapi.com/impg/of2HSVGZp4lufdzc70TfB1OPWZ01XmCGO-g0Ww/YG3KwVjETeI.jpg?size=200x393&quality=96&sign=83da4575d00ff6013d82f6a512b87931&c_uniq_tag=Zlb_EDthEoCrMxHrSE3DR_JVC4UqvQhd0-g4wDM6Knk&type=album"},"z":"","q":0,"w":0,"o":129878171,"i":457272296,"d":477752547}]}]},{"i":1982972,"f":535381408,"t":"Сюда","d":477752564,"a":[],"m":[{"f":535381408,"t":"Котляров Павел Юрьевич \nБеларусь город Могилёв \n+375447016813","d":477253842,"a":[{"t":0,"s":{"m":"https://sun9-77.userapi.com/impg/YG1GWAXTzwcU5IoLYyF6Rge9tUx522DcdcBG_A/H4qavnBkZ6Q.jpg?size=499x1080&quality=96&sign=2703889a467f93baf3636e208f2796e0&c_uniq_tag=U1h_oakCzS7mSthPscTep0AY8YWjDORL5ymE9OpPJbI&type=album","s":"https://sun9-77.userapi.com/impg/YG1GWAXTzwcU5IoLYyF6Rge9tUx522DcdcBG_A/H4qavnBkZ6Q.jpg?size=279x604&quality=96&sign=336281b760c5d4eaa4bf297066eafbfd&c_uniq_tag=rTvFDk4qSf_4ZqZvTZB24IIl87NL4yIfDIZEIB7PsJI&type=album","n":"https://sun9-77.userapi.com/impg/YG1GWAXTzwcU5IoLYyF6Rge9tUx522DcdcBG_A/H4qavnBkZ6Q.jpg?size=35x75&quality=96&sign=45c8d246cda5d0a0c9abd1488b482e6a&c_uniq_tag=mx4RxbCfgfxexxXszs7pp-oYf-JwGX9TgFgEyDnjP4U&type=album","o":"https://sun9-77.userapi.com/impg/YG1GWAXTzwcU5IoLYyF6Rge9tUx522DcdcBG_A/H4qavnBkZ6Q.jpg?size=510x900&quality=96&crop=0,0,750,1324&sign=c1aa7fbcf67177c1d36513ef23e79246&c_uniq_tag=oXYCPjy4dqf3BSKkFXVy85A1nO0nDueOW9Pd3hqcbSQ&type=album","t":"https://sun9-77.userapi.com/impg/YG1GWAXTzwcU5IoLYyF6Rge9tUx522DcdcBG_A/H4qavnBkZ6Q.jpg?size=200x433&quality=96&sign=de25a1431c46ab7d62b03962bde415ae&c_uniq_tag=iXZ15p3OIBYsTK_ZDTAgMSFl6WgwISli-z_aweGbWuo&type=album"},"z":"","q":0,"w":0,"o":535381408,"i":457248684,"d":476142797}]}]},{"i":1982971,"f":535381408,"t":"Ща","d":477752507,"a":[],"m":[]},{"i":1982969,"f":15267753,"t":"Дв пиши данные","d":477752467,"a":[],"m":[]},{"i":1982968,"f":15267753,"t":"Привет","d":477752465,"a":[],"m":[]},{"i":1982967,"f":535381408,"t":"Привет \nОформишь накладную ?","d":477752454,"a":[],"m":[]},{"i":1332014,"f":15267753,"t":"))","d":439844060,"a":[],"m":[]},{"i":1332007,"f":535381408,"t":"Понял \nСпасибо не надо","d":439843703,"a":[],"m":[]},{"i":1332003,"f":15267753,"t":"11 16к новые","d":439843660,"a":[],"m":[]},{"i":1332001,"f":15267753,"t":"6ки 5к","d":439843655,"a":[],"m":[]},{"i":1332000,"f":15267753,"t":"привет","d":439843652,"a":[],"m":[]},{"i":1331961,"f":535381408,"t":"","d":439842501,"a":[],"m":[{"f":535381408,"t":"","d":439842181,"a":[],"m":[{"f":15267753,"t":"","d":439820068,"a":[{"t":0,"s":{"m":"https://sun9-28.userapi.com/impg/HkmyPbGRrSSrWp-OTDLaI2roNMmMFNZurFuEfA/127myy98TsY.jpg?size=810x1080&quality=96&sign=04be347ae284a23d8ed53ab566b989cd&c_uniq_tag=nAhyqZ-4cH7vfy4CZwJtZ3UmPoi45juWyssf7J3Sv90&type=album","s":"https://sun9-28.userapi.com/impg/HkmyPbGRrSSrWp-OTDLaI2roNMmMFNZurFuEfA/127myy98TsY.jpg?size=453x604&quality=96&sign=61e579a0e8fc8aa6928788ea58242e35&c_uniq_tag=3Iwy-iO5NPFUG2zsf5sD-53_NRXXa0g01ORLYO0lK1k&type=album","n":"https://sun9-28.userapi.com/impg/HkmyPbGRrSSrWp-OTDLaI2roNMmMFNZurFuEfA/127myy98TsY.jpg?size=56x75&quality=96&sign=ca25f95da543d7925427a040311a799e&c_uniq_tag=BTuv2TUf6Fv-oPQeDKdiSCoX-ZCSdvkf11R3MOu4YVQ&type=album","o":"https://sun9-28.userapi.com/impg/HkmyPbGRrSSrWp-OTDLaI2roNMmMFNZurFuEfA/127myy98TsY.jpg?size=510x680&quality=96&sign=59daf8f32853f94559d7b203dbad0f60&c_uniq_tag=FAqn2CtkybDsXm1LVNJ-yBoWLL3mLeQrjbzstBV-ocw&type=album","t":"https://sun9-28.userapi.com/impg/HkmyPbGRrSSrWp-OTDLaI2roNMmMFNZurFuEfA/127myy98TsY.jpg?size=200x267&quality=96&sign=18b3b7e528660464dad7f1f23f4c4c39&c_uniq_tag=lquoePWmhhtZwGIar6rSwxdYgoMFwnOz_Y5BMUZVctk&type=album"},"z":"","q":54.990111,"w":83.004165,"o":15267753,"i":457252886,"d":439820056},{"t":0,"s":{"m":"https://sun9-24.userapi.com/impg/c857024/v857024136/40361/L8w8mf6E9o0.jpg?size=810x1080&quality=96&sign=e5d52869194fa03f2490e92814857340&c_uniq_tag=J_p7xmS_Qpld1Ky0TGwOkyFMi-xORlK9q5QTbhpxbmA&type=album","s":"https://sun9-24.userapi.com/impg/c857024/v857024136/40361/L8w8mf6E9o0.jpg?size=453x604&quality=96&sign=378a5cc0f21795ec6ba31b4c9478f5e8&c_uniq_tag=fygoNCnVkqsKDAF49lW5idFGcHxFk_361wH3BPn6mn4&type=album","n":"https://sun9-24.userapi.com/impg/c857024/v857024136/40361/L8w8mf6E9o0.jpg?size=56x75&quality=96&sign=02bed677d0ad5e691cc9706ef2db6e20&c_uniq_tag=hhh1l7wxnzZIwJ1hVyyUYwVWwknY89jywv6QCY_w658&type=album","o":"https://sun9-24.userapi.com/impg/c857024/v857024136/40361/L8w8mf6E9o0.jpg?size=510x680&quality=96&sign=5eadb3b86638a3fd2463a148a196c27b&c_uniq_tag=rTSk12x_fzJaYkX5hy9gGXgePjuUILHMXFgdtrRrOqA&type=album","t":"https://sun9-24.userapi.com/impg/c857024/v857024136/40361/L8w8mf6E9o0.jpg?size=200x267&quality=96&sign=eca0dab6fe2a6b7c38263d8f51b41579&c_uniq_tag=6IOOz8tROL8xEMiJ1MeoiQTavsNSTsctyEzXDHQW5xA&type=album"},"z":"","q":54.990161,"w":83.004155,"o":15267753,"i":457252885,"d":439820052},{"t":0,"s":{"m":"https://sun9-36.userapi.com/impg/c855016/v855016136/1b5bb0/QUvpLRoBDnY.jpg?size=810x1080&quality=96&sign=03d96f234bfe8873f7ed1398b8adf9ac&c_uniq_tag=TI2V8-vz26w8SpRdCFqDRpZhR7bEpeMR_rOXUjA9Jm0&type=album","s":"https://sun9-36.userapi.com/impg/c855016/v855016136/1b5bb0/QUvpLRoBDnY.jpg?size=453x604&quality=96&sign=586d07327d9b9e38088b484066475d96&c_uniq_tag=o5yCm-KqDGKodNeggT-tmd5ILbjbWEYifOZNAHLb8j4&type=album","n":"https://sun9-36.userapi.com/impg/c855016/v855016136/1b5bb0/QUvpLRoBDnY.jpg?size=56x75&quality=96&sign=93802d7d8971f41a1876418a5fb6e4e5&c_uniq_tag=J7K-dg9Er_FcT8629wxlYUH-0d6mOWhxPrjPVSH-HIk&type=album","o":"https://sun9-36.userapi.com/impg/c855016/v855016136/1b5bb0/QUvpLRoBDnY.jpg?size=510x680&quality=96&sign=35fd296c1948e35f596a53a1d64938e3&c_uniq_tag=DZIZoFwbWxSAz72LHcqW61UBSJZ5qsuJpg77zMR5Vro&type=album","t":"https://sun9-36.userapi.com/impg/c855016/v855016136/1b5bb0/QUvpLRoBDnY.jpg?size=200x267&quality=96&sign=1c66755ab786a47f970027fb536b925e&c_uniq_tag=JaEqi07gK2RYjF3Dr6sE36cwLwTp4-xF17b2Qzgps4w&type=album"},"z":"","q":54.990164,"w":83.004198,"o":15267753,"i":457252887,"d":439820058},{"t":0,"s":{"m":"https://sun9-10.userapi.com/impg/c855016/v855016136/1b5bba/DJiwIJYIQA4.jpg?size=810x1080&quality=96&sign=648d70fad846a95bbc7485b90caff1ce&c_uniq_tag=sd947jEALuetyX4gzC1raqMHVBOQfRCcPvH3iqeRrtA&type=album","s":"https://sun9-10.userapi.com/impg/c855016/v855016136/1b5bba/DJiwIJYIQA4.jpg?size=453x604&quality=96&sign=2631f52375862d99b961c586738e8a7f&c_uniq_tag=QumOVRoEYJDtnRDg3I5NIyJYwFs1ebNtMpIJ30R1Wbs&type=album","n":"https://sun9-10.userapi.com/impg/c855016/v855016136/1b5bba/DJiwIJYIQA4.jpg?size=56x75&quality=96&sign=25783e90253a38d456d052f6523732b8&c_uniq_tag=YMf9_inO81h_pJzadHztL8-B1ObQIUwuQCAQBYEh4H0&type=album","o":"https://sun9-10.userapi.com/impg/c855016/v855016136/1b5bba/DJiwIJYIQA4.jpg?size=510x680&quality=96&sign=075a1484bc1c8504e18b168490f0369c&c_uniq_tag=Xol8BtoHn-uhO0javrv5tkRgKSxrWBXMPIVzTE7gsq0&type=album","t":"https://sun9-10.userapi.com/impg/c855016/v855016136/1b5bba/DJiwIJYIQA4.jpg?size=200x267&quality=96&sign=c010fcc5c917c6f328042bc22b735c23&c_uniq_tag=X5cqRCQHkK0M3P7KsR-8-vMCUhGdJtzH-Pp1ShFRfqg&type=album"},"z":"","q":54.990142,"w":83.004246,"o":15267753,"i":457252888,"d":439820063},{"t":0,"s":{"m":"https://sun9-38.userapi.com/impg/c855016/v855016136/1b5bc4/AGxQrtPBQY8.jpg?size=810x1080&quality=96&sign=9b94356f39d8f5597e6b238151e5fc86&c_uniq_tag=O0C9D-Hvtj-TOQjPZvvhM88l9eKFGTl_ZTF7x9AnYII&type=album","s":"https://sun9-38.userapi.com/impg/c855016/v855016136/1b5bc4/AGxQrtPBQY8.jpg?size=453x604&quality=96&sign=2f371c15bebe51d251e6a3eb23585c0d&c_uniq_tag=JC6psTUWyBZysXmvNvjqMq_pBrhsHEW95ZeXG5czf0Q&type=album","n":"https://sun9-38.userapi.com/impg/c855016/v855016136/1b5bc4/AGxQrtPBQY8.jpg?size=56x75&quality=96&sign=692dda0e9128ed6433167bcc90fc5def&c_uniq_tag=6zlV_PVQhRCN6ZjHWFlAwYHhSUILAIqg0U3MiR8Aylc&type=album","o":"https://sun9-38.userapi.com/impg/c855016/v855016136/1b5bc4/AGxQrtPBQY8.jpg?size=510x680&quality=96&sign=8d06d0c32f3e1c35ca8157b3b32b1207&c_uniq_tag=7VSAM-rr5epnLWs197nh6LkqQZ0OCOQo87AiWk3Augs&type=album","t":"https://sun9-38.userapi.com/impg/c855016/v855016136/1b5bc4/AGxQrtPBQY8.jpg?size=200x267&quality=96&sign=1941523e6483e607162e390359e93ead&c_uniq_tag=AOFtz6gbGx8pjn2ng0Psbhpud5jwQby2Zjyhyb-aNb4&type=album"},"z":"","q":54.990087,"w":83.004171,"o":15267753,"i":457252889,"d":439820068}],"m":[{"f":271645570,"t":"У кого есть что на руках на 24 см","d":439819760,"a":[]}]}]}]},{"i":1331960,"f":535381408,"t":"Привет \nДжорданы 11 и 6 \nСколько ?","d":439842491,"a":[],"m":[]},{"i":1118371,"f":535381408,"t":"Спасибо большое","d":424972507,"a":[],"m":[]},{"i":1118370,"f":15267753,"t":"Да","d":424972496,"a":[],"m":[]},{"i":1118369,"f":15267753,"t":"Привет","d":424972496,"a":[],"m":[]},{"i":1118368,"f":535381408,"t":"https://vk.com/ilyaelezov","d":424972488,"a":[],"m":[]},{"i":1118367,"f":535381408,"t":"Привет \nПодскажи пожалуйста \nНорм тип ?","d":424972476,"a":[],"m":[]}]}