{"meta":{"v":"1.2","p":365116204,"a":15267753,"t":"Семён Шейко","d":1691415359},"data":[{"i":3099941,"f":15267753,"t":"коробку в сдеке покупаеш ь","d":548285099,"a":[],"m":[]},{"i":3099940,"f":15267753,"t":"500 без бокса","d":548285088,"a":[],"m":[]},{"i":3099939,"f":365116204,"t":"Мск - Пермь","d":548285061,"a":[],"m":[]},{"i":3099938,"f":15267753,"t":"откуда куда","d":548285040,"a":[],"m":[]},{"i":3099937,"f":15267753,"t":"привет","d":548285039,"a":[],"m":[]},{"i":3099934,"f":365116204,"t":"Привет. Сколько выйдет накладная с коробкой Л?","d":548284394,"a":[],"m":[]},{"i":3062828,"f":365116204,"t":"","d":544558210,"a":[{"t":3,"o":365116204,"i":662047691,"n":"receipt_05.05.2023.pdf","e":"pdf","s":119166,"url":"https://vk.com/doc365116204_662047691?hash=27XG5BrfPxArFfNSZux0exrdXQB9fdZKodO9YcZc4Lw&dl=DkygnafVO1ZQkmziDzszxOYsQLZl5vzzoWIZJhtjZFX&api=1&no_preview=1"}],"m":[]},{"i":3062827,"f":365116204,"t":"Перевел","d":544558181,"a":[],"m":[]},{"i":3062792,"f":15267753,"t":".","d":544556089,"a":[],"m":[{"f":15267753,"t":"89059515168 сбер","d":536018514,"a":[]}]},{"i":3062785,"f":365116204,"t":"На какой номер?","d":544555969,"a":[],"m":[{"f":15267753,"t":"Номер заказа СДЭК 1427831221 \n350","d":544544847,"a":[]}]},{"i":3062495,"f":15267753,"t":"Номер заказа СДЭК 1427831221 \n350","d":544544847,"a":[],"m":[{"f":365116204,"t":"Шейко Семен Андреевич \n89991233585\nГ. Пермь Уинская 9\n1,5 кг\n34/ 24/ 12\nИз Москвы","d":544541344,"a":[]}]},{"i":3062491,"f":365116204,"t":"Сколько выйдет?","d":544544784,"a":[],"m":[]},{"i":3062488,"f":15267753,"t":"привет","d":544544734,"a":[],"m":[]},{"i":3062453,"f":365116204,"t":"Шейко Семен Андреевич \n89991233585\nГ. Пермь Уинская 9\n1,5 кг\n34/ 24/ 12\nИз Москвы","d":544541344,"a":[],"m":[]},{"i":3062445,"f":365116204,"t":"Привет. Можешь сделать накладную Сдек?","d":544541206,"a":[],"m":[]},{"i":2939354,"f":15267753,"t":"+","d":536018885,"a":[],"m":[]},{"i":2939351,"f":365116204,"t":"","d":536018752,"a":[{"t":0,"s":{"m":"https://sun9-20.userapi.com/impg/DcrviNzNw-E8h1O1doDJk9U2CYtjQ6k44eNcWQ/29OFuZ-jHrk.jpg?size=510x900&quality=95&crop=0,0,828,1461&sign=5c5e7f5f315fba3a0425dd580430ec29&c_uniq_tag=P44THLyamtrvupQpHQFaDDXkeiVci0hCT_FxR9OMYoU&type=album","s":"https://sun9-20.userapi.com/impg/DcrviNzNw-E8h1O1doDJk9U2CYtjQ6k44eNcWQ/29OFuZ-jHrk.jpg?size=200x433&quality=95&sign=561e76a107f9df21cdf0f94369de4904&c_uniq_tag=6NfTUnxEd3zzfJne4E2tvbp6rgr4mQaHVRNlcfSbkkc&type=album","n":"https://sun9-20.userapi.com/impg/DcrviNzNw-E8h1O1doDJk9U2CYtjQ6k44eNcWQ/29OFuZ-jHrk.jpg?size=828x1792&quality=95&sign=e77a204c432d268015d3f419cfc7f3f6&c_uniq_tag=VS86wsZYv570rFO9v_uuu_ceR_lz4b1iNYtPEy4-1zQ&type=album","o":"https://sun9-20.userapi.com/impg/DcrviNzNw-E8h1O1doDJk9U2CYtjQ6k44eNcWQ/29OFuZ-jHrk.jpg?size=499x1080&quality=95&sign=12e1ae5210dc169384771d290ac71eb1&c_uniq_tag=OnsYYJbaXsz7H97p2Mjbhyv1obDRNyoqwlW9r4Q0FsE&type=album","t":"https://sun9-20.userapi.com/impg/DcrviNzNw-E8h1O1doDJk9U2CYtjQ6k44eNcWQ/29OFuZ-jHrk.jpg?size=279x604&quality=95&sign=9d9aac5320da159a63e2afed2e63ed7e&c_uniq_tag=3NiTO9bFFACOVSIX82lxZYlXm4ieobLQ2B539RnVQa0&type=album"},"z":"","q":0,"w":0,"o":365116204,"i":457250615,"d":536018751}],"m":[]},{"i":2939343,"f":15267753,"t":"89059515168 сбер","d":536018514,"a":[],"m":[]},{"i":2939342,"f":15267753,"t":"Номер заказа СДЭК 1398949367\n450","d":536018510,"a":[],"m":[{"f":365116204,"t":"Шейко Семен Андреевич \n89991233585\nГ. Пермь Уинская 9\n1,5 кг \n30/20/15 см","d":536018261,"a":[]}]},{"i":2939340,"f":365116204,"t":"Минск","d":536018436,"a":[],"m":[]},{"i":2939337,"f":15267753,"t":"И откуда","d":536018330,"a":[],"m":[]},{"i":2939335,"f":365116204,"t":"Шейко Семен Андреевич \n89991233585\nГ. Пермь Уинская 9\n1,5 кг \n30/20/15 см","d":536018261,"a":[],"m":[]},{"i":2939322,"f":15267753,"t":"Вес габарит","d":536017764,"a":[],"m":[]},{"i":2939321,"f":15267753,"t":"Данные","d":536017761,"a":[],"m":[]},{"i":2939293,"f":365116204,"t":"Что нужно для этого?","d":536016535,"a":[],"m":[]},{"i":2939291,"f":15267753,"t":"Прив да","d":536016439,"a":[],"m":[]},{"i":2939283,"f":365116204,"t":"Привет. Могу через тебя накладную сдэк оформить?","d":536015819,"a":[],"m":[]}]}