{"meta":{"v":"1.2","p":622617536,"a":15267753,"t":"Auto Feminised","d":1691416163},"data":[{"i":2558769,"f":15267753,"t":"просто щас тяжело все )","d":511189391,"a":[],"m":[]},{"i":2558768,"f":15267753,"t":"доедет все","d":511189385,"a":[],"m":[]},{"i":2558767,"f":15267753,"t":"прив, нет, не стоит","d":511189382,"a":[],"m":[]},{"i":2558452,"f":622617536,"t":"Беспокоиться не стоит?","d":511178570,"a":[],"m":[]},{"i":2558451,"f":622617536,"t":"Это два разных кода, оба заостряли на 8-ом числе","d":511178549,"a":[],"m":[{"f":622617536,"t":"Вот такая вот фигня","d":511178466,"a":[{"t":0,"s":{"m":"https://sun9-80.userapi.com/impg/U9J_wb9GbkaNshLjBO9Iy5W33DRKe5LnktID0Q/SRBxWVnt4nM.jpg?size=510x340&quality=95&crop=195,0,852,568&sign=aef70f473b60040bc0512866285bdadd&c_uniq_tag=5QebKJEZ4BCRjQR6Je_gGAXIKJYCI56U2CIVAN_iXsY&type=album","s":"https://sun9-80.userapi.com/impg/U9J_wb9GbkaNshLjBO9Iy5W33DRKe5LnktID0Q/SRBxWVnt4nM.jpg?size=200x133&quality=95&crop=194,0,854,568&sign=3af7801b1e8d88f87709b302df8a4b9f&c_uniq_tag=f-YsgVXCsROwrbTCBR2G2Ciyxw-NV4ffLqKI9F1ANLE&type=album","n":"https://sun9-80.userapi.com/impg/U9J_wb9GbkaNshLjBO9Iy5W33DRKe5LnktID0Q/SRBxWVnt4nM.jpg?size=1242x568&quality=95&sign=9d5a7f7959a0687be3f57621f0be1338&c_uniq_tag=oQ4vAtnG82zjyh3s1j_iQROav2zRilwGyCtHr8S10Oo&type=album","o":"https://sun9-80.userapi.com/impg/U9J_wb9GbkaNshLjBO9Iy5W33DRKe5LnktID0Q/SRBxWVnt4nM.jpg?size=807x369&quality=95&sign=f4805cc860729e92ae2297d009af97e1&c_uniq_tag=I-gMOn2jpH5JS_tjCZnH_rC-RRcih3sXNi8IT5mdb4w&type=album","t":"https://sun9-80.userapi.com/impg/U9J_wb9GbkaNshLjBO9Iy5W33DRKe5LnktID0Q/SRBxWVnt4nM.jpg?size=130x59&quality=95&sign=89b2dbe2070f9c00a3d438e258d3f587&c_uniq_tag=laBBYePkebcIfe9rVUxC7wyMi550x0f7zuPxHgfPLEY&type=album"},"z":"","q":0,"w":0,"o":622617536,"i":457300645,"d":511178463},{"t":0,"s":{"m":"https://sun9-50.userapi.com/impg/nRFptgSkHT6_U6LJY13aWcIlnIvttklGizyqxg/pnEXVJUoyk0.jpg?size=510x340&quality=95&crop=21,0,1200,800&sign=5f7fc1c981f78b217c9be8714cd84a5d&c_uniq_tag=MlsVpFSxX9GZhIFwtwFv5AL7j7we4h-AlnPkLWjKQDo&type=album","s":"https://sun9-50.userapi.com/impg/nRFptgSkHT6_U6LJY13aWcIlnIvttklGizyqxg/pnEXVJUoyk0.jpg?size=200x133&quality=95&crop=19,0,1203,800&sign=463af776fc8b42c41bf5a26488c93a02&c_uniq_tag=QobgMBIc8R5PwrJy7AfWte2IHiEXoMQ47YxBi8OCiJ8&type=album","n":"https://sun9-50.userapi.com/impg/nRFptgSkHT6_U6LJY13aWcIlnIvttklGizyqxg/pnEXVJUoyk0.jpg?size=1242x800&quality=95&sign=8f3269bd53861dd0bacec27dc46e2fbe&c_uniq_tag=ZRm68P8c0dOMtqkJCvrmb5bUBLZoe4E9R3MdutqzNKg&type=album","o":"https://sun9-50.userapi.com/impg/nRFptgSkHT6_U6LJY13aWcIlnIvttklGizyqxg/pnEXVJUoyk0.jpg?size=807x520&quality=95&sign=50affe3b590eb36b971bf10400d42156&c_uniq_tag=14sDwDt7PguL1AsXYshBbBU6GdH9HY10Z87uvlPB_GU&type=album","t":"https://sun9-50.userapi.com/impg/nRFptgSkHT6_U6LJY13aWcIlnIvttklGizyqxg/pnEXVJUoyk0.jpg?size=130x84&quality=95&sign=075c8556702345226e44a69ff0c51a8a&c_uniq_tag=-U_9jGAdxgSpUspnsi-5LKWb8q973l6HdshG5eP8ul8&type=album"},"z":"","q":0,"w":0,"o":622617536,"i":457300646,"d":511178463}]}]},{"i":2558449,"f":622617536,"t":"Вот такая вот фигня","d":511178466,"a":[{"t":0,"s":{"m":"https://sun9-80.userapi.com/impg/U9J_wb9GbkaNshLjBO9Iy5W33DRKe5LnktID0Q/SRBxWVnt4nM.jpg?size=510x340&quality=95&crop=195,0,852,568&sign=aef70f473b60040bc0512866285bdadd&c_uniq_tag=5QebKJEZ4BCRjQR6Je_gGAXIKJYCI56U2CIVAN_iXsY&type=album","s":"https://sun9-80.userapi.com/impg/U9J_wb9GbkaNshLjBO9Iy5W33DRKe5LnktID0Q/SRBxWVnt4nM.jpg?size=200x133&quality=95&crop=194,0,854,568&sign=3af7801b1e8d88f87709b302df8a4b9f&c_uniq_tag=f-YsgVXCsROwrbTCBR2G2Ciyxw-NV4ffLqKI9F1ANLE&type=album","n":"https://sun9-80.userapi.com/impg/U9J_wb9GbkaNshLjBO9Iy5W33DRKe5LnktID0Q/SRBxWVnt4nM.jpg?size=1242x568&quality=95&sign=9d5a7f7959a0687be3f57621f0be1338&c_uniq_tag=oQ4vAtnG82zjyh3s1j_iQROav2zRilwGyCtHr8S10Oo&type=album","o":"https://sun9-80.userapi.com/impg/U9J_wb9GbkaNshLjBO9Iy5W33DRKe5LnktID0Q/SRBxWVnt4nM.jpg?size=807x369&quality=95&sign=f4805cc860729e92ae2297d009af97e1&c_uniq_tag=I-gMOn2jpH5JS_tjCZnH_rC-RRcih3sXNi8IT5mdb4w&type=album","t":"https://sun9-80.userapi.com/impg/U9J_wb9GbkaNshLjBO9Iy5W33DRKe5LnktID0Q/SRBxWVnt4nM.jpg?size=130x59&quality=95&sign=89b2dbe2070f9c00a3d438e258d3f587&c_uniq_tag=laBBYePkebcIfe9rVUxC7wyMi550x0f7zuPxHgfPLEY&type=album"},"z":"","q":0,"w":0,"o":622617536,"i":457300645,"d":511178463},{"t":0,"s":{"m":"https://sun9-50.userapi.com/impg/nRFptgSkHT6_U6LJY13aWcIlnIvttklGizyqxg/pnEXVJUoyk0.jpg?size=510x340&quality=95&crop=21,0,1200,800&sign=5f7fc1c981f78b217c9be8714cd84a5d&c_uniq_tag=MlsVpFSxX9GZhIFwtwFv5AL7j7we4h-AlnPkLWjKQDo&type=album","s":"https://sun9-50.userapi.com/impg/nRFptgSkHT6_U6LJY13aWcIlnIvttklGizyqxg/pnEXVJUoyk0.jpg?size=200x133&quality=95&crop=19,0,1203,800&sign=463af776fc8b42c41bf5a26488c93a02&c_uniq_tag=QobgMBIc8R5PwrJy7AfWte2IHiEXoMQ47YxBi8OCiJ8&type=album","n":"https://sun9-50.userapi.com/impg/nRFptgSkHT6_U6LJY13aWcIlnIvttklGizyqxg/pnEXVJUoyk0.jpg?size=1242x800&quality=95&sign=8f3269bd53861dd0bacec27dc46e2fbe&c_uniq_tag=ZRm68P8c0dOMtqkJCvrmb5bUBLZoe4E9R3MdutqzNKg&type=album","o":"https://sun9-50.userapi.com/impg/nRFptgSkHT6_U6LJY13aWcIlnIvttklGizyqxg/pnEXVJUoyk0.jpg?size=807x520&quality=95&sign=50affe3b590eb36b971bf10400d42156&c_uniq_tag=14sDwDt7PguL1AsXYshBbBU6GdH9HY10Z87uvlPB_GU&type=album","t":"https://sun9-50.userapi.com/impg/nRFptgSkHT6_U6LJY13aWcIlnIvttklGizyqxg/pnEXVJUoyk0.jpg?size=130x84&quality=95&sign=075c8556702345226e44a69ff0c51a8a&c_uniq_tag=-U_9jGAdxgSpUspnsi-5LKWb8q973l6HdshG5eP8ul8&type=album"},"z":"","q":0,"w":0,"o":622617536,"i":457300646,"d":511178463}],"m":[]},{"i":2558446,"f":622617536,"t":"По факту ко мне уже должны были прийти кроссовки которые отправлял Эман, но они прибыли в сортировочный центр рядом с моим городом 8 числа и там отслеживание и остановилось. Точно то же и с остальными заказами","d":511178279,"a":[],"m":[]},{"i":2558443,"f":622617536,"t":"Привет. Хотел спросить, подскажи пожалуйста. Ты мб знаешь почему примерно с 8 числа сдек не отправляет никуда посылки? У меня с той недели 2 из 3 трек кодов не обновились, отслеживание остановилось в тех городах в которых он был на прошлой неделе, и до сих пор не продвигается. А один из них 13 числа все таки обновилсч","d":511178196,"a":[],"m":[]},{"i":2526882,"f":622617536,"t":"Окей, если не поправится напишу","d":509561770,"a":[],"m":[]},{"i":2526881,"f":15267753,"t":"Уже дня три ошибки","d":509561757,"a":[],"m":[]},{"i":2526880,"f":622617536,"t":"Попробовать позднее?","d":509561757,"a":[],"m":[]},{"i":2526879,"f":15267753,"t":"Сдек мб опять не работает","d":509561750,"a":[],"m":[]},{"i":2526878,"f":15267753,"t":"Прив","d":509561745,"a":[],"m":[]},{"i":2526877,"f":622617536,"t":"Не отслеживается","d":509561742,"a":[],"m":[]},{"i":2526876,"f":622617536,"t":"","d":509561740,"a":[{"t":0,"s":{"m":"https://sun9-30.userapi.com/impg/CgsQ-Pl2UQkUn-FyuY8euC13WgfPFwWcZOSIRA/HbOL47P2Buo.jpg?size=510x510&quality=95&sign=bea4bfc2b3cf2cf2c66bad453815d833&c_uniq_tag=9v7kf6ozXwTsq4ri5v3Arf2UglWlP5MjIorvyJmmlPQ&type=album","s":"https://sun9-30.userapi.com/impg/CgsQ-Pl2UQkUn-FyuY8euC13WgfPFwWcZOSIRA/HbOL47P2Buo.jpg?size=200x200&quality=95&sign=9c9ea140b300340762c114b44ced708e&c_uniq_tag=Uo_IkG76b50QugZqHP7orJHSxjALI43IgATAM4-F9vM&type=album","n":"https://sun9-30.userapi.com/impg/CgsQ-Pl2UQkUn-FyuY8euC13WgfPFwWcZOSIRA/HbOL47P2Buo.jpg?size=1242x1242&quality=95&sign=bccf47999c2ec007463b024ad246e54b&c_uniq_tag=t4feRq5xYmbueBRIzmBLGdYPOQdNVngwnmrofyVHGXU&type=album","o":"https://sun9-30.userapi.com/impg/CgsQ-Pl2UQkUn-FyuY8euC13WgfPFwWcZOSIRA/HbOL47P2Buo.jpg?size=807x807&quality=95&sign=5d58191380deea2ded69bdfb4f50645e&c_uniq_tag=Y26w31WCT8tP9QCL3CJftHUqx2MZAY_6dMRjC-y_iqA&type=album","t":"https://sun9-30.userapi.com/impg/CgsQ-Pl2UQkUn-FyuY8euC13WgfPFwWcZOSIRA/HbOL47P2Buo.jpg?size=130x130&quality=95&sign=5c175232dcc33464c5725dad4b9fcd78&c_uniq_tag=rt_ZwYNVWnIkrXHUqGxld_2LGIfx9sacu-gnP3uFW2w&type=album"},"z":"","q":0,"w":0,"o":622617536,"i":457298902,"d":509561739}],"m":[]},{"i":2526875,"f":622617536,"t":"Извиняюсь, с вопросом беспокою","d":509561733,"a":[],"m":[{"f":340666225,"t":"","d":509561656,"a":[],"m":[{"f":15267753,"t":"Накладная успешно создана с номером: 1325435974\n650","d":509559639,"a":[]}]}]},{"i":2526873,"f":622617536,"t":"Ку","d":509561721,"a":[],"m":[]}]}