{"meta":{"v":"1.2","p":152927112,"a":15267753,"t":"Андрей Громовой","d":1691415368},"data":[{"i":3097115,"f":15267753,"t":"450","d":547995209,"a":[],"m":[]},{"i":3097111,"f":152927112,"t":"","d":547995062,"a":[{"t":4}],"m":[]},{"i":3097110,"f":152927112,"t":"Скажи точно пожалуйста \nЧтобы тетка знала","d":547995059,"a":[],"m":[]},{"i":3097109,"f":15267753,"t":"450 вроде","d":547995012,"a":[],"m":[]},{"i":3097108,"f":152927112,"t":"С Бреста в Москву","d":547994997,"a":[],"m":[]},{"i":3097107,"f":15267753,"t":"город","d":547994968,"a":[],"m":[]},{"i":3097106,"f":15267753,"t":"прив","d":547994966,"a":[],"m":[]},{"i":3097014,"f":152927112,"t":"Лонгслив будет","d":547984130,"a":[],"m":[]},{"i":3097013,"f":152927112,"t":"Сколько будет Москвы, до пункта выдачи на ул. Свободы 59","d":547984123,"a":[],"m":[]},{"i":3097012,"f":152927112,"t":"Тут?","d":547984059,"a":[],"m":[]},{"i":3097011,"f":152927112,"t":"Привет","d":547984058,"a":[],"m":[]},{"i":3094211,"f":152927112,"t":"Хух","d":547668395,"a":[],"m":[]},{"i":3094210,"f":152927112,"t":"А","d":547668392,"a":[],"m":[]},{"i":3094209,"f":15267753,"t":"Отправить с любого можно","d":547668389,"a":[],"m":[]},{"i":3094208,"f":152927112,"t":"А ты какой адрес указал отправки?","d":547668378,"a":[],"m":[]},{"i":3094207,"f":152927112,"t":"Спасибо !!!","d":547668336,"a":[],"m":[]},{"i":3094206,"f":15267753,"t":"+","d":547668327,"a":[],"m":[]},{"i":3094205,"f":15267753,"t":"Da","d":547668325,"a":[],"m":[]},{"i":3094203,"f":152927112,"t":"Пришло?","d":547668278,"a":[],"m":[]},{"i":3094199,"f":15267753,"t":"Номер заказа СДЭК 1438000214\n700","d":547668002,"a":[],"m":[{"f":152927112,"t":"Хорошо.Данные для заказа:\n\nРеспублика Крым\nГ. Ялта \nУл. Московская 33 \nФИО: Поднебесный Виктор Сергеевич\n\nДеньги отправлю после получения накладной и трэк кода","d":547667892,"a":[]}]},{"i":3094194,"f":152927112,"t":"+79787048533","d":547667971,"a":[],"m":[]},{"i":3094193,"f":152927112,"t":"Сек","d":547667932,"a":[],"m":[]},{"i":3094191,"f":15267753,"t":"тел","d":547667910,"a":[],"m":[]},{"i":3094189,"f":152927112,"t":"Хорошо.Данные для заказа:\n\nРеспублика Крым\nГ. Ялта \nУл. Московская 33 \nФИО: Поднебесный Виктор Сергеевич\n\nДеньги отправлю после получения накладной и трэк кода","d":547667892,"a":[],"m":[]},{"i":3094188,"f":15267753,"t":"крым всегда дорого","d":547667869,"a":[],"m":[]},{"i":3094187,"f":15267753,"t":"есть дороде и быстрее)","d":547667866,"a":[],"m":[]},{"i":3094186,"f":15267753,"t":"самая дешевая","d":547667859,"a":[],"m":[]},{"i":3094185,"f":152927112,"t":"А если дешевле? Или нет","d":547667856,"a":[],"m":[]},{"i":3094184,"f":152927112,"t":"Это типо быстрая доставка ?","d":547667851,"a":[],"m":[]},{"i":3094183,"f":15267753,"t":"4 дня","d":547667838,"a":[],"m":[]},{"i":3094182,"f":15267753,"t":"700","d":547667834,"a":[],"m":[]},{"i":3094181,"f":152927112,"t":"Ура","d":547667816,"a":[],"m":[]},{"i":3094180,"f":15267753,"t":"прив","d":547667802,"a":[],"m":[]},{"i":3094141,"f":152927112,"t":"","d":547664992,"a":[{"t":4}],"m":[]},{"i":3094112,"f":152927112,"t":"С Бреста в Ялту сколько выйдет ? Коробка с кроссовками","d":547661755,"a":[],"m":[]},{"i":3094110,"f":152927112,"t":"Привет","d":547661741,"a":[],"m":[]},{"i":3086323,"f":152927112,"t":"Скинул","d":546869790,"a":[],"m":[]},{"i":3086249,"f":15267753,"t":"оке","d":546865215,"a":[],"m":[]},{"i":3086248,"f":152927112,"t":"Спасибо","d":546865203,"a":[],"m":[]},{"i":3086247,"f":152927112,"t":"Хорошо, чуть попозже скину\nНа службе","d":546865201,"a":[],"m":[]},{"i":3086246,"f":15267753,"t":",","d":546865182,"a":[],"m":[{"f":15267753,"t":"89059515168 сбер","d":535755266,"a":[]}]},{"i":3086245,"f":15267753,"t":"Номер заказа СДЭК 1435296296\n550","d":546865175,"a":[],"m":[{"f":152927112,"t":"Громичук Андрей Сергеевич \n+375333590571 \nГ Брест","d":546864855,"a":[]}]},{"i":3086237,"f":152927112,"t":"Габарит я хз\nТам поворотник от мотоцикла 😁","d":546864866,"a":[],"m":[]},{"i":3086236,"f":152927112,"t":"Громичук Андрей Сергеевич \n+375333590571 \nГ Брест","d":546864855,"a":[],"m":[]},{"i":3086234,"f":15267753,"t":"Фио тел город габарит","d":546864796,"a":[],"m":[]},{"i":3086231,"f":152927112,"t":"И что там нужно для получателя","d":546864730,"a":[],"m":[]},{"i":3086230,"f":152927112,"t":"","d":546864730,"a":[{"t":0,"s":{"m":"https://sun9-25.userapi.com/impg/AIWoqRuDMqt1zklMSlFLLEl2me7rQkoKrXXm7g/Lf4QB4Sq8U4.jpg?size=510x900&quality=95&crop=0,0,1125,1985&sign=e320f4b3cfff7f1bece1669511c93ad5&c_uniq_tag=oOq1ePoNdV7tsMx7qLTn-YPcJkS6ibsN1SUQ91lqrv8&type=album","s":"https://sun9-25.userapi.com/impg/AIWoqRuDMqt1zklMSlFLLEl2me7rQkoKrXXm7g/Lf4QB4Sq8U4.jpg?size=200x433&quality=95&sign=69081ae54495fa4b221956cecfbc2633&c_uniq_tag=v3gVLSFrjU-cu7eOmXyKDJ8fQ083Rs4wHiZvp6niTN0&type=album","n":"https://sun9-25.userapi.com/impg/AIWoqRuDMqt1zklMSlFLLEl2me7rQkoKrXXm7g/Lf4QB4Sq8U4.jpg?size=998x2160&quality=95&sign=98e171f75c57508052486a3f0e576c37&c_uniq_tag=eBoNTKdo3XvMpZQgbSXMxgWMv-6NWOgfRBY_39grILo&type=album","o":"https://sun9-25.userapi.com/impg/AIWoqRuDMqt1zklMSlFLLEl2me7rQkoKrXXm7g/Lf4QB4Sq8U4.jpg?size=499x1080&quality=95&sign=0e119ed08a5c410b5031f7602010a328&c_uniq_tag=_ruV19hK9VKx2QbgG_gjokVB-pTRB4_PGBesOmDAcqg&type=album","t":"https://sun9-25.userapi.com/impg/AIWoqRuDMqt1zklMSlFLLEl2me7rQkoKrXXm7g/Lf4QB4Sq8U4.jpg?size=279x604&quality=95&sign=b26542336d256fdd10f2a14172727531&c_uniq_tag=ZXNrm3naONOpwlghxwjKg9bUs3Q57htmjKPca6QFgrQ&type=album"},"z":"","q":0,"w":0,"o":152927112,"i":457259369,"d":546864729}],"m":[]},{"i":3086229,"f":152927112,"t":"И в рб","d":546864667,"a":[],"m":[]},{"i":3086228,"f":152927112,"t":"Это отсюда","d":546864665,"a":[],"m":[]},{"i":3086227,"f":152927112,"t":"Я отправляю через филиал СДЭК г. Челябинск ул. Героя России Евгения Родионова д.6","d":546864661,"a":[],"m":[]},{"i":3086226,"f":15267753,"t":"Давай","d":546864644,"a":[],"m":[]},{"i":3086225,"f":15267753,"t":"Прив","d":546864642,"a":[],"m":[]},{"i":3086222,"f":152927112,"t":"Сможем сдек?","d":546864522,"a":[],"m":[]},{"i":3086221,"f":152927112,"t":"Илья , привет","d":546864518,"a":[],"m":[]},{"i":2957277,"f":152927112,"t":"Ок\nКак чел ответит - напишу","d":537296604,"a":[],"m":[]},{"i":2957274,"f":15267753,"t":"400","d":537296577,"a":[],"m":[]},{"i":2957270,"f":152927112,"t":"Лонг \nЛегкий и маленький","d":537296330,"a":[],"m":[]},{"i":2957267,"f":15267753,"t":"Габарит?","d":537296289,"a":[],"m":[]},{"i":2957263,"f":152927112,"t":"До сюда","d":537296164,"a":[],"m":[]},{"i":2957262,"f":152927112,"t":"Сдек мне удобен г. Москва ул профсоюзная д102","d":537296161,"a":[],"m":[]},{"i":2957261,"f":152927112,"t":"Скока будет стоить с Кобрина","d":537296160,"a":[],"m":[]},{"i":2957260,"f":15267753,"t":"Прив давай","d":537296142,"a":[],"m":[]},{"i":2957259,"f":152927112,"t":"Привет","d":537296133,"a":[],"m":[]},{"i":2957258,"f":152927112,"t":"Оформим ?","d":537296131,"a":[],"m":[]},{"i":2944306,"f":15267753,"t":"оке","d":536362217,"a":[],"m":[]},{"i":2943249,"f":152927112,"t":"","d":536328167,"a":[],"m":[{"f":536325559,"t":"","d":536301658,"a":[{"t":0,"s":{"m":"https://sun9-13.userapi.com/impg/AUd_6VRk2AItJfY9zo6xr3q0RwPT-7Z1EaAoLg/rhMO19mEtys.jpg?size=510x900&quality=95&crop=0,0,720,1271&sign=5f93f2ac42cc430e5c111bc376e9863a&c_uniq_tag=XgkPVJ3mPc2_I3OSj5-74tbjxNM7h7S3YmrTA8o3HRQ&type=album","s":"https://sun9-13.userapi.com/impg/AUd_6VRk2AItJfY9zo6xr3q0RwPT-7Z1EaAoLg/rhMO19mEtys.jpg?size=200x411&quality=95&sign=2844e14764b81f32ff6daa4b5c4142c7&c_uniq_tag=U3Tmu50CzFlenqUCW4KO3nopP9IkP6pmVJCPsc-QVjE&type=album","n":"https://sun9-13.userapi.com/impg/AUd_6VRk2AItJfY9zo6xr3q0RwPT-7Z1EaAoLg/rhMO19mEtys.jpg?size=720x1480&quality=95&sign=196bb647af51ee2d764aed7c566f213a&c_uniq_tag=jzN-Ojgvullboan2rMQHYJ0DGxPcb7bg2PrJiFLi5QE&type=album","o":"https://sun9-13.userapi.com/impg/AUd_6VRk2AItJfY9zo6xr3q0RwPT-7Z1EaAoLg/rhMO19mEtys.jpg?size=525x1080&quality=95&sign=6b8b1d44168db5cdb09f8ae361502a3c&c_uniq_tag=1MKZnvn6-mKh2N4wmoNmcMMXFy9075qIJoIOL97l59g&type=album","t":"https://sun9-13.userapi.com/impg/AUd_6VRk2AItJfY9zo6xr3q0RwPT-7Z1EaAoLg/rhMO19mEtys.jpg?size=294x604&quality=95&sign=35fabdb3cab47f7fb47fdd37c93db064&c_uniq_tag=5jmRZRW_sKF8EmW8w45ZZu0gULehRE4KhI_VNhoxYtU&type=album"},"z":"","q":0,"w":0,"o":536325559,"i":457339641,"d":536301658}]}]},{"i":2942869,"f":152927112,"t":"Щас уточню","d":536289437,"a":[],"m":[]},{"i":2942868,"f":152927112,"t":"Я писал челу чтобы оплатил","d":536289435,"a":[],"m":[]},{"i":2942867,"f":15267753,"t":"Я мог не увидеть уточни плз","d":536289419,"a":[],"m":[]},{"i":2942863,"f":152927112,"t":"Чел","d":536287393,"a":[],"m":[]},{"i":2942862,"f":152927112,"t":"Не скидывал разве?","d":536287344,"a":[],"m":[]},{"i":2942861,"f":15267753,"t":"Сюда 500₽ за сдек","d":536287337,"a":[],"m":[{"f":15267753,"t":"89059515168 сбер","d":535755266,"a":[]}]},{"i":2942855,"f":152927112,"t":"?","d":536287311,"a":[],"m":[]},{"i":2942852,"f":15267753,"t":"За нен на сбер мне","d":536287299,"a":[],"m":[{"f":15267753,"t":"89059515168 сбер","d":535755266,"a":[]}]},{"i":2942847,"f":152927112,"t":"","d":536286967,"a":[{"t":0,"s":{"m":"https://sun9-56.userapi.com/impg/b-OlUORq90T4I5FIzTYvNy6Lm-T1EwZMEl1Www/GqkNpbLxB4k.jpg?size=510x900&quality=95&crop=0,0,1125,1985&sign=2a9b13283975b72b4fababb81d8da0ee&c_uniq_tag=GCyXX5jcYL_Bto_gc6YbYbFIzy2DzE2I51oRHBi4_ow&type=album","s":"https://sun9-56.userapi.com/impg/b-OlUORq90T4I5FIzTYvNy6Lm-T1EwZMEl1Www/GqkNpbLxB4k.jpg?size=200x433&quality=95&sign=421baecd44eb7c6bcddc2dcca6cab681&c_uniq_tag=-Eg7SpwsiryuLWluosxeGlODQlbE5C4Dj-5TGlSMUzs&type=album","n":"https://sun9-56.userapi.com/impg/b-OlUORq90T4I5FIzTYvNy6Lm-T1EwZMEl1Www/GqkNpbLxB4k.jpg?size=998x2160&quality=95&sign=f9cb66fd3070829a829aa963583c0d47&c_uniq_tag=BwR5a2lQZe-tEfUB9KXxQxKfWsoYz4U7WJQDGntv7P8&type=album","o":"https://sun9-56.userapi.com/impg/b-OlUORq90T4I5FIzTYvNy6Lm-T1EwZMEl1Www/GqkNpbLxB4k.jpg?size=499x1080&quality=95&sign=ed7be78947b2d99039e7cfb888652f12&c_uniq_tag=eRE-_TfqhRAkMlcUV1wky2NtdrL_Uk8TmEl8O7NSETc&type=album","t":"https://sun9-56.userapi.com/impg/b-OlUORq90T4I5FIzTYvNy6Lm-T1EwZMEl1Www/GqkNpbLxB4k.jpg?size=279x604&quality=95&sign=c69d87734acda275b6886cd36ce59730&c_uniq_tag=Gis78RwoQNP6fJlIBGwy2uGFvYBztw3zoYo0WgY4IlY&type=album"},"z":"","q":0,"w":0,"o":152927112,"i":457259050,"d":536286967}],"m":[]},{"i":2942846,"f":152927112,"t":"На след день отправил","d":536286916,"a":[],"m":[]},{"i":2942845,"f":152927112,"t":"Она где-то в пути","d":536286912,"a":[],"m":[]},{"i":2942844,"f":15267753,"t":"Не помню уже(","d":536286893,"a":[],"m":[]},{"i":2942843,"f":15267753,"t":"Ета","d":536286887,"a":[],"m":[{"f":15267753,"t":"Номер заказа СДЭК 1398025492\n500","d":535755263,"a":[]}]},{"i":2942841,"f":152927112,"t":"Привет\nВсм","d":536286865,"a":[],"m":[]},{"i":2942840,"f":15267753,"t":"Привт ты сдек закидывал?","d":536286848,"a":[],"m":[]},{"i":2934986,"f":152927112,"t":"","d":535755425,"a":[{"t":4}],"m":[]},{"i":2934984,"f":15267753,"t":"сказать готовая накладаная","d":535755408,"a":[],"m":[]},{"i":2934983,"f":15267753,"t":"да","d":535755404,"a":[],"m":[]},{"i":2934978,"f":152927112,"t":"Это мне просто придти и продиктовать ?","d":535755284,"a":[],"m":[{"f":15267753,"t":"Номер заказа СДЭК 1398025492\n500","d":535755263,"a":[]}]},{"i":2934977,"f":15267753,"t":"89059515168 сбер","d":535755266,"a":[],"m":[]},{"i":2934976,"f":15267753,"t":"Номер заказа СДЭК 1398025492\n500","d":535755263,"a":[],"m":[{"f":152927112,"t":"","d":535751423,"a":[],"m":[{"f":536325559,"t":"Чекурин Аркадий Игоревич\n79582616451\nГород Тобольск ул. Семена Ремезова, 29","d":535751404,"a":[]}]}]},{"i":2934921,"f":152927112,"t":"","d":535751423,"a":[],"m":[{"f":536325559,"t":"Чекурин Аркадий Игоревич\n79582616451\nГород Тобольск ул. Семена Ремезова, 29","d":535751404,"a":[]}]},{"i":2934874,"f":152927112,"t":"Как скинет - я перекину","d":535749199,"a":[],"m":[]},{"i":2934871,"f":15267753,"t":"Фио тел пункт","d":535749012,"a":[],"m":[]},{"i":2934870,"f":152927112,"t":"Какие там нужны?","d":535749005,"a":[],"m":[]},{"i":2934869,"f":15267753,"t":"Данные","d":535748994,"a":[],"m":[]},{"i":2934868,"f":152927112,"t":"Карту","d":535748985,"a":[],"m":[]},{"i":2934867,"f":152927112,"t":"Сек","d":535748845,"a":[],"m":[]},{"i":2934866,"f":152927112,"t":"Мне","d":535748841,"a":[],"m":[]},{"i":2934865,"f":15267753,"t":"500р","d":535748818,"a":[],"m":[]},{"i":2934852,"f":152927112,"t":"Хуй знает какие там габариты","d":535748129,"a":[],"m":[]},{"i":2934847,"f":152927112,"t":"Обычная посылка \nКуртка","d":535747479,"a":[],"m":[]},{"i":2934811,"f":15267753,"t":"габарит","d":535745813,"a":[],"m":[]},{"i":2934804,"f":152927112,"t":"","d":535745746,"a":[],"m":[{"f":536325559,"t":"Г Тобольск","d":535727932,"a":[]}]},{"i":2934803,"f":152927112,"t":"С г. Кобрин ( Беларусь ) до","d":535745730,"a":[],"m":[]},{"i":2934802,"f":152927112,"t":"Скажешь сначала сколько выйдет","d":535745714,"a":[],"m":[]},{"i":2934514,"f":15267753,"t":"Прив да данные","d":535740964,"a":[],"m":[]},{"i":2934495,"f":152927112,"t":"Оформляешь сдек? Мне Саша дал тебя","d":535739515,"a":[],"m":[]},{"i":2934494,"f":152927112,"t":"","d":535739506,"a":[{"t":4}],"m":[]}]}