{"meta":{"v":"1.2","p":145069996,"a":15267753,"t":"Иван Лапенко","d":1691416095},"data":[{"i":2635331,"f":15267753,"t":"Ну оно не работает ниче не могу сделоть","d":516130248,"a":[],"m":[]},{"i":2635330,"f":145069996,"t":"Топит за почту \nЛибо щас накладную","d":516130229,"a":[],"m":[]},{"i":2635329,"f":145069996,"t":"Бля, срочно надо (\nИначе опять от продавца ждать три дня отправки","d":516130222,"a":[],"m":[]},{"i":2635324,"f":15267753,"t":"Пиши данные )","d":516129863,"a":[],"m":[]},{"i":2635323,"f":15267753,"t":"Сдек упал чуть позже попробую","d":516129860,"a":[],"m":[]},{"i":2635322,"f":15267753,"t":"Прив","d":516129852,"a":[],"m":[]},{"i":2635320,"f":145069996,"t":"Тут ?","d":516129840,"a":[],"m":[]},{"i":2635319,"f":145069996,"t":"Илья, привет","d":516129839,"a":[],"m":[]},{"i":2478772,"f":15267753,"t":"угу ну сбер как обычно","d":507424925,"a":[],"m":[{"f":15267753,"t":"89059515168 сбер","d":488635805,"a":[]}]},{"i":2478670,"f":145069996,"t":"Бля, забыл  из-за работы \nСори\nСейчас закину","d":507422641,"a":[],"m":[]},{"i":2478382,"f":15267753,"t":"а ты закинул за нее?","d":507415151,"a":[],"m":[]},{"i":2475274,"f":15267753,"t":"Накладная успешно создана с номером: 1319658325\n350","d":507308733,"a":[],"m":[]},{"i":2475244,"f":145069996,"t":"","d":507307685,"a":[],"m":[{"f":145069996,"t":"","d":496090845,"a":[],"m":[{"f":145069996,"t":"","d":494335450,"a":[],"m":[{"f":145069996,"t":"Лапенко Иван Сергеевич \nГород Омск ул. 24 Северная , 204\n89136294895","d":493485580,"a":[]}]}]}]},{"i":2475241,"f":145069996,"t":"Шорты","d":507307671,"a":[],"m":[]},{"i":2475239,"f":145069996,"t":"С Самары в Омск","d":507307668,"a":[],"m":[]},{"i":2475186,"f":15267753,"t":"конечно","d":507306466,"a":[],"m":[]},{"i":2475185,"f":15267753,"t":"привет","d":507306462,"a":[],"m":[]},{"i":2475181,"f":145069996,"t":"Сделаем ?","d":507306278,"a":[],"m":[]},{"i":2475179,"f":145069996,"t":"Илья , привет","d":507306276,"a":[],"m":[]},{"i":2374335,"f":15267753,"t":"+++","d":500661944,"a":[],"m":[]},{"i":2374334,"f":145069996,"t":"","d":500661933,"a":[{"t":0,"s":{"m":"https://sun9-68.userapi.com/impg/jZEOIqfy7ZAtn8qOROGsdUDAB6hQQXcDmTbrcg/Og120LNof-c.jpg?size=510x900&quality=95&crop=0,0,750,1324&sign=78a512d8f82fbd44406914a14a9027a4&c_uniq_tag=XlJxzi5-H8rT-nzBHHqJcPo6QxBPp4iFSIpJk_tZxCw&type=album","s":"https://sun9-68.userapi.com/impg/jZEOIqfy7ZAtn8qOROGsdUDAB6hQQXcDmTbrcg/Og120LNof-c.jpg?size=200x433&quality=95&sign=7d9afca52dc41616478db530a30cb20c&c_uniq_tag=kt4tJo7Dfp7m8kNF044FfaFzxyf5HYm7kgfH07_nmzE&type=album","n":"https://sun9-68.userapi.com/impg/jZEOIqfy7ZAtn8qOROGsdUDAB6hQQXcDmTbrcg/Og120LNof-c.jpg?size=750x1624&quality=95&sign=0a13a96fa802563ac40df8acce8a2355&c_uniq_tag=exdfqwl9JtPqCc7iVBb_hXlraULieF8Ftdk8mm89g-w&type=album","o":"https://sun9-68.userapi.com/impg/jZEOIqfy7ZAtn8qOROGsdUDAB6hQQXcDmTbrcg/Og120LNof-c.jpg?size=499x1080&quality=95&sign=cb5e0c30dde7ff1ebd7109edc5802863&c_uniq_tag=rVAnnmMMIviyg4fpEW2DKm2hXz18qpFI_sbCLeJkxzU&type=album","t":"https://sun9-68.userapi.com/impg/jZEOIqfy7ZAtn8qOROGsdUDAB6hQQXcDmTbrcg/Og120LNof-c.jpg?size=279x604&quality=95&sign=5b88b777a96d32d4d10d2eac394c386b&c_uniq_tag=K7GxeQP4PKec6wfBKEXYMhMrNO00WDmZfE2W9DWsgf4&type=album"},"z":"","q":0,"w":0,"o":145069996,"i":457260896,"d":500661933}],"m":[]},{"i":2374313,"f":145069996,"t":"Сейчас значит я оплачу","d":500661633,"a":[],"m":[]},{"i":2374296,"f":15267753,"t":"что то не вижу","d":500660737,"a":[],"m":[]},{"i":2374295,"f":15267753,"t":"хм","d":500660734,"a":[],"m":[]},{"i":2374289,"f":145069996,"t":"Там получатель должен был закинуть тебе","d":500660543,"a":[],"m":[]},{"i":2374287,"f":145069996,"t":"Пришли ?","d":500660532,"a":[],"m":[]},{"i":2374198,"f":15267753,"t":"Накладная успешно создана с номером: 1298985859\n470","d":500657809,"a":[],"m":[]},{"i":2374189,"f":15267753,"t":"привет","d":500657711,"a":[],"m":[]},{"i":2374175,"f":145069996,"t":"Одна пара","d":500657111,"a":[],"m":[]},{"i":2374173,"f":145069996,"t":"Лапина Валерия Игоревна \n89136226339 \nСдэк, город Выборг Ленинградское шоссе, 47","d":500657082,"a":[],"m":[]},{"i":2374172,"f":145069996,"t":"С Омска в Выборг","d":500657076,"a":[],"m":[]},{"i":2374171,"f":145069996,"t":"Илья, здорова","d":500657045,"a":[],"m":[]},{"i":2356678,"f":145069996,"t":"Скинул","d":499362203,"a":[],"m":[]},{"i":2356677,"f":15267753,"t":"+++","d":499362178,"a":[],"m":[]},{"i":2356669,"f":145069996,"t":"Сбер же ?","d":499361756,"a":[],"m":[]},{"i":2356655,"f":15267753,"t":"Накладная успешно создана с номером: 1294220923\n400","d":499360967,"a":[],"m":[]},{"i":2356654,"f":15267753,"t":"привет","d":499360908,"a":[],"m":[]},{"i":2356653,"f":145069996,"t":"","d":499360875,"a":[],"m":[{"f":7751720,"t":"MSK495\nРейнгардт-Никулин Николай Петрович \n+79653800164","d":499359997,"a":[]},{"f":7751720,"t":"Это сдэк","d":499360007,"a":[]}]},{"i":2356652,"f":145069996,"t":"С Омска в мск","d":499360861,"a":[],"m":[]},{"i":2356651,"f":145069996,"t":"Илья, салют","d":499360855,"a":[],"m":[]},{"i":2314822,"f":145069996,"t":"Хмм","d":496677860,"a":[],"m":[]},{"i":2314739,"f":15267753,"t":"Там бокс еще добавили за 50","d":496676881,"a":[],"m":[]},{"i":2314734,"f":15267753,"t":"Да все оплачено)","d":496676837,"a":[],"m":[]},{"i":2314718,"f":145069996,"t":"","d":496676723,"a":[{"t":3,"o":145069996,"i":620560565,"n":"audio_msg.opus","e":"ogg","s":55423,"url":"https://vk.com/doc145069996_620560565?hash=59SipPKZ1sZiEVScdh4MoXQ5zZSukyZyd7UMP5ho9PD&dl=d9NNI7GqvXbam0Wjhb2wvORZBFo45jHVneXUMZFr4dD&api=1&no_preview=1"}],"m":[]},{"i":2313066,"f":145069996,"t":"Скинул","d":496585172,"a":[],"m":[]},{"i":2313065,"f":15267753,"t":"+","d":496585171,"a":[],"m":[]},{"i":2313057,"f":15267753,"t":"350","d":496585011,"a":[],"m":[]},{"i":2313056,"f":15267753,"t":"Накладная успешно создана с номером: 1285443727","d":496585009,"a":[],"m":[]},{"i":2313054,"f":145069996,"t":"Сорян \nЗабыл","d":496584924,"a":[],"m":[]},{"i":2313053,"f":145069996,"t":"Да","d":496584918,"a":[],"m":[]},{"i":2312825,"f":15267753,"t":"Сюда?","d":496577566,"a":[],"m":[{"f":145069996,"t":"","d":496090845,"a":[],"m":[{"f":145069996,"t":"","d":494335450,"a":[],"m":[{"f":145069996,"t":"Лапенко Иван Сергеевич \nГород Омск ул. 24 Северная , 204\n89136294895","d":493485580,"a":[]}]}]}]},{"i":2312781,"f":145069996,"t":"Там сумка мягкая \nСомнётся в небольшой пакет","d":496576606,"a":[],"m":[]},{"i":2312780,"f":145069996,"t":"Из Коврова в Омск","d":496576587,"a":[],"m":[]},{"i":2312753,"f":15267753,"t":"Да","d":496574404,"a":[],"m":[]},{"i":2312752,"f":145069996,"t":"Сделаем ?","d":496574064,"a":[],"m":[]},{"i":2312741,"f":15267753,"t":"Привет","d":496573065,"a":[],"m":[]},{"i":2312732,"f":145069996,"t":"Привет","d":496571747,"a":[],"m":[]},{"i":2305949,"f":145069996,"t":"Спасибо 😉","d":496101799,"a":[],"m":[]},{"i":2305948,"f":15267753,"t":"+++","d":496101789,"a":[],"m":[]},{"i":2305947,"f":145069996,"t":"","d":496101785,"a":[{"t":0,"s":{"m":"https://sun9-7.userapi.com/impg/KsK-kE_itIZPxhqKO6EdIyy1qdOJj8yHk-f7aQ/YqWvEUYu_qM.jpg?size=607x1080&quality=96&sign=80bc93f280cae52c3ca37aa80a54d5ae&c_uniq_tag=R1vUiMy-jgcwhvr1S9jIUTEu6leLwqb2TYW3NAqnmpg&type=album","s":"https://sun9-7.userapi.com/impg/KsK-kE_itIZPxhqKO6EdIyy1qdOJj8yHk-f7aQ/YqWvEUYu_qM.jpg?size=340x604&quality=96&sign=61c9ad7b92de46144fed9c0950c9f709&c_uniq_tag=eWoSlp00PAOGM-EbThoP3TF2Xn9ARCyVjzY4Qh78l3Q&type=album","n":"https://sun9-7.userapi.com/impg/KsK-kE_itIZPxhqKO6EdIyy1qdOJj8yHk-f7aQ/YqWvEUYu_qM.jpg?size=42x75&quality=96&sign=7fc3c05984c134db5c388035c6187eed&c_uniq_tag=hixTk5HiRI2aBtVAkg3q1v4vdCWE2o8oyPzZVnG6eL0&type=album","o":"https://sun9-7.userapi.com/impg/KsK-kE_itIZPxhqKO6EdIyy1qdOJj8yHk-f7aQ/YqWvEUYu_qM.jpg?size=510x900&quality=96&crop=0,0,750,1324&sign=7db68c7ab34c7aa4934a28c5336a147a&c_uniq_tag=SDsmCIRUvbpaL1BH_VpTWDFQCtmcWEWQlsEZS2WXmHg&type=album","t":"https://sun9-7.userapi.com/impg/KsK-kE_itIZPxhqKO6EdIyy1qdOJj8yHk-f7aQ/YqWvEUYu_qM.jpg?size=200x356&quality=96&sign=4dedf33e6c69b8f29f58f0fd07a48a6c&c_uniq_tag=Bxkeofd3RRfAKu2n7Nlab-8Ramju2yMOSqqHcAD3KLs&type=album"},"z":"","q":0,"w":0,"o":145069996,"i":457260821,"d":496101784}],"m":[]},{"i":2305617,"f":145069996,"t":"Отлично, спасибо большое","d":496091685,"a":[],"m":[]},{"i":2305616,"f":15267753,"t":"да, конечно","d":496091678,"a":[],"m":[]},{"i":2305615,"f":145069996,"t":"Илья, могу тебе через часа два/ три скинуть ?","d":496091663,"a":[],"m":[]},{"i":2305569,"f":15267753,"t":"350","d":496091036,"a":[],"m":[]},{"i":2305567,"f":15267753,"t":"Накладная успешно создана с номером: 1284143004","d":496091035,"a":[],"m":[]},{"i":2305538,"f":145069996,"t":"","d":496090845,"a":[],"m":[{"f":145069996,"t":"","d":494335450,"a":[],"m":[{"f":145069996,"t":"Лапенко Иван Сергеевич \nГород Омск ул. 24 Северная , 204\n89136294895","d":493485580,"a":[]}]}]},{"i":2305535,"f":145069996,"t":"Одна пара","d":496090836,"a":[],"m":[]},{"i":2305534,"f":145069996,"t":"С Питера до Омска","d":496090834,"a":[],"m":[]},{"i":2305528,"f":15267753,"t":"Давпй","d":496090785,"a":[],"m":[]},{"i":2305526,"f":15267753,"t":"Поивет","d":496090783,"a":[],"m":[]},{"i":2305521,"f":145069996,"t":"Сделаем накладную ?","d":496090748,"a":[],"m":[]},{"i":2305520,"f":145069996,"t":"Привет","d":496090740,"a":[],"m":[]},{"i":2276233,"f":145069996,"t":"Добро","d":494346843,"a":[],"m":[]},{"i":2276232,"f":15267753,"t":"+++","d":494346827,"a":[],"m":[]},{"i":2276231,"f":15267753,"t":"да запиши, он врядли изменится )","d":494346826,"a":[],"m":[]},{"i":2276230,"f":145069996,"t":"Скинул","d":494346823,"a":[],"m":[]},{"i":2276227,"f":145069996,"t":"Заебывает каждый раз искать)","d":494346755,"a":[],"m":[]},{"i":2276226,"f":145069996,"t":".","d":494346746,"a":[],"m":[{"f":15267753,"t":"89059515168 сбер","d":488635805,"a":[]}]},{"i":2276224,"f":145069996,"t":"Да все норм)","d":494346722,"a":[],"m":[]},{"i":2276206,"f":15267753,"t":"300","d":494346479,"a":[],"m":[]},{"i":2276205,"f":15267753,"t":"Накладная успешно создана с номером: 1279488874","d":494346478,"a":[],"m":[]},{"i":2276202,"f":15267753,"t":"блин я чет забыл, сорре) ща сдел","d":494346422,"a":[],"m":[]},{"i":2275796,"f":15267753,"t":"Сейчас","d":494335501,"a":[],"m":[]},{"i":2275795,"f":15267753,"t":"Привет","d":494335498,"a":[],"m":[]},{"i":2275794,"f":145069996,"t":"","d":494335450,"a":[],"m":[{"f":145069996,"t":"Лапенко Иван Сергеевич \nГород Омск ул. 24 Северная , 204\n89136294895","d":493485580,"a":[]}]},{"i":2275793,"f":145069996,"t":"Трек сделаем ?\nИз Москвы \nДве шапочки","d":494335443,"a":[],"m":[]},{"i":2275792,"f":145069996,"t":"Бро, салют","d":494335432,"a":[],"m":[]},{"i":2261924,"f":15267753,"t":"+","d":493486610,"a":[],"m":[]},{"i":2261922,"f":145069996,"t":"Скинул","d":493486595,"a":[],"m":[]},{"i":2261906,"f":15267753,"t":"350","d":493485668,"a":[],"m":[]},{"i":2261905,"f":15267753,"t":"Накладная успешно создана с номером: 1277040493","d":493485666,"a":[],"m":[]},{"i":2261900,"f":145069996,"t":"Двое штанишек","d":493485584,"a":[],"m":[]},{"i":2261899,"f":145069996,"t":"Лапенко Иван Сергеевич \nГород Омск ул. 24 Северная , 204\n89136294895","d":493485580,"a":[],"m":[]},{"i":2261898,"f":15267753,"t":"Привет","d":493485569,"a":[],"m":[]},{"i":2261897,"f":145069996,"t":"Из спб в Омск","d":493485567,"a":[],"m":[]},{"i":2261895,"f":145069996,"t":"Делаем накладную ?","d":493485560,"a":[],"m":[]},{"i":2261894,"f":145069996,"t":"Илья, привет","d":493485556,"a":[],"m":[]},{"i":2251861,"f":145069996,"t":"Благодарю тебя 🤝","d":492892859,"a":[],"m":[]},{"i":2251860,"f":145069996,"t":"Отлично","d":492892851,"a":[],"m":[]},{"i":2251857,"f":15267753,"t":"+++","d":492892713,"a":[],"m":[{"f":145069996,"t":"Упали ?","d":492892643,"a":[]}]},{"i":2251856,"f":15267753,"t":"Хз, пришли скрин, нет сбера под рукой","d":492892694,"a":[],"m":[]},{"i":2251855,"f":145069996,"t":"Упали ?","d":492892643,"a":[],"m":[]},{"i":2251789,"f":145069996,"t":"Сейчас денежку скину","d":492889687,"a":[],"m":[]},{"i":2251788,"f":145069996,"t":"Шипнул","d":492889682,"a":[],"m":[]},{"i":2251777,"f":145069996,"t":"Значит везло все время","d":492889272,"a":[],"m":[]},{"i":2251773,"f":15267753,"t":"Вообще даже должны)","d":492889226,"a":[],"m":[]},{"i":2251772,"f":15267753,"t":"Могут","d":492889222,"a":[],"m":[]},{"i":2251767,"f":145069996,"t":"Всегда без вопросов","d":492889143,"a":[],"m":[]},{"i":2251766,"f":145069996,"t":"У меня никогда такого не было просто","d":492889139,"a":[],"m":[]},{"i":2251765,"f":145069996,"t":"Они могут сказать давай показывай что там ?","d":492889133,"a":[],"m":[]},{"i":2251764,"f":15267753,"t":"Да, отправляй)","d":492889113,"a":[],"m":[]},{"i":2251762,"f":15267753,"t":"Надо правую","d":492889096,"a":[],"m":[]},{"i":2251761,"f":145069996,"t":"Ну что , все четко , иду отправляю ?","d":492889094,"a":[],"m":[]},{"i":2251760,"f":15267753,"t":"😃","d":492889090,"a":[],"m":[]},{"i":2251759,"f":145069996,"t":"Наглядно руку приложил","d":492889086,"a":[],"m":[]},{"i":2251757,"f":145069996,"t":"Из-под восточного букета 🤣","d":492889056,"a":[],"m":[]},{"i":2251756,"f":145069996,"t":"","d":492889052,"a":[{"t":0,"s":{"m":"https://sun9-30.userapi.com/impg/GhcNnblufTMNiTLvZtSfMAukimxd49mWTcQeDg/pDmzZafIOao.jpg?size=810x1080&quality=96&sign=99e23fc8b8bf8be8eb68240d11616ec2&c_uniq_tag=2p1kc-1TdmhA9eUF329vB1tRYLYd9-l_yUfuYA9S0qk&type=album","s":"https://sun9-30.userapi.com/impg/GhcNnblufTMNiTLvZtSfMAukimxd49mWTcQeDg/pDmzZafIOao.jpg?size=453x604&quality=96&sign=f64d38b38f07afb25c69efa8844de1de&c_uniq_tag=6DfakaR7feN0MiRwcY3g-6roRxR6vnpxvQraIRRTOu8&type=album","n":"https://sun9-30.userapi.com/impg/GhcNnblufTMNiTLvZtSfMAukimxd49mWTcQeDg/pDmzZafIOao.jpg?size=56x75&quality=96&sign=e6c729a4b8657f959c94e2beaaa857f5&c_uniq_tag=IaUPSZRIaRVpCwzzm9Js2DckjwaPk6_e-Ra99CULmBE&type=album","o":"https://sun9-30.userapi.com/impg/GhcNnblufTMNiTLvZtSfMAukimxd49mWTcQeDg/pDmzZafIOao.jpg?size=510x680&quality=96&sign=3696cd6e41ff6befe9e0f6919e3872b6&c_uniq_tag=giOLLNQ44EgJqpIIGCyZI41MrzLO53gRA7kbW_2de0w&type=album","t":"https://sun9-30.userapi.com/impg/GhcNnblufTMNiTLvZtSfMAukimxd49mWTcQeDg/pDmzZafIOao.jpg?size=200x267&quality=96&sign=6b40534aad36cdef27867a12d37d0bc3&c_uniq_tag=2qzwM_ucewNsG93xGrk7QPcOmLcmh7um5IU2FsO1moc&type=album"},"z":"","q":0,"w":0,"o":145069996,"i":457260646,"d":492889051}],"m":[]},{"i":2251755,"f":145069996,"t":"Неее","d":492889032,"a":[],"m":[]},{"i":2251753,"f":15267753,"t":"Короб из под кросс взял чтоль))","d":492889014,"a":[],"m":[]},{"i":2251752,"f":15267753,"t":"Накладная с номером 1275468206 успешно изменена. \n\n450","d":492888995,"a":[],"m":[]},{"i":2251750,"f":145069996,"t":"Высота чуть больше , но уже и в объёме меньше \nЕсли это имеет значение","d":492888972,"a":[],"m":[]},{"i":2251746,"f":145069996,"t":"Да , плюс минус","d":492888922,"a":[],"m":[]},{"i":2251740,"f":15267753,"t":"Габариты /2?","d":492888885,"a":[],"m":[{"f":145069996,"t":"Коробка меньше раза в два подучилась","d":492888591,"a":[]}]},{"i":2251727,"f":145069996,"t":"С евпатории в Омск","d":492888626,"a":[],"m":[]},{"i":2251726,"f":145069996,"t":".","d":492888613,"a":[],"m":[{"f":145069996,"t":"Лапенко Иван Сергеевич \nГород Омск ул. 24 Северная , 204\n89136294895","d":492884634,"a":[]}]},{"i":2251725,"f":15267753,"t":"Давай ещё раз всё)","d":492888605,"a":[],"m":[]},{"i":2251724,"f":145069996,"t":"Получатель тот же","d":492888601,"a":[],"m":[]},{"i":2251723,"f":145069996,"t":"Вес 10 кг","d":492888594,"a":[],"m":[]},{"i":2251722,"f":145069996,"t":"Коробка меньше раза в два подучилась","d":492888591,"a":[],"m":[]},{"i":2251721,"f":145069996,"t":"Делаем накладную )","d":492888583,"a":[],"m":[]},{"i":2251720,"f":145069996,"t":"Короб найден","d":492888578,"a":[],"m":[]},{"i":2251708,"f":15267753,"t":")","d":492888171,"a":[],"m":[]},{"i":2251707,"f":15267753,"t":"Франшиз наоткрывали","d":492888164,"a":[],"m":[]},{"i":2251706,"f":145069996,"t":"","d":492888162,"a":[{"t":3,"o":145069996,"i":615623317,"n":"audio_msg.opus","e":"ogg","s":12362,"url":"https://vk.com/doc145069996_615623317?hash=IzD3NhCGtQfZejzTCCpzCr3Y9cAWic0XFdtbGFxUguH&dl=b1GdTjDNcuHJsNvsAQZrgElwUycnzGJpxylmVJnkXKH&api=1&no_preview=1"}],"m":[]},{"i":2251704,"f":15267753,"t":"Ну проще в другой зайти","d":492888154,"a":[],"m":[]},{"i":2251703,"f":145069996,"t":"Согласен","d":492888153,"a":[],"m":[]},{"i":2251701,"f":145069996,"t":"Сказали не продают","d":492888151,"a":[],"m":[]},{"i":2251700,"f":15267753,"t":"Ебнутый сдек","d":492888148,"a":[],"m":[]},{"i":2251699,"f":145069996,"t":"Меня послали и все )","d":492888137,"a":[],"m":[]},{"i":2251698,"f":145069996,"t":"Нихуя","d":492888130,"a":[],"m":[]},{"i":2251697,"f":15267753,"t":"У них есть коробки которые дают при отправки и коробки которые можно купить и самому упаковать","d":492888106,"a":[],"m":[]},{"i":2251693,"f":145069996,"t":"Сказали при отправке выдают","d":492888016,"a":[],"m":[]},{"i":2251692,"f":145069996,"t":"Мне короб тут не продали","d":492888008,"a":[],"m":[]},{"i":2251672,"f":15267753,"t":"Ок","d":492886649,"a":[],"m":[]},{"i":2251671,"f":145069996,"t":"Окей , я пошёл в сдек \nЧерез минут 10 напишу","d":492886644,"a":[],"m":[]},{"i":2251670,"f":15267753,"t":"Да","d":492886632,"a":[],"m":[]},{"i":2251669,"f":145069996,"t":"По килограммам точно, 10","d":492886630,"a":[],"m":[]},{"i":2251668,"f":145069996,"t":"Мне осталось тебе размеры коробки сказать ?","d":492886623,"a":[],"m":[]},{"i":2251667,"f":15267753,"t":"Скажешшь посчитаю сделаем","d":492886575,"a":[],"m":[]},{"i":2251664,"f":145069996,"t":"10 кг будет","d":492886492,"a":[],"m":[]},{"i":2251663,"f":15267753,"t":"Но 12 кг будет я думаю дорого(","d":492886440,"a":[],"m":[]},{"i":2251662,"f":15267753,"t":"Скажешь тогда габариты и вес как упакуешь","d":492886433,"a":[],"m":[]},{"i":2251660,"f":15267753,"t":"Ну разобраный правда но так тоже нельзя","d":492886416,"a":[],"m":[]},{"i":2251659,"f":145069996,"t":"Пофигу , давай делаем","d":492886412,"a":[],"m":[]},{"i":2251658,"f":15267753,"t":"Чувак травмат шипал…","d":492886403,"a":[],"m":[]},{"i":2251657,"f":15267753,"t":"Хз у меня никогда ниче не палили пока","d":492886389,"a":[],"m":[]},{"i":2251655,"f":15267753,"t":"Ну вернуть как вариант тоьько)","d":492886380,"a":[],"m":[]},{"i":2251653,"f":145069996,"t":"Приняли - отпраааялйте )","d":492886368,"a":[],"m":[]},{"i":2251652,"f":145069996,"t":"Ну они же не могут это выкинуть и все","d":492886361,"a":[],"m":[]},{"i":2251648,"f":15267753,"t":"Послезавтра узнаю доедет или нет))","d":492886282,"a":[],"m":[]},{"i":2251646,"f":15267753,"t":"Вроде поехала","d":492886274,"a":[],"m":[]},{"i":2251645,"f":15267753,"t":"Говорю вот икру отправлял","d":492886272,"a":[],"m":[]},{"i":2251643,"f":15267753,"t":"Ну там риск будет","d":492886268,"a":[],"m":[]},{"i":2251642,"f":145069996,"t":"Сканеры ты говоришь , тогда как не упаковывай все равно увидят","d":492886245,"a":[],"m":[]},{"i":2251641,"f":15267753,"t":"Сканеры стоят на пунктах","d":492886212,"a":[],"m":[{"f":145069996,"t":"На розлив не катит \nКак-то странно \nНи же не вскрывают мою посылку","d":492886190,"a":[]}]},{"i":2251640,"f":15267753,"t":"Тогда если упаковать хорошо что бы не палевно было то можно так попробовать","d":492886206,"a":[],"m":[]},{"i":2251639,"f":145069996,"t":"На розлив не катит \nКак-то странно \nНи же не вскрывают мою посылку","d":492886190,"a":[],"m":[]},{"i":2251638,"f":145069996,"t":"Я позвонил говорят можно , но акцизную алкашку","d":492886173,"a":[],"m":[]},{"i":2251634,"f":15267753,"t":"Накладная успешно создана с номером: 1275453590\n1000","d":492885894,"a":[],"m":[{"f":145069996,"t":"Отправка с евпатории 50*30*25 примерно 5 кг","d":492884604,"a":[]}]},{"i":2251630,"f":15267753,"t":"Или там чат есть на сайте","d":492885796,"a":[],"m":[]},{"i":2251629,"f":15267753,"t":"Попробуй позвонит им?","d":492885790,"a":[],"m":[]},{"i":2251628,"f":145069996,"t":"Ну это же не скоропортящеся","d":492885789,"a":[],"m":[]},{"i":2251627,"f":15267753,"t":"Еду нельзя сдеком","d":492885778,"a":[],"m":[]},{"i":2251626,"f":145069996,"t":"Весь интернет перелазил, ничего такого нет","d":492885778,"a":[],"m":[]},{"i":2251624,"f":145069996,"t":"А почему нельзя ?","d":492885766,"a":[],"m":[]},{"i":2251623,"f":145069996,"t":"Хмм","d":492885583,"a":[],"m":[]},{"i":2251622,"f":15267753,"t":"Я икру отправлял вообще","d":492885580,"a":[],"m":[]},{"i":2251621,"f":15267753,"t":"Ну на твой страз можно попробовать)","d":492885572,"a":[],"m":[]},{"i":2251620,"f":15267753,"t":"Там дальше рамки могут быть и сканеры","d":492885564,"a":[],"m":[]},{"i":2251592,"f":145069996,"t":"Обычно так","d":492884905,"a":[],"m":[]},{"i":2251591,"f":145069996,"t":"Так я приношу запечатанную коробку , они ее даже не проверяют","d":492884902,"a":[],"m":[]},{"i":2251588,"f":15267753,"t":"Щас сяду где нибудь первую сделаю тебе","d":492884873,"a":[],"m":[]},{"i":2251587,"f":15267753,"t":"Я просто на поезд тороплюсь немного","d":492884867,"a":[],"m":[]},{"i":2251586,"f":15267753,"t":"Можешь сам уточнить?","d":492884861,"a":[],"m":[]},{"i":2251585,"f":15267753,"t":"А вино вроде нельзя отпралять","d":492884837,"a":[],"m":[]},{"i":2251584,"f":15267753,"t":"Ща 10 мин","d":492884830,"a":[],"m":[]},{"i":2251580,"f":145069996,"t":"Поменьше думаю будет размерами","d":492884742,"a":[],"m":[]},{"i":2251579,"f":145069996,"t":"Размеры сказать сложно \nТам 12 литров вина будет","d":492884735,"a":[],"m":[]},{"i":2251578,"f":145069996,"t":"И ещё одна будет с евпатории , тому же отправителю-мне \nНо коробку буду покупать там , в сдеке","d":492884712,"a":[],"m":[]},{"i":2251575,"f":145069996,"t":"Лапенко Иван Сергеевич \nГород Омск ул. 24 Северная , 204\n89136294895","d":492884634,"a":[],"m":[]},{"i":2251574,"f":145069996,"t":"Получатель тот же","d":492884631,"a":[],"m":[]},{"i":2251573,"f":145069996,"t":"Отправка с евпатории 50*30*25 примерно 5 кг","d":492884604,"a":[],"m":[]},{"i":2251568,"f":145069996,"t":"Илья , можем ещё две сделать ?","d":492884534,"a":[],"m":[]},{"i":2251467,"f":15267753,"t":"+","d":492881599,"a":[],"m":[]},{"i":2251459,"f":145069996,"t":"Скинул","d":492881416,"a":[],"m":[]},{"i":2251172,"f":15267753,"t":"Da","d":492874659,"a":[],"m":[]},{"i":2251169,"f":145069996,"t":"Илья , реквизиты те же ?","d":492874645,"a":[],"m":[]},{"i":2250763,"f":15267753,"t":"Накладная успешно создана с номером: 1275302776\n\n300","d":492862596,"a":[],"m":[]},{"i":2250758,"f":145069996,"t":"Лапенко Иван Сергеевич \nГород Омск ул. 24 Северная , 204\n89136294895","d":492862305,"a":[],"m":[]},{"i":2250755,"f":15267753,"t":"Данные нужны","d":492862126,"a":[],"m":[]},{"i":2250752,"f":15267753,"t":"Привет. Да","d":492862013,"a":[],"m":[]},{"i":2250750,"f":145069996,"t":"Можно накладную сделать ? \nС Москвы в Омск \nОдна пара","d":492861993,"a":[],"m":[]},{"i":2250747,"f":145069996,"t":"Илья, привет","d":492861962,"a":[],"m":[]},{"i":2229703,"f":15267753,"t":"+++","d":491590016,"a":[],"m":[]},{"i":2229692,"f":145069996,"t":"Скинул , спасибо большое","d":491589617,"a":[],"m":[]},{"i":2229686,"f":145069996,"t":"Щас будет","d":491589418,"a":[],"m":[]},{"i":2229667,"f":15267753,"t":"да","d":491588758,"a":[],"m":[]},{"i":2229666,"f":145069996,"t":"Сюда же ?","d":491588689,"a":[],"m":[]},{"i":2229665,"f":145069996,"t":".","d":491588685,"a":[],"m":[{"f":15267753,"t":"89059515168 сбер","d":488635805,"a":[]}]},{"i":2229637,"f":15267753,"t":"Накладная успешно создана с номером: 1272031075\n1030","d":491587082,"a":[],"m":[]},{"i":2229634,"f":145069996,"t":"Лапенко Иван Сергеевич \nОтправка с Омска ул. 24 Северная , 204 \nДо Евпатории, адрес сдек Крупской, 60А\nПОЛУЧАТЕЛЬ тоже Я\n\n89136294895","d":491586913,"a":[],"m":[]},{"i":2229633,"f":15267753,"t":"Ну и получателя данные тогда","d":491586836,"a":[],"m":[]},{"i":2229632,"f":145069996,"t":"","d":491586833,"a":[{"t":0,"s":{"m":"https://sun9-16.userapi.com/impg/1D9g1YmbVbV1w6JUofbos0B0hX04cTkjM1AUXw/TsmBr7uMMUA.jpg?size=810x1080&quality=96&sign=0cd2e72d89a66f6fe95010475a35a327&c_uniq_tag=vs6dAPvvWbSlPFBWNDaa2hG15-dl5WQIS-BjjOVzO9c&type=album","s":"https://sun9-16.userapi.com/impg/1D9g1YmbVbV1w6JUofbos0B0hX04cTkjM1AUXw/TsmBr7uMMUA.jpg?size=453x604&quality=96&sign=4ef83497e3227e97ee7f90935dba2814&c_uniq_tag=SrDD8atQjEmBSJHzAhqHVYkKovjrY9OTMJHx-VJV2aY&type=album","n":"https://sun9-16.userapi.com/impg/1D9g1YmbVbV1w6JUofbos0B0hX04cTkjM1AUXw/TsmBr7uMMUA.jpg?size=56x75&quality=96&sign=0c7c3b289d17731f43a156c225b1d32e&c_uniq_tag=c1_Leq63JF2Axq0kkWJwrUP0uUDvwK6Rp7ut5lZ09NQ&type=album","o":"https://sun9-16.userapi.com/impg/1D9g1YmbVbV1w6JUofbos0B0hX04cTkjM1AUXw/TsmBr7uMMUA.jpg?size=510x680&quality=96&sign=0751db0bc4cdb1b6628cd64ef9e14448&c_uniq_tag=gwHudSw-RbdFP0pct6sBwrvmyjOfGTYDfsRV7pvtEuk&type=album","t":"https://sun9-16.userapi.com/impg/1D9g1YmbVbV1w6JUofbos0B0hX04cTkjM1AUXw/TsmBr7uMMUA.jpg?size=200x267&quality=96&sign=384faa59c2d63afd1e86665968b55316&c_uniq_tag=aK_5BGYbGMbfuZcVJ7wuqEem1uT4KcZaPIs1O28iSpQ&type=album"},"z":"","q":0,"w":0,"o":145069996,"i":457260579,"d":491586833}],"m":[]},{"i":2229631,"f":145069996,"t":"Плюс минус","d":491586816,"a":[],"m":[]},{"i":2229630,"f":145069996,"t":"50*30*28","d":491586798,"a":[],"m":[]},{"i":2229629,"f":15267753,"t":")","d":491586743,"a":[],"m":[]},{"i":2229628,"f":15267753,"t":"Габариты надао","d":491586742,"a":[],"m":[]},{"i":2229627,"f":145069996,"t":"Килограммов 4-5 коробка","d":491586732,"a":[],"m":[]},{"i":2229626,"f":145069996,"t":"С Омска до Евпатории","d":491586721,"a":[],"m":[]},{"i":2229625,"f":15267753,"t":"Да","d":491586717,"a":[],"m":[]},{"i":2229624,"f":145069996,"t":"Можем накладную сделать ?","d":491586713,"a":[],"m":[]},{"i":2229623,"f":15267753,"t":"Привет","d":491586711,"a":[],"m":[]},{"i":2229622,"f":145069996,"t":"Илья , привет","d":491586703,"a":[],"m":[]},{"i":2194997,"f":145069996,"t":"Спасибо","d":489506939,"a":[],"m":[]},{"i":2194996,"f":145069996,"t":"Скинул","d":489506934,"a":[],"m":[]},{"i":2194985,"f":15267753,"t":"#1266983201\n\n350","d":489506552,"a":[],"m":[]},{"i":2194961,"f":15267753,"t":"Чет сдэк тупит, ща","d":489505773,"a":[],"m":[]},{"i":2194960,"f":145069996,"t":"","d":489505761,"a":[],"m":[{"f":92360228,"t":"СДЭК","d":489503149,"a":[]},{"f":145069996,"t":"Да","d":489503157,"a":[]},{"f":92360228,"t":"Накладную делай \nОтправка из орла","d":489503439,"a":[]}]},{"i":2194959,"f":15267753,"t":"В орле","d":489505742,"a":[],"m":[]},{"i":2194958,"f":145069996,"t":"Вот на этом адресе сдек","d":489505716,"a":[],"m":[]},{"i":2194957,"f":145069996,"t":"Ты мне уже несколько делал","d":489505705,"a":[],"m":[]},{"i":2194956,"f":145069996,"t":"Как нет","d":489505700,"a":[],"m":[]},{"i":2194954,"f":15267753,"t":"У вас нет отделения сдэк?","d":489505589,"a":[],"m":[]},{"i":2194952,"f":15267753,"t":"Пару минут","d":489505409,"a":[],"m":[]},{"i":2194951,"f":15267753,"t":"Привет","d":489505406,"a":[],"m":[]},{"i":2194915,"f":145069996,"t":"Одна футболка","d":489503594,"a":[],"m":[]},{"i":2194913,"f":145069996,"t":"С Орла в Омск \nЛапенко Иван Сергеевич \nГород Омск ул. 24 Северная , 204\n89136294895","d":489503589,"a":[],"m":[]},{"i":2194908,"f":145069996,"t":"Накладную сделаем ?","d":489503532,"a":[],"m":[]},{"i":2194906,"f":145069996,"t":"Илья , привет","d":489503525,"a":[],"m":[]},{"i":2194102,"f":145069996,"t":"Отправил","d":489433939,"a":[],"m":[]},{"i":2194058,"f":15267753,"t":"Накладная успешно создана с номером: 1266805488 \n\n350","d":489430848,"a":[],"m":[]},{"i":2194046,"f":145069996,"t":"Бутылки точнее","d":489430054,"a":[],"m":[]},{"i":2194045,"f":145069996,"t":"","d":489430043,"a":[{"t":0,"s":{"m":"https://sun9-53.userapi.com/impg/Skp4g_0BmNZQ4xwjKozF2ojHA3mCaq4yZosAEw/27VTW89lae8.jpg?size=810x1080&quality=96&sign=3851352c26aca10dffcf113a117b3149&c_uniq_tag=pE3NxdIdk7xTjlNLR7Nk4VfVpcbN9Rdu2MrPaMtIeOc&type=album","s":"https://sun9-53.userapi.com/impg/Skp4g_0BmNZQ4xwjKozF2ojHA3mCaq4yZosAEw/27VTW89lae8.jpg?size=453x604&quality=96&sign=87996f48090873afb364af8a567ce570&c_uniq_tag=-ottnJIRWdugtzeN-8PxppLZcY6BJM_r7_f2XSkIqlg&type=album","n":"https://sun9-53.userapi.com/impg/Skp4g_0BmNZQ4xwjKozF2ojHA3mCaq4yZosAEw/27VTW89lae8.jpg?size=56x75&quality=96&sign=7e31d8090b7ac3dcb706e78ee9b030c0&c_uniq_tag=ezT2_gd6iJc7DH9oQA11cLiM8-_8nfd6uodxCdJ1i14&type=album","o":"https://sun9-53.userapi.com/impg/Skp4g_0BmNZQ4xwjKozF2ojHA3mCaq4yZosAEw/27VTW89lae8.jpg?size=510x680&quality=96&sign=b4e162d0d3e8d30d1df708fbd729d312&c_uniq_tag=USKtrPy8qCchQ6wY_ZA37gZH5EN1xGFybtIX7fm1Le0&type=album","t":"https://sun9-53.userapi.com/impg/Skp4g_0BmNZQ4xwjKozF2ojHA3mCaq4yZosAEw/27VTW89lae8.jpg?size=200x267&quality=96&sign=e73a9a2f735c25a2a5f377aebd0d83fa&c_uniq_tag=bRvGnJpEHaNJa-Ci31YEdELLf5e3dZG0ik05RnitfLE&type=album"},"z":"","q":0,"w":0,"o":145069996,"i":457260457,"d":489430043}],"m":[]},{"i":2194043,"f":145069996,"t":"Хз ты обычно не спрашиваешь )","d":489430014,"a":[],"m":[]},{"i":2194042,"f":15267753,"t":"А в см?)","d":489429941,"a":[],"m":[]},{"i":2194041,"f":145069996,"t":"По габаритам 4 шейкера","d":489429919,"a":[],"m":[]},{"i":2194039,"f":145069996,"t":"С Самары в Омск \nЛапенко Иван Сергеевич \nГород Омск ул. 24 Северная , 204\n89136294895","d":489429885,"a":[],"m":[]},{"i":2194030,"f":15267753,"t":"Да","d":489429777,"a":[],"m":[]},{"i":2194029,"f":15267753,"t":"Привет","d":489429776,"a":[],"m":[]},{"i":2194028,"f":145069996,"t":"Накладную можно сделать ?","d":489429746,"a":[],"m":[]},{"i":2194027,"f":145069996,"t":"Илья , привет","d":489429740,"a":[],"m":[]},{"i":2187351,"f":15267753,"t":"++++","d":488915389,"a":[],"m":[]},{"i":2187350,"f":145069996,"t":"Благодарю","d":488915382,"a":[],"m":[]},{"i":2187349,"f":145069996,"t":"Скинул","d":488915371,"a":[],"m":[]},{"i":2187339,"f":15267753,"t":"350","d":488914993,"a":[],"m":[]},{"i":2187338,"f":15267753,"t":"Накладная успешно создана с номером: 1265652555","d":488914991,"a":[],"m":[]},{"i":2187337,"f":145069996,"t":"По габаритам - две кепки 5 бананок","d":488914924,"a":[],"m":[]},{"i":2187335,"f":145069996,"t":"С Самары в Омск \nЛапенко Иван Сергеевич \nГород Омск ул. 24 Северная , 204\n89136294895","d":488914911,"a":[],"m":[]},{"i":2187334,"f":15267753,"t":"Да конечно","d":488914878,"a":[],"m":[]},{"i":2187333,"f":15267753,"t":"Привет","d":488914875,"a":[],"m":[]},{"i":2187332,"f":145069996,"t":"Можно накладную оформить ?","d":488914859,"a":[],"m":[]},{"i":2187331,"f":145069996,"t":"Илья , привет","d":488914853,"a":[],"m":[]},{"i":2180371,"f":145069996,"t":"Благодарю","d":488636151,"a":[],"m":[]},{"i":2180370,"f":15267753,"t":"+","d":488636147,"a":[],"m":[]},{"i":2180363,"f":145069996,"t":"Есть","d":488635906,"a":[],"m":[]},{"i":2180355,"f":15267753,"t":"89059515168 сбер","d":488635805,"a":[],"m":[]},{"i":2180354,"f":15267753,"t":"300","d":488635797,"a":[],"m":[]},{"i":2180353,"f":15267753,"t":"Накладная успешно создана с номером: 1264864634","d":488635796,"a":[],"m":[]},{"i":2180345,"f":15267753,"t":"угу сейчас","d":488635655,"a":[],"m":[]},{"i":2180341,"f":145069996,"t":"По габаритам - одни шорты","d":488635640,"a":[],"m":[]},{"i":2180340,"f":145069996,"t":"Отредачил","d":488635606,"a":[],"m":[]},{"i":2180333,"f":145069996,"t":"С Москвы в Омск \nЛапенко Иван Сергеевич \nГород Омск ул. 24 Северная , 204\n89136294895","d":488635534,"a":[],"m":[]},{"i":2180332,"f":15267753,"t":"да","d":488635468,"a":[],"m":[]},{"i":2180331,"f":15267753,"t":"привет","d":488635467,"a":[],"m":[]},{"i":2180329,"f":145069996,"t":"Можно накладную сдек сделать ?","d":488635459,"a":[],"m":[]},{"i":2180328,"f":145069996,"t":"Илья , приветствую","d":488635452,"a":[],"m":[]}]}