{"meta":{"v":"1.2","p":177686295,"a":15267753,"t":"Рома Созинов","d":1691415717},"data":[{"i":2911509,"f":15267753,"t":"Да","d":534440806,"a":[],"m":[]},{"i":2911508,"f":177686295,"t":"Ты только сдэк ?","d":534440803,"a":[],"m":[]},{"i":2911507,"f":15267753,"t":"А я тут причем тогда?)","d":534440793,"a":[],"m":[]},{"i":2911500,"f":177686295,"t":"Это доставка в России такая","d":534440772,"a":[],"m":[]},{"i":2911495,"f":15267753,"t":"Что такое боксбери","d":534440754,"a":[],"m":[]},{"i":2911493,"f":177686295,"t":"Либо Яндекс","d":534440748,"a":[],"m":[]},{"i":2911490,"f":177686295,"t":"Надо","d":534440744,"a":[],"m":[]},{"i":2911489,"f":177686295,"t":"Боксбери","d":534440737,"a":[],"m":[]},{"i":2911488,"f":15267753,"t":"Давай","d":534440722,"a":[],"m":[]},{"i":2911486,"f":15267753,"t":"Прв","d":534440720,"a":[],"m":[]},{"i":2911485,"f":177686295,"t":"?","d":534440715,"a":[],"m":[]},{"i":2911483,"f":177686295,"t":"Сейчас","d":534440713,"a":[],"m":[]},{"i":2911482,"f":177686295,"t":"Можешь сделать накладную","d":534440712,"a":[],"m":[]},{"i":2911480,"f":177686295,"t":"Привет","d":534440707,"a":[],"m":[]},{"i":2722092,"f":15267753,"t":"Да","d":521308576,"a":[],"m":[]},{"i":2722090,"f":15267753,"t":"Прив","d":521308572,"a":[],"m":[]},{"i":2722089,"f":177686295,"t":"Накладная ещё работает ?","d":521308561,"a":[],"m":[]},{"i":2722088,"f":177686295,"t":"Привет","d":521308555,"a":[],"m":[]},{"i":2715159,"f":15267753,"t":"+","d":520874566,"a":[],"m":[]},{"i":2715155,"f":177686295,"t":"Щас скину спасибо","d":520874391,"a":[],"m":[]},{"i":2715150,"f":15267753,"t":"Накладная успешно создана с номером: 1352325409\n350","d":520874246,"a":[],"m":[{"f":177686295,"t":"Беларусь Минск \nПара кроссовок, 1 кг","d":520873993,"a":[]}]},{"i":2715134,"f":177686295,"t":"Созинов роман Андреевич \n89536875880\nКиров , Кировская область \nСдэк : воровского 111б/5","d":520874011,"a":[],"m":[]},{"i":2715132,"f":177686295,"t":"Беларусь Минск \nПара кроссовок, 1 кг","d":520873993,"a":[],"m":[]},{"i":2715131,"f":15267753,"t":"давай","d":520873912,"a":[],"m":[]},{"i":2715130,"f":15267753,"t":"прива","d":520873911,"a":[],"m":[]},{"i":2715129,"f":177686295,"t":"Привет \nМожешь накладную сделать из Минска ?","d":520873890,"a":[],"m":[]},{"i":2673751,"f":15267753,"t":"+++","d":518356490,"a":[],"m":[]},{"i":2673746,"f":177686295,"t":"Перевёл","d":518356390,"a":[],"m":[]},{"i":2673745,"f":177686295,"t":"Сразу","d":518356338,"a":[],"m":[]},{"i":2673744,"f":177686295,"t":"Не забуду щас скину","d":518356335,"a":[],"m":[]},{"i":2673743,"f":15267753,"t":"Не забудь закинуть","d":518356328,"a":[],"m":[]},{"i":2673742,"f":177686295,"t":"Я тебе напишу )","d":518356309,"a":[],"m":[]},{"i":2673741,"f":177686295,"t":"Отлично \nЩас ждём его ему должны сегодня приехать мой размер","d":518356305,"a":[],"m":[]},{"i":2673680,"f":15267753,"t":"da","d":518352762,"a":[],"m":[]},{"i":2673679,"f":15267753,"t":"lf","d":518352761,"a":[],"m":[]},{"i":2673678,"f":177686295,"t":"350 р ? \nДо меня будет стоить ?","d":518352713,"a":[],"m":[]},{"i":2673676,"f":15267753,"t":"89059515168 сбер","d":518351992,"a":[],"m":[]},{"i":2673675,"f":15267753,"t":"Накладная успешно создана с номером: 1346012586\n350","d":518351986,"a":[],"m":[]},{"i":2673674,"f":15267753,"t":"а, сорри, не увидел","d":518351984,"a":[],"m":[]},{"i":2673672,"f":177686295,"t":"Что-то ещё нужно уточнить ?","d":518351879,"a":[],"m":[{"f":177686295,"t":"","d":518307379,"a":[],"m":[{"f":646968585,"t":"Гродно Беларусь \n30/20/12 габариты, вес 1 кг","d":518306547,"a":[]}]}]},{"i":2673567,"f":15267753,"t":"и отправления откуда город","d":518344453,"a":[],"m":[]},{"i":2671806,"f":177686295,"t":"Созинов роман Андреевич \n89536875880\nКиров , Кировская область \nСдэк : воровского 111б/5","d":518307458,"a":[],"m":[{"f":15267753,"t":"Город получателя фио тел пункт сдек","d":518301848,"a":[]}]},{"i":2671805,"f":177686295,"t":"","d":518307379,"a":[],"m":[{"f":646968585,"t":"Гродно Беларусь \n30/20/12 габариты, вес 1 кг","d":518306547,"a":[]}]},{"i":2671661,"f":15267753,"t":"Город получателя фио тел пункт сдек","d":518301848,"a":[],"m":[]},{"i":2671660,"f":15267753,"t":"Город отправления\nГабарит вес","d":518301837,"a":[],"m":[]},{"i":2671627,"f":177686295,"t":"","d":518300228,"a":[{"t":0,"s":{"m":"https://sun9-1.userapi.com/impg/RTWcMpifJQ8Z2PCfhHm8n1Mqta0AJwSqJU74KQ/1Q2RojSEpHs.jpg?size=510x900&quality=95&crop=0,0,828,1461&sign=3894de1cced1cdcd7f9985232f2c8d54&c_uniq_tag=RYqqIrZHqflJ2Rf5bnx0ruGpQqJk-BbwQlXVzBwXw-U&type=album","s":"https://sun9-1.userapi.com/impg/RTWcMpifJQ8Z2PCfhHm8n1Mqta0AJwSqJU74KQ/1Q2RojSEpHs.jpg?size=200x433&quality=95&sign=39294dff88f059707da39f2a593e5fc3&c_uniq_tag=DpfgLxE0SssGpdBv7Xxed60Z21xtqhDVoBRYQxJ1VW0&type=album","n":"https://sun9-1.userapi.com/impg/RTWcMpifJQ8Z2PCfhHm8n1Mqta0AJwSqJU74KQ/1Q2RojSEpHs.jpg?size=828x1792&quality=95&sign=482b6a7e959b8ad7e03b7297b593dc86&c_uniq_tag=Gkl5bD9dZGzy08hjTgybV_vRS537AFfJT3SkKfzH2r4&type=album","o":"https://sun9-1.userapi.com/impg/RTWcMpifJQ8Z2PCfhHm8n1Mqta0AJwSqJU74KQ/1Q2RojSEpHs.jpg?size=499x1080&quality=95&sign=da3460e47e67de23c0dbd95f0111299b&c_uniq_tag=zVtK4imVdK4IMEyJgjwSlzZBmWCDiASwRq__5uaMqLo&type=album","t":"https://sun9-1.userapi.com/impg/RTWcMpifJQ8Z2PCfhHm8n1Mqta0AJwSqJU74KQ/1Q2RojSEpHs.jpg?size=279x604&quality=95&sign=9eb151bb00f29a6683bf5f0fe0990003&c_uniq_tag=a6rlv6HRF8qc05s5Ym8ubLRpP87mk6UfljM6b9VZyeo&type=album"},"z":"","q":0,"w":0,"o":177686295,"i":457247661,"d":518300228}],"m":[]},{"i":2671626,"f":177686295,"t":"Что мне нужно тебе написать ? \nЯ покупаю тапки \nУ этого парнишки","d":518300215,"a":[],"m":[]},{"i":2671625,"f":177686295,"t":"Привет","d":518300195,"a":[],"m":[]},{"i":2665747,"f":15267753,"t":"Сдек делаю","d":517919467,"a":[],"m":[]},{"i":2665746,"f":177686295,"t":"","d":517919447,"a":[{"t":0,"s":{"m":"https://sun9-4.userapi.com/impg/uDG34LIJrC1c5f4O38MIo_OTq3q3pVnol61h1A/RDjmXp8K6Ec.jpg?size=510x900&quality=95&crop=0,0,828,1461&sign=56b34b92935120fe1e0f9235ec68c4bc&c_uniq_tag=LLxGQYXB2uF3pekj1D8RL4e3gGv_kE7IIdFH4oGLt7w&type=album","s":"https://sun9-4.userapi.com/impg/uDG34LIJrC1c5f4O38MIo_OTq3q3pVnol61h1A/RDjmXp8K6Ec.jpg?size=200x433&quality=95&sign=ead8f482cd9233053e942d26a7644551&c_uniq_tag=cqUa8uX3sEeJf5cyjHU9TcTWbSJiZwm-q4pcLaP1GH4&type=album","n":"https://sun9-4.userapi.com/impg/uDG34LIJrC1c5f4O38MIo_OTq3q3pVnol61h1A/RDjmXp8K6Ec.jpg?size=828x1792&quality=95&sign=994236e4d57511022cd787c790532f06&c_uniq_tag=pY_8mi6NTFqNXVO5M7URrM76bMulD2mDnXCAKB7JcKA&type=album","o":"https://sun9-4.userapi.com/impg/uDG34LIJrC1c5f4O38MIo_OTq3q3pVnol61h1A/RDjmXp8K6Ec.jpg?size=499x1080&quality=95&sign=c9df66169288ad1e87cf1ffcddbe9644&c_uniq_tag=GljB3kuqrRPWmaH63sdbczRCdDq7a8oLU8x3N-suvR8&type=album","t":"https://sun9-4.userapi.com/impg/uDG34LIJrC1c5f4O38MIo_OTq3q3pVnol61h1A/RDjmXp8K6Ec.jpg?size=279x604&quality=95&sign=078986f95badb9201e5418dd3e7abd21&c_uniq_tag=OgAy1mfaK2L1MfAVdAAD4PbliEZs1tO2mhLSY1zNSUs&type=album"},"z":"","q":0,"w":0,"o":177686295,"i":457247660,"d":517919447}],"m":[]},{"i":2665731,"f":177686295,"t":"Сколько стоит ?","d":517918234,"a":[],"m":[]},{"i":2665583,"f":15267753,"t":"?","d":517898666,"a":[],"m":[]},{"i":2665582,"f":15267753,"t":"Привет","d":517898665,"a":[],"m":[]},{"i":2665541,"f":177686295,"t":"","d":517883836,"a":[{"t":0,"s":{"m":"https://sun9-61.userapi.com/impg/Xqg2it-F3efiBSTZ3JKqKSEFp2irjY2dMRF3QQ/A1Se3ITYfaw.jpg?size=748x1080&quality=96&sign=4914aa2cc82f3e1d96ba2fa3a52ad37c&c_uniq_tag=r1qtaMfm_TZ61QOq8mhhzTQXcqmOE9hvdg5ukNQxOnw&type=album","s":"https://sun9-61.userapi.com/impg/Xqg2it-F3efiBSTZ3JKqKSEFp2irjY2dMRF3QQ/A1Se3ITYfaw.jpg?size=418x604&quality=96&sign=ac34e3fb44f9270fa8e07105283ef18a&c_uniq_tag=yOavsIZH76IIUOVpJ2G16IFox-8fOlNYzOEsf3Mpkp8&type=album","n":"https://sun9-61.userapi.com/impg/Xqg2it-F3efiBSTZ3JKqKSEFp2irjY2dMRF3QQ/A1Se3ITYfaw.jpg?size=52x75&quality=96&sign=c887bc6b8dbb42f563b87054985caecb&c_uniq_tag=aEA_vaQp-i9YFC9EPo0Je7po-8GtFxW-GkM2kwm6RvQ&type=album","o":"https://sun9-61.userapi.com/impg/Xqg2it-F3efiBSTZ3JKqKSEFp2irjY2dMRF3QQ/A1Se3ITYfaw.jpg?size=510x736&quality=96&sign=57e50f36dd5ff561df68c30bf3b2aef2&c_uniq_tag=x7KS7J5FZvhWCu9v94RVh9DUrAZgm3MJiwNLqn8Rypg&type=album","t":"https://sun9-61.userapi.com/impg/Xqg2it-F3efiBSTZ3JKqKSEFp2irjY2dMRF3QQ/A1Se3ITYfaw.jpg?size=200x289&quality=96&sign=5d05d37e2a72291a7f32cec9ae2d3f41&c_uniq_tag=5dtao10mo2D8laueWLt2aZdSoo1XXZEV3gtD2kG0amo&type=album"},"z":"","q":0,"w":0,"o":177686295,"i":457247657,"d":517883835}],"m":[]},{"i":2665539,"f":177686295,"t":"Привет \nпишу по вансам","d":517883784,"a":[],"m":[]}]}