{"meta":{"v":"1.2","p":528460252,"a":15267753,"t":"Данил Иванов","d":1691414789},"data":[{"i":3141491,"f":528460252,"t":"Скинул","d":552656402,"a":[],"m":[]},{"i":3140508,"f":15267753,"t":"а уточни у отправителя, мб у него был курьер и он отдал просто ему твой заказ тоже","d":552532225,"a":[],"m":[]},{"i":3140507,"f":15267753,"t":"привет","d":552532196,"a":[],"m":[]},{"i":3140506,"f":15267753,"t":"угу","d":552532193,"a":[],"m":[{"f":528460252,"t":"Я могу щас скинуть 50 получается","d":552409044,"a":[]}]},{"i":3140420,"f":528460252,"t":"Привет, а как это, если в понедельник","d":552516742,"a":[],"m":[]},{"i":3140419,"f":528460252,"t":"","d":552516734,"a":[{"t":0,"s":{"m":"https://sun9-30.userapi.com/impg/cox8rnqKEBiHSmQlVkdfg8rnAuTQsGcw9uictg/AQ8UyJPxUwM.jpg?size=510x900&quality=95&crop=0,0,1170,2065&sign=9c526662b9a209485108b6158226a885&c_uniq_tag=KzJCL94wIIlRAJ9QekX36YqaqLUFat3Uvw32f88xQok&type=album","s":"https://sun9-30.userapi.com/impg/cox8rnqKEBiHSmQlVkdfg8rnAuTQsGcw9uictg/AQ8UyJPxUwM.jpg?size=200x433&quality=95&sign=62ba644de8b83d8611e6181b8f2717d4&c_uniq_tag=2gJXdVfesitoS3c93cjX9Ijd_YSqkfZaH1k88YF3wMA&type=album","n":"https://sun9-30.userapi.com/impg/cox8rnqKEBiHSmQlVkdfg8rnAuTQsGcw9uictg/AQ8UyJPxUwM.jpg?size=998x2160&quality=95&sign=0aa02d272cb726a729ab648f3abb5c7e&c_uniq_tag=N2Y0gnBr2NvbM8SJMLJmHNGU2VfoZTO2FzqX-w08o-U&type=album","o":"https://sun9-30.userapi.com/impg/cox8rnqKEBiHSmQlVkdfg8rnAuTQsGcw9uictg/AQ8UyJPxUwM.jpg?size=499x1080&quality=95&sign=5bb30281eb92051a7a79ca617e17532b&c_uniq_tag=P7H_cCrZIiZ4jJ2bZXxhYVmfCzTy_kO5eWPIIAS16Bk&type=album","t":"https://sun9-30.userapi.com/impg/cox8rnqKEBiHSmQlVkdfg8rnAuTQsGcw9uictg/AQ8UyJPxUwM.jpg?size=279x604&quality=95&sign=cffc6a449333977d2e44974aac5d67c1&c_uniq_tag=nEVhB9e75Dmco2Od5L6ecMb7TzAiO28uG0gNV8hundQ&type=album"},"z":"","q":0,"w":0,"o":528460252,"i":457245881,"d":552516734}],"m":[]},{"i":3139506,"f":528460252,"t":"За потерю товара","d":552409127,"a":[],"m":[{"f":528460252,"t":"Когда там возврат оформляли","d":552409066,"a":[]}]},{"i":3139505,"f":528460252,"t":"Когда там возврат оформляли","d":552409066,"a":[],"m":[{"f":15267753,"t":"вот так вышло за нее","d":552096264,"a":[]}]},{"i":3139504,"f":528460252,"t":"Я могу щас скинуть 50 получается","d":552409044,"a":[],"m":[]},{"i":3139503,"f":528460252,"t":"Там же у меня была скидка 450 рублей","d":552409033,"a":[],"m":[]},{"i":3139502,"f":528460252,"t":"А Илья","d":552409026,"a":[],"m":[{"f":15267753,"t":"1446423942\n1900","d":552096260,"a":[]}]},{"i":3139468,"f":528460252,"t":"Ок?","d":552406339,"a":[],"m":[]},{"i":3139467,"f":528460252,"t":"Чуть попозже скину","d":552406338,"a":[],"m":[]},{"i":3139466,"f":528460252,"t":"Банк глючит","d":552406335,"a":[],"m":[]},{"i":3139465,"f":15267753,"t":"или сбер","d":552406108,"a":[],"m":[{"f":15267753,"t":"89059515168 ТИНЬК","d":552096764,"a":[]}]},{"i":3139464,"f":528460252,"t":"Плиз","d":552406102,"a":[],"m":[]},{"i":3139463,"f":528460252,"t":"Карту","d":552406100,"a":[],"m":[]},{"i":3139460,"f":15267753,"t":"Накладная успешно создана с номером: 1453525637\n500","d":552406085,"a":[],"m":[]},{"i":3139458,"f":528460252,"t":"Извини не уточнил","d":552405955,"a":[],"m":[]},{"i":3139457,"f":528460252,"t":"Из Москвы в Краснодар","d":552405951,"a":[],"m":[]},{"i":3139456,"f":15267753,"t":"москва краснодар да","d":552405930,"a":[],"m":[{"f":528460252,"t":"Куда:\nИванов Данил Романович \n89885586367 \nГаврилова100\nОткуда: \n\nУлица дружбы 10/32. Подъезд 8\n\n+7 (906) 744-87-88\n\nМиншу Гуань\n\n  15-18:00 курьер","d":552401980,"a":[]}]},{"i":3139428,"f":528460252,"t":"Кг","d":552403580,"a":[],"m":[{"f":528460252,"t":"1.3","d":552403578,"a":[]}]},{"i":3139427,"f":528460252,"t":"1.3","d":552403578,"a":[],"m":[]},{"i":3139426,"f":528460252,"t":"Сумка и кофта","d":552403576,"a":[],"m":[]},{"i":3139425,"f":528460252,"t":"Там 2 шмотки","d":552403569,"a":[],"m":[]},{"i":3139424,"f":528460252,"t":"Угу ну","d":552403561,"a":[],"m":[{"f":15267753,"t":"понедельник?","d":552403553,"a":[]}]},{"i":3139423,"f":15267753,"t":"габаирт есть?","d":552403560,"a":[],"m":[]},{"i":3139422,"f":15267753,"t":"понедельник?","d":552403553,"a":[],"m":[]},{"i":3139421,"f":528460252,"t":"Ну го на пор","d":552403539,"a":[],"m":[{"f":15267753,"t":"поздно сильно уже","d":552403528,"a":[]}]},{"i":3139419,"f":15267753,"t":"и пятница","d":552403532,"a":[],"m":[]},{"i":3139418,"f":15267753,"t":"поздно сильно уже","d":552403528,"a":[],"m":[]},{"i":3139408,"f":528460252,"t":"На сегодня точно не успеет проверить нельзяи","d":552403197,"a":[],"m":[]},{"i":3139407,"f":528460252,"t":"Бля","d":552403186,"a":[],"m":[{"f":15267753,"t":"выхи до 14","d":552403166,"a":[]}]},{"i":3139406,"f":15267753,"t":"на понедельник?","d":552403169,"a":[],"m":[]},{"i":3139405,"f":15267753,"t":"выхи до 14","d":552403166,"a":[],"m":[]},{"i":3139404,"f":15267753,"t":"ну наверно дап","d":552403160,"a":[],"m":[]},{"i":3139395,"f":528460252,"t":"Ну сегодн курьер наверное не сможет уже успеть","d":552402012,"a":[],"m":[]},{"i":3139394,"f":528460252,"t":"Куда:\nИванов Данил Романович \n89885586367 \nГаврилова100\nОткуда: \n\nУлица дружбы 10/32. Подъезд 8\n\n+7 (906) 744-87-88\n\nМиншу Гуань\n\n  15-18:00 курьер","d":552401980,"a":[],"m":[]},{"i":3139229,"f":15267753,"t":"Прив пиши данные","d":552358967,"a":[],"m":[]},{"i":3139111,"f":528460252,"t":"Нужно сдэк оформить","d":552341426,"a":[],"m":[]},{"i":3139110,"f":528460252,"t":"Привет","d":552341420,"a":[],"m":[]},{"i":3136832,"f":15267753,"t":"+","d":552097062,"a":[],"m":[]},{"i":3136830,"f":528460252,"t":"Скинул","d":552096801,"a":[],"m":[]},{"i":3136827,"f":15267753,"t":"89059515168 ТИНЬК","d":552096764,"a":[],"m":[]},{"i":3136826,"f":528460252,"t":"Спасибо","d":552096541,"a":[],"m":[{"f":15267753,"t":"отвоевали половину","d":552096268,"a":[]}]},{"i":3136825,"f":528460252,"t":"Куда скидывать ?","d":552096536,"a":[],"m":[]},{"i":3136824,"f":528460252,"t":"Привет","d":552096533,"a":[],"m":[]},{"i":3136823,"f":15267753,"t":"отвоевали половину","d":552096268,"a":[],"m":[]},{"i":3136822,"f":15267753,"t":"вот так вышло за нее","d":552096264,"a":[],"m":[]},{"i":3136821,"f":15267753,"t":"1446423942\n1900","d":552096260,"a":[],"m":[]},{"i":3130038,"f":528460252,"t":"Понял","d":551478305,"a":[],"m":[]},{"i":3130037,"f":15267753,"t":"экспресс тариф","d":551478296,"a":[],"m":[]},{"i":3130018,"f":528460252,"t":"Или это из за того, что быстрая","d":551477721,"a":[],"m":[]},{"i":3130016,"f":528460252,"t":"Так у них же написано так","d":551477685,"a":[],"m":[{"f":528460252,"t":"Я знаю, что там от 25 кг уже 1500 стоит обычная, \nУ меня там 16 поэтому должно быть меньше 1500","d":551477516,"a":[]}]},{"i":3130015,"f":528460252,"t":"Нихуя","d":551477677,"a":[],"m":[]},{"i":3130013,"f":15267753,"t":"почти 4","d":551477632,"a":[],"m":[]},{"i":3130011,"f":528460252,"t":"А с экспресс сколько вышла?","d":551477562,"a":[],"m":[{"f":15267753,"t":"ну как отвоюю скажу","d":551477545,"a":[]}]},{"i":3130010,"f":15267753,"t":"хз нахуя","d":551477553,"a":[],"m":[]},{"i":3130009,"f":15267753,"t":"они поменяли на экспресс в пункте оператор","d":551477551,"a":[],"m":[]},{"i":3130008,"f":15267753,"t":"ну как отвоюю скажу","d":551477545,"a":[],"m":[]},{"i":3130006,"f":528460252,"t":"А обычная была","d":551477527,"a":[],"m":[]},{"i":3130005,"f":528460252,"t":"Ну да и там не экспресс","d":551477524,"a":[],"m":[{"f":15267753,"t":"1446423942\nя тебе по ней чуть позже по цене скажу, а то там сдек накосячили поставили экспресс и сумма соотв большая, я сейчас решаю, что бы сделали меньше","d":551477182,"a":[]}]},{"i":3130004,"f":528460252,"t":"Я знаю, что там от 25 кг уже 1500 стоит обычная, \nУ меня там 16 поэтому должно быть меньше 1500","d":551477516,"a":[],"m":[]},{"i":3130003,"f":528460252,"t":"Привет","d":551477490,"a":[],"m":[]},{"i":3130000,"f":15267753,"t":"1446423942\nя тебе по ней чуть позже по цене скажу, а то там сдек накосячили поставили экспресс и сумма соотв большая, я сейчас решаю, что бы сделали меньше","d":551477182,"a":[],"m":[]},{"i":3123585,"f":528460252,"t":"","d":550857322,"a":[{"t":0,"s":{"m":"https://sun9-31.userapi.com/impg/EkoaMg1ecD4leiwI5JO1YpM5RwFAVTgOBrgMjw/8UOQOAELtkc.jpg?size=510x680&quality=95&sign=3b751d87b69f86f1401dcca33334fbb5&c_uniq_tag=Em9qn4n4uOihm7mXFCx4YOSn8fSVE1pgLsd5IcKzIFQ&type=album","s":"https://sun9-31.userapi.com/impg/EkoaMg1ecD4leiwI5JO1YpM5RwFAVTgOBrgMjw/8UOQOAELtkc.jpg?size=200x267&quality=95&sign=fd0cfdbc436c05299122bf49e266b008&c_uniq_tag=qhzI7T6RoJziBpGX0M_DdvomMkz06-39JOMy2h5-aYw&type=album","n":"https://sun9-31.userapi.com/impg/EkoaMg1ecD4leiwI5JO1YpM5RwFAVTgOBrgMjw/8UOQOAELtkc.jpg?size=1620x2160&quality=95&sign=a542c10027df8bbf1fd12cbbb4ab2b32&c_uniq_tag=OLAay118MXxOAlSWNBNfiYFWmMKapEpouO7JTk-4v2U&type=album","o":"https://sun9-31.userapi.com/impg/EkoaMg1ecD4leiwI5JO1YpM5RwFAVTgOBrgMjw/8UOQOAELtkc.jpg?size=810x1080&quality=95&sign=e1db99ec37490323d6e15f37d09ac8dc&c_uniq_tag=rfo4TnqVXcrrQ1KZk6bVok4kA392TnHojAeRk1VAlgQ&type=album","t":"https://sun9-31.userapi.com/impg/EkoaMg1ecD4leiwI5JO1YpM5RwFAVTgOBrgMjw/8UOQOAELtkc.jpg?size=453x604&quality=95&sign=42030500c8e6206da003ea946b293a46&c_uniq_tag=emsi0bxBnJ3AB5yQ_jR9Bw8YG2PGUVxHS0oeRgynHpc&type=album"},"z":"","q":0,"w":0,"o":528460252,"i":457245573,"d":550857321}],"m":[]},{"i":3123584,"f":528460252,"t":"Получил","d":550857311,"a":[],"m":[]},{"i":3123573,"f":15267753,"t":"У компа буду гляну","d":550856314,"a":[],"m":[]},{"i":3123572,"f":528460252,"t":"А сколько там вышло?","d":550856304,"a":[],"m":[]},{"i":3123571,"f":528460252,"t":"Я уже еду","d":550856296,"a":[],"m":[]},{"i":3123570,"f":528460252,"t":"Оки","d":550856295,"a":[],"m":[]},{"i":3123569,"f":528460252,"t":"А щас нельзя?","d":550856246,"a":[],"m":[]},{"i":3123568,"f":528460252,"t":"А","d":550856242,"a":[],"m":[]},{"i":3123565,"f":15267753,"t":"Ну ценник сказать)","d":550856157,"a":[],"m":[]},{"i":3123388,"f":528460252,"t":"А что такое?","d":550830024,"a":[],"m":[]},{"i":3123387,"f":528460252,"t":"Я сегодня заберу","d":550830012,"a":[],"m":[]},{"i":3123386,"f":528460252,"t":"Привет","d":550830009,"a":[],"m":[]},{"i":3123317,"f":15267753,"t":"прив не забрали ее?","d":550804202,"a":[],"m":[{"f":15267753,"t":"Номер заказа СДЭК 1446423942","d":550279746,"a":[]}]},{"i":3119982,"f":528460252,"t":"","d":550445279,"a":[{"t":4}],"m":[]},{"i":3119981,"f":528460252,"t":"Да все отлично","d":550445276,"a":[],"m":[]},{"i":3119826,"f":15267753,"t":"Уточни у отправителя","d":550442190,"a":[],"m":[]},{"i":3119825,"f":15267753,"t":"А я хз","d":550442187,"a":[],"m":[]},{"i":3119809,"f":528460252,"t":"Привет, там курьеры дозвонились ? \nНикаких нет проблем ?","d":550439926,"a":[],"m":[]},{"i":3119516,"f":528460252,"t":"Спасибо ждём тогда","d":550423699,"a":[],"m":[]},{"i":3119515,"f":528460252,"t":"А понял","d":550423686,"a":[],"m":[]},{"i":3119513,"f":15267753,"t":"Да","d":550423637,"a":[],"m":[]},{"i":3119512,"f":15267753,"t":"Прив","d":550423636,"a":[],"m":[]},{"i":3119511,"f":528460252,"t":"Привет","d":550423624,"a":[],"m":[]},{"i":3119510,"f":528460252,"t":"А ты для курьера все вот эти данные написал?","d":550423621,"a":[],"m":[{"f":528460252,"t":"Куда:\nИванов Данил Романович \n89885586367 \nГаврилова100\nОткуда: \n\nУлица дружбы 10/32. Подъезд 8\n\n+7 (906) 744-87-88\n\nМиншу Гуань\n\nСреда  15-18:00 курьер","d":550277564,"a":[]}]},{"i":3118508,"f":15267753,"t":"они когда заберут его перемерят у себя","d":550335503,"a":[],"m":[]},{"i":3118507,"f":15267753,"t":"да ето дефолт на пару стоит габарит","d":550335495,"a":[],"m":[]},{"i":3118264,"f":528460252,"t":"Привет","d":550314491,"a":[{"t":0,"s":{"m":"https://sun9-73.userapi.com/impg/RvRlfvcPvHVIlbOKj2nFnITW-44ohmni7yE43w/Z_91gypjfjU.jpg?size=510x900&quality=95&crop=0,0,1170,2065&sign=c57bd67d11bb67b797c8d46f1fa86777&c_uniq_tag=4zL2wAg2KAB7_mOolDuil57v09rOyHSa0l4UY__0_7w&type=album","s":"https://sun9-73.userapi.com/impg/RvRlfvcPvHVIlbOKj2nFnITW-44ohmni7yE43w/Z_91gypjfjU.jpg?size=200x433&quality=95&sign=3eb41c127a957fc023395d937f75e391&c_uniq_tag=8eFnIpxa_4CLVtN7KeCpzyPMXOohRJevQf6g_2-74Xs&type=album","n":"https://sun9-73.userapi.com/impg/RvRlfvcPvHVIlbOKj2nFnITW-44ohmni7yE43w/Z_91gypjfjU.jpg?size=998x2160&quality=95&sign=046042a3c5e3b6b7cf970fe73cf4125e&c_uniq_tag=hdm1DUbLt8FTblUziwx3xRt6XleVPggM9Y4X0MsOZyY&type=album","o":"https://sun9-73.userapi.com/impg/RvRlfvcPvHVIlbOKj2nFnITW-44ohmni7yE43w/Z_91gypjfjU.jpg?size=499x1080&quality=95&sign=15df2a4c99c452eedab59a1430db9f66&c_uniq_tag=p4DpdLlP2ToACMhpcJZkYVXceRCeVEBkbbWLv4ZQhSI&type=album","t":"https://sun9-73.userapi.com/impg/RvRlfvcPvHVIlbOKj2nFnITW-44ohmni7yE43w/Z_91gypjfjU.jpg?size=279x604&quality=95&sign=23561a2b2ef8cf9857521c1d49ceba65&c_uniq_tag=Ell_N_asqcpVmFSGLGxvww0BUQ2grILJOY5GrDluAPY&type=album"},"z":"","q":0,"w":0,"o":528460252,"i":457245554,"d":550314491}],"m":[]},{"i":3118263,"f":528460252,"t":"Этой с номерами и именами","d":550314395,"a":[],"m":[{"f":528460252,"t":"Куда:\nИванов Данил Романович \n89885586367 \nГаврилова100\nОткуда: \n\nУлица дружбы 10/32. Подъезд 8\n\n+7 (906) 744-87-88\n\nМиншу Гуань\n\nСреда  15-18:00 курьер","d":550277564,"a":[]}]},{"i":3118261,"f":528460252,"t":"Нет никакой ?","d":550314344,"a":[],"m":[]},{"i":3118260,"f":528460252,"t":"А что инфы","d":550314337,"a":[],"m":[]},{"i":3118174,"f":15267753,"t":"там не линейно","d":550280189,"a":[],"m":[]},{"i":3118173,"f":528460252,"t":"Цена выше 400 рублей","d":550280110,"a":[],"m":[]},{"i":3118172,"f":528460252,"t":"Там от скольки кг","d":550280104,"a":[],"m":[]},{"i":3118171,"f":528460252,"t":"Не знал","d":550280093,"a":[],"m":[]},{"i":3118170,"f":528460252,"t":"Нифига","d":550280090,"a":[],"m":[]},{"i":3118169,"f":15267753,"t":"разницу сделаем","d":550280089,"a":[],"m":[]},{"i":3118168,"f":528460252,"t":"А да","d":550280089,"a":[],"m":[]},{"i":3118167,"f":15267753,"t":"ну там полюбому больше будет)","d":550280083,"a":[],"m":[]},{"i":3118166,"f":528460252,"t":"Когда была отмена","d":550280080,"a":[],"m":[]},{"i":3118165,"f":528460252,"t":"У меня же депозит этот на 450 рублей","d":550280066,"a":[],"m":[{"f":15267753,"t":"депозитом на след накл только","d":547250448,"a":[]}]},{"i":3118162,"f":15267753,"t":"заберет скаешь цену напишу","d":550279754,"a":[],"m":[]},{"i":3118161,"f":15267753,"t":"Номер заказа СДЭК 1446423942","d":550279746,"a":[],"m":[]},{"i":3118159,"f":528460252,"t":"Из Москвы в Краснодар","d":550278746,"a":[],"m":[{"f":15267753,"t":"И города","d":550278725,"a":[]}]},{"i":3118158,"f":528460252,"t":"Там 9 пар","d":550278740,"a":[],"m":[]},{"i":3118157,"f":528460252,"t":"Бля хз","d":550278736,"a":[],"m":[{"f":15267753,"t":"Габарит?","d":550278714,"a":[]}]},{"i":3118156,"f":15267753,"t":"И города","d":550278725,"a":[],"m":[]},{"i":3118155,"f":15267753,"t":"Габарит?","d":550278714,"a":[],"m":[]},{"i":3118144,"f":528460252,"t":"На среду","d":550277569,"a":[],"m":[]},{"i":3118143,"f":528460252,"t":"Привет","d":550277568,"a":[],"m":[]},{"i":3118142,"f":528460252,"t":"Вот","d":550277566,"a":[],"m":[]},{"i":3118141,"f":528460252,"t":"Куда:\nИванов Данил Романович \n89885586367 \nГаврилова100\nОткуда: \n\nУлица дружбы 10/32. Подъезд 8\n\n+7 (906) 744-87-88\n\nМиншу Гуань\n\nСреда  15-18:00 курьер","d":550277564,"a":[],"m":[]},{"i":3117807,"f":15267753,"t":"ок","d":550257244,"a":[],"m":[]},{"i":3117797,"f":528460252,"t":"Сорри","d":550257023,"a":[],"m":[]},{"i":3117796,"f":528460252,"t":"Попозже","d":550257019,"a":[],"m":[]},{"i":3117795,"f":528460252,"t":"Отмена","d":550257017,"a":[],"m":[]},{"i":3117794,"f":528460252,"t":"Не","d":550257015,"a":[],"m":[]},{"i":3117793,"f":528460252,"t":"А","d":550257014,"a":[],"m":[]},{"i":3117792,"f":528460252,"t":"Куда:\nИванов Данил Романович \n89885586367 \nГаражная 110 \nОткуда: \n\nУлица дружбы 10/32. Подъезд 8\n\n89267919126!\n\nПань Вэйцяо\nЗавтра 15-18:00 курьер","d":550257007,"a":[],"m":[]},{"i":3117783,"f":15267753,"t":"прив дававй","d":550256795,"a":[],"m":[]},{"i":3117777,"f":528460252,"t":"Нужно сдэк оформить, можешь?","d":550256707,"a":[],"m":[{"f":15267753,"t":"депозитом на след накл только","d":547250448,"a":[]}]},{"i":3117773,"f":528460252,"t":"Привет","d":550256668,"a":[],"m":[]},{"i":3090671,"f":15267753,"t":"да врядли","d":547314043,"a":[],"m":[]},{"i":3090657,"f":528460252,"t":"Бля а они могли его проебать если они его из мск 2 дня не отправляли","d":547313620,"a":[],"m":[]},{"i":3090648,"f":15267753,"t":"да мне то же самое что и тебе скажут","d":547312881,"a":[],"m":[]},{"i":3090645,"f":528460252,"t":"Или она потерялась ? 😂","d":547312843,"a":[],"m":[]},{"i":3090644,"f":528460252,"t":"Она хоть едет?","d":547312836,"a":[],"m":[]},{"i":3090643,"f":528460252,"t":"А нельзя узнать","d":547312833,"a":[],"m":[]},{"i":3090565,"f":528460252,"t":"Ну ахуеть","d":547309805,"a":[],"m":[]},{"i":3090562,"f":528460252,"t":"А понял","d":547309795,"a":[],"m":[]},{"i":3090561,"f":15267753,"t":"да у меня тоде саморе покажет что и у тебя на сайте","d":547309788,"a":[],"m":[]},{"i":3090559,"f":528460252,"t":"А ты можешь чекнуть ?","d":547309775,"a":[],"m":[]},{"i":3090558,"f":15267753,"t":"да и ваще весь сдек кривой блять )","d":547309767,"a":[],"m":[]},{"i":3090557,"f":15267753,"t":"лучше на сайте смотреть сдековском прям","d":547309761,"a":[],"m":[]},{"i":3090556,"f":15267753,"t":"да приложение кривое у них","d":547309753,"a":[],"m":[]},{"i":3090555,"f":15267753,"t":"привет","d":547309747,"a":[],"m":[]},{"i":3090521,"f":528460252,"t":"Помоги пожалуйста","d":547307369,"a":[],"m":[]},{"i":3090518,"f":528460252,"t":"","d":547307240,"a":[{"t":0,"s":{"m":"https://sun9-42.userapi.com/impg/N6Uj0ZFYVLNmXeF3-BwcVojad1p9DjCBlSBZIg/o5OFRnXY_6w.jpg?size=510x900&quality=95&crop=0,0,591,1043&sign=c7fce93b060bbfaf3bebdbc65dc7997d&c_uniq_tag=KOaAdIy3odB5_MYSswxx6ZWg6rylD6XO3rCVgqKabfE&type=album","s":"https://sun9-42.userapi.com/impg/N6Uj0ZFYVLNmXeF3-BwcVojad1p9DjCBlSBZIg/o5OFRnXY_6w.jpg?size=200x433&quality=95&sign=72230b8ea6b9323be19aaa5f445308ca&c_uniq_tag=Zezhoq94a67wAiVZf70HB_hg0sYc3DA_urrqCxdFvWk&type=album","n":"https://sun9-42.userapi.com/impg/N6Uj0ZFYVLNmXeF3-BwcVojad1p9DjCBlSBZIg/o5OFRnXY_6w.jpg?size=591x1280&quality=95&sign=97904d047dd661113077ae27ba0f47b1&c_uniq_tag=k20_hG25q_SgP1UVxA3sw7Q9ArnG7HQWyyQbvfZuviw&type=album","o":"https://sun9-42.userapi.com/impg/N6Uj0ZFYVLNmXeF3-BwcVojad1p9DjCBlSBZIg/o5OFRnXY_6w.jpg?size=499x1080&quality=95&sign=0b7b8f4d99a09dee607503a190d3e69c&c_uniq_tag=LJf27ONsL8GI205ag83hjZ-hOjljQSyqhJ-H4Ew3FsQ&type=album","t":"https://sun9-42.userapi.com/impg/N6Uj0ZFYVLNmXeF3-BwcVojad1p9DjCBlSBZIg/o5OFRnXY_6w.jpg?size=279x604&quality=95&sign=71dd7f56012ef10ce00add179a3e84fb&c_uniq_tag=EePIb-L4Ydyer9FJt9QqLrbSt_lCU0jihTLAJ4KSuBA&type=album"},"z":"","q":0,"w":0,"o":528460252,"i":457245477,"d":547307240}],"m":[]},{"i":3090517,"f":528460252,"t":"Может у них проблемы с приложением, но почему мне говорят в Москве остался, а потом через час в приложение высвечивается, потом мне звонят и говорят он уже в Краснодаре","d":547307234,"a":[],"m":[]},{"i":3090516,"f":528460252,"t":"","d":547307197,"a":[{"t":3,"o":528460252,"i":665661424,"n":"audio_msg.opus","e":"ogg","s":116106,"url":"https://vk.com/doc528460252_665661424?hash=5xMvjzcuewknL8svmWJ3JetGwaWMH5AcYFSMP5Vt0zH&dl=u1YlpyhsWtWHzuJEqIvNsQzzSJQvOmg7rx6wi14W7D4&api=1&no_preview=1"}],"m":[]},{"i":3090514,"f":528460252,"t":"Привет","d":547307148,"a":[{"t":0,"s":{"m":"https://sun9-9.userapi.com/impg/Jnz6koKgBMGVmNo6rwCV6UVphqMmXA7U8WXfxw/B-btJbt0JOY.jpg?size=510x900&quality=95&crop=0,0,1170,2065&sign=ecf9ae1c51ada8890f586eaf709d4154&c_uniq_tag=4_j-pJCmtygM6Pk0cRYaFFGCQWaiZLt-c4VDD0lv0yw&type=album","s":"https://sun9-9.userapi.com/impg/Jnz6koKgBMGVmNo6rwCV6UVphqMmXA7U8WXfxw/B-btJbt0JOY.jpg?size=200x433&quality=95&sign=1cd44a7b4b5697a2f41b2e232444f014&c_uniq_tag=ts71_ThLHql8EmYW144F-uMHSqEKbPsKdgMeu3YrjdE&type=album","n":"https://sun9-9.userapi.com/impg/Jnz6koKgBMGVmNo6rwCV6UVphqMmXA7U8WXfxw/B-btJbt0JOY.jpg?size=998x2160&quality=95&sign=182c953a5631d7560c302142416ef2e6&c_uniq_tag=AaAKcGrfi8Jz_U7nm_k1FNpd6SSPDl6XkpjyDMiex-c&type=album","o":"https://sun9-9.userapi.com/impg/Jnz6koKgBMGVmNo6rwCV6UVphqMmXA7U8WXfxw/B-btJbt0JOY.jpg?size=499x1080&quality=95&sign=86d574d465d5fdb1e8b1b14156e3102f&c_uniq_tag=qLsNgw3tgbaVhxe6hmWhpgesgFV0wCOFE20zBadRfXc&type=album","t":"https://sun9-9.userapi.com/impg/Jnz6koKgBMGVmNo6rwCV6UVphqMmXA7U8WXfxw/B-btJbt0JOY.jpg?size=279x604&quality=95&sign=c5df6fdafcc7f302b7709e6dac22719a&c_uniq_tag=36CeneO1ZBgoTYJ1vcTV9vuEIdQcknkuLIhzy3ye_PI&type=album"},"z":"","q":0,"w":0,"o":528460252,"i":457245476,"d":547307148}],"m":[]},{"i":3090119,"f":528460252,"t":"Понял","d":547251861,"a":[],"m":[]},{"i":3090118,"f":15267753,"t":"Да я про сообщение","d":547251808,"a":[],"m":[]},{"i":3090117,"f":528460252,"t":"А завтра нельзя попробовать ?","d":547251783,"a":[],"m":[{"f":15267753,"t":"или отправилось","d":547250457,"a":[]}]},{"i":3090116,"f":15267753,"t":"неа","d":547251765,"a":[],"m":[]},{"i":3090115,"f":528460252,"t":"Тоесть денежкой не получится ?","d":547251757,"a":[],"m":[{"f":15267753,"t":"депозитом на след накл только","d":547250448,"a":[]}]},{"i":3090082,"f":15267753,"t":"хз чет вк гонит весь день","d":547250463,"a":[],"m":[]},{"i":3090080,"f":15267753,"t":"или отправилось","d":547250457,"a":[],"m":[]},{"i":3090079,"f":15267753,"t":"не отправилось чет с компа","d":547250454,"a":[],"m":[]},{"i":3090078,"f":15267753,"t":"депозитом на след накл только","d":547250448,"a":[],"m":[{"f":528460252,"t":"А ты мне скинешь ?","d":547250070,"a":[]}]},{"i":3090075,"f":528460252,"t":"На 50 рублей слез меньше","d":547250388,"a":[],"m":[]},{"i":3090073,"f":528460252,"t":"Спасибо 😂😂😂😂😂","d":547250376,"a":[],"m":[]},{"i":3090072,"f":15267753,"t":"Ну ее верну уж )","d":547250332,"a":[],"m":[]},{"i":3090071,"f":528460252,"t":"Так тут ещё твоя наценка","d":547250313,"a":[],"m":[{"f":15267753,"t":"1432728975\n450","d":546393783,"a":[]}]},{"i":3090066,"f":528460252,"t":"А ты мне скинешь ?","d":547250070,"a":[],"m":[]},{"i":3090062,"f":15267753,"t":".","d":547250007,"a":[],"m":[{"f":15267753,"t":"1432728975\n450","d":546393783,"a":[]}]},{"i":3090061,"f":528460252,"t":"Хорошо а сколько вернули хоть?","d":547249972,"a":[],"m":[]},{"i":3090059,"f":15267753,"t":"ну так всегда почти","d":547249960,"a":[],"m":[]},{"i":3090058,"f":528460252,"t":"Ну капец вместо 5000 вернули только доставку","d":547249944,"a":[],"m":[{"f":528460252,"t":"Клоуны","d":547249922,"a":[]}]},{"i":3090057,"f":528460252,"t":"Ну типо задержки","d":547249926,"a":[],"m":[{"f":528460252,"t":"Да у меня тоже","d":547249904,"a":[]}]},{"i":3090056,"f":528460252,"t":"Клоуны","d":547249922,"a":[],"m":[{"f":15267753,"t":"как они от тебя претензию приняли я ваще хз","d":547249885,"a":[]}]},{"i":3090055,"f":528460252,"t":"Да у меня тоже","d":547249904,"a":[],"m":[{"f":15267753,"t":"у меня много конфликотов со сдеком","d":547249898,"a":[]}]},{"i":3090054,"f":15267753,"t":"у меня много конфликотов со сдеком","d":547249898,"a":[],"m":[]},{"i":3090053,"f":15267753,"t":"ну тут факт)","d":547249891,"a":[],"m":[{"f":528460252,"t":"Ну конченные они","d":547249884,"a":[]}]},{"i":3090052,"f":15267753,"t":"как они от тебя претензию приняли я ваще хз","d":547249885,"a":[],"m":[]},{"i":3090051,"f":528460252,"t":"Ну конченные они","d":547249884,"a":[],"m":[]},{"i":3090050,"f":528460252,"t":"Емаё","d":547249871,"a":[],"m":[{"f":15267753,"t":"ип","d":547249862,"a":[]}]},{"i":3090049,"f":15267753,"t":"нет","d":547249866,"a":[],"m":[{"f":528460252,"t":"Ну деньги","d":547249845,"a":[]}]},{"i":3090048,"f":15267753,"t":"ип","d":547249862,"a":[],"m":[{"f":528460252,"t":"А ты не физик?","d":547249852,"a":[]}]},{"i":3090047,"f":15267753,"t":"они вообще тебе ничего не должны были говорить потому что не ты отправитель","d":547249856,"a":[],"m":[]},{"i":3090046,"f":528460252,"t":"А ты не физик?","d":547249852,"a":[],"m":[{"f":15267753,"t":"если ты физик был бы то да","d":547249837,"a":[]}]},{"i":3090045,"f":528460252,"t":"Ну деньги","d":547249845,"a":[],"m":[{"f":528460252,"t":"А без страховки они товар не вернут?","d":547249836,"a":[]}]},{"i":3090044,"f":15267753,"t":"а так нет","d":547249839,"a":[],"m":[]},{"i":3090043,"f":15267753,"t":"если ты физик был бы то да","d":547249837,"a":[],"m":[]},{"i":3090042,"f":528460252,"t":"А без страховки они товар не вернут?","d":547249836,"a":[],"m":[{"f":15267753,"t":"страховки не было","d":547249763,"a":[]}]},{"i":3090041,"f":15267753,"t":"да ето пиздеж","d":547249833,"a":[],"m":[]},{"i":3090040,"f":528460252,"t":"Они мне сказали вернут ещё за товар деньги","d":547249826,"a":[],"m":[]},{"i":3090039,"f":528460252,"t":"Так я им писал","d":547249816,"a":[],"m":[{"f":15267753,"t":"через менеджеров попробовали бы порешать","d":547249808,"a":[]}]},{"i":3090038,"f":15267753,"t":"уже нет, решение вынесено","d":547249814,"a":[],"m":[{"f":528460252,"t":"И теперь ничего не сделаешь ?","d":547249805,"a":[]}]},{"i":3090037,"f":15267753,"t":"через менеджеров попробовали бы порешать","d":547249808,"a":[],"m":[]},{"i":3090036,"f":528460252,"t":"И теперь ничего не сделаешь ?","d":547249805,"a":[],"m":[]},{"i":3090035,"f":15267753,"t":"да","d":547249797,"a":[],"m":[]},{"i":3090034,"f":528460252,"t":"Что типо товар потеряли?","d":547249793,"a":[],"m":[]},{"i":3090033,"f":15267753,"t":"как только узнал об етом","d":547249785,"a":[],"m":[]},{"i":3090032,"f":15267753,"t":"нада было сразу мне скзаать просто","d":547249782,"a":[],"m":[]},{"i":3090031,"f":528460252,"t":"Ладно","d":547249771,"a":[],"m":[]},{"i":3090029,"f":528460252,"t":"Клоуны","d":547249769,"a":[],"m":[{"f":15267753,"t":"мне вернули стоимость накладной и все","d":547249756,"a":[]}]},{"i":3090027,"f":15267753,"t":"страховки не было","d":547249763,"a":[],"m":[]},{"i":3090026,"f":15267753,"t":"мне вернули стоимость накладной и все","d":547249756,"a":[],"m":[]},{"i":3090025,"f":15267753,"t":"ну кто сказал","d":547249751,"a":[],"m":[{"f":528460252,"t":"И компенсацию должны скинуть тебе","d":547249523,"a":[]}]},{"i":3090007,"f":528460252,"t":"1432728975","d":547249603,"a":[],"m":[]},{"i":3090001,"f":528460252,"t":".","d":547249572,"a":[],"m":[{"f":15267753,"t":"Номер заказа СДЭК 1432728975","d":546103398,"a":[]}]},{"i":3089998,"f":15267753,"t":"какой трек","d":547249532,"a":[],"m":[]},{"i":3089997,"f":528460252,"t":"И компенсацию должны скинуть тебе","d":547249523,"a":[],"m":[]},{"i":3089996,"f":528460252,"t":"Они мой товар потеряли","d":547249506,"a":[],"m":[]},{"i":3089995,"f":528460252,"t":"Я с ними ругался","d":547249481,"a":[],"m":[]},{"i":3089994,"f":15267753,"t":"привет, а с чего ты взял, что придет возврат какой то?","d":547249467,"a":[],"m":[]},{"i":3089332,"f":528460252,"t":"Ок ?","d":547214673,"a":[],"m":[]},{"i":3088591,"f":528460252,"t":"Я хз сколько, я указывал возврат на 5000 типо, а сколько скинут не пойму","d":547146569,"a":[],"m":[]},{"i":3088589,"f":528460252,"t":"Тебе через 1-2 дня придет возврат от сдэк, так как утерян был товар","d":547146436,"a":[],"m":[]},{"i":3088588,"f":528460252,"t":"Илья, привет","d":547146412,"a":[],"m":[]},{"i":3086987,"f":528460252,"t":"Да увидел, спасибо","d":546946620,"a":[],"m":[]},{"i":3086985,"f":15267753,"t":"привет, утром поменяли","d":546946494,"a":[],"m":[]},{"i":3086909,"f":528460252,"t":"Поменяй плиз номер ( кому курьер звонит ) 89912414436","d":546915048,"a":[],"m":[]},{"i":3086908,"f":528460252,"t":"Привкт","d":546915012,"a":[],"m":[]},{"i":3085691,"f":528460252,"t":"Клоунада какая то, пипец","d":546784469,"a":[],"m":[]},{"i":3085690,"f":528460252,"t":"На пятницу","d":546784453,"a":[],"m":[]},{"i":3085689,"f":15267753,"t":"На завтра?","d":546784402,"a":[],"m":[{"f":528460252,"t":"Ну сегодня они, не работают, ладно","d":546784391,"a":[]}]},{"i":3085688,"f":15267753,"t":"","d":546784397,"a":[{"t":0,"s":{"m":"https://sun9-80.userapi.com/impg/h0zMe_p90aL5R5jt6TlelnRfREnlsoualhiJ8w/W0OZsvMNbzU.jpg?size=510x900&quality=95&crop=0,0,1183,2088&sign=22726ac54c179cc36dfb6dcee710b2a6&c_uniq_tag=R96vo-8nHFu3CsTH2-TFS0bTSwYXzynRRWARGDqQxl8&type=album","s":"https://sun9-80.userapi.com/impg/h0zMe_p90aL5R5jt6TlelnRfREnlsoualhiJ8w/W0OZsvMNbzU.jpg?size=200x433&quality=95&sign=d30faee1fad3e8c329ac1993bcffafdf&c_uniq_tag=-43fujMucletJIcufTipUGzd9sqrbVNTsOOD4tYazDI&type=album","n":"https://sun9-80.userapi.com/impg/h0zMe_p90aL5R5jt6TlelnRfREnlsoualhiJ8w/W0OZsvMNbzU.jpg?size=998x2160&quality=95&sign=3f79e318ba5d6b2e9955df1d04f867ff&c_uniq_tag=DWjPovDSPFTtq7wI9swO3Q9_RRC3_O4txs6RJ4sal6U&type=album","o":"https://sun9-80.userapi.com/impg/h0zMe_p90aL5R5jt6TlelnRfREnlsoualhiJ8w/W0OZsvMNbzU.jpg?size=499x1080&quality=95&sign=e2276a768c95855487d9abc7ba5d2f37&c_uniq_tag=zR5HmvLCguqtIlejmDUCgmrk0pIYyzq_4UUtgcP_jps&type=album","t":"https://sun9-80.userapi.com/impg/h0zMe_p90aL5R5jt6TlelnRfREnlsoualhiJ8w/W0OZsvMNbzU.jpg?size=279x604&quality=95&sign=eb34db8186aa1c1de53eda2e9b6b0003&c_uniq_tag=Fh_Zx7S0XQ2ILAn8sob5V5EcjMli0lmSddxcYgMB5Mc&type=album"},"z":"","q":0,"w":0,"o":15267753,"i":457259603,"d":546784396}],"m":[]},{"i":3085686,"f":528460252,"t":"Ну сегодня они, не работают, ладно","d":546784391,"a":[],"m":[]},{"i":3085684,"f":15267753,"t":".","d":546784367,"a":[],"m":[{"f":15267753,"t":"Написано не взяли трубку","d":546784224,"a":[]}]},{"i":3085683,"f":15267753,"t":"","d":546784271,"a":[{"t":0,"s":{"m":"https://sun9-7.userapi.com/impg/AhP1TNrLgOyFGXBIZwqdBVVP092fu-ttwEkdGQ/5q1IwaeDoMI.jpg?size=510x900&quality=95&crop=0,0,1183,2088&sign=3c4e9be245ba0dcdf01266c1db89bf24&c_uniq_tag=_ZRoUgJksBSCjRzWLSumFbp2h2j-W-KYFCx_U3ccZbg&type=album","s":"https://sun9-7.userapi.com/impg/AhP1TNrLgOyFGXBIZwqdBVVP092fu-ttwEkdGQ/5q1IwaeDoMI.jpg?size=200x433&quality=95&sign=3492c5cd6136c195fe8a6a96fc6f0379&c_uniq_tag=S0J-xTEoBxLFMF7xf9MkJhKCrEIXrjO5G_LNZCqPB2w&type=album","n":"https://sun9-7.userapi.com/impg/AhP1TNrLgOyFGXBIZwqdBVVP092fu-ttwEkdGQ/5q1IwaeDoMI.jpg?size=998x2160&quality=95&sign=4b064292c30873187f43eedb950aa5ee&c_uniq_tag=dJIDNWjiBRA0n90wGZJN4crSM_ORyQv8_4SGiVZt9Es&type=album","o":"https://sun9-7.userapi.com/impg/AhP1TNrLgOyFGXBIZwqdBVVP092fu-ttwEkdGQ/5q1IwaeDoMI.jpg?size=499x1080&quality=95&sign=c08147a9a552f47d1ed2d66429090901&c_uniq_tag=FUyfHsTMnXyPXYSIaz4hYNtXbKjZLOr2vvgTeHKAkvA&type=album","t":"https://sun9-7.userapi.com/impg/AhP1TNrLgOyFGXBIZwqdBVVP092fu-ttwEkdGQ/5q1IwaeDoMI.jpg?size=279x604&quality=95&sign=4675efcc22c827788d188c0e47d266ed&c_uniq_tag=Pts38u9XBKZBn2ORWMbRnjx3vwADD_QhpALgyAhC1_o&type=album"},"z":"","q":0,"w":0,"o":15267753,"i":457259602,"d":546784271}],"m":[]},{"i":3085682,"f":528460252,"t":"Хорошо, можем поменять накладную ? Может в ней проблема, заново создать","d":546784252,"a":[],"m":[]},{"i":3085681,"f":15267753,"t":"Написано не взяли трубку","d":546784224,"a":[],"m":[]},{"i":3085680,"f":15267753,"t":"89267919126","d":546784213,"a":[],"m":[]},{"i":3085679,"f":528460252,"t":"Они говорили, что все отдавали уже, может лагает сдэк?","d":546784212,"a":[],"m":[]},{"i":3085677,"f":15267753,"t":"Прив","d":546784172,"a":[],"m":[]},{"i":3085556,"f":528460252,"t":"Они опять, звонили ? Что нет товара ?","d":546775801,"a":[{"t":0,"s":{"m":"https://sun9-35.userapi.com/impg/J-DPpxO4rE2moNOGLMqEWf1E2rQU0R_1yYh_Ew/gvYajfznAew.jpg?size=510x900&quality=95&crop=0,0,1170,2065&sign=7c25f97112d42cbd2adf9265fee6c70f&c_uniq_tag=hA3qC24uEm8a7yMphP4BYjciWgoF4Y1O_2XdKAdNbt8&type=album","s":"https://sun9-35.userapi.com/impg/J-DPpxO4rE2moNOGLMqEWf1E2rQU0R_1yYh_Ew/gvYajfznAew.jpg?size=200x433&quality=95&sign=095356dcf4a09299af04fc570a9be337&c_uniq_tag=l64AjEl1fkpJcCPkehv6D7jOfEcLw0j6IZGJqer-cz0&type=album","n":"https://sun9-35.userapi.com/impg/J-DPpxO4rE2moNOGLMqEWf1E2rQU0R_1yYh_Ew/gvYajfznAew.jpg?size=998x2160&quality=95&sign=4e51b4e24ef7f7cd635611a2b3078ef1&c_uniq_tag=Q6WfAK8nZTTzXuwgJYWbWPY_woj0TPcVjZmpNW73YOg&type=album","o":"https://sun9-35.userapi.com/impg/J-DPpxO4rE2moNOGLMqEWf1E2rQU0R_1yYh_Ew/gvYajfznAew.jpg?size=499x1080&quality=95&sign=fd3225a978bc891c2af9da7f1c73c4d4&c_uniq_tag=fsxMG-7kwazsVDBc1lRZ-7s7JoI0e65Z-FUgfG1-r3o&type=album","t":"https://sun9-35.userapi.com/impg/J-DPpxO4rE2moNOGLMqEWf1E2rQU0R_1yYh_Ew/gvYajfznAew.jpg?size=279x604&quality=95&sign=6ffcaf4589212e1eaaea94f9ad9bd3b7&c_uniq_tag=ttKH5JifG4swapkF721tqs7e6F5OiDFVipkUnAdwm5w&type=album"},"z":"","q":0,"w":0,"o":528460252,"i":457245469,"d":546775788}],"m":[]},{"i":3085555,"f":528460252,"t":"Илья привет","d":546775782,"a":[],"m":[]},{"i":3084516,"f":528460252,"t":"Спасибо","d":546646380,"a":[],"m":[]},{"i":3084515,"f":528460252,"t":"Правильно теперь","d":546646369,"a":[],"m":[]},{"i":3084514,"f":528460252,"t":"Да я увидел","d":546646366,"a":[],"m":[]},{"i":3084513,"f":15267753,"t":"Еще раз глянь","d":546646360,"a":[],"m":[]},{"i":3084512,"f":528460252,"t":"Ну тут номер другой, хз короче","d":546646342,"a":[],"m":[{"f":528460252,"t":"","d":546642436,"a":[{"t":0,"s":{"m":"https://sun9-80.userapi.com/impg/Iwo1JdDJJvg1DKIQOHy7n22-Nj5c7ZwZVlyDvg/9nFgZGQtLvc.jpg?size=510x900&quality=95&crop=0,0,1170,2065&sign=413fb5e3673ea43efe69ddc82ca6067b&c_uniq_tag=Whnx9WPbE_6aYrsne370d_xyk9kMmfT2St8rjVul1o8&type=album","s":"https://sun9-80.userapi.com/impg/Iwo1JdDJJvg1DKIQOHy7n22-Nj5c7ZwZVlyDvg/9nFgZGQtLvc.jpg?size=200x433&quality=95&sign=089ba5f5b86af34e10d1b69b18c29988&c_uniq_tag=YtKcnUF4S-xccH0N8HXJd1RlRxVIxns4mvw3Q-7CtMA&type=album","n":"https://sun9-80.userapi.com/impg/Iwo1JdDJJvg1DKIQOHy7n22-Nj5c7ZwZVlyDvg/9nFgZGQtLvc.jpg?size=998x2160&quality=95&sign=0bae2254e3acf0acff52ee395a291134&c_uniq_tag=FsBjQ-a4nsgVK3akGgV8QTv1jXa_fSUeEoysLdmL4as&type=album","o":"https://sun9-80.userapi.com/impg/Iwo1JdDJJvg1DKIQOHy7n22-Nj5c7ZwZVlyDvg/9nFgZGQtLvc.jpg?size=499x1080&quality=95&sign=8da067a6db753dc191d5b2be256321f8&c_uniq_tag=9Au4V-9VGKMRw1lKdEkBIQ_BdudnRSkM1aQdIOxeZwE&type=album","t":"https://sun9-80.userapi.com/impg/Iwo1JdDJJvg1DKIQOHy7n22-Nj5c7ZwZVlyDvg/9nFgZGQtLvc.jpg?size=279x604&quality=95&sign=16e7d642b4990e560753ab2b343bb804&c_uniq_tag=MB4V8NHi1mjH0E3G4anHTTesiQsFISuEXnjZRmhu_UM&type=album"},"z":"","q":0,"w":0,"o":528460252,"i":457245462,"d":546642295}]}]},{"i":3084510,"f":15267753,"t":"ну странно она говорила звонил ему курьер","d":546646080,"a":[],"m":[]},{"i":3084509,"f":15267753,"t":"поменяли","d":546646072,"a":[],"m":[]},{"i":3084500,"f":528460252,"t":"Поменяй плиз","d":546644984,"a":[],"m":[]},{"i":3084484,"f":528460252,"t":".","d":546642538,"a":[],"m":[{"f":528460252,"t":"Пань Вэйцяо","d":546539070,"a":[]}]},{"i":3084483,"f":528460252,"t":"А надо вот","d":546642533,"a":[],"m":[{"f":528460252,"t":"Пань Вэйцяо","d":546539070,"a":[]}]},{"i":3084482,"f":528460252,"t":"Там откуда \nТы указал твои данные","d":546642527,"a":[],"m":[]},{"i":3084480,"f":528460252,"t":"","d":546642436,"a":[{"t":0,"s":{"m":"https://sun9-80.userapi.com/impg/Iwo1JdDJJvg1DKIQOHy7n22-Nj5c7ZwZVlyDvg/9nFgZGQtLvc.jpg?size=510x900&quality=95&crop=0,0,1170,2065&sign=413fb5e3673ea43efe69ddc82ca6067b&c_uniq_tag=Whnx9WPbE_6aYrsne370d_xyk9kMmfT2St8rjVul1o8&type=album","s":"https://sun9-80.userapi.com/impg/Iwo1JdDJJvg1DKIQOHy7n22-Nj5c7ZwZVlyDvg/9nFgZGQtLvc.jpg?size=200x433&quality=95&sign=089ba5f5b86af34e10d1b69b18c29988&c_uniq_tag=YtKcnUF4S-xccH0N8HXJd1RlRxVIxns4mvw3Q-7CtMA&type=album","n":"https://sun9-80.userapi.com/impg/Iwo1JdDJJvg1DKIQOHy7n22-Nj5c7ZwZVlyDvg/9nFgZGQtLvc.jpg?size=998x2160&quality=95&sign=0bae2254e3acf0acff52ee395a291134&c_uniq_tag=FsBjQ-a4nsgVK3akGgV8QTv1jXa_fSUeEoysLdmL4as&type=album","o":"https://sun9-80.userapi.com/impg/Iwo1JdDJJvg1DKIQOHy7n22-Nj5c7ZwZVlyDvg/9nFgZGQtLvc.jpg?size=499x1080&quality=95&sign=8da067a6db753dc191d5b2be256321f8&c_uniq_tag=9Au4V-9VGKMRw1lKdEkBIQ_BdudnRSkM1aQdIOxeZwE&type=album","t":"https://sun9-80.userapi.com/impg/Iwo1JdDJJvg1DKIQOHy7n22-Nj5c7ZwZVlyDvg/9nFgZGQtLvc.jpg?size=279x604&quality=95&sign=16e7d642b4990e560753ab2b343bb804&c_uniq_tag=MB4V8NHi1mjH0E3G4anHTTesiQsFISuEXnjZRmhu_UM&type=album"},"z":"","q":0,"w":0,"o":528460252,"i":457245462,"d":546642295}],"m":[]},{"i":3084479,"f":528460252,"t":"Ты не те данные указал, я так понял","d":546642429,"a":[],"m":[]},{"i":3084478,"f":528460252,"t":"Привет","d":546642422,"a":[],"m":[]},{"i":3084160,"f":528460252,"t":"Он есть","d":546625776,"a":[],"m":[]},{"i":3084159,"f":528460252,"t":"Ну давай, странно просто","d":546625763,"a":[],"m":[]},{"i":3084158,"f":15267753,"t":"на завтра перенести?","d":546625737,"a":[],"m":[]},{"i":3084157,"f":15267753,"t":"курьер звонил груза нет?","d":546625733,"a":[],"m":[{"f":15267753,"t":"Номер заказа СДЭК 1434108280","d":546539821,"a":[]}]},{"i":3083415,"f":528460252,"t":"Спасибо","d":546539831,"a":[],"m":[]},{"i":3083414,"f":15267753,"t":"отправят когда скажу цену","d":546539829,"a":[],"m":[]},{"i":3083413,"f":15267753,"t":"Номер заказа СДЭК 1434108280","d":546539821,"a":[],"m":[]},{"i":3083401,"f":528460252,"t":"Ну до 2 кг скорее","d":546539513,"a":[],"m":[]},{"i":3083400,"f":528460252,"t":"Форсы обычные","d":546539507,"a":[],"m":[{"f":528460252,"t":"Блин там одна пара кроссовок и мячик","d":546539472,"a":[]}]},{"i":3083398,"f":528460252,"t":"Вес пока не кидали","d":546539475,"a":[],"m":[]},{"i":3083397,"f":528460252,"t":"Блин там одна пара кроссовок и мячик","d":546539472,"a":[],"m":[]},{"i":3083396,"f":15267753,"t":"габарит?","d":546539446,"a":[],"m":[]},{"i":3083390,"f":528460252,"t":"Вот","d":546539096,"a":[],"m":[]},{"i":3083389,"f":528460252,"t":"Понедельник 14-18:00 курьер","d":546539088,"a":[],"m":[]},{"i":3083388,"f":528460252,"t":"Пань Вэйцяо","d":546539070,"a":[],"m":[]},{"i":3083387,"f":528460252,"t":"89267919126!","d":546539059,"a":[],"m":[]},{"i":3083386,"f":528460252,"t":"Улица дружбы 10/32. Подъезд 8","d":546539047,"a":[],"m":[]},{"i":3083384,"f":528460252,"t":"Это куда","d":546539035,"a":[],"m":[]},{"i":3083383,"f":528460252,"t":"89885586367!\n\nАдрес: \nКраснодар; Гаврилова 100 \nИмя фамилия отчество: \nИванов Данил Романович","d":546539032,"a":[],"m":[]},{"i":3083378,"f":15267753,"t":"Пиши данные","d":546538875,"a":[],"m":[]},{"i":3083377,"f":15267753,"t":"Прив","d":546538873,"a":[],"m":[]},{"i":3083376,"f":528460252,"t":"?","d":546538864,"a":[],"m":[]},{"i":3083375,"f":528460252,"t":"Можем оформить сдэк !","d":546538862,"a":[],"m":[]},{"i":3083373,"f":528460252,"t":"Привет","d":546538851,"a":[],"m":[]},{"i":3082382,"f":528460252,"t":"","d":546421177,"a":[{"t":0,"s":{"m":"https://sun9-8.userapi.com/impg/vwjTqVE10Nm5grF2YphwI-Zz2VmQKg0ApkX-yA/meJbTC2hBg8.jpg?size=510x900&quality=95&crop=0,0,1170,2065&sign=9b62bd0fa53344e711c1c251cd979289&c_uniq_tag=0Qp6WBnPp0bHdEz8hFc0nN0vJwBgqUIVOxzwxccVdvM&type=album","s":"https://sun9-8.userapi.com/impg/vwjTqVE10Nm5grF2YphwI-Zz2VmQKg0ApkX-yA/meJbTC2hBg8.jpg?size=200x433&quality=95&sign=f9ca1d30467243e2f03c725f39a9f0d1&c_uniq_tag=ck9IxEdJXah_A3Y77e5M5vmrtXQyYSkZR1d9BN1rcwI&type=album","n":"https://sun9-8.userapi.com/impg/vwjTqVE10Nm5grF2YphwI-Zz2VmQKg0ApkX-yA/meJbTC2hBg8.jpg?size=998x2160&quality=95&sign=5c84ff8565f89c52997ac4bb9ade2fe2&c_uniq_tag=zrpZHBBSNYDQFGxoZo36cuU8ETgufTUouDcP9qhJKdM&type=album","o":"https://sun9-8.userapi.com/impg/vwjTqVE10Nm5grF2YphwI-Zz2VmQKg0ApkX-yA/meJbTC2hBg8.jpg?size=499x1080&quality=95&sign=da37324129e438bf73f4063de0c2502f&c_uniq_tag=sFoKXbU7AK9FW74HcsbGaE6qaondl6ElDLWO4I95diw&type=album","t":"https://sun9-8.userapi.com/impg/vwjTqVE10Nm5grF2YphwI-Zz2VmQKg0ApkX-yA/meJbTC2hBg8.jpg?size=279x604&quality=95&sign=18cc5bb4202293e5b07d979e545879f7&c_uniq_tag=uDgJ-MI5ugTWhURYS64Pe-Jre00aEjhOB_phYZJf_cI&type=album"},"z":"","q":0,"w":0,"o":528460252,"i":457245444,"d":546421176}],"m":[]},{"i":3082381,"f":528460252,"t":"Спасибо тебе ❤️","d":546421175,"a":[],"m":[]},{"i":3082380,"f":528460252,"t":"Сейчас скину","d":546421017,"a":[],"m":[]},{"i":3082311,"f":15267753,"t":"1432728975\n450","d":546393783,"a":[],"m":[]},{"i":3082310,"f":15267753,"t":"првиет","d":546393782,"a":[],"m":[]},{"i":3079012,"f":528460252,"t":"Спасибо и извини за беспокойство","d":546132279,"a":[],"m":[]},{"i":3079011,"f":528460252,"t":"Тогда скину 27 днем уже","d":546132272,"a":[],"m":[]},{"i":3079010,"f":528460252,"t":"А понял","d":546132266,"a":[],"m":[]},{"i":3079009,"f":15267753,"t":"Завтра гляну как она со сдека того уедет","d":546132259,"a":[],"m":[]},{"i":3079008,"f":528460252,"t":"Переведу","d":546132122,"a":[],"m":[]},{"i":3079007,"f":528460252,"t":"Переведи","d":546132119,"a":[],"m":[]},{"i":3079006,"f":528460252,"t":"Сколько я тебе должен","d":546132117,"a":[],"m":[]},{"i":3079005,"f":528460252,"t":"Все норм","d":546132114,"a":[],"m":[]},{"i":3079004,"f":528460252,"t":"Так","d":546132112,"a":[],"m":[]},{"i":3078998,"f":15267753,"t":"я хз","d":546130420,"a":[],"m":[]},{"i":3078997,"f":528460252,"t":"Ну так же можно делать ?","d":546130370,"a":[],"m":[{"f":15267753,"t":"Ну наверно да","d":546129863,"a":[]}]},{"i":3078994,"f":528460252,"t":"Да ок ок","d":546129871,"a":[],"m":[]},{"i":3078993,"f":15267753,"t":"Ну уточни лучш","d":546129867,"a":[],"m":[]},{"i":3078992,"f":15267753,"t":"Ну наверно да","d":546129863,"a":[],"m":[]},{"i":3078991,"f":528460252,"t":"Может он просто этому передал и тот отнес в сдэк ?","d":546129851,"a":[],"m":[]},{"i":3078990,"f":528460252,"t":"Ещё днем","d":546129839,"a":[],"m":[]},{"i":3078989,"f":528460252,"t":"Это вот он мне отправил","d":546129835,"a":[],"m":[]},{"i":3078988,"f":528460252,"t":"","d":546129830,"a":[],"m":[{"f":536388419,"t":"","d":546104297,"a":[{"t":3,"o":536388419,"i":663474376,"n":"audio_msg.opus","e":"ogg","s":28395,"url":"https://vk.com/doc536388419_663474376?hash=L2KnWTRpLVdEret6tgdhFK542wGBE5V0w8eoCfuXttk&dl=UdP5poIHRPUiXyI3j1CA1ejEeHPUiZF3LmtaND0vtIX&api=1&no_preview=1"}]}]},{"i":3078978,"f":528460252,"t":"Пока не отвечает","d":546129170,"a":[],"m":[]},{"i":3078976,"f":528460252,"t":"Да я щас узнаю","d":546129167,"a":[],"m":[{"f":15267753,"t":"он типа отдал заодно когда у него курьер был или что не пойму )","d":546129143,"a":[]}]},{"i":3078975,"f":15267753,"t":"он типа отдал заодно когда у него курьер был или что не пойму )","d":546129143,"a":[],"m":[]},{"i":3078974,"f":528460252,"t":"Просто тут решил через тебя","d":546129105,"a":[],"m":[]},{"i":3078973,"f":528460252,"t":"Я всегда на него делаю","d":546129076,"a":[],"m":[]},{"i":3078972,"f":528460252,"t":"Номер тот","d":546129072,"a":[],"m":[]},{"i":3078955,"f":15267753,"t":"он номер не тот назвал?","d":546128493,"a":[],"m":[]},{"i":3078951,"f":528460252,"t":"А там когда курьер приходит, он говорит номер свой типо","d":546128294,"a":[],"m":[{"f":528460252,"t":"А как он может быть передан?","d":546127916,"a":[{"t":0,"s":{"m":"https://sun9-20.userapi.com/impg/FcmfAudXoytwVRlcfxNqC9WjET1UMdoFQba3tA/eRy3ijKSeTU.jpg?size=510x900&quality=95&crop=0,0,1170,2065&sign=0e44cb88a9c65d3087bcd298a45b12ea&c_uniq_tag=4-4Zzlft9PdupUaeOqjP5b_2XbkJAbV2pgF2St4jtJA&type=album","s":"https://sun9-20.userapi.com/impg/FcmfAudXoytwVRlcfxNqC9WjET1UMdoFQba3tA/eRy3ijKSeTU.jpg?size=200x433&quality=95&sign=5616a3b3777227732ac11e8b1db15034&c_uniq_tag=CkmYtXEbHaga15Q1xA9XjIOnPbCcWQmPNXGz8sDP-M4&type=album","n":"https://sun9-20.userapi.com/impg/FcmfAudXoytwVRlcfxNqC9WjET1UMdoFQba3tA/eRy3ijKSeTU.jpg?size=998x2160&quality=95&sign=0fe0a37dfe25204c7b8cc6105eb104b4&c_uniq_tag=exbKHfxQRj0cbR3LPZvi0vOGPbj_7KJdU_UHXf0HE18&type=album","o":"https://sun9-20.userapi.com/impg/FcmfAudXoytwVRlcfxNqC9WjET1UMdoFQba3tA/eRy3ijKSeTU.jpg?size=499x1080&quality=95&sign=c2e44010ea116ec8a3fa8ff96785dc40&c_uniq_tag=VQeV3CTqBP8KeHIoRjD8ubO88d95gy6qk0hfeV95ic4&type=album","t":"https://sun9-20.userapi.com/impg/FcmfAudXoytwVRlcfxNqC9WjET1UMdoFQba3tA/eRy3ijKSeTU.jpg?size=279x604&quality=95&sign=6d3eade754fd4ae2dc2c3d37d469c39e&c_uniq_tag=RRfjmB4eW9FiKRMEjWwLeWqyo1HlaDkdx_-MPXUr5eg&type=album"},"z":"","q":0,"w":0,"o":528460252,"i":457245442,"d":546127903}]}]},{"i":3078948,"f":528460252,"t":"Щас я спросил","d":546128130,"a":[],"m":[]},{"i":3078947,"f":528460252,"t":"Сколько вышло?","d":546128106,"a":[],"m":[]},{"i":3078946,"f":528460252,"t":"А понял","d":546128101,"a":[],"m":[]},{"i":3078945,"f":15267753,"t":"Эт дефолт","d":546128096,"a":[],"m":[]},{"i":3078942,"f":528460252,"t":"Странные","d":546128082,"a":[],"m":[]},{"i":3078941,"f":528460252,"t":"Габариты тоже","d":546128081,"a":[],"m":[]},{"i":3078940,"f":528460252,"t":"","d":546128076,"a":[{"t":0,"s":{"m":"https://sun9-66.userapi.com/impg/7Vf_SqlGyWRkotDgXea_sdL-S8hj7760BMxDQw/ucCffha6SmY.jpg?size=510x900&quality=95&crop=0,0,1170,2065&sign=dc8c151ef3002538890895d23c5d0483&c_uniq_tag=S4b7j225jr_zBZdrL9q59t357Ec1AD5-71SSSPTjnYU&type=album","s":"https://sun9-66.userapi.com/impg/7Vf_SqlGyWRkotDgXea_sdL-S8hj7760BMxDQw/ucCffha6SmY.jpg?size=200x433&quality=95&sign=8c981e51d182d3bdb85edf285d6d6a95&c_uniq_tag=mRxdBBP2Zdg8l2YllxbkupEyzSUcFxjuoZCDgXW3PnI&type=album","n":"https://sun9-66.userapi.com/impg/7Vf_SqlGyWRkotDgXea_sdL-S8hj7760BMxDQw/ucCffha6SmY.jpg?size=998x2160&quality=95&sign=2590e782fecff46db34082754fab27d2&c_uniq_tag=NoN7hyOBx2uz-_Be1qIVglaWWMaCIr1mws9Ux9qrWf0&type=album","o":"https://sun9-66.userapi.com/impg/7Vf_SqlGyWRkotDgXea_sdL-S8hj7760BMxDQw/ucCffha6SmY.jpg?size=499x1080&quality=95&sign=ccdaa433159cb7e4bfa2ebe760c52836&c_uniq_tag=wpIMY1IZDWZVWFFugwqhDR-UQxqaj2n0N1xPxUfZKcA&type=album","t":"https://sun9-66.userapi.com/impg/7Vf_SqlGyWRkotDgXea_sdL-S8hj7760BMxDQw/ucCffha6SmY.jpg?size=279x604&quality=95&sign=df92cf077d9efe19db3b7e90174f2e36&c_uniq_tag=9hX-weCb8hLnqwLKir4jZyi7LddCHG0KnALHgCsVUQA&type=album"},"z":"","q":0,"w":0,"o":528460252,"i":457245443,"d":546128076}],"m":[]},{"i":3078938,"f":528460252,"t":"Странно как то","d":546128043,"a":[],"m":[]},{"i":3078937,"f":528460252,"t":"Хорошо","d":546128030,"a":[],"m":[]},{"i":3078935,"f":15267753,"t":"А уточнить можешь у него?","d":546128025,"a":[],"m":[]},{"i":3078934,"f":15267753,"t":"Хм","d":546128020,"a":[],"m":[]},{"i":3078930,"f":528460252,"t":"😂","d":546127964,"a":[],"m":[]},{"i":3078927,"f":528460252,"t":"А как он может быть передан?","d":546127916,"a":[{"t":0,"s":{"m":"https://sun9-20.userapi.com/impg/FcmfAudXoytwVRlcfxNqC9WjET1UMdoFQba3tA/eRy3ijKSeTU.jpg?size=510x900&quality=95&crop=0,0,1170,2065&sign=0e44cb88a9c65d3087bcd298a45b12ea&c_uniq_tag=4-4Zzlft9PdupUaeOqjP5b_2XbkJAbV2pgF2St4jtJA&type=album","s":"https://sun9-20.userapi.com/impg/FcmfAudXoytwVRlcfxNqC9WjET1UMdoFQba3tA/eRy3ijKSeTU.jpg?size=200x433&quality=95&sign=5616a3b3777227732ac11e8b1db15034&c_uniq_tag=CkmYtXEbHaga15Q1xA9XjIOnPbCcWQmPNXGz8sDP-M4&type=album","n":"https://sun9-20.userapi.com/impg/FcmfAudXoytwVRlcfxNqC9WjET1UMdoFQba3tA/eRy3ijKSeTU.jpg?size=998x2160&quality=95&sign=0fe0a37dfe25204c7b8cc6105eb104b4&c_uniq_tag=exbKHfxQRj0cbR3LPZvi0vOGPbj_7KJdU_UHXf0HE18&type=album","o":"https://sun9-20.userapi.com/impg/FcmfAudXoytwVRlcfxNqC9WjET1UMdoFQba3tA/eRy3ijKSeTU.jpg?size=499x1080&quality=95&sign=c2e44010ea116ec8a3fa8ff96785dc40&c_uniq_tag=VQeV3CTqBP8KeHIoRjD8ubO88d95gy6qk0hfeV95ic4&type=album","t":"https://sun9-20.userapi.com/impg/FcmfAudXoytwVRlcfxNqC9WjET1UMdoFQba3tA/eRy3ijKSeTU.jpg?size=279x604&quality=95&sign=6d3eade754fd4ae2dc2c3d37d469c39e&c_uniq_tag=RRfjmB4eW9FiKRMEjWwLeWqyo1HlaDkdx_-MPXUr5eg&type=album"},"z":"","q":0,"w":0,"o":528460252,"i":457245442,"d":546127903}],"m":[]},{"i":3078926,"f":528460252,"t":"Привет","d":546127908,"a":[],"m":[]},{"i":3078447,"f":528460252,"t":"Принял","d":546104439,"a":[],"m":[]},{"i":3078446,"f":528460252,"t":"Спасибо 🙏","d":546104435,"a":[],"m":[]},{"i":3078444,"f":15267753,"t":"до 15 делается на сегодня курьер","d":546104342,"a":[],"m":[]},{"i":3078443,"f":15267753,"t":"сегодня все уже","d":546104332,"a":[],"m":[]},{"i":3078442,"f":528460252,"t":"Поменять ? Он успеет?","d":546104329,"a":[],"m":[]},{"i":3078441,"f":528460252,"t":"На сегодня поставить ?","d":546104323,"a":[],"m":[]},{"i":3078440,"f":528460252,"t":"Поменять курьера","d":546104320,"a":[],"m":[]},{"i":3078439,"f":528460252,"t":"Можем","d":546104312,"a":[],"m":[]},{"i":3078407,"f":528460252,"t":"","d":546103887,"a":[{"t":3,"o":528460252,"i":664899809,"n":"audio_msg.opus","e":"ogg","s":16547,"url":"https://vk.com/doc528460252_664899809?hash=iHdXKR9R2PTqkaLKNgfQqVEg2tyDYcblhuSw7v82gLc&dl=QftzniAokR5okw2OvzwZgkx5PQ3LopAO55qrxffHUtw&api=1&no_preview=1"}],"m":[]},{"i":3078405,"f":15267753,"t":"89059515168 сбер","d":546103876,"a":[],"m":[]},{"i":3078403,"f":528460252,"t":"Скинь номер","d":546103874,"a":[],"m":[]},{"i":3078402,"f":15267753,"t":"как удобно тебе!","d":546103872,"a":[],"m":[]},{"i":3078401,"f":15267753,"t":"ну давай так","d":546103868,"a":[],"m":[]},{"i":3078398,"f":528460252,"t":"Так можно","d":546103844,"a":[],"m":[]},{"i":3078397,"f":528460252,"t":"Илья, я уезжаю на военные сборы, давай я тебе скину щас рублей 700 я 27 вернусь \nИ там остаток ты мне вернешь или я докину ?","d":546103841,"a":[],"m":[]},{"i":3078358,"f":528460252,"t":"Чуд чуд?","d":546103455,"a":[],"m":[{"f":15267753,"t":"чуд чуд )","d":546103442,"a":[]}]},{"i":3078357,"f":528460252,"t":"Оки","d":546103447,"a":[],"m":[{"f":15267753,"t":"завтра и скажу все","d":546103439,"a":[]}]},{"i":3078356,"f":15267753,"t":"50-100р от суммы","d":546103447,"a":[],"m":[]},{"i":3078355,"f":15267753,"t":"чуд чуд )","d":546103442,"a":[],"m":[]},{"i":3078354,"f":15267753,"t":"завтра и скажу все","d":546103439,"a":[],"m":[]},{"i":3078353,"f":528460252,"t":"За работу","d":546103430,"a":[],"m":[]},{"i":3078352,"f":528460252,"t":"А тебе сколько надо заплатить ?","d":546103428,"a":[],"m":[{"f":15267753,"t":"вечерком завтра скажешь скажу цену","d":546103406,"a":[]}]},{"i":3078351,"f":528460252,"t":"Мне пришло","d":546103420,"a":[],"m":[]},{"i":3078350,"f":528460252,"t":"Оки","d":546103417,"a":[],"m":[]},{"i":3078349,"f":15267753,"t":"вечерком завтра скажешь скажу цену","d":546103406,"a":[],"m":[]},{"i":3078348,"f":15267753,"t":"Номер заказа СДЭК 1432728975","d":546103398,"a":[],"m":[{"f":528460252,"t":"89885586367!\n\nАдрес: \nКраснодар; Монтажников 3 б\nИмя фамилия отчество: \nИванов Данил Романович","d":546102835,"a":[]}]},{"i":3078338,"f":528460252,"t":"Вот","d":546102837,"a":[],"m":[]},{"i":3078337,"f":528460252,"t":"89885586367!\n\nАдрес: \nКраснодар; Монтажников 3 б\nИмя фамилия отчество: \nИванов Данил Романович","d":546102835,"a":[],"m":[]},{"i":3078336,"f":15267753,"t":"фио","d":546102811,"a":[],"m":[]},{"i":3078335,"f":15267753,"t":"тел город пункт","d":546102809,"a":[],"m":[]},{"i":3078332,"f":15267753,"t":"и куда","d":546102756,"a":[],"m":[]},{"i":3078330,"f":528460252,"t":"Вот","d":546102732,"a":[],"m":[]},{"i":3078328,"f":528460252,"t":"Завтра 14-18:00 курьер","d":546102692,"a":[],"m":[]},{"i":3078327,"f":528460252,"t":"Пань Вэйцяо","d":546102692,"a":[],"m":[]},{"i":3078326,"f":528460252,"t":"89267919126!","d":546102692,"a":[],"m":[]},{"i":3078325,"f":528460252,"t":"Улица дружбы 10/32. Подъезд 8","d":546102691,"a":[],"m":[]},{"i":3078323,"f":15267753,"t":"ну уже готовую упакованную посылку","d":546102596,"a":[],"m":[{"f":528460252,"t":"Он типо забирает и отвозит в сдэк","d":546102407,"a":[]}]},{"i":3078321,"f":528460252,"t":"Давай","d":546102419,"a":[],"m":[{"f":15267753,"t":"могу сделать так а там в сдеке подредачат","d":546102369,"a":[]}]},{"i":3078320,"f":528460252,"t":"Он типо забирает и отвозит в сдэк","d":546102407,"a":[],"m":[]},{"i":3078319,"f":15267753,"t":"он тебюе не принесет коробку","d":546102404,"a":[],"m":[]},{"i":3078318,"f":15267753,"t":"курьер своя упаоквка","d":546102396,"a":[],"m":[]},{"i":3078317,"f":528460252,"t":"Ну да","d":546102396,"a":[],"m":[{"f":15267753,"t":"забирать?","d":546102391,"a":[]}]},{"i":3078316,"f":15267753,"t":"забирать?","d":546102391,"a":[],"m":[]},{"i":3078314,"f":528460252,"t":"Ну там курьер просто","d":546102379,"a":[],"m":[]},{"i":3078313,"f":15267753,"t":"могу сделать так а там в сдеке подредачат","d":546102369,"a":[],"m":[]},{"i":3078312,"f":15267753,"t":"такое хз","d":546102360,"a":[],"m":[{"f":528460252,"t":"У меня там 3 пары и 8 вещей \nЕсть такая инфа, какой это размер коробки","d":546102344,"a":[{"t":0,"s":{"m":"https://sun9-68.userapi.com/impg/dOg235sjfIA1s19A3Dkly9bckqFOs6DzG7-FpA/JHIcFnjCsQQ.jpg?size=510x680&quality=95&sign=0b53ac89ecaab339c02d9b0ca77b6041&c_uniq_tag=UqPn5Q8DQOX3eHVlsmlGRLiZKMP8LZfMLSWWgwA4TLA&type=album","s":"https://sun9-68.userapi.com/impg/dOg235sjfIA1s19A3Dkly9bckqFOs6DzG7-FpA/JHIcFnjCsQQ.jpg?size=200x267&quality=95&sign=0de518713cf7e2c20720f77c4b4dd4bf&c_uniq_tag=Dh8JySXBu-cwLWyij2VPWO7dZzVX6Q2FsKoWzmYSYes&type=album","n":"https://sun9-68.userapi.com/impg/dOg235sjfIA1s19A3Dkly9bckqFOs6DzG7-FpA/JHIcFnjCsQQ.jpg?size=1620x2160&quality=95&sign=3a71a8bbbc30bc9237d08605d70d1530&c_uniq_tag=yrv3xjFbITpXANrLnxMv0iDhSx88TRYCfv7Kb9M81sQ&type=album","o":"https://sun9-68.userapi.com/impg/dOg235sjfIA1s19A3Dkly9bckqFOs6DzG7-FpA/JHIcFnjCsQQ.jpg?size=810x1080&quality=95&sign=4641694d32b926a1e7e7f989ab6e73e4&c_uniq_tag=Bk4gTAeN8Na7p6NplmAv28mvmfppEaoMZLCApvN7RcA&type=album","t":"https://sun9-68.userapi.com/impg/dOg235sjfIA1s19A3Dkly9bckqFOs6DzG7-FpA/JHIcFnjCsQQ.jpg?size=453x604&quality=95&sign=432502855ba71840dde06308848dafdd&c_uniq_tag=kr8_q9iTxDWy_v_jCRtvAdNYdeyoI3B5KhPh_6gk1Kc&type=album"},"z":"","q":0,"w":0,"o":528460252,"i":457245440,"d":546102327}]}]},{"i":3078311,"f":528460252,"t":"8.8 кг","d":546102352,"a":[],"m":[{"f":528460252,"t":"У меня там 3 пары и 8 вещей \nЕсть такая инфа, какой это размер коробки","d":546102344,"a":[{"t":0,"s":{"m":"https://sun9-68.userapi.com/impg/dOg235sjfIA1s19A3Dkly9bckqFOs6DzG7-FpA/JHIcFnjCsQQ.jpg?size=510x680&quality=95&sign=0b53ac89ecaab339c02d9b0ca77b6041&c_uniq_tag=UqPn5Q8DQOX3eHVlsmlGRLiZKMP8LZfMLSWWgwA4TLA&type=album","s":"https://sun9-68.userapi.com/impg/dOg235sjfIA1s19A3Dkly9bckqFOs6DzG7-FpA/JHIcFnjCsQQ.jpg?size=200x267&quality=95&sign=0de518713cf7e2c20720f77c4b4dd4bf&c_uniq_tag=Dh8JySXBu-cwLWyij2VPWO7dZzVX6Q2FsKoWzmYSYes&type=album","n":"https://sun9-68.userapi.com/impg/dOg235sjfIA1s19A3Dkly9bckqFOs6DzG7-FpA/JHIcFnjCsQQ.jpg?size=1620x2160&quality=95&sign=3a71a8bbbc30bc9237d08605d70d1530&c_uniq_tag=yrv3xjFbITpXANrLnxMv0iDhSx88TRYCfv7Kb9M81sQ&type=album","o":"https://sun9-68.userapi.com/impg/dOg235sjfIA1s19A3Dkly9bckqFOs6DzG7-FpA/JHIcFnjCsQQ.jpg?size=810x1080&quality=95&sign=4641694d32b926a1e7e7f989ab6e73e4&c_uniq_tag=Bk4gTAeN8Na7p6NplmAv28mvmfppEaoMZLCApvN7RcA&type=album","t":"https://sun9-68.userapi.com/impg/dOg235sjfIA1s19A3Dkly9bckqFOs6DzG7-FpA/JHIcFnjCsQQ.jpg?size=453x604&quality=95&sign=432502855ba71840dde06308848dafdd&c_uniq_tag=kr8_q9iTxDWy_v_jCRtvAdNYdeyoI3B5KhPh_6gk1Kc&type=album"},"z":"","q":0,"w":0,"o":528460252,"i":457245440,"d":546102327}]}]},{"i":3078310,"f":528460252,"t":"У меня там 3 пары и 8 вещей \nЕсть такая инфа, какой это размер коробки","d":546102344,"a":[{"t":0,"s":{"m":"https://sun9-68.userapi.com/impg/dOg235sjfIA1s19A3Dkly9bckqFOs6DzG7-FpA/JHIcFnjCsQQ.jpg?size=510x680&quality=95&sign=0b53ac89ecaab339c02d9b0ca77b6041&c_uniq_tag=UqPn5Q8DQOX3eHVlsmlGRLiZKMP8LZfMLSWWgwA4TLA&type=album","s":"https://sun9-68.userapi.com/impg/dOg235sjfIA1s19A3Dkly9bckqFOs6DzG7-FpA/JHIcFnjCsQQ.jpg?size=200x267&quality=95&sign=0de518713cf7e2c20720f77c4b4dd4bf&c_uniq_tag=Dh8JySXBu-cwLWyij2VPWO7dZzVX6Q2FsKoWzmYSYes&type=album","n":"https://sun9-68.userapi.com/impg/dOg235sjfIA1s19A3Dkly9bckqFOs6DzG7-FpA/JHIcFnjCsQQ.jpg?size=1620x2160&quality=95&sign=3a71a8bbbc30bc9237d08605d70d1530&c_uniq_tag=yrv3xjFbITpXANrLnxMv0iDhSx88TRYCfv7Kb9M81sQ&type=album","o":"https://sun9-68.userapi.com/impg/dOg235sjfIA1s19A3Dkly9bckqFOs6DzG7-FpA/JHIcFnjCsQQ.jpg?size=810x1080&quality=95&sign=4641694d32b926a1e7e7f989ab6e73e4&c_uniq_tag=Bk4gTAeN8Na7p6NplmAv28mvmfppEaoMZLCApvN7RcA&type=album","t":"https://sun9-68.userapi.com/impg/dOg235sjfIA1s19A3Dkly9bckqFOs6DzG7-FpA/JHIcFnjCsQQ.jpg?size=453x604&quality=95&sign=432502855ba71840dde06308848dafdd&c_uniq_tag=kr8_q9iTxDWy_v_jCRtvAdNYdeyoI3B5KhPh_6gk1Kc&type=album"},"z":"","q":0,"w":0,"o":528460252,"i":457245440,"d":546102327}],"m":[]},{"i":3078309,"f":528460252,"t":"Сможешь ?","d":546102314,"a":[],"m":[]},{"i":3078308,"f":15267753,"t":"привет","d":546102292,"a":[],"m":[]},{"i":3078307,"f":528460252,"t":"Сдэк","d":546102288,"a":[],"m":[]},{"i":3078305,"f":528460252,"t":"Кирилл, дал твой контакт по поводу отправки","d":546102287,"a":[],"m":[]},{"i":3078302,"f":528460252,"t":"Привет","d":546102210,"a":[],"m":[]}]}