{"meta":{"v":"1.2","p":388648346,"a":15267753,"t":"Дмитрий Михальцов","d":1691416349},"data":[{"i":2314655,"f":388648346,"t":"жаль","d":496675496,"a":[],"m":[]},{"i":2314653,"f":15267753,"t":"только 9.5","d":496675491,"a":[],"m":[]},{"i":2314652,"f":15267753,"t":"привет","d":496675488,"a":[],"m":[]},{"i":2314649,"f":388648346,"t":"шоксы чёрные 12 us есть?","d":496675437,"a":[],"m":[]},{"i":2314648,"f":388648346,"t":"привет","d":496675429,"a":[],"m":[]}]}