{"meta":{"v":"1.2","p":438193500,"a":15267753,"t":"Андрей Петров","d":1691416341},"data":[{"i":2325744,"f":15267753,"t":"+++","d":497449749,"a":[],"m":[]},{"i":2325743,"f":438193500,"t":"","d":497449748,"a":[{"t":4}],"m":[]},{"i":2325742,"f":438193500,"t":"Перевёл","d":497449745,"a":[],"m":[]},{"i":2325738,"f":15267753,"t":"Накладная успешно создана с номером: 1287753325\n350","d":497449499,"a":[],"m":[]},{"i":2325734,"f":438193500,"t":"Отправка из Санкт-Петербурга \n33х23х13\n1.2 кг\n\nВеселов Борис Вячеславович\n\n80295364544\n\nПВЗ: ул.Виленская 13а (Беларусь, г. Молодечно)","d":497449387,"a":[],"m":[]},{"i":2325733,"f":15267753,"t":"Да","d":497449242,"a":[],"m":[]},{"i":2325732,"f":15267753,"t":"Привет","d":497449240,"a":[],"m":[]},{"i":2325731,"f":438193500,"t":"Сделаешь сейчас накладную?","d":497449235,"a":[],"m":[]},{"i":2325729,"f":438193500,"t":"Привет","d":497449227,"a":[],"m":[]},{"i":2024238,"f":15267753,"t":"+","d":479911419,"a":[],"m":[]},{"i":2024237,"f":438193500,"t":"","d":479911418,"a":[{"t":4}],"m":[]},{"i":2024233,"f":438193500,"t":"Я там ещё пакет за 50р взял, за него сейчас переведу","d":479911385,"a":[],"m":[]},{"i":2024206,"f":15267753,"t":"+","d":479909842,"a":[],"m":[]},{"i":2024199,"f":438193500,"t":"Спасибо!","d":479909580,"a":[],"m":[]},{"i":2024198,"f":438193500,"t":"Перевёл","d":479909577,"a":[],"m":[]},{"i":2024180,"f":15267753,"t":"500","d":479909100,"a":[],"m":[]},{"i":2024179,"f":15267753,"t":"Накладная успешно создана с номером: 1244707070","d":479909097,"a":[],"m":[]},{"i":2024132,"f":438193500,"t":"Из Санкт-Петербурга\n35х27х9\n0.7 кг \n\nСивоголовко Владислав Юрьевич\n\n+79600156690\n\nПВЗ: Архангельск, ул. Свободы 53","d":479908518,"a":[],"m":[]},{"i":2024125,"f":15267753,"t":"Да","d":479908041,"a":[],"m":[]},{"i":2024124,"f":15267753,"t":"Привет","d":479908040,"a":[],"m":[]},{"i":2024114,"f":438193500,"t":"Привет 👋🏼 накладную сдэк сделаешь?","d":479906807,"a":[],"m":[]},{"i":1998600,"f":15267753,"t":"+","d":478440037,"a":[],"m":[]},{"i":1998598,"f":438193500,"t":"Спасибо!","d":478440024,"a":[],"m":[]},{"i":1998596,"f":438193500,"t":"Перевёл","d":478440019,"a":[],"m":[]},{"i":1998595,"f":15267753,"t":"89059515168 сбер","d":478439973,"a":[],"m":[]},{"i":1998594,"f":15267753,"t":"350","d":478439955,"a":[],"m":[]},{"i":1998593,"f":15267753,"t":"Накладная успешно создана с номером: 1240963060","d":478439954,"a":[],"m":[]},{"i":1998590,"f":438193500,"t":"Из г. Мурино, Ленинградская обл в Беларусь\n35х23х12\n1 кг \n\nКоноплёв Александр Александрович\n\n+375 29 788 5393\n\nПВЗ: Могилев, Могилевская область ул, Островского 15","d":478439805,"a":[],"m":[]},{"i":1998589,"f":15267753,"t":"Да","d":478439710,"a":[],"m":[]},{"i":1998588,"f":15267753,"t":"Привет","d":478439709,"a":[],"m":[]},{"i":1998587,"f":438193500,"t":"Сможешь сейчас сделать накладную сдэк?","d":478439701,"a":[],"m":[]},{"i":1998586,"f":438193500,"t":"Привет","d":478439686,"a":[],"m":[]},{"i":1707127,"f":15267753,"t":"Привет, кайф! носи с удовольствием)","d":462894329,"a":[],"m":[]},{"i":1706111,"f":438193500,"t":"Привет! куртку получил, всё супер, спасибо 💪🏻","d":462837820,"a":[],"m":[]},{"i":1693433,"f":438193500,"t":"Круть, спасибо! жду)","d":462213857,"a":[],"m":[]},{"i":1693408,"f":15267753,"t":"","d":462213660,"a":[{"t":0,"s":{"m":"https://sun9-59.userapi.com/impg/SkNZr04qkjGBR1J8V8_QTeLFOGQ-EiHwH8R2hg/bTNIMzARlPg.jpg?size=1280x605&quality=96&sign=0606c75035ab1e677625d39a47aff65c&c_uniq_tag=4G7cazjwWagzFtwn3E_vWkelwzGJIeVtReIVKh7R5fo&type=album","s":"https://sun9-59.userapi.com/impg/SkNZr04qkjGBR1J8V8_QTeLFOGQ-EiHwH8R2hg/bTNIMzARlPg.jpg?size=604x285&quality=96&sign=33bd85dd1406380175950a5659d35fe1&c_uniq_tag=VAQj0SZNxN2I8ZGlbc2zIIvpeArf93ubo0JYmizlWZw&type=album","n":"https://sun9-59.userapi.com/impg/SkNZr04qkjGBR1J8V8_QTeLFOGQ-EiHwH8R2hg/bTNIMzARlPg.jpg?size=510x340&quality=96&crop=186,0,907,605&sign=742563908b94006702efafc455a8e51d&c_uniq_tag=O-VX9c0w426FmPlG2UgDc1s6xZmC2_92URf5tVGDnbI&type=album","o":"https://sun9-59.userapi.com/impg/SkNZr04qkjGBR1J8V8_QTeLFOGQ-EiHwH8R2hg/bTNIMzARlPg.jpg?size=320x213&quality=96&crop=185,0,909,605&sign=0c9cec7150c5167f95245a4dfcaf981d&c_uniq_tag=eqB4VXMDDK_A6hxV8BAd72iunjI9rU8_9J_McHIaBjg&type=album","t":"https://sun9-59.userapi.com/impg/SkNZr04qkjGBR1J8V8_QTeLFOGQ-EiHwH8R2hg/bTNIMzARlPg.jpg?size=130x87&quality=96&crop=188,0,904,605&sign=15dc997091597d98abfe49ffe942261e&c_uniq_tag=Qwg677CxEcUDKTPYwGpT0XGFm4wdORFCb6HaR5IgKOM&type=album"},"z":"","q":0,"w":0,"o":15267753,"i":457255090,"d":462213660}],"m":[]},{"i":1691887,"f":438193500,"t":"","d":462126567,"a":[{"t":4}],"m":[]},{"i":1691884,"f":15267753,"t":"завтра шип, сдек чет договор сломался, починю","d":462126540,"a":[],"m":[]},{"i":1691333,"f":438193500,"t":"Петров Андрей Сергеевич \n+79312969183\nСанкт-Петербург\nПВЗ: Комендантский проспект, 4 к2 лит А (МЦ Круиз)","d":462111024,"a":[],"m":[]},{"i":1691320,"f":15267753,"t":"Сегодня или завтра шипну","d":462110766,"a":[],"m":[]},{"i":1691319,"f":15267753,"t":"Сдек пиши","d":462110761,"a":[],"m":[]},{"i":1691318,"f":15267753,"t":"Да","d":462110759,"a":[],"m":[]},{"i":1691317,"f":438193500,"t":"Пришло?","d":462110741,"a":[],"m":[]},{"i":1691316,"f":438193500,"t":"На Альфу","d":462110726,"a":[],"m":[]},{"i":1691315,"f":438193500,"t":"С Тинькова перевёл в общем","d":462110720,"a":[],"m":[]},{"i":1691314,"f":15267753,"t":"Давай сбер тогда","d":462110718,"a":[],"m":[]},{"i":1691307,"f":438193500,"t":"(","d":462110662,"a":[{"t":0,"s":{"m":"https://sun9-74.userapi.com/impg/dkXOdNbfi_81TQnIotw7Hgyy_ZkIRvvmrO1WXw/lmMALixEdMo.jpg?size=607x1080&quality=96&sign=9e6aa0a579e03fd404481b4e745c9ecf&c_uniq_tag=KGrb7mnVCldeJ4DUwFZzKm0XrjhROSrY8Pd6WWpxeYE&type=album","s":"https://sun9-74.userapi.com/impg/dkXOdNbfi_81TQnIotw7Hgyy_ZkIRvvmrO1WXw/lmMALixEdMo.jpg?size=340x604&quality=96&sign=e3784423ff5a004fac3dc7fa9d368c88&c_uniq_tag=8YP3UxgdSSFrgdxfYFeWX414i1gC8zgwXEZAn4ra7T0&type=album","n":"https://sun9-74.userapi.com/impg/dkXOdNbfi_81TQnIotw7Hgyy_ZkIRvvmrO1WXw/lmMALixEdMo.jpg?size=42x75&quality=96&sign=849964895b42e859639f98b75dee5e81&c_uniq_tag=EurLwj7EkNH4YH4sjLreflJazxJHqwAW8PgMCOZkCFM&type=album","o":"https://sun9-74.userapi.com/impg/dkXOdNbfi_81TQnIotw7Hgyy_ZkIRvvmrO1WXw/lmMALixEdMo.jpg?size=510x900&quality=96&crop=0,0,1125,1985&sign=d6e55ab5dff38add62402897e9a4b6d4&c_uniq_tag=l9B5acsOSUv65pzrcoLw6tBBi55gheawhKsgSKgAqic&type=album","t":"https://sun9-74.userapi.com/impg/dkXOdNbfi_81TQnIotw7Hgyy_ZkIRvvmrO1WXw/lmMALixEdMo.jpg?size=200x356&quality=96&sign=e89c04aae3bf77230afcba043f7879a2&c_uniq_tag=nwff9-prCL0SGNq5iSN40Gm-yzLE2hpSutIEy-h_8fM&type=album"},"z":"","q":0,"w":0,"o":438193500,"i":457260273,"d":462110654}],"m":[]},{"i":1691304,"f":15267753,"t":"Там без комсы можно кинуть","d":462110567,"a":[],"m":[]},{"i":1691303,"f":15267753,"t":"Сбп в сбере есть же?","d":462110560,"a":[],"m":[]},{"i":1691302,"f":438193500,"t":"Сбера нет?","d":462110552,"a":[],"m":[]},{"i":1691301,"f":15267753,"t":"Альфа","d":462110538,"a":[],"m":[]},{"i":1691300,"f":15267753,"t":"89059515168","d":462110535,"a":[],"m":[]},{"i":1691299,"f":15267753,"t":"Да есть","d":462110530,"a":[],"m":[]},{"i":1691247,"f":15267753,"t":"Ша сек дойду","d":462108927,"a":[],"m":[]},{"i":1691245,"f":438193500,"t":"Оке, давай на сбер переведу","d":462108852,"a":[],"m":[]},{"i":1691243,"f":15267753,"t":"3510+800 хш сдеком","d":462108779,"a":[],"m":[]},{"i":1691239,"f":438193500,"t":"Сколько выйдет с доставкой в Питер?","d":462108746,"a":[],"m":[]},{"i":1691235,"f":15267753,"t":"Ща вышел, мин через 10 зайду","d":462108727,"a":[],"m":[]},{"i":1691234,"f":15267753,"t":"Да осталась","d":462108716,"a":[],"m":[]},{"i":1691233,"f":15267753,"t":"Привет","d":462108714,"a":[],"m":[]},{"i":1691217,"f":438193500,"t":"Цвет 012","d":462108387,"a":[],"m":[]},{"i":1691214,"f":438193500,"t":"Куртка тэкпак серая на -70 ещё осталась размера Л?","d":462108367,"a":[],"m":[]},{"i":1691210,"f":438193500,"t":"Привет 👋🏼","d":462108349,"a":[],"m":[]}]}