{"meta":{"v":"1.2","p":43568788,"a":15267753,"t":"Илья Осокин","d":1691416345},"data":[{"i":2317727,"f":15267753,"t":"Если одна две то сдэк норм","d":496860492,"a":[],"m":[]},{"i":2317726,"f":15267753,"t":"Ну больше обьемы пэк","d":496860486,"a":[],"m":[]},{"i":2317723,"f":43568788,"t":"Спасибо большое","d":496860276,"a":[],"m":[]},{"i":2317722,"f":43568788,"t":"Понял, да дороговато выходит","d":496860269,"a":[],"m":[]},{"i":2317712,"f":15267753,"t":"Рублей 700 на место","d":496859598,"a":[],"m":[]},{"i":2317706,"f":43568788,"t":"а с ней сколько?","d":496858965,"a":[],"m":[]},{"i":2317701,"f":15267753,"t":"Без","d":496858646,"a":[],"m":[]},{"i":2317696,"f":43568788,"t":"Это с обрешёткой ?","d":496858353,"a":[],"m":[]},{"i":2317691,"f":15267753,"t":"","d":496858128,"a":[{"t":0,"s":{"m":"https://sun9-48.userapi.com/impg/IpqRdkU__Y54xRxnnW-UuEfu2IVaaWeTW_LBXw/2Dx77hwIk54.jpg?size=499x1080&quality=96&sign=e677c7d5b9039af20958ae25d55db35a&c_uniq_tag=r_JMhV7v6Ya5n2HpSucHoSBWkFkn9Bvam9s2McNmOHY&type=album","s":"https://sun9-48.userapi.com/impg/IpqRdkU__Y54xRxnnW-UuEfu2IVaaWeTW_LBXw/2Dx77hwIk54.jpg?size=279x604&quality=96&sign=01ee22338d548ca8062251d681bdfe28&c_uniq_tag=l8jKyJiCgQ5VM8HvYdnBCDJVYOXI16hFxtDBQyuaJ_I&type=album","n":"https://sun9-48.userapi.com/impg/IpqRdkU__Y54xRxnnW-UuEfu2IVaaWeTW_LBXw/2Dx77hwIk54.jpg?size=35x75&quality=96&sign=4313904981004687280efb7ce28df455&c_uniq_tag=HG56wOjEKByocGBGICwioaDzdeGXdF1omjkQvFpWiJk&type=album","o":"https://sun9-48.userapi.com/impg/IpqRdkU__Y54xRxnnW-UuEfu2IVaaWeTW_LBXw/2Dx77hwIk54.jpg?size=510x900&quality=96&crop=0,0,828,1461&sign=5d706f7c3b1a6eb1a3deea76b99c23b2&c_uniq_tag=98S7BTDvhvELzZE4irjShQ2RV5pzE5AT0bdCGFXmVqE&type=album","t":"https://sun9-48.userapi.com/impg/IpqRdkU__Y54xRxnnW-UuEfu2IVaaWeTW_LBXw/2Dx77hwIk54.jpg?size=200x433&quality=96&sign=906299f6f5dc076092876f2236748006&c_uniq_tag=mGCTZxb0wAqxS0WkGCa8eReYQPWy8GYla1Sv_9grL0o&type=album"},"z":"","q":0,"w":0,"o":15267753,"i":457257780,"d":496858128}],"m":[]},{"i":2317690,"f":15267753,"t":"","d":496858120,"a":[{"t":0,"s":{"m":"https://sun9-12.userapi.com/impg/cmVEsKmX6BHQ1oAIOA5HSHZAFfI8Pc8Wj1-f_Q/0D3bVvTkNFM.jpg?size=499x1080&quality=96&sign=166fb9c0e9eece538091752462d980d0&c_uniq_tag=BbRtPfmz6l2Eh5p1Ld_2eAKsb-8SjKNoRP7vAaTb1Xc&type=album","s":"https://sun9-12.userapi.com/impg/cmVEsKmX6BHQ1oAIOA5HSHZAFfI8Pc8Wj1-f_Q/0D3bVvTkNFM.jpg?size=279x604&quality=96&sign=9cf50415ad5e54145d40eefbd0e8ffc5&c_uniq_tag=DXk3FOZxLRRg_ha1OX-jD_VJuhxBD1Ax_abGVFhQJfM&type=album","n":"https://sun9-12.userapi.com/impg/cmVEsKmX6BHQ1oAIOA5HSHZAFfI8Pc8Wj1-f_Q/0D3bVvTkNFM.jpg?size=35x75&quality=96&sign=4b6a97f4d05de15d24b130110f8708ae&c_uniq_tag=HYHqcOhC0ixkPUmDhwj45CYaqDdc28-zXwU0SSUbFMA&type=album","o":"https://sun9-12.userapi.com/impg/cmVEsKmX6BHQ1oAIOA5HSHZAFfI8Pc8Wj1-f_Q/0D3bVvTkNFM.jpg?size=510x900&quality=96&crop=0,0,828,1461&sign=b326f49604070dd7c565ac9bad730c64&c_uniq_tag=AlCinz_7PPPL0aLOZUwH4IZ4gTvPNSBaIAIBsBvgDW0&type=album","t":"https://sun9-12.userapi.com/impg/cmVEsKmX6BHQ1oAIOA5HSHZAFfI8Pc8Wj1-f_Q/0D3bVvTkNFM.jpg?size=200x433&quality=96&sign=0fc1a941c82939a7b7fb801278355ea9&c_uniq_tag=8WSthd4lk1Cn9AOkPfZJEffmz7_8YazxR9D9UQ8oCeI&type=album"},"z":"","q":0,"w":0,"o":15267753,"i":457257779,"d":496858119}],"m":[]},{"i":2317688,"f":43568788,"t":"Мск -> спб","d":496857818,"a":[],"m":[]},{"i":2317687,"f":43568788,"t":"","d":496857813,"a":[{"t":0,"s":{"m":"https://sun9-13.userapi.com/impg/614w2gSq4LUaFRBUL4DLreNcTjvBhrKo6UoO-Q/RyQm2pTprp4.jpg?size=1170x608&quality=96&sign=0fa37618ff303bf85a3eaeff29a04c80&c_uniq_tag=1wNp6T-xKe36AVSXA6RNLUap3nJxo1AJKwol8klh6bA&type=album","s":"https://sun9-13.userapi.com/impg/614w2gSq4LUaFRBUL4DLreNcTjvBhrKo6UoO-Q/RyQm2pTprp4.jpg?size=604x314&quality=96&sign=d8770daf34b3b1e597b072f2c5fbf7fa&c_uniq_tag=uVqtL-4-4FvajSuI-gdnH5dPD8QLjc-gkbOehS0i_xA&type=album","n":"https://sun9-13.userapi.com/impg/614w2gSq4LUaFRBUL4DLreNcTjvBhrKo6UoO-Q/RyQm2pTprp4.jpg?size=510x340&quality=96&crop=129,0,912,608&sign=6a195559bac8f0c0e3d5dbc560e59176&c_uniq_tag=beQARGtPpiMBLgjf0-f458KkHVezPgW_V7c7gxgRxvo&type=album","o":"https://sun9-13.userapi.com/impg/614w2gSq4LUaFRBUL4DLreNcTjvBhrKo6UoO-Q/RyQm2pTprp4.jpg?size=320x213&quality=96&crop=128,0,913,608&sign=0236a9c9808eeb1dd401f4fedc2524b1&c_uniq_tag=bw0Poyo6MRef9yvoUEMOm79OyRK5qOArf5j76scRmxI&type=album","t":"https://sun9-13.userapi.com/impg/614w2gSq4LUaFRBUL4DLreNcTjvBhrKo6UoO-Q/RyQm2pTprp4.jpg?size=130x87&quality=96&crop=131,0,908,608&sign=0b330543dba1aa51af8365b044bae530&c_uniq_tag=Ji2HGa5MYIM4kYyPfjdh1gWemdzSSTuanVUOl8TqyAo&type=album"},"z":"","q":0,"w":0,"o":43568788,"i":457257748,"d":496857812}],"m":[]},{"i":2317686,"f":15267753,"t":"И города","d":496857652,"a":[],"m":[]},{"i":2317685,"f":15267753,"t":"Скажи обьем я посчитаю","d":496857650,"a":[],"m":[]},{"i":2317681,"f":43568788,"t":"Скок примерно она выходит ?","d":496856532,"a":[],"m":[{"f":15267753,"t":"Да и вооьще будет дорго такой обьем сдеком","d":496856502,"a":[]}]},{"i":2317680,"f":15267753,"t":"Пеком намного дешевле","d":496856507,"a":[],"m":[]},{"i":2317679,"f":15267753,"t":"Да и вооьще будет дорго такой обьем сдеком","d":496856502,"a":[],"m":[]},{"i":2317678,"f":15267753,"t":"Отрешетка дорого да","d":496856486,"a":[],"m":[]},{"i":2317677,"f":43568788,"t":"Не подскажешь, обрешётках дорогое удовольствие ? Объём примерно 6 боксов сериес х","d":496856470,"a":[],"m":[]},{"i":2317676,"f":15267753,"t":"Давай","d":496856443,"a":[],"m":[]},{"i":2317675,"f":15267753,"t":"Привет","d":496856439,"a":[],"m":[]},{"i":2317674,"f":43568788,"t":"Привет.\nЯ от Ильяса, хотел через тебя накладную создать","d":496856425,"a":[],"m":[]}]}