{"meta":{"v":"1.2","p":100,"a":15267753,"t":"Администрация ВКонтакте ","d":1691415145},"data":[{"i":3130708,"f":100,"t":"Подключите 2FA, чтобы не потерять доступ к уведомлениям чат-бота [club218837624|Дзынь от Альфа-Банка]: id.vk.com/account/#/otp-settings.","d":551541016,"a":[],"m":[]},{"i":3124412,"f":100,"t":"Подключите двухфакторную аутентификацию, чтобы продолжать получать уведомления об операциях по банковским картам: id.vk.com/account/#/otp-settings.","d":550936216,"a":[],"m":[]},{"i":3121531,"f":100,"t":"Подключите двухфакторную аутентификацию (2FA): id.vk.com/account/#/otp-settings. Она призвана защитить ваши данные — в том числе уведомления об операциях по банковским картам. \n\nПо данным VK, в подавляющем большинстве взламывают именно аккаунты без двухфакторной аутентификации. 2FA помогает обеспечить безопасность данных через дополнительный этап подтверждения входа — по SMS, звонку, через OnePass или с помощью генератора одноразовых паролей.\n\nБольше о 2FA: vk.com/faq19940.","d":550590616,"a":[],"m":[]},{"i":3119418,"f":100,"t":"Подключите 2FA, чтобы не потерять доступ к уведомлениям чат-бота [club218837624|Дзынь от Альфа-Банка]: id.vk.com/account/#/otp-settings.","d":550417816,"a":[],"m":[]},{"i":3118428,"f":100,"t":"Вы подключили финансового чат-бота [club218837624|Дзынь от Альфа-Банка], который сообщает о покупках, переводах и других банковских операциях. \n\nПодключите двухфакторную аутентификацию (2FA), чтобы обеспечить защиту данных: id.vk.com/account/#/otp-settings.","d":550331416,"a":[],"m":[]},{"i":2573953,"f":100,"t":"Архив с данными о вашем профиле ВКонтакте готов. \n\nИз соображений безопасности вы можете скачать его только в течение нескольких дней. Это можно сделать до 1 мая 2022 00:53 по московскому времени на прикреплённой странице.","d":512018631,"a":[{"t":6,"v":"https://vk.com/data_protection?section=rules&scroll_to_archive=1"}],"m":[]},{"i":2573911,"f":100,"t":"Вы запросили архив данных о вашем профиле ВКонтакте. Его подготовка может занять некоторое время. \n\nКогда файл будет сформирован, в эту же беседу мы отправим вам сообщение со ссылкой для скачивания архива.","d":512009581,"a":[{"t":6,"v":"https://vk.com/data_protection?section=rules&scroll_to_archive=1"}],"m":[]}]}