{"meta":{"v":"1.2","p":296542560,"a":15267753,"t":"Илья Романов","d":1691416333},"data":[{"i":2329768,"f":296542560,"t":"привет, неинтересно","d":497640943,"a":[],"m":[]},{"i":2329762,"f":15267753,"t":"приветсвую\nвозможно заинтересует обмен твоего сишп крюнека на ADIDAS ORIGINALS MICROPACER METALLIC SILVER LIGHT BLUE (FY7687)\nлюбой сайз 4UK, 4.5UK, 5.5UK","d":497640729,"a":[{"t":0,"s":{"m":"https://sun9-45.userapi.com/impg/k-GOeEP3_e3v22XtemzrUP19ZvGZFqbmuw-VoQ/LlUx3HEsZ1w.jpg?size=720x1080&quality=96&sign=64990634d6c0e9efab8927bc2a20e9c6&c_uniq_tag=G0txuDb2vGIRQFwMKnsVHkFO5pErK7i2f1lZ56avuTw&type=album","s":"https://sun9-45.userapi.com/impg/k-GOeEP3_e3v22XtemzrUP19ZvGZFqbmuw-VoQ/LlUx3HEsZ1w.jpg?size=403x604&quality=96&sign=1cf861a0d76decca53f54bd75b50cac5&c_uniq_tag=zUqpFELLdTK85w8EnXopW9fPbn14U-jPxklauUYz5ts&type=album","n":"https://sun9-45.userapi.com/impg/k-GOeEP3_e3v22XtemzrUP19ZvGZFqbmuw-VoQ/LlUx3HEsZ1w.jpg?size=50x75&quality=96&sign=f194c751a7e6c7bd95c20f6fcfced280&c_uniq_tag=j-Hi_mLygmQIapwNwA3ItpeFGXtNLG846TQow_IHRUc&type=album","o":"https://sun9-45.userapi.com/impg/k-GOeEP3_e3v22XtemzrUP19ZvGZFqbmuw-VoQ/LlUx3HEsZ1w.jpg?size=510x765&quality=96&sign=714dfe98810cbd9dddbd520515dfd08c&c_uniq_tag=_bs21fjW-RE4khIoSB2httLNiZQiqzXhiCH_VnXox6c&type=album","t":"https://sun9-45.userapi.com/impg/k-GOeEP3_e3v22XtemzrUP19ZvGZFqbmuw-VoQ/LlUx3HEsZ1w.jpg?size=200x300&quality=96&sign=50522f300afcb359bb92c2b229c0891c&c_uniq_tag=K1iMHJbJcsJOAWAkG7Dw2joPhWhju4NebCGbwGkyIcA&type=album"},"z":"","q":0,"w":0,"o":15267753,"i":457257653,"d":492712198}],"m":[]}]}