{"meta":{"v":"1.2","p":535798085,"a":15267753,"t":"Барыга Местная","d":1691414885},"data":[{"i":3137645,"f":535798085,"t":"","d":552159164,"a":[{"t":0,"s":{"m":"https://sun9-5.userapi.com/impg/1WmVXPYbP9-lFgi-W86VJL1Skwh1D-CmjH36qA/5aPHtHzS1yw.jpg?size=510x900&quality=95&crop=0,0,1179,2081&sign=80c332d9f428b2bbd513e37cbb5c382d&c_uniq_tag=Ia248DXZWVuBn-j6yR03M7ZGMRrApWthuGSOXeHQq3M&type=album","s":"https://sun9-5.userapi.com/impg/1WmVXPYbP9-lFgi-W86VJL1Skwh1D-CmjH36qA/5aPHtHzS1yw.jpg?size=200x434&quality=95&sign=02dcbc3c0eaa9b11ea189260ba864b12&c_uniq_tag=IxsCbABbr2m3_zOw5L5w2IyP2IO0XrN3TcH4vx36Ae0&type=album","n":"https://sun9-5.userapi.com/impg/1WmVXPYbP9-lFgi-W86VJL1Skwh1D-CmjH36qA/5aPHtHzS1yw.jpg?size=996x2160&quality=95&sign=fab739f31f62f3cc88aa7e5f730e0738&c_uniq_tag=buMaHj1mQc8O1TAQDCU52ws2-KD1T51lXGZZ3GIVUzM&type=album","o":"https://sun9-5.userapi.com/impg/1WmVXPYbP9-lFgi-W86VJL1Skwh1D-CmjH36qA/5aPHtHzS1yw.jpg?size=498x1080&quality=95&sign=894e4622f0c7495e73c31a6d1d60d92c&c_uniq_tag=l9h9Trs8yymnKW3Fa5pq1wkr6iJHkXIp4f8x6xsC-TQ&type=album","t":"https://sun9-5.userapi.com/impg/1WmVXPYbP9-lFgi-W86VJL1Skwh1D-CmjH36qA/5aPHtHzS1yw.jpg?size=279x604&quality=95&sign=689b857ec4fceef1b074e28345955882&c_uniq_tag=ZpmMTGe9lX8Ivpg5IeYyWUZaRPGKyh5WZPCcLEntnJI&type=album"},"z":"","q":0,"w":0,"o":535798085,"i":457305936,"d":552159163}],"m":[]},{"i":3137643,"f":535798085,"t":"250","d":552159141,"a":[],"m":[{"f":15267753,"t":"89059515168 сбер","d":545751412,"a":[]}]},{"i":3137642,"f":535798085,"t":"Оке","d":552159124,"a":[],"m":[{"f":15267753,"t":"пакет сам покупает в сдеке","d":552159099,"a":[]}]},{"i":3137641,"f":15267753,"t":"пакет сам покупает в сдеке","d":552159099,"a":[],"m":[]},{"i":3137640,"f":15267753,"t":"Номер заказа СДЭК 1452624750\n250","d":552159096,"a":[],"m":[{"f":535798085,"t":"Привет \n\nПакет а3 включить в стоимость \n\nОтправитель:\n кудрово \n\nПолучатель :\n\nБуинцев Илья Алексеевич\n\n89299650135\n\nг. Москва Нижний Сусальный переулок, 5 стр.1, помещение 23","d":552153993,"a":[]}]},{"i":3137639,"f":15267753,"t":"прив","d":552158974,"a":[],"m":[]},{"i":3137522,"f":535798085,"t":"Привет \n\nПакет а3 включить в стоимость \n\nОтправитель:\n кудрово \n\nПолучатель :\n\nБуинцев Илья Алексеевич\n\n89299650135\n\nг. Москва Нижний Сусальный переулок, 5 стр.1, помещение 23","d":552153993,"a":[],"m":[]},{"i":3134050,"f":535798085,"t":"","d":551811187,"a":[{"t":0,"s":{"m":"https://sun9-79.userapi.com/impg/BCwJLjQ8wsrWxhqxvFefbKgKl4tTjC78-QwQ7w/jOn3_GPMTyk.jpg?size=510x900&quality=95&crop=0,0,1179,2081&sign=92a751dc25a051361d78e29aebcd4d66&c_uniq_tag=lz4L08WYRH5kOUTPTUIaZCagLax2BWF-DPEmAlkGrJA&type=album","s":"https://sun9-79.userapi.com/impg/BCwJLjQ8wsrWxhqxvFefbKgKl4tTjC78-QwQ7w/jOn3_GPMTyk.jpg?size=200x434&quality=95&sign=3b2d7ac28fadc8755521496752c843c7&c_uniq_tag=eeqhu1lkzzswUGTtWU6z-FgIRn3pc35MJEx1Ii6h6Yo&type=album","n":"https://sun9-79.userapi.com/impg/BCwJLjQ8wsrWxhqxvFefbKgKl4tTjC78-QwQ7w/jOn3_GPMTyk.jpg?size=996x2160&quality=95&sign=8d5e2ba68610f72062defe4b710b8931&c_uniq_tag=jhM02Tw0RN_RypMnTIBbLTlfbesOMAS9ozw1exi0ePU&type=album","o":"https://sun9-79.userapi.com/impg/BCwJLjQ8wsrWxhqxvFefbKgKl4tTjC78-QwQ7w/jOn3_GPMTyk.jpg?size=498x1080&quality=95&sign=ace53f731ccb42e20087033902ff9c51&c_uniq_tag=y142-v0uqQE63l37VcbQmTa-TMFaELc6vjMRMubx38s&type=album","t":"https://sun9-79.userapi.com/impg/BCwJLjQ8wsrWxhqxvFefbKgKl4tTjC78-QwQ7w/jOn3_GPMTyk.jpg?size=279x604&quality=95&sign=9712cd24ed49d02ae0d8906c8a5f3dff&c_uniq_tag=2ZoB4As3blLmm0vw5SjY0HtGcqcyzPozPo5ipDK5iBc&type=album"},"z":"","q":0,"w":0,"o":535798085,"i":457305724,"d":551811187}],"m":[]},{"i":3134046,"f":15267753,"t":"Номер заказа СДЭК 1451637588\n300","d":551810833,"a":[],"m":[{"f":535798085,"t":"Пакет а3\nОтправитель Москва \n\nПолучатель \nКудрово областная 1 \n8-981-165-84-70 \nЕвдокимов Максим Михайлович","d":551807111,"a":[]}]},{"i":3134003,"f":535798085,"t":"Пакет а3\nОтправитель Москва \n\nПолучатель \nКудрово областная 1 \n8-981-165-84-70 \nЕвдокимов Максим Михайлович","d":551807111,"a":[],"m":[]},{"i":3133956,"f":535798085,"t":"","d":551804373,"a":[{"t":0,"s":{"m":"https://sun9-4.userapi.com/impg/NHJM13JEh5-uxAjgQkdkErjlKQXBC6pqnqSQug/2gkSWmfdzOw.jpg?size=510x900&quality=95&crop=0,0,1179,2081&sign=c64b7deafad7eb2168e669efc7630c10&c_uniq_tag=zR6FZfUPoI_xORew1JgT0HQdWLFxireHTb5D-FLCTLk&type=album","s":"https://sun9-4.userapi.com/impg/NHJM13JEh5-uxAjgQkdkErjlKQXBC6pqnqSQug/2gkSWmfdzOw.jpg?size=200x434&quality=95&sign=983109db3d9ab1ab237a5fbf662bfb83&c_uniq_tag=Kjvh5FBMLJb8G6rUL5wkC4LNYbya_d_lNALqK40xSsg&type=album","n":"https://sun9-4.userapi.com/impg/NHJM13JEh5-uxAjgQkdkErjlKQXBC6pqnqSQug/2gkSWmfdzOw.jpg?size=996x2160&quality=95&sign=a6ee293b5afb698facfdb042131ffbeb&c_uniq_tag=L2ut7V1UJWssTBeEPQ-fFMTOzLJBzupeTlXPXvUKpv4&type=album","o":"https://sun9-4.userapi.com/impg/NHJM13JEh5-uxAjgQkdkErjlKQXBC6pqnqSQug/2gkSWmfdzOw.jpg?size=498x1080&quality=95&sign=bf925a7959459d2e4e6c481f790cb0ce&c_uniq_tag=7gduLuRRwv1LPHG0ULLHxMICCNshJCMT0AkCfMVQ8mw&type=album","t":"https://sun9-4.userapi.com/impg/NHJM13JEh5-uxAjgQkdkErjlKQXBC6pqnqSQug/2gkSWmfdzOw.jpg?size=279x604&quality=95&sign=01c06a81c1cb84286d52d12d21c1691f&c_uniq_tag=5kH35xfrDMXi61JMLwIgt_OcM8ck-oawMqqMViq0pCM&type=album"},"z":"","q":0,"w":0,"o":535798085,"i":457305719,"d":551804372}],"m":[]},{"i":3133954,"f":535798085,"t":"800 должен","d":551804342,"a":[],"m":[]},{"i":3133953,"f":15267753,"t":"Номер заказа СДЭК 1451592220\n450","d":551804300,"a":[],"m":[{"f":535798085,"t":"Коробка л \n\nОтправитель \nСанкт-Петербург \n\nПолучатель \nМишенков Александр Юрьевич город Дзержинск, проспект Чкалова 29\n89043903305","d":551802391,"a":[]}]},{"i":3133950,"f":15267753,"t":"Номер заказа СДЭК 1451591818\n350","d":551804237,"a":[],"m":[{"f":535798085,"t":"Привет \nКоробка м \n\nОтправитель \nСанкт-Петербург \n\nПолучатель \nВасильев Никита Юрьевич \n89087392546 \nНижний Новгород ул кораблестроителей д2","d":551802308,"a":[]}]},{"i":3133948,"f":15267753,"t":"привет","d":551804178,"a":[],"m":[]},{"i":3133857,"f":535798085,"t":"Коробка л \n\nОтправитель \nСанкт-Петербург \n\nПолучатель \nМишенков Александр Юрьевич город Дзержинск, проспект Чкалова 29\n89043903305","d":551802391,"a":[],"m":[]},{"i":3133854,"f":535798085,"t":"Привет \nКоробка м \n\nОтправитель \nСанкт-Петербург \n\nПолучатель \nВасильев Никита Юрьевич \n89087392546 \nНижний Новгород ул кораблестроителей д2","d":551802308,"a":[],"m":[]},{"i":3130087,"f":15267753,"t":"+","d":551480896,"a":[],"m":[]},{"i":3130086,"f":535798085,"t":"Спасибо","d":551480886,"a":[],"m":[]},{"i":3130085,"f":535798085,"t":"","d":551480882,"a":[{"t":0,"s":{"m":"https://sun9-52.userapi.com/impg/SCS0qMDfwF94DEnZdZAJaw8-Tq9fZRPXNrsWjQ/V8-GaPBvJ7w.jpg?size=510x900&quality=95&crop=0,0,1179,2081&sign=ee5abc38b55bc3bf0aa53f93a7ce46a4&c_uniq_tag=wM2lzEQunX4-cQoVgpb7UMSfETl4laCJrKylv9vNj0w&type=album","s":"https://sun9-52.userapi.com/impg/SCS0qMDfwF94DEnZdZAJaw8-Tq9fZRPXNrsWjQ/V8-GaPBvJ7w.jpg?size=200x434&quality=95&sign=08ba176bab71d08c0e14929e2461b871&c_uniq_tag=rwwv-EQf949OM3mjZbwGRiyjUGV53s_-3si8wbEXMt8&type=album","n":"https://sun9-52.userapi.com/impg/SCS0qMDfwF94DEnZdZAJaw8-Tq9fZRPXNrsWjQ/V8-GaPBvJ7w.jpg?size=996x2160&quality=95&sign=54466966d7fff530a2a5c2c009fc0272&c_uniq_tag=OEzS3gIb7DGrk4wG6lyrY_999XZthhLSkIEY4jsdBJ4&type=album","o":"https://sun9-52.userapi.com/impg/SCS0qMDfwF94DEnZdZAJaw8-Tq9fZRPXNrsWjQ/V8-GaPBvJ7w.jpg?size=498x1080&quality=95&sign=a193804b31dab0f89e592e3cf832101e&c_uniq_tag=EsgHvZ2Gc5u2Ty22ghFsnNvCBvjDXHsgO9eWiSqUuNo&type=album","t":"https://sun9-52.userapi.com/impg/SCS0qMDfwF94DEnZdZAJaw8-Tq9fZRPXNrsWjQ/V8-GaPBvJ7w.jpg?size=279x604&quality=95&sign=3e1213bddb91ec3e7e818defe34567cd&c_uniq_tag=d2jTUjIdSZxQUyQyfh5VQTNc78y_fMI52AibwoM0Kws&type=album"},"z":"","q":0,"w":0,"o":535798085,"i":457305437,"d":551480882}],"m":[]},{"i":3130084,"f":15267753,"t":"Номер заказа СДЭК 1450379876\n600","d":551480832,"a":[],"m":[{"f":535798085,"t":"Привет \nКоробка л \nОтправитель \nКудрово \n\nПолучатель \n\nСвинин Николай Андреевич\n+79115951918\nг. Котлас, ул. Урицкого, 10А","d":551480758,"a":[]}]},{"i":3130083,"f":15267753,"t":"привет","d":551480790,"a":[],"m":[]},{"i":3130082,"f":535798085,"t":"Привет \nКоробка л \nОтправитель \nКудрово \n\nПолучатель \n\nСвинин Николай Андреевич\n+79115951918\nг. Котлас, ул. Урицкого, 10А","d":551480758,"a":[],"m":[]},{"i":3126548,"f":535798085,"t":"","d":551145743,"a":[{"t":0,"s":{"m":"https://sun9-49.userapi.com/impg/4BhwwLS6WaKFuGhoYVnf49tCCG1IaYLdNg0T5A/IqSoI98TrHo.jpg?size=510x900&quality=95&crop=0,0,1179,2081&sign=8abf7f30b45e7d4675348d797d3aa9c5&c_uniq_tag=lYS8T5b-Hf5Dy0cxuGYs7P8afq-OhA7AO6tbNx30CQ8&type=album","s":"https://sun9-49.userapi.com/impg/4BhwwLS6WaKFuGhoYVnf49tCCG1IaYLdNg0T5A/IqSoI98TrHo.jpg?size=200x434&quality=95&sign=43bfce6968b564a0b894828895ff12d9&c_uniq_tag=DOv-gGNXfFfxNc3JZOzTPCpUj3GhY7Dx_gPdDfSsUEs&type=album","n":"https://sun9-49.userapi.com/impg/4BhwwLS6WaKFuGhoYVnf49tCCG1IaYLdNg0T5A/IqSoI98TrHo.jpg?size=996x2160&quality=95&sign=150292c574d65bcc5377cf001237039c&c_uniq_tag=G7IrMdPMpMpck1PGIcoPewdRV-l25A15-1k-PThc1qE&type=album","o":"https://sun9-49.userapi.com/impg/4BhwwLS6WaKFuGhoYVnf49tCCG1IaYLdNg0T5A/IqSoI98TrHo.jpg?size=498x1080&quality=95&sign=5940dde80c1d5667fcd1e2dfe9a5657a&c_uniq_tag=lmpcKFjjxve6ML8K0hkGFj7wRRfS0voVXCBYlm8zjPY&type=album","t":"https://sun9-49.userapi.com/impg/4BhwwLS6WaKFuGhoYVnf49tCCG1IaYLdNg0T5A/IqSoI98TrHo.jpg?size=279x604&quality=95&sign=94082418196983c5790967639cc35d65&c_uniq_tag=_qyS0YhrInwSwDya-cSEK9MGyZveBp1U2JvryJDJ5hY&type=album"},"z":"","q":0,"w":0,"o":535798085,"i":457305253,"d":551145742}],"m":[]},{"i":3126510,"f":15267753,"t":"Номер заказа СДЭК 1449424726\n500","d":551140063,"a":[],"m":[{"f":535798085,"t":"Привет \nКоробка м \nОтправитель \nСанкт-Петербург \n\nПолучатель: Шмелев Алмаз Игоревич \n+79828161767 \nМеталлистов 54, Ижевск","d":551132587,"a":[]}]},{"i":3126475,"f":535798085,"t":"Привет \nКоробка м \nОтправитель \nСанкт-Петербург \n\nПолучатель: Шмелев Алмаз Игоревич \n+79828161767 \nМеталлистов 54, Ижевск","d":551132587,"a":[],"m":[]},{"i":3124252,"f":15267753,"t":"+","d":550932126,"a":[],"m":[]},{"i":3124249,"f":535798085,"t":"","d":550932093,"a":[{"t":0,"s":{"m":"https://sun9-70.userapi.com/impg/9c-_6hTz9hmuafYG_IvrmkDd7ufFLlWOawy3Ig/qpVQqussEyQ.jpg?size=510x900&quality=95&crop=0,0,1179,2081&sign=eff9d7c3c5243934aa7cc3a59b7676de&c_uniq_tag=rd8GhDtQTb7IIhbG4HW3QHcU9M0zLVw4DWP5qOWXYPY&type=album","s":"https://sun9-70.userapi.com/impg/9c-_6hTz9hmuafYG_IvrmkDd7ufFLlWOawy3Ig/qpVQqussEyQ.jpg?size=200x434&quality=95&sign=be686c1ac0c8100fb845be4837292a66&c_uniq_tag=ce--9E8YFGA0X8Vwd5AVm5Y8sA_Q5MFdCvY-oknRw8Y&type=album","n":"https://sun9-70.userapi.com/impg/9c-_6hTz9hmuafYG_IvrmkDd7ufFLlWOawy3Ig/qpVQqussEyQ.jpg?size=996x2160&quality=95&sign=375b032cb48700be275fab5b6f2c4c3a&c_uniq_tag=lowlAhyhcPioBlVoyMNW11cxLwErGNtCDEN8nSN_mII&type=album","o":"https://sun9-70.userapi.com/impg/9c-_6hTz9hmuafYG_IvrmkDd7ufFLlWOawy3Ig/qpVQqussEyQ.jpg?size=498x1080&quality=95&sign=dcf89537cd4ecf36ad1b7eacb2f873d5&c_uniq_tag=wEZiXZv9Woe2PTxlwU4g9OFcacQitaEit4yMrJ7RYWY&type=album","t":"https://sun9-70.userapi.com/impg/9c-_6hTz9hmuafYG_IvrmkDd7ufFLlWOawy3Ig/qpVQqussEyQ.jpg?size=279x604&quality=95&sign=50236050a8dc733eaf974850a1819298&c_uniq_tag=ZSLbd49StnYDeBk43qJa1AAsbr3MQBlX5MyS86tZWDQ&type=album"},"z":"","q":0,"w":0,"o":535798085,"i":457305185,"d":550932092}],"m":[]},{"i":3124242,"f":535798085,"t":"430 должен","d":550932002,"a":[],"m":[]},{"i":3124237,"f":15267753,"t":"1446050131 205","d":550931975,"a":[],"m":[]},{"i":3124236,"f":15267753,"t":"1447010748 130","d":550931967,"a":[],"m":[]},{"i":3124235,"f":15267753,"t":"и тут","d":550931965,"a":[],"m":[]},{"i":3124234,"f":535798085,"t":"Сейчас","d":550931964,"a":[],"m":[]},{"i":3124233,"f":535798085,"t":"Оке","d":550931962,"a":[],"m":[]},{"i":3124232,"f":15267753,"t":"1445995961 95","d":550931954,"a":[],"m":[]},{"i":3124231,"f":15267753,"t":"привет тут перемер докинуть нада","d":550931953,"a":[],"m":[]},{"i":3123823,"f":535798085,"t":"","d":550869717,"a":[{"t":0,"s":{"m":"https://sun9-71.userapi.com/impg/AX3N6qGYkuzH4cENEHtw5KSdJWU7yQzNueDQZw/g747uqsIRus.jpg?size=510x900&quality=95&crop=0,0,1179,2081&sign=a03cae9e2cc13f6d68ce9c13c251839f&c_uniq_tag=fvt5ea4BvK9UjrQehH2eLp7MAYgLZrTv6IU37_JiIkM&type=album","s":"https://sun9-71.userapi.com/impg/AX3N6qGYkuzH4cENEHtw5KSdJWU7yQzNueDQZw/g747uqsIRus.jpg?size=200x434&quality=95&sign=1617a13a2c820327d17bda0c37cbbbe2&c_uniq_tag=GoMraKkHDUOzOYJF2ALm4p3WgvEAgmaJotlO_P24xWA&type=album","n":"https://sun9-71.userapi.com/impg/AX3N6qGYkuzH4cENEHtw5KSdJWU7yQzNueDQZw/g747uqsIRus.jpg?size=996x2160&quality=95&sign=36265d1e5078a7b98a5cc607d8c294d9&c_uniq_tag=T6p3VNiD3RPtuYp1pkE9jzWg_K2-3e_2jdpksugLnfg&type=album","o":"https://sun9-71.userapi.com/impg/AX3N6qGYkuzH4cENEHtw5KSdJWU7yQzNueDQZw/g747uqsIRus.jpg?size=498x1080&quality=95&sign=922287506d5f1304342eced38dfd1e38&c_uniq_tag=w0sZQ5Zy4ZZ6Et5f5Q23P1KDyXB8_XQZxZPHpOGse-k&type=album","t":"https://sun9-71.userapi.com/impg/AX3N6qGYkuzH4cENEHtw5KSdJWU7yQzNueDQZw/g747uqsIRus.jpg?size=279x604&quality=95&sign=e82b275bf9e72b8e28c19611966f9f79&c_uniq_tag=lmIQBuvFGNJ8eU9ziwk_iM42O2285Pg9MdF8rLx4RsQ&type=album"},"z":"","q":0,"w":0,"o":535798085,"i":457305161,"d":550869717}],"m":[]},{"i":3123822,"f":15267753,"t":"Номер заказа СДЭК 1448392926\n500","d":550869657,"a":[],"m":[{"f":535798085,"t":"Привет \n\nПакет а3\n\nОтправитель :\nКудрово областная 1 \n\nПолучатель :\nПеченников Кирилл Игоревич\n89130992496\nБарнаул \nул. Малахова, 83","d":550868739,"a":[]}]},{"i":3123820,"f":15267753,"t":"привет","d":550869587,"a":[],"m":[]},{"i":3123813,"f":535798085,"t":"Привет \n\nПакет а3\n\nОтправитель :\nКудрово областная 1 \n\nПолучатель :\nПеченников Кирилл Игоревич\n89130992496\nБарнаул \nул. Малахова, 83","d":550868739,"a":[],"m":[]},{"i":3123245,"f":535798085,"t":"","d":550791341,"a":[{"t":0,"s":{"m":"https://sun9-77.userapi.com/impg/t2zF3iAUK-tsL1OysQ0T5aMbwCyak8b_BWQ7ig/IR2YzROvWx8.jpg?size=510x900&quality=95&crop=0,0,1179,2081&sign=f99dac1eaf0d5a6b1a6cf6cc5f2e3568&c_uniq_tag=6rB0jAY_v3y1eIU1wtqDRO2VCRlJvodzM40R173YAjA&type=album","s":"https://sun9-77.userapi.com/impg/t2zF3iAUK-tsL1OysQ0T5aMbwCyak8b_BWQ7ig/IR2YzROvWx8.jpg?size=200x434&quality=95&sign=7d029027084705e87d9f62882378416b&c_uniq_tag=lRJ4RxRf8L2QwS1O4c0KhiSNxdENF6Mm_IvzPoSCJ_c&type=album","n":"https://sun9-77.userapi.com/impg/t2zF3iAUK-tsL1OysQ0T5aMbwCyak8b_BWQ7ig/IR2YzROvWx8.jpg?size=996x2160&quality=95&sign=da7a566c9946e8ca8d8c93fac1c943fd&c_uniq_tag=qSa_seDEqsVLqUUZW4-nQ6j2T1-JbOH2BHr-nqJ-jmE&type=album","o":"https://sun9-77.userapi.com/impg/t2zF3iAUK-tsL1OysQ0T5aMbwCyak8b_BWQ7ig/IR2YzROvWx8.jpg?size=498x1080&quality=95&sign=e3de9811ab1ba8d301d6c14bcfd8c67f&c_uniq_tag=nhv5iHJ5ItmTr0aXFHvtsbwfASxkClBt5SeY3EBMSPQ&type=album","t":"https://sun9-77.userapi.com/impg/t2zF3iAUK-tsL1OysQ0T5aMbwCyak8b_BWQ7ig/IR2YzROvWx8.jpg?size=279x604&quality=95&sign=beb23e952adf2fb83849128230b776b8&c_uniq_tag=knmYhEk9sCoiV4s5Xg9-oSQFLhU1tEVI8zOtYiI_SXI&type=album"},"z":"","q":0,"w":0,"o":535798085,"i":457305132,"d":550791341}],"m":[]},{"i":3123244,"f":535798085,"t":"550","d":550791316,"a":[],"m":[{"f":15267753,"t":"89059515168 сбер","d":545751412,"a":[]}]},{"i":3123241,"f":15267753,"t":"Номер заказа СДЭК 1448048318\n550","d":550790783,"a":[],"m":[{"f":535798085,"t":"Привет \nКоробка л \n\nОтправитель Санкт-Петербург \n\nПолучатель \n\nДолбунова Светлана Анатольевна\n +79187555505 Ставропольский край, г. Изобильный ул Кирова 128","d":550780451,"a":[]}]},{"i":3123238,"f":15267753,"t":"привет","d":550790745,"a":[],"m":[]},{"i":3123151,"f":535798085,"t":"Привет \nКоробка л \n\nОтправитель Санкт-Петербург \n\nПолучатель \n\nДолбунова Светлана Анатольевна\n +79187555505 Ставропольский край, г. Изобильный ул Кирова 128","d":550780451,"a":[],"m":[]},{"i":3119543,"f":535798085,"t":"","d":550425167,"a":[{"t":0,"s":{"m":"https://sun9-18.userapi.com/impg/4jBEC4N-ERu6ymZX7x4x_r3Y_pp3C7l92cmiKw/Pd8BgFFzDZ8.jpg?size=510x900&quality=95&crop=0,0,1179,2081&sign=d2f73a0bd05db141a1b607a2b11f15ed&c_uniq_tag=yYMaGst4wlcip9mtTirQcb4qmZHFU2oW6V2uOGsiK-Y&type=album","s":"https://sun9-18.userapi.com/impg/4jBEC4N-ERu6ymZX7x4x_r3Y_pp3C7l92cmiKw/Pd8BgFFzDZ8.jpg?size=200x434&quality=95&sign=575b06fc5c2b1965421a1e7f34bfae3d&c_uniq_tag=LeDVYCAPgkRPNf-LtDXrjeUW6oWTnmyBhbmyNFalgbk&type=album","n":"https://sun9-18.userapi.com/impg/4jBEC4N-ERu6ymZX7x4x_r3Y_pp3C7l92cmiKw/Pd8BgFFzDZ8.jpg?size=996x2160&quality=95&sign=f58bef386ac7d4625e7d8ef2b2ecbea1&c_uniq_tag=sZBYC0j5V3A7ILZIujCGCO38iG9TqnEzW2kszA5PpQE&type=album","o":"https://sun9-18.userapi.com/impg/4jBEC4N-ERu6ymZX7x4x_r3Y_pp3C7l92cmiKw/Pd8BgFFzDZ8.jpg?size=498x1080&quality=95&sign=e60193e565480d8440ab4ec2943b38c4&c_uniq_tag=2SsrovSI_zOn7a_X-lQ-EFdh_3WnGzQ7wiqi6BGgXgI&type=album","t":"https://sun9-18.userapi.com/impg/4jBEC4N-ERu6ymZX7x4x_r3Y_pp3C7l92cmiKw/Pd8BgFFzDZ8.jpg?size=279x604&quality=95&sign=a9b108ddfdda32072b51a58a8ea256b8&c_uniq_tag=cStemoF6HPBDAcBVEjjx2y3PaO1A3wL1Bm9BugdBq_g&type=album"},"z":"","q":0,"w":0,"o":535798085,"i":457304746,"d":550425167}],"m":[]},{"i":3119542,"f":15267753,"t":"Номер заказа СДЭК 1447010748\n350","d":550425077,"a":[],"m":[{"f":535798085,"t":"Привет \nКоробка л \nОтправитель мск\n\nПолучатель \nКудрово областная 1 \n8-981-165-84-70 \nЕвдокимов Максим Михайлович","d":550420783,"a":[]}]},{"i":3119540,"f":15267753,"t":"прив","d":550425026,"a":[],"m":[]},{"i":3119464,"f":535798085,"t":"Привет \nКоробка л \nОтправитель мск\n\nПолучатель \nКудрово областная 1 \n8-981-165-84-70 \nЕвдокимов Максим Михайлович","d":550420783,"a":[],"m":[]},{"i":3118071,"f":15267753,"t":"+","d":550268676,"a":[],"m":[]},{"i":3118049,"f":535798085,"t":"","d":550268186,"a":[{"t":0,"s":{"m":"https://sun9-38.userapi.com/impg/t4GPN9Kwa5PvykuCysYaxRX71rTFbTRxuwhFaA/ryOmagrig0M.jpg?size=510x900&quality=95&crop=0,0,1179,2081&sign=52a1b08b0105223f6eca42bab0f64401&c_uniq_tag=ogqE4oEait0crJEo6jQS96RsNlbLgbMRRMX7X4V8Bv0&type=album","s":"https://sun9-38.userapi.com/impg/t4GPN9Kwa5PvykuCysYaxRX71rTFbTRxuwhFaA/ryOmagrig0M.jpg?size=200x434&quality=95&sign=a74a6f0b9f994768e54c191d527fec11&c_uniq_tag=iRV-c2A6lW24yALojndmMyoU72eY9y6RaaZh0cbCyBo&type=album","n":"https://sun9-38.userapi.com/impg/t4GPN9Kwa5PvykuCysYaxRX71rTFbTRxuwhFaA/ryOmagrig0M.jpg?size=996x2160&quality=95&sign=b9045c7c175b48602f68456cefb26fae&c_uniq_tag=gC4DO09JnoHF_DyphiH8rBU6ToAp-2LAnchlSct1koY&type=album","o":"https://sun9-38.userapi.com/impg/t4GPN9Kwa5PvykuCysYaxRX71rTFbTRxuwhFaA/ryOmagrig0M.jpg?size=498x1080&quality=95&sign=ad1fa7f16d6912fe53f7fa4e07ee5f99&c_uniq_tag=cvb60DtmCXhN3YfVFVVsgMpXjfVNPkIAOJvsx7ULMNw&type=album","t":"https://sun9-38.userapi.com/impg/t4GPN9Kwa5PvykuCysYaxRX71rTFbTRxuwhFaA/ryOmagrig0M.jpg?size=279x604&quality=95&sign=1466fed2d17cca9799a29f6e2b829bf6&c_uniq_tag=tL9Gxv2ygUHJR97v_XlKcj48nbz4WE0c99GKPs3l1rM&type=album"},"z":"","q":0,"w":0,"o":535798085,"i":457304505,"d":550268185}],"m":[]},{"i":3118044,"f":535798085,"t":"Привет сейчас","d":550268149,"a":[],"m":[]},{"i":3118041,"f":15267753,"t":"1445476639 95","d":550268132,"a":[],"m":[]},{"i":3118040,"f":15267753,"t":"прив за ету докинуть перемер","d":550268131,"a":[],"m":[]},{"i":3116913,"f":535798085,"t":"","d":550177018,"a":[{"t":0,"s":{"m":"https://sun9-53.userapi.com/impg/3eNye5kkuijTB-bdEsAXHh05H18IfH6d-JeIzA/el4HA90Wtqs.jpg?size=510x900&quality=95&crop=0,0,1179,2081&sign=910eefaff35165895e3d13f2a93fa76e&c_uniq_tag=pq3bzrRPnMoH6XPB65P_alo8Zhhy8YXPS7a3NQ0Fi1U&type=album","s":"https://sun9-53.userapi.com/impg/3eNye5kkuijTB-bdEsAXHh05H18IfH6d-JeIzA/el4HA90Wtqs.jpg?size=200x434&quality=95&sign=698a90cbb5f4cfef1d40a10012f29885&c_uniq_tag=EYlRWlERniYzFQ_825GcgCiGIVna6OfaErAqgJ4yruo&type=album","n":"https://sun9-53.userapi.com/impg/3eNye5kkuijTB-bdEsAXHh05H18IfH6d-JeIzA/el4HA90Wtqs.jpg?size=996x2160&quality=95&sign=5ef6c596ef365bffa84174440e6f1064&c_uniq_tag=5DXAKKef6mEKK_UjpV5htcyTMzy7aw-VcR6alTnIEZ4&type=album","o":"https://sun9-53.userapi.com/impg/3eNye5kkuijTB-bdEsAXHh05H18IfH6d-JeIzA/el4HA90Wtqs.jpg?size=498x1080&quality=95&sign=c7aff87b78247a9727d4cb5406a1ef9e&c_uniq_tag=1EI_lNDDZi-FeXgBs0nNEOxPMgE9U_Qlm8-vA-2E5yM&type=album","t":"https://sun9-53.userapi.com/impg/3eNye5kkuijTB-bdEsAXHh05H18IfH6d-JeIzA/el4HA90Wtqs.jpg?size=279x604&quality=95&sign=0977939e16fd4a35a2641bd9117a6cce&c_uniq_tag=7A-w-Ax-KEfMS-DfAACC_RoZ8TXzGzQ5VBm1S8JxFcQ&type=album"},"z":"","q":0,"w":0,"o":535798085,"i":457304452,"d":550177018}],"m":[]},{"i":3116912,"f":15267753,"t":"Накладная успешно создана с номером: 1446050131\n550","d":550176942,"a":[],"m":[]},{"i":3116887,"f":535798085,"t":"Привет \nКоробка хл \nОтправитель мск\n\nПолучатель \nКудрово областная 1 \n8-981-165-84-70 \nЕвдокимов Максим Михайлович","d":550173179,"a":[],"m":[]},{"i":3116698,"f":535798085,"t":"","d":550155574,"a":[{"t":0,"s":{"m":"https://sun9-80.userapi.com/impg/fxzVMAsMrD5RFOR-qoIihqi2EdTDYZpguvKKMg/WID1tRdy9cY.jpg?size=510x900&quality=95&crop=0,0,1179,2081&sign=06c2f1a38673a87d06018e8139830818&c_uniq_tag=yuuEN8u4yJtTyEh4ykmB9SwwrFdsboHKFvLPDa4rYxM&type=album","s":"https://sun9-80.userapi.com/impg/fxzVMAsMrD5RFOR-qoIihqi2EdTDYZpguvKKMg/WID1tRdy9cY.jpg?size=200x434&quality=95&sign=3fa0032c6b338ec313928acdabe6f057&c_uniq_tag=JH-n_imO6AVkR7PWmFhdiJe7S4NWKnUSDXrl9hfvIRg&type=album","n":"https://sun9-80.userapi.com/impg/fxzVMAsMrD5RFOR-qoIihqi2EdTDYZpguvKKMg/WID1tRdy9cY.jpg?size=996x2160&quality=95&sign=b26fb0f0a677d7c6be1136a6bba3e277&c_uniq_tag=Cm8ikGv5uohUJMPq1k5OCnUx6O8cLrqJrj9uYCod6jo&type=album","o":"https://sun9-80.userapi.com/impg/fxzVMAsMrD5RFOR-qoIihqi2EdTDYZpguvKKMg/WID1tRdy9cY.jpg?size=498x1080&quality=95&sign=d5a7a70a020bf84aa08324c87d033dbe&c_uniq_tag=1mWQBCPZV1XNR02zNUBskfOAn6VM1OefXQyNpogVW18&type=album","t":"https://sun9-80.userapi.com/impg/fxzVMAsMrD5RFOR-qoIihqi2EdTDYZpguvKKMg/WID1tRdy9cY.jpg?size=279x604&quality=95&sign=2ab19e8cd6e183ba898a4f7f09176508&c_uniq_tag=pvw6FJmYT8v63-wmp7RVmaTXwdKnlmOaX4DmW16Pzs0&type=album"},"z":"","q":0,"w":0,"o":535798085,"i":457304414,"d":550155574}],"m":[]},{"i":3116697,"f":15267753,"t":"Номер заказа СДЭК 1445995961\n400","d":550155527,"a":[],"m":[{"f":535798085,"t":"Привет \n\nПакет л \n\nОтправитель \nСанкт-Петербург \n\nПолучатель \n\nКулагин Богдан Александрович\n89122776524\nПервоуральск  улица 1 мая 6","d":550155320,"a":[]}]},{"i":3116696,"f":15267753,"t":"привет","d":550155443,"a":[],"m":[]},{"i":3116694,"f":535798085,"t":"Привет \n\nПакет л \n\nОтправитель \nСанкт-Петербург \n\nПолучатель \n\nКулагин Богдан Александрович\n89122776524\nПервоуральск  улица 1 мая 6","d":550155320,"a":[],"m":[]},{"i":3115978,"f":535798085,"t":"","d":550006696,"a":[{"t":0,"s":{"m":"https://sun9-70.userapi.com/impg/HAeqkNNKJHTNqK30bs5vYRpdDaT5oYyFZnsddA/isJ_yAmBiM0.jpg?size=510x900&quality=95&crop=0,0,1179,2081&sign=0b788e996896825d6faea389d8722af6&c_uniq_tag=xhV3AwQhxJ0Mkf2TzQgZ-palE4PE8dJ5_2KpqkWrg4U&type=album","s":"https://sun9-70.userapi.com/impg/HAeqkNNKJHTNqK30bs5vYRpdDaT5oYyFZnsddA/isJ_yAmBiM0.jpg?size=200x434&quality=95&sign=f0ae27e6b267602a6d9ae22621540dda&c_uniq_tag=vQcPWY_5WyoFIRrf3fFfFaZNnjGKVeBn7FS5okA6ucE&type=album","n":"https://sun9-70.userapi.com/impg/HAeqkNNKJHTNqK30bs5vYRpdDaT5oYyFZnsddA/isJ_yAmBiM0.jpg?size=996x2160&quality=95&sign=aca59c4a5e46967c33cbdcd40de0270f&c_uniq_tag=aWWZW430R4U0ccq0lA9Mbox6uMK4emKINz2J13CUP5M&type=album","o":"https://sun9-70.userapi.com/impg/HAeqkNNKJHTNqK30bs5vYRpdDaT5oYyFZnsddA/isJ_yAmBiM0.jpg?size=498x1080&quality=95&sign=8679f795a906c96af17849f2766b394f&c_uniq_tag=h0e4uZDZmLOg5aGY9k4LBYt2crPiujydy8zXw6Kp1p0&type=album","t":"https://sun9-70.userapi.com/impg/HAeqkNNKJHTNqK30bs5vYRpdDaT5oYyFZnsddA/isJ_yAmBiM0.jpg?size=279x604&quality=95&sign=d7d87d84049f51b6b532c52c23b3a010&c_uniq_tag=YR7OaLACrUgYWgJU8l6W7LddnHjhFI1NVfX7mSQ8KzI&type=album"},"z":"","q":0,"w":0,"o":535798085,"i":457304198,"d":550006696}],"m":[]},{"i":3115977,"f":535798085,"t":"550","d":550006655,"a":[],"m":[{"f":15267753,"t":"89059515168 сбер","d":545751412,"a":[]}]},{"i":3115976,"f":15267753,"t":"Номер заказа СДЭК 1445774721\n550","d":550006516,"a":[],"m":[{"f":535798085,"t":"Привет \nКоробка хл \n\nОтправитель Москва \n\nПолучатель \n8-981-165-84-70 \nЕвдокимов Максим Михайлович \nКудрово, областная 1","d":550002175,"a":[]}]},{"i":3115975,"f":15267753,"t":"привет","d":550006367,"a":[],"m":[]},{"i":3115892,"f":535798085,"t":"Привет \nКоробка хл \n\nОтправитель Москва \n\nПолучатель \n8-981-165-84-70 \nЕвдокимов Максим Михайлович \nКудрово, областная 1","d":550002175,"a":[],"m":[]},{"i":3115311,"f":535798085,"t":"","d":549933836,"a":[{"t":0,"s":{"m":"https://sun9-45.userapi.com/impg/PrnVwsmASDA8c4OhBTebf7uY7PHXo8mC4muA5g/EmDmpPgUaP8.jpg?size=510x900&quality=95&crop=0,0,1179,2081&sign=c03041e3f0ba7b1e94681e5ce666db62&c_uniq_tag=1bIsJhPAxkLmZHZA8UMpbn_LFXz2WnGAqAI0Vy1jWp4&type=album","s":"https://sun9-45.userapi.com/impg/PrnVwsmASDA8c4OhBTebf7uY7PHXo8mC4muA5g/EmDmpPgUaP8.jpg?size=200x434&quality=95&sign=59814b7453dc962477e57ba7f1a2c5c9&c_uniq_tag=sN87CfZaSEcGgRUFpSO_z-KFyIkkg-foRBxQqPg8Y_Y&type=album","n":"https://sun9-45.userapi.com/impg/PrnVwsmASDA8c4OhBTebf7uY7PHXo8mC4muA5g/EmDmpPgUaP8.jpg?size=996x2160&quality=95&sign=feefdf33d5b625570e0153a19b0367b7&c_uniq_tag=9wEkitVFMtgoUzx6r5LI8viPgf4StfhzI2rAbcltB6A&type=album","o":"https://sun9-45.userapi.com/impg/PrnVwsmASDA8c4OhBTebf7uY7PHXo8mC4muA5g/EmDmpPgUaP8.jpg?size=498x1080&quality=95&sign=8a9b4a7f5ed75915526d7081fd22416c&c_uniq_tag=aiZZPnxPkAhUPCdidBSs0EKtPxmX1IRr0IS_yNbmPV4&type=album","t":"https://sun9-45.userapi.com/impg/PrnVwsmASDA8c4OhBTebf7uY7PHXo8mC4muA5g/EmDmpPgUaP8.jpg?size=279x604&quality=95&sign=0d87ee804a6f9afa101e0b5f89bc3b7e&c_uniq_tag=eZrIbU6_qtGWNIk45kcjfvodVPozazcDL9a2ZOEFRLc&type=album"},"z":"","q":0,"w":0,"o":535798085,"i":457304107,"d":549933836}],"m":[]},{"i":3115293,"f":15267753,"t":"Номер заказа СДЭК 1445476639\n350","d":549933056,"a":[],"m":[{"f":535798085,"t":"Привет \nПакет а3\n\nОтправитель :\nКудрово \n\nПолучатель :\nКитаев Дмитрий Алексеевич \nПенза\nТернопольская 4\n89875295330","d":549920129,"a":[]}]},{"i":3115292,"f":15267753,"t":"привет","d":549933011,"a":[],"m":[]},{"i":3115142,"f":535798085,"t":"Привет \nПакет а3\n\nОтправитель :\nКудрово \n\nПолучатель :\nКитаев Дмитрий Алексеевич \nПенза\nТернопольская 4\n89875295330","d":549920129,"a":[],"m":[]},{"i":3113570,"f":535798085,"t":"Спасибо","d":549791313,"a":[{"t":0,"s":{"m":"https://sun9-64.userapi.com/impg/SDYZVEils5HUE1r51PA5M0GcCQMwr9lucARdSg/RvvNZZoma_o.jpg?size=510x900&quality=95&crop=0,0,1179,2081&sign=6d55f8337fd0eaba53a40da4920249a6&c_uniq_tag=099MAZvloKau4XKus-x4EcJmi3MVbcH9dJNu51Qa-H8&type=album","s":"https://sun9-64.userapi.com/impg/SDYZVEils5HUE1r51PA5M0GcCQMwr9lucARdSg/RvvNZZoma_o.jpg?size=200x434&quality=95&sign=b19a77fa79e6e0e28160a631092fcd2b&c_uniq_tag=YVK1NMIJl3YBUvJKPD5rF3JbCPpZwRZ0Sm-a-bupo_s&type=album","n":"https://sun9-64.userapi.com/impg/SDYZVEils5HUE1r51PA5M0GcCQMwr9lucARdSg/RvvNZZoma_o.jpg?size=996x2160&quality=95&sign=0dbba22d8278ad382a66213bd4ac227f&c_uniq_tag=-Pp0-YmG_sEcZNs_AMgKYdUkWTJ-Bf3ncZ1B850DIz8&type=album","o":"https://sun9-64.userapi.com/impg/SDYZVEils5HUE1r51PA5M0GcCQMwr9lucARdSg/RvvNZZoma_o.jpg?size=498x1080&quality=95&sign=b0fdf4f08c694da7a96ea1e63968bd7f&c_uniq_tag=8s1TT2YYt39DtFzz7VVOPo89gX1xbKK9fgrrDJvSBAM&type=album","t":"https://sun9-64.userapi.com/impg/SDYZVEils5HUE1r51PA5M0GcCQMwr9lucARdSg/RvvNZZoma_o.jpg?size=279x604&quality=95&sign=ebdd15eb5cd103f7809ce8a8f77b2ad3&c_uniq_tag=UGGd5hySe3o_TjPVbTZ2YM4Ci5R5m-Z5EUoRKijFIMk&type=album"},"z":"","q":0,"w":0,"o":535798085,"i":457303991,"d":549791311}],"m":[]},{"i":3113533,"f":15267753,"t":"Номер заказа СДЭК 1444810964\n350","d":549764029,"a":[],"m":[{"f":535798085,"t":"Привет \n\nПакет м \n\nОтправитель:\nСанкт-Петербург \n\nПолучатель :\n\nНововоронеж, ул. Ленина, 8\nДолгих Артем Евгеньевич \n89103447731","d":549760968,"a":[]}]},{"i":3113532,"f":15267753,"t":"привет","d":549763680,"a":[],"m":[]},{"i":3113523,"f":535798085,"t":"Привет \n\nПакет м \n\nОтправитель:\nСанкт-Петербург \n\nПолучатель :\n\nНововоронеж, ул. Ленина, 8\nДолгих Артем Евгеньевич \n89103447731","d":549760968,"a":[],"m":[]},{"i":3112011,"f":535798085,"t":"","d":549650611,"a":[{"t":0,"s":{"m":"https://sun9-32.userapi.com/impg/nXVDctGZGNPCrMkYIrwS3EKhtoQQ_K5xamdJ9Q/6tlzgU-mfGo.jpg?size=510x900&quality=95&crop=0,0,1179,2081&sign=9bb9ec663051dca3ddab3bf49354faf2&c_uniq_tag=xFlZqlC2pfbNaWRU5SRBYahj208lcRSKnS2mBZQxMkc&type=album","s":"https://sun9-32.userapi.com/impg/nXVDctGZGNPCrMkYIrwS3EKhtoQQ_K5xamdJ9Q/6tlzgU-mfGo.jpg?size=200x434&quality=95&sign=8a64edcc066216184b55ff2ad5153871&c_uniq_tag=Gbzp9QfS2MpuyrhvAmr_e5m5rd6CfhJJDD1ghokYsF8&type=album","n":"https://sun9-32.userapi.com/impg/nXVDctGZGNPCrMkYIrwS3EKhtoQQ_K5xamdJ9Q/6tlzgU-mfGo.jpg?size=996x2160&quality=95&sign=5f9181827cf49adb9fdb008c40eae44f&c_uniq_tag=5WODGPExtq2y8y7-FQTfKg36iNqs-XrHRB03_gCfm8Q&type=album","o":"https://sun9-32.userapi.com/impg/nXVDctGZGNPCrMkYIrwS3EKhtoQQ_K5xamdJ9Q/6tlzgU-mfGo.jpg?size=498x1080&quality=95&sign=9c6fcf06202ef2ec8054320c4c8589b8&c_uniq_tag=yGHZKQItC9ICxjtrIPOyQT21AjcfDFGBn6ww44sQsqU&type=album","t":"https://sun9-32.userapi.com/impg/nXVDctGZGNPCrMkYIrwS3EKhtoQQ_K5xamdJ9Q/6tlzgU-mfGo.jpg?size=279x604&quality=95&sign=23a80b901704a9f54431f2cf281686e6&c_uniq_tag=h1VhBVGJv1wechOOfbRyEo5EsZwDNk1IoZL2PccWN0k&type=album"},"z":"","q":0,"w":0,"o":535798085,"i":457303866,"d":549650611}],"m":[]},{"i":3112006,"f":15267753,"t":"да","d":549650571,"a":[],"m":[]},{"i":3112005,"f":535798085,"t":"Сюда могу ?","d":549650568,"a":[],"m":[{"f":15267753,"t":"89059515168 сбер","d":545751412,"a":[]}]},{"i":3112004,"f":15267753,"t":"тиньк","d":549650560,"a":[],"m":[]},{"i":3112003,"f":15267753,"t":"сбер","d":549650557,"a":[],"m":[]},{"i":3112002,"f":535798085,"t":"","d":549650556,"a":[{"t":0,"s":{"m":"https://sun9-49.userapi.com/impg/9K9wim_BeSgO3s-ourPoV7-_XaKO9ZiLv5_syg/sSN6aeu3MpU.jpg?size=510x900&quality=95&crop=0,0,1179,2081&sign=67172ab816310d11b6761a39351a9674&c_uniq_tag=mz3BPmI2NluaFfoKo74BYUDI_vrgCuahe6N8AQzLAs8&type=album","s":"https://sun9-49.userapi.com/impg/9K9wim_BeSgO3s-ourPoV7-_XaKO9ZiLv5_syg/sSN6aeu3MpU.jpg?size=200x434&quality=95&sign=947dc60c7b518086a5d7c651936e3536&c_uniq_tag=FsUDKx0NGDKVi4SqJ8g1YkMCcKgDSwgwmkhC3X7fCdw&type=album","n":"https://sun9-49.userapi.com/impg/9K9wim_BeSgO3s-ourPoV7-_XaKO9ZiLv5_syg/sSN6aeu3MpU.jpg?size=996x2160&quality=95&sign=cc14c74e02c2b0cfc20c8977da94c96e&c_uniq_tag=wVJ4iax9CUM_ntjlpXl8V6a0dG1nU50leTyIl6VXvnA&type=album","o":"https://sun9-49.userapi.com/impg/9K9wim_BeSgO3s-ourPoV7-_XaKO9ZiLv5_syg/sSN6aeu3MpU.jpg?size=498x1080&quality=95&sign=fccf04fa0e385fd4e4a8c48d7d11f97d&c_uniq_tag=e9iejBwvV0Isb_IfQY3WbQzeON8G7uBTvls_mnL_tyY&type=album","t":"https://sun9-49.userapi.com/impg/9K9wim_BeSgO3s-ourPoV7-_XaKO9ZiLv5_syg/sSN6aeu3MpU.jpg?size=279x604&quality=95&sign=fcdfd49ed898b9d86d746a4837a595ce&c_uniq_tag=wvAIKrzoiFgAHcQVavhWisdDEA4xGZfPjwM2r5q0PB4&type=album"},"z":"","q":0,"w":0,"o":535798085,"i":457303865,"d":549650556}],"m":[]},{"i":3111999,"f":535798085,"t":"Какой банк","d":549650527,"a":[],"m":[]},{"i":3111998,"f":535798085,"t":"В начале","d":549650522,"a":[],"m":[]},{"i":3111997,"f":535798085,"t":"Про номер","d":549650519,"a":[],"m":[]},{"i":3111996,"f":535798085,"t":"Я не про цену","d":549650515,"a":[],"m":[]},{"i":3111995,"f":15267753,"t":"110р","d":549650508,"a":[],"m":[]},{"i":3111994,"f":15267753,"t":"это вот ето","d":549650506,"a":[],"m":[{"f":15267753,"t":"тут перемеры нужно докинуть","d":549594943,"a":[]}]},{"i":3111993,"f":535798085,"t":"Это куда ?)","d":549650496,"a":[],"m":[{"f":15267753,"t":"1431939971 110","d":549650447,"a":[]}]},{"i":3111991,"f":15267753,"t":"1431939971 110","d":549650447,"a":[],"m":[]},{"i":3111688,"f":535798085,"t":"Напиши сколько","d":549625875,"a":[],"m":[]},{"i":3111687,"f":535798085,"t":"Да хорошо","d":549625853,"a":[],"m":[]},{"i":3111614,"f":15267753,"t":"тут перемеры нужно докинуть","d":549594943,"a":[],"m":[]},{"i":3111397,"f":535798085,"t":"","d":549566332,"a":[{"t":0,"s":{"m":"https://sun9-6.userapi.com/impg/D4Z5n2uufv6SzoFtCjt-AQ6qGgJg_uTrUSgTjg/PaX-yEpUHtQ.jpg?size=510x900&quality=95&crop=0,0,1179,2081&sign=38cea1fec9f1f09fadbc080a9a062521&c_uniq_tag=1HsEl7fHg7pvhHbO4Y0PSKdIK7Lu0tiKqgKvDB_lSUQ&type=album","s":"https://sun9-6.userapi.com/impg/D4Z5n2uufv6SzoFtCjt-AQ6qGgJg_uTrUSgTjg/PaX-yEpUHtQ.jpg?size=200x434&quality=95&sign=96dc0cb5cdd4edbb34f3f9e9f5aa7a2e&c_uniq_tag=kWtqHxoYNq662Aqsdd0jS6P0wTuXxuQ5Pk88ppttYZY&type=album","n":"https://sun9-6.userapi.com/impg/D4Z5n2uufv6SzoFtCjt-AQ6qGgJg_uTrUSgTjg/PaX-yEpUHtQ.jpg?size=996x2160&quality=95&sign=405c17324e1e06f7e73fbbb8fb1d0464&c_uniq_tag=SgD97BVApM-3GBCpXyghK1to3mYev3r4YYEIMjOYops&type=album","o":"https://sun9-6.userapi.com/impg/D4Z5n2uufv6SzoFtCjt-AQ6qGgJg_uTrUSgTjg/PaX-yEpUHtQ.jpg?size=498x1080&quality=95&sign=cce1088acad172470141f438c9e6a213&c_uniq_tag=fWDMS2VsIpsfMqlMsLadO5elW0WQa7pd0G-ZbsxeQuY&type=album","t":"https://sun9-6.userapi.com/impg/D4Z5n2uufv6SzoFtCjt-AQ6qGgJg_uTrUSgTjg/PaX-yEpUHtQ.jpg?size=279x604&quality=95&sign=60b400d90887afc6dec198c441a97ef0&c_uniq_tag=AaGOzgUu_csaXpTDNgph3mKxGa2DWuhe-5W9o7KFQkI&type=album"},"z":"","q":0,"w":0,"o":535798085,"i":457303738,"d":549566331}],"m":[]},{"i":3111396,"f":535798085,"t":"600₽","d":549566306,"a":[],"m":[{"f":15267753,"t":"89059515168 сбер","d":545751412,"a":[]}]},{"i":3111385,"f":15267753,"t":"Номер заказа СДЭК 1444055431\n600","d":549565658,"a":[],"m":[{"f":535798085,"t":"Привет \n \nПакет а3\n\nОтправитель :\nМинск\n\nПолучатель :\nМартынова Ольга Николаевна \n89193187607\nУфа, Ул. правды 31/2А","d":549565311,"a":[]}]},{"i":3111384,"f":15267753,"t":"привет","d":549565608,"a":[],"m":[]},{"i":3111381,"f":535798085,"t":"Привет \n \nПакет а3\n\nОтправитель :\nМинск\n\nПолучатель :\nМартынова Ольга Николаевна \n89193187607\nУфа, Ул. правды 31/2А","d":549565311,"a":[],"m":[]},{"i":3111156,"f":535798085,"t":"","d":549531023,"a":[{"t":0,"s":{"m":"https://sun9-34.userapi.com/impg/tL7_lcZK4O3PYB0Fw_hjMuEKwFHPLcJrzf5vWA/KkSdV3x9kDg.jpg?size=510x900&quality=95&crop=0,0,1179,2081&sign=6c7c1096d5af0130832f5bb3099de32f&c_uniq_tag=SOo5yhCWdWsKwbz2Q9_Lk9bGLC1YKR-ePNoQjfAcvCo&type=album","s":"https://sun9-34.userapi.com/impg/tL7_lcZK4O3PYB0Fw_hjMuEKwFHPLcJrzf5vWA/KkSdV3x9kDg.jpg?size=200x434&quality=95&sign=585ba5ccc968e0bc710175cc5074b894&c_uniq_tag=cyJBN0KA2j-Zj7RWgnMzB97eepqIwUiFWrROHc3vZYE&type=album","n":"https://sun9-34.userapi.com/impg/tL7_lcZK4O3PYB0Fw_hjMuEKwFHPLcJrzf5vWA/KkSdV3x9kDg.jpg?size=996x2160&quality=95&sign=08e486f8f8e33f3d18ff6e6ba9406fd9&c_uniq_tag=GSS8QH0RsY_B7uYJRutQhhm2EwnY7bPOF63mGU8REOM&type=album","o":"https://sun9-34.userapi.com/impg/tL7_lcZK4O3PYB0Fw_hjMuEKwFHPLcJrzf5vWA/KkSdV3x9kDg.jpg?size=498x1080&quality=95&sign=602efd93ca343c36aeb040c7856a401a&c_uniq_tag=knB9LUes3iYlZwAuV4NhaDPjgWIEWJ9Bgqp0SG-5HJU&type=album","t":"https://sun9-34.userapi.com/impg/tL7_lcZK4O3PYB0Fw_hjMuEKwFHPLcJrzf5vWA/KkSdV3x9kDg.jpg?size=279x604&quality=95&sign=b707602699320a957d75ade57a983141&c_uniq_tag=GPx0FOEQAUMSVWmsh9gr6RpG9IrVivVbiDrODukr6EY&type=album"},"z":"","q":0,"w":0,"o":535798085,"i":457303690,"d":549531022}],"m":[]},{"i":3111155,"f":535798085,"t":"Спасибо","d":549531020,"a":[],"m":[]},{"i":3111052,"f":15267753,"t":"Номер заказа СДЭК 1443960227\n750","d":549502963,"a":[],"m":[{"f":535798085,"t":"Привет \nКоробка л \n\nОтправитель Минск \n\nПолучатель \nКудрово областная 1 \nЕвдокимов Максим Михайлович\n8-981-165-84-70","d":549491834,"a":[]}]},{"i":3111051,"f":15267753,"t":"привет","d":549502899,"a":[],"m":[]},{"i":3110958,"f":535798085,"t":"Привет \nКоробка л \n\nОтправитель Минск \n\nПолучатель \nКудрово областная 1 \nЕвдокимов Максим Михайлович\n8-981-165-84-70","d":549491834,"a":[],"m":[]},{"i":3110075,"f":535798085,"t":"","d":549396685,"a":[{"t":0,"s":{"m":"https://sun9-1.userapi.com/impg/MfJ-vv3UZLQizHC4248gMir-zUai_JytrJAHBQ/-_Jx3550dN4.jpg?size=510x900&quality=95&crop=0,0,1179,2081&sign=1f74b5abee43d072608516e1b220c2ad&c_uniq_tag=C0LcBLZcsRbfsy53Z1qxT1htJePgK9-V7yBArWsaGUs&type=album","s":"https://sun9-1.userapi.com/impg/MfJ-vv3UZLQizHC4248gMir-zUai_JytrJAHBQ/-_Jx3550dN4.jpg?size=200x434&quality=95&sign=ee0e7b7b95b60f30d4bd923e636f084f&c_uniq_tag=qq6nSan8QpYczMaUa6-GOdJyexa8xBxVO2h595hylVs&type=album","n":"https://sun9-1.userapi.com/impg/MfJ-vv3UZLQizHC4248gMir-zUai_JytrJAHBQ/-_Jx3550dN4.jpg?size=996x2160&quality=95&sign=6fe52ac9e1bd8f5cd106ea9855881509&c_uniq_tag=509s4dY7FMcCld-niJBDSAIahqFNW137MbEV0oCkPIo&type=album","o":"https://sun9-1.userapi.com/impg/MfJ-vv3UZLQizHC4248gMir-zUai_JytrJAHBQ/-_Jx3550dN4.jpg?size=498x1080&quality=95&sign=1de041f3af21287a5893e3b9a2d96657&c_uniq_tag=hNQY4xMfWcaqS-zRqinwicXViP3uxhJZppwqybCmjWk&type=album","t":"https://sun9-1.userapi.com/impg/MfJ-vv3UZLQizHC4248gMir-zUai_JytrJAHBQ/-_Jx3550dN4.jpg?size=279x604&quality=95&sign=bda60d198058db6c8e0521d53648a284&c_uniq_tag=ksJUGJJR9JS8U-mim05ro58cuhUtXYG-b_M_PgvmnPs&type=album"},"z":"","q":0,"w":0,"o":535798085,"i":457303576,"d":549396684}],"m":[]},{"i":3110070,"f":15267753,"t":"Номер заказа СДЭК 1443755341\n550","d":549396356,"a":[],"m":[{"f":535798085,"t":"Привет \nРазмер м \n\nОтправитель Минск \n\nПолучатель \nКудрово областная 1 \nЕвдокимов Максим Михайлович\n8-981-165-84-70","d":549395129,"a":[]}]},{"i":3110069,"f":15267753,"t":"привет","d":549396307,"a":[],"m":[]},{"i":3110051,"f":535798085,"t":"Привет \nРазмер м \n\nОтправитель Минск \n\nПолучатель \nКудрово областная 1 \nЕвдокимов Максим Михайлович\n8-981-165-84-70","d":549395129,"a":[],"m":[]},{"i":3107155,"f":535798085,"t":"Спасибо большое","d":549126252,"a":[],"m":[]},{"i":3107154,"f":535798085,"t":"","d":549126249,"a":[{"t":0,"s":{"m":"https://sun9-29.userapi.com/impg/rCpkzKgpVLvF1WUqvl9ChiktoYNh_WsPXDr15A/TKDXBWYcjq8.jpg?size=510x900&quality=95&crop=0,0,1179,2081&sign=23ffe001412254e53fa06099c037e24a&c_uniq_tag=8YtZrx8Qn-ROZJmF2olOln8yD1nL6n_3X129Fs1Y7-o&type=album","s":"https://sun9-29.userapi.com/impg/rCpkzKgpVLvF1WUqvl9ChiktoYNh_WsPXDr15A/TKDXBWYcjq8.jpg?size=200x434&quality=95&sign=3a15560662f09870904628b5c07e451c&c_uniq_tag=g0sdXKZd7LEypZI7TpPZ1sGFgX3ueHAGBowdwVAhOVM&type=album","n":"https://sun9-29.userapi.com/impg/rCpkzKgpVLvF1WUqvl9ChiktoYNh_WsPXDr15A/TKDXBWYcjq8.jpg?size=996x2160&quality=95&sign=5f0771c9fca7de180669d28fed23f223&c_uniq_tag=yzNmGifoQVVQODRPBelNFgi6fmYr7OrjgYNDOocPz18&type=album","o":"https://sun9-29.userapi.com/impg/rCpkzKgpVLvF1WUqvl9ChiktoYNh_WsPXDr15A/TKDXBWYcjq8.jpg?size=498x1080&quality=95&sign=f76597c9e36e0200b392e8361ec68404&c_uniq_tag=h_HXprrlToCeWzghX4kRp7M17OLGfWz7ZuV-w3S6Lt0&type=album","t":"https://sun9-29.userapi.com/impg/rCpkzKgpVLvF1WUqvl9ChiktoYNh_WsPXDr15A/TKDXBWYcjq8.jpg?size=279x604&quality=95&sign=708f7b765e56df4ce77b7f761e3faed8&c_uniq_tag=piTG-Uf8BYp3TLK9AmL3IAYFQ3M_jq4IolesN32ilsY&type=album"},"z":"","q":0,"w":0,"o":535798085,"i":457303213,"d":549126249}],"m":[]},{"i":3107150,"f":535798085,"t":"400","d":549126222,"a":[],"m":[{"f":15267753,"t":"89059515168 сбер","d":545751412,"a":[]}]},{"i":3107148,"f":15267753,"t":"Номер заказа СДЭК 1442681305 \n400","d":549126207,"a":[],"m":[{"f":535798085,"t":"Привет \nПакет а2\n\nОтправитель \nСанкт-Петербург \n\nПолучатель \n\nВасилькин Никита Сергеевич \n89042647176\nПензенская область \nС.засечное улица светлая \nДом 14","d":549125310,"a":[]}]},{"i":3107143,"f":15267753,"t":"Привет","d":549126119,"a":[],"m":[]},{"i":3107091,"f":535798085,"t":"Привет \nПакет а2\n\nОтправитель \nСанкт-Петербург \n\nПолучатель \n\nВасилькин Никита Сергеевич \n89042647176\nПензенская область \nС.засечное улица светлая \nДом 14","d":549125310,"a":[],"m":[]},{"i":3099145,"f":535798085,"t":"Спасибо большое","d":548186065,"a":[],"m":[]},{"i":3099144,"f":535798085,"t":"","d":548186062,"a":[{"t":0,"s":{"m":"https://sun9-78.userapi.com/impg/ekxdkDOcJUU-iFPrXJITK-9FHwWGfMuFjT2prg/Q0PfeNZhwjM.jpg?size=510x900&quality=95&crop=0,0,1179,2081&sign=ac2d8353b5a7d80a84e1284a7249e0cd&c_uniq_tag=t_tR9V7MCBLSjugFIqTfJyzj55LF-rphyYkQDaMPEQs&type=album","s":"https://sun9-78.userapi.com/impg/ekxdkDOcJUU-iFPrXJITK-9FHwWGfMuFjT2prg/Q0PfeNZhwjM.jpg?size=200x434&quality=95&sign=eb191db856b47a8890e8efe2557bf018&c_uniq_tag=DODQBQYJfTo8B-ynUA2Qx_if29S3PlLuXxHLMF7XY-M&type=album","n":"https://sun9-78.userapi.com/impg/ekxdkDOcJUU-iFPrXJITK-9FHwWGfMuFjT2prg/Q0PfeNZhwjM.jpg?size=996x2160&quality=95&sign=bb649586e9ddebb339714c8fd6267bbf&c_uniq_tag=iHIXNJr8LCiA9ds_3vqsxMCTkc9ou7qxxY9hZLxYebY&type=album","o":"https://sun9-78.userapi.com/impg/ekxdkDOcJUU-iFPrXJITK-9FHwWGfMuFjT2prg/Q0PfeNZhwjM.jpg?size=498x1080&quality=95&sign=7a2bf0abbc84f383dd6782c34d4937fb&c_uniq_tag=rzPf-y9bvhqM09oB86drWso9nO-JfT_uM1UCi5eX2dM&type=album","t":"https://sun9-78.userapi.com/impg/ekxdkDOcJUU-iFPrXJITK-9FHwWGfMuFjT2prg/Q0PfeNZhwjM.jpg?size=279x604&quality=95&sign=2a956142d8564c99ee5ac756af2d4b97&c_uniq_tag=INnZQMpbBM4U-Efq-y1LbXMoTNbw_Rnuzx5ERaWXvA8&type=album"},"z":"","q":0,"w":0,"o":535798085,"i":457302285,"d":548186061}],"m":[]},{"i":3099142,"f":15267753,"t":"Номер заказа СДЭК 1439743699\n250","d":548186005,"a":[],"m":[{"f":535798085,"t":"Привет \n\nПакет не включать \nПакет есть \n\nОтправитель \nСанкт-Петербург \n\nПолучатель \nЕвдокимов Максим Михайлович \n8-981-165-84-70 \nКудрово областная 1","d":548182387,"a":[]}]},{"i":3099040,"f":535798085,"t":"Тапки короче","d":548184004,"a":[],"m":[]},{"i":3099039,"f":535798085,"t":"А3 максимум","d":548183996,"a":[],"m":[]},{"i":3099037,"f":15267753,"t":"габарит?","d":548183919,"a":[],"m":[]},{"i":3099036,"f":15267753,"t":"привет","d":548183917,"a":[],"m":[]},{"i":3099021,"f":535798085,"t":"Привет \n\nПакет не включать \nПакет есть \n\nОтправитель \nСанкт-Петербург \n\nПолучатель \nЕвдокимов Максим Михайлович \n8-981-165-84-70 \nКудрово областная 1","d":548182387,"a":[],"m":[]},{"i":3096906,"f":535798085,"t":"","d":547941630,"a":[{"t":0,"s":{"m":"https://sun9-71.userapi.com/impg/_9fzGHAXCh8UoxlniKnLjO7hbgEs9n_PU2htIw/9bR8CS01zaQ.jpg?size=510x900&quality=95&crop=0,0,1179,2081&sign=4672f122396dfa8a8c89a47fe5673f27&c_uniq_tag=wHUAmxo53U8JSIgOy2zZEHatQpeBdvUnDGF6N7FWj4o&type=album","s":"https://sun9-71.userapi.com/impg/_9fzGHAXCh8UoxlniKnLjO7hbgEs9n_PU2htIw/9bR8CS01zaQ.jpg?size=200x434&quality=95&sign=e59fed9f87d9c053a5e8a6b9cae9876b&c_uniq_tag=TyylZ_UXuRyCPF51jLWXT4fOd2l_JpC2vJoA2FLh4hA&type=album","n":"https://sun9-71.userapi.com/impg/_9fzGHAXCh8UoxlniKnLjO7hbgEs9n_PU2htIw/9bR8CS01zaQ.jpg?size=996x2160&quality=95&sign=788ea33de4577c620c9e667fc7cfa0e6&c_uniq_tag=a4SdqcCW1e1d0UMRSEFohDacFXio88u1UauZHskc2w0&type=album","o":"https://sun9-71.userapi.com/impg/_9fzGHAXCh8UoxlniKnLjO7hbgEs9n_PU2htIw/9bR8CS01zaQ.jpg?size=498x1080&quality=95&sign=f2cdd432470b77bbdf5975565dc0bdd7&c_uniq_tag=fsXbVSYyAa-Rj3DaOFPKoB6g1TZ45a1sGEVRX9L3-HA&type=album","t":"https://sun9-71.userapi.com/impg/_9fzGHAXCh8UoxlniKnLjO7hbgEs9n_PU2htIw/9bR8CS01zaQ.jpg?size=279x604&quality=95&sign=ab824dd6bdeea4724c270a2c9cbab73a&c_uniq_tag=AepCsWJpDGjpJvEC9lvEyx0KzdL_DFXL29-9xOTlovs&type=album"},"z":"","q":0,"w":0,"o":535798085,"i":457302077,"d":547941629}],"m":[]},{"i":3096905,"f":535798085,"t":"Спасибо \nЩас скину","d":547941596,"a":[],"m":[]},{"i":3096892,"f":15267753,"t":"Номер заказа СДЭК 1438715302\n350","d":547941099,"a":[],"m":[{"f":535798085,"t":"Привет нужна твоя помощь :)\n\nКоробка м \n\nОтправитель :\nСанкт-Петербург \nЕвдокимов Максим Михайлович \n8-981-165-84-70\n\nПолучатель :\nСамара , Молодёжная 10\nГороднов Иван Михайлович\n89377969981","d":547937319,"a":[]}]},{"i":3096891,"f":15267753,"t":"привет","d":547941045,"a":[],"m":[]},{"i":3096783,"f":535798085,"t":"Привет нужна твоя помощь :)\n\nКоробка м \n\nОтправитель :\nСанкт-Петербург \nЕвдокимов Максим Михайлович \n8-981-165-84-70\n\nПолучатель :\nСамара , Молодёжная 10\nГороднов Иван Михайлович\n89377969981","d":547937319,"a":[],"m":[]},{"i":3083624,"f":535798085,"t":"","d":546555811,"a":[{"t":0,"s":{"m":"https://sun9-47.userapi.com/impg/EJql7Oy6jVgQOrWm8rLjAfcG7fgq6IvSgSi4oA/LFtCa4Idu2A.jpg?size=510x900&quality=95&crop=0,0,1179,2081&sign=34873b4fa7c6765cc505f1f39e28dfdb&c_uniq_tag=cUBosMztIuqN9F5OGqmwmo3amAaYhqJYfJ4kIHixs9M&type=album","s":"https://sun9-47.userapi.com/impg/EJql7Oy6jVgQOrWm8rLjAfcG7fgq6IvSgSi4oA/LFtCa4Idu2A.jpg?size=200x434&quality=95&sign=f550fe11cfbc5174ff800ea457e826a3&c_uniq_tag=sBBjs_xaJeZJtcQ521dQHWwbDfJQKMzxNIr8lLr8FTQ&type=album","n":"https://sun9-47.userapi.com/impg/EJql7Oy6jVgQOrWm8rLjAfcG7fgq6IvSgSi4oA/LFtCa4Idu2A.jpg?size=996x2160&quality=95&sign=a6f6a309df70f9efdb43ff8f3c7643ec&c_uniq_tag=XIRHD47ZDhfWimqnmnFiTNGIkACFmLucd9bA9oAfSW0&type=album","o":"https://sun9-47.userapi.com/impg/EJql7Oy6jVgQOrWm8rLjAfcG7fgq6IvSgSi4oA/LFtCa4Idu2A.jpg?size=498x1080&quality=95&sign=2d6a39680afd5740ae96d8fa909fd95e&c_uniq_tag=HQH4QUAbizcjo2zuST67uaBph8mfssgWEYzkcOxBTjA&type=album","t":"https://sun9-47.userapi.com/impg/EJql7Oy6jVgQOrWm8rLjAfcG7fgq6IvSgSi4oA/LFtCa4Idu2A.jpg?size=279x604&quality=95&sign=d54fec76fb0489b8218c04b3dd3c62b0&c_uniq_tag=rtxl1Uv8nPbwKPXwIMmkMR_8LvfgU_4r4wookbaypZ0&type=album"},"z":"","q":0,"w":0,"o":535798085,"i":457301134,"d":546555811}],"m":[]},{"i":3083623,"f":15267753,"t":"ога","d":546555782,"a":[],"m":[]},{"i":3083621,"f":535798085,"t":"250 сюда","d":546555770,"a":[],"m":[{"f":15267753,"t":"89059515168 сбер","d":545751412,"a":[]}]},{"i":3083620,"f":15267753,"t":"Номер заказа СДЭК 1434139127\n250","d":546555753,"a":[],"m":[{"f":535798085,"t":"Привет \nКоробка л \n\nОтправитель:\n\nСпб \nЛюбимцев Константин Сергеевич \n89213347025\n\nПолучатель :\nКудрово областная 1 \nЕвдокимов Максим Михайлович \n8-981-165-84-70","d":546548370,"a":[]}]},{"i":3083618,"f":15267753,"t":"привет","d":546555715,"a":[],"m":[]},{"i":3083487,"f":535798085,"t":"Привет \nКоробка л \n\nОтправитель:\n\nСпб \nЛюбимцев Константин Сергеевич \n89213347025\n\nПолучатель :\nКудрово областная 1 \nЕвдокимов Максим Михайлович \n8-981-165-84-70","d":546548370,"a":[],"m":[]},{"i":3082549,"f":535798085,"t":"","d":546440181,"a":[{"t":0,"s":{"m":"https://sun9-14.userapi.com/impg/Ectebgq6JcOAWO7YPGD-knspVTxQbw3Rhoeurg/dxPazXaL5SY.jpg?size=510x900&quality=95&crop=0,0,1179,2081&sign=1e49b559712319270a3c2084fcc14db5&c_uniq_tag=5y46OzTEnmePfWvsPLjVHBLY5WuZn3IBLi2A817ESCU&type=album","s":"https://sun9-14.userapi.com/impg/Ectebgq6JcOAWO7YPGD-knspVTxQbw3Rhoeurg/dxPazXaL5SY.jpg?size=200x434&quality=95&sign=02942aaa9dc3de84d6862297190e3c49&c_uniq_tag=0Z469aDCNXl266r6-VJYyj0K1uTDYwEhkfINICMA3sg&type=album","n":"https://sun9-14.userapi.com/impg/Ectebgq6JcOAWO7YPGD-knspVTxQbw3Rhoeurg/dxPazXaL5SY.jpg?size=996x2160&quality=95&sign=09d5b0afe159a0aeda54d45967e96474&c_uniq_tag=cIoboIqDfDjvtjS5S8fc4Y9Xfj3TJt9F-i02Xww9rZk&type=album","o":"https://sun9-14.userapi.com/impg/Ectebgq6JcOAWO7YPGD-knspVTxQbw3Rhoeurg/dxPazXaL5SY.jpg?size=498x1080&quality=95&sign=6033caa45fb6a8d5b8bf6440d01736f3&c_uniq_tag=LpSDKtAvOht64OQGRDY0lKJRLZUt3kuvdSWdzE9weHo&type=album","t":"https://sun9-14.userapi.com/impg/Ectebgq6JcOAWO7YPGD-knspVTxQbw3Rhoeurg/dxPazXaL5SY.jpg?size=279x604&quality=95&sign=1d5da025c53b8711db16a56ca0aa8527&c_uniq_tag=TnGw3UfBhjHHHBDIjLiHRSLoUV4uhPfbKv1iqWaPPA0&type=album"},"z":"","q":0,"w":0,"o":535798085,"i":457300886,"d":546440181}],"m":[]},{"i":3082547,"f":535798085,"t":"Сюда 300₽","d":546440147,"a":[],"m":[{"f":15267753,"t":"89059515168 сбер","d":545751412,"a":[]}]},{"i":3082546,"f":535798085,"t":"Щас скину","d":546440125,"a":[],"m":[]},{"i":3082544,"f":535798085,"t":"Спасибо","d":546440123,"a":[],"m":[]},{"i":3082543,"f":15267753,"t":"Номер заказа СДЭК 1433929939\n300","d":546440097,"a":[],"m":[{"f":535798085,"t":"Отправитель \n Санкт-Петербург\nЕвдокимов Максим Михайлович \n8-981-165-84-70 \n\nПолучатель \n\nКривошей Николай Дмитриевич \n+79995158225\n\nАдрес сдека: Сосновый Бор, Сосновоборский городской округ, Пр-кт Героев, 58А","d":546390543,"a":[]}]},{"i":3082470,"f":535798085,"t":"","d":546434497,"a":[{"t":4}],"m":[]},{"i":3082469,"f":15267753,"t":"Ща домой зайду сделаю)","d":546434493,"a":[],"m":[]},{"i":3082467,"f":535798085,"t":"S \n\nКепка","d":546434476,"a":[],"m":[]},{"i":3082295,"f":15267753,"t":"габарит?","d":546393110,"a":[],"m":[]},{"i":3082294,"f":15267753,"t":"привет","d":546393104,"a":[],"m":[]},{"i":3082277,"f":535798085,"t":"Отправитель \n Санкт-Петербург\nЕвдокимов Максим Михайлович \n8-981-165-84-70 \n\nПолучатель \n\nКривошей Николай Дмитриевич \n+79995158225\n\nАдрес сдека: Сосновый Бор, Сосновоборский городской округ, Пр-кт Героев, 58А","d":546390543,"a":[],"m":[]},{"i":3082276,"f":535798085,"t":"Нужен трек )","d":546390511,"a":[],"m":[]},{"i":3082275,"f":535798085,"t":"Привет","d":546390508,"a":[],"m":[]},{"i":3075893,"f":535798085,"t":"","d":545852803,"a":[{"t":0,"s":{"m":"https://sun9-41.userapi.com/impg/U898miZnB2IdOuQ1Tv8RB6peRLNagOhbjxXMqw/o1KLjhkU9Rc.jpg?size=510x900&quality=95&crop=0,0,1179,2081&sign=135e9b8172156f557e9e9a42e0c64891&c_uniq_tag=NxzOr23CVxm4H4QO8uqinu_j-dWZhw_8Q9SAxLRLfM8&type=album","s":"https://sun9-41.userapi.com/impg/U898miZnB2IdOuQ1Tv8RB6peRLNagOhbjxXMqw/o1KLjhkU9Rc.jpg?size=200x434&quality=95&sign=df49d5b1b01881ddd6a9f8afd1921bb5&c_uniq_tag=xMEIAB1kGyEJAuD6d-ciJc6uQkkjyh9DhVA8clgxF-0&type=album","n":"https://sun9-41.userapi.com/impg/U898miZnB2IdOuQ1Tv8RB6peRLNagOhbjxXMqw/o1KLjhkU9Rc.jpg?size=996x2160&quality=95&sign=ecc8494139d90891e2411175b67051fc&c_uniq_tag=b0vzvO9Acg66VKAhjtVUOAzdioB3YxNDABg04KwTmHs&type=album","o":"https://sun9-41.userapi.com/impg/U898miZnB2IdOuQ1Tv8RB6peRLNagOhbjxXMqw/o1KLjhkU9Rc.jpg?size=498x1080&quality=95&sign=1a0c50a2112b971e6f0ffa1f90b925c3&c_uniq_tag=UG4pPBRmr55WqMdIGa9m-d6z24Mld7Rz2tZv-JgZyq4&type=album","t":"https://sun9-41.userapi.com/impg/U898miZnB2IdOuQ1Tv8RB6peRLNagOhbjxXMqw/o1KLjhkU9Rc.jpg?size=279x604&quality=95&sign=1b8b4bb4166163943f6728557926226a&c_uniq_tag=JwIePYk2_WpaxkfdwtnSiY0vY2vyFbt-EDiajeFvVUs&type=album"},"z":"","q":0,"w":0,"o":535798085,"i":457300390,"d":545852803}],"m":[]},{"i":3075891,"f":535798085,"t":"Сейчас оплачу","d":545852753,"a":[],"m":[]},{"i":3075890,"f":15267753,"t":"Номер заказа СДЭК 1431939971\n500","d":545852674,"a":[],"m":[{"f":535798085,"t":"Отправитель \n2 коробки обуви \n\nЕкатеринбург \n89221245978\n\nПолучатель \nЕвдокимов Максим Михайлович \n8-981-165-84-70 \nКудрово областная 1","d":545850292,"a":[]}]},{"i":3075889,"f":15267753,"t":"привет","d":545852629,"a":[],"m":[]},{"i":3075864,"f":535798085,"t":"Отправитель \n2 коробки обуви \n\nЕкатеринбург \n89221245978\n\nПолучатель \nЕвдокимов Максим Михайлович \n8-981-165-84-70 \nКудрово областная 1","d":545850292,"a":[],"m":[]},{"i":3075863,"f":535798085,"t":"Привет нужна талая помощь :)","d":545850290,"a":[],"m":[]},{"i":3074720,"f":535798085,"t":"","d":545751449,"a":[{"t":0,"s":{"m":"https://sun9-59.userapi.com/impg/A083rhLuAU41sMnCOR3f8Xu4iWNRUAkhxMr7fg/UBibc3KN4K8.jpg?size=510x900&quality=95&crop=0,0,1179,2081&sign=674d4daf5496ff14b26e289ba5f7ca96&c_uniq_tag=mOwY1MQrc2JB85JHd_HdtQXGyLCzWwKKduGzTd0IORY&type=album","s":"https://sun9-59.userapi.com/impg/A083rhLuAU41sMnCOR3f8Xu4iWNRUAkhxMr7fg/UBibc3KN4K8.jpg?size=200x434&quality=95&sign=f2043ef89ec0f9b5a608f48d10d88100&c_uniq_tag=dLou3rUuFAFzCyk-Ic6O-_iXvQUGx3J4sX3Cak3d-M8&type=album","n":"https://sun9-59.userapi.com/impg/A083rhLuAU41sMnCOR3f8Xu4iWNRUAkhxMr7fg/UBibc3KN4K8.jpg?size=996x2160&quality=95&sign=53790b2e397a4131148322313bdaa16c&c_uniq_tag=YLb1ActwA3aVr9iGzbhpuSSk8NfbRfPtjSn8vIDlFeE&type=album","o":"https://sun9-59.userapi.com/impg/A083rhLuAU41sMnCOR3f8Xu4iWNRUAkhxMr7fg/UBibc3KN4K8.jpg?size=498x1080&quality=95&sign=39b40234f40c47dad8b50ba18683d553&c_uniq_tag=fSaKqscwmHeNq5Mue8SwmKbvlMS4BLwc-FxOr50sQ6g&type=album","t":"https://sun9-59.userapi.com/impg/A083rhLuAU41sMnCOR3f8Xu4iWNRUAkhxMr7fg/UBibc3KN4K8.jpg?size=279x604&quality=95&sign=64457084e9910a509d8c292c0e6b3e00&c_uniq_tag=Ch_3vi7KApVo2U9fWN_TdJ3WY7BgJ0IE8GrO7I3igoI&type=album"},"z":"","q":0,"w":0,"o":535798085,"i":457300253,"d":545751448}],"m":[]},{"i":3074713,"f":535798085,"t":"Куда перевезти","d":545751412,"a":[],"m":[]},{"i":3074712,"f":15267753,"t":"89059515168 сбер","d":545751412,"a":[],"m":[]},{"i":3074708,"f":535798085,"t":"Скинь номер пожалуйста","d":545751406,"a":[],"m":[]},{"i":3074707,"f":535798085,"t":"Ща скину","d":545751402,"a":[],"m":[]},{"i":3074697,"f":15267753,"t":"Номер заказа СДЭК 1431645996\n300","d":545751361,"a":[],"m":[{"f":535798085,"t":"Коробка л включить в стоимость \n\nОтправитель :\nЖуков Иван Сергеевич\n\n8 (931) 305-53-37\n\nСанкт-Петербург,Королева 61\n\nПолучатель :\n\nЕвдокимов Максим Михайлович \n\n8-981-165-84-70 \n\nКудрово,областная 1 пом 52-н","d":545749393,"a":[]}]},{"i":3074660,"f":535798085,"t":"Да","d":545750662,"a":[],"m":[{"f":15267753,"t":"Под габариты","d":545750640,"a":[]}]},{"i":3074659,"f":535798085,"t":"Купим его","d":545750656,"a":[],"m":[]},{"i":3074658,"f":535798085,"t":"Да","d":545750655,"a":[],"m":[{"f":15267753,"t":"Делаем без бокса?","d":545750635,"a":[]}]},{"i":3074655,"f":15267753,"t":"Там купишь его","d":545750642,"a":[],"m":[]},{"i":3074653,"f":15267753,"t":"Под габариты","d":545750640,"a":[],"m":[]},{"i":3074652,"f":15267753,"t":"Делаем без бокса?","d":545750635,"a":[],"m":[]},{"i":3074632,"f":535798085,"t":"Принял","d":545749641,"a":[],"m":[]},{"i":3074631,"f":15267753,"t":"Сами там покупаете","d":545749580,"a":[],"m":[]},{"i":3074630,"f":15267753,"t":"Ток коробку нельзя щас","d":545749576,"a":[],"m":[]},{"i":3074629,"f":15267753,"t":"Привет","d":545749572,"a":[],"m":[]},{"i":3074625,"f":535798085,"t":"Коробка л включить в стоимость \n\nОтправитель :\nЖуков Иван Сергеевич\n\n8 (931) 305-53-37\n\nСанкт-Петербург,Королева 61\n\nПолучатель :\n\nЕвдокимов Максим Михайлович \n\n8-981-165-84-70 \n\nКудрово,областная 1 пом 52-н","d":545749393,"a":[],"m":[]},{"i":3074623,"f":535798085,"t":"Привет сможешь накладную сдек сделать ?)","d":545749362,"a":[],"m":[]}]}