{"meta":{"v":"1.2","p":484505326,"a":15267753,"t":"Любитель Книг","d":1691415221},"data":[{"i":3124002,"f":484505326,"t":"Пока не","d":550883520,"a":[],"m":[]},{"i":3123998,"f":15267753,"t":"делать?","d":550883483,"a":[],"m":[]},{"i":3123997,"f":15267753,"t":"700р","d":550883481,"a":[],"m":[]},{"i":3123996,"f":484505326,"t":"Ага","d":550883405,"a":[],"m":[]},{"i":3123994,"f":15267753,"t":"на ети же данные?","d":550883389,"a":[],"m":[{"f":484505326,"t":"Я от Орочимару\nКроссовки надо отправить на восстановление\nИз спб \nВ Минск, Притыцкого 34\n+375256333601\nСмирнов Алексей Дмитриевич\nКроссовки + кофе немного","d":543167594,"a":[]}]},{"i":3123992,"f":15267753,"t":"привет","d":550883351,"a":[],"m":[]},{"i":3123991,"f":15267753,"t":"ghbdtn","d":550883350,"a":[],"m":[]},{"i":3123847,"f":484505326,"t":"Вот сюда","d":550873961,"a":[],"m":[{"f":484505326,"t":"Я от Орочимару\nКроссовки надо отправить на восстановление\nИз спб \nВ Минск, Притыцкого 34\n+375256333601\nСмирнов Алексей Дмитриевич\nКроссовки + кофе немного","d":543167594,"a":[]}]},{"i":3123839,"f":484505326,"t":"Адрес пвз чуть позже скажу","d":550871336,"a":[],"m":[]},{"i":3123838,"f":484505326,"t":"Сколько выйдет?)","d":550871328,"a":[],"m":[]},{"i":3123837,"f":484505326,"t":"Отправить посылку \nСпб Минск\nГабариты 385х295х295\nВнутри кроссовки будут :)","d":550871324,"a":[],"m":[]},{"i":3123836,"f":484505326,"t":"Йоу","d":550871321,"a":[],"m":[]},{"i":3111665,"f":484505326,"t":"Отправіл","d":549616487,"a":[],"m":[]},{"i":3111579,"f":15267753,"t":"1439951039 149","d":549594381,"a":[],"m":[]},{"i":3111578,"f":15267753,"t":"прив, тут докинуть еще, перемер или добавили чета","d":549594381,"a":[],"m":[]},{"i":3101140,"f":484505326,"t":"","d":548435135,"a":[{"t":0,"s":{"m":"https://sun9-48.userapi.com/impg/4D4FN1T3PGtjs-SeaLgK1Thjldy7qvKa1RMhgg/beGkugLmHHY.jpg?size=510x900&quality=95&crop=0,0,1170,2065&sign=69235771fde3acdd00fe558fcce9fb86&c_uniq_tag=FzcFIBJUD-G-1clilx2PQolgsUaVPvnMLc5KsVuhH64&type=album","s":"https://sun9-48.userapi.com/impg/4D4FN1T3PGtjs-SeaLgK1Thjldy7qvKa1RMhgg/beGkugLmHHY.jpg?size=200x433&quality=95&sign=400869e8666124f3a956f5bd62adb9db&c_uniq_tag=5OcHA_tebDA6Mswhi-mbz9uEWT9hLOh8icds8WT7zDA&type=album","n":"https://sun9-48.userapi.com/impg/4D4FN1T3PGtjs-SeaLgK1Thjldy7qvKa1RMhgg/beGkugLmHHY.jpg?size=998x2160&quality=95&sign=05fbce76ebf12d424adc8ebf452cdaeb&c_uniq_tag=ASdbgX9zQ2kqSPr4a-u2q0K0TgVo3t3kPaQdxW_tucA&type=album","o":"https://sun9-48.userapi.com/impg/4D4FN1T3PGtjs-SeaLgK1Thjldy7qvKa1RMhgg/beGkugLmHHY.jpg?size=499x1080&quality=95&sign=c67e013e668d505cba55568dce9f5382&c_uniq_tag=pKb9s4Glma9RFhy2J3YrXMLp6ZXivazzxFKFyGLzwoM&type=album","t":"https://sun9-48.userapi.com/impg/4D4FN1T3PGtjs-SeaLgK1Thjldy7qvKa1RMhgg/beGkugLmHHY.jpg?size=279x604&quality=95&sign=fc5800cc8e73f8ed0a85c27e3a0ef0cb&c_uniq_tag=-z1cYlk6J99AgCFcn2YhrpU5J0WHkUhhf94emhevlYA&type=album"},"z":"","q":0,"w":0,"o":484505326,"i":457263920,"d":548435062}],"m":[]},{"i":3101135,"f":15267753,"t":"Номер заказа СДЭК 1440337127\n700","d":548434904,"a":[],"m":[{"f":484505326,"t":"Москва - Могилёв (Беларусь)\n\nПункт СДЭК MOG5\nМогилёв, ул. Островского, 15\n\nКозлов Алексей Анатольевич \n\n+375 44 547 8299","d":548433685,"a":[]}]},{"i":3101133,"f":15267753,"t":"прив","d":548434800,"a":[],"m":[]},{"i":3101123,"f":484505326,"t":"Кроссовки в посылке","d":548433695,"a":[],"m":[]},{"i":3101122,"f":484505326,"t":"Москва - Могилёв (Беларусь)\n\nПункт СДЭК MOG5\nМогилёв, ул. Островского, 15\n\nКозлов Алексей Анатольевич \n\n+375 44 547 8299","d":548433685,"a":[],"m":[]},{"i":3101119,"f":484505326,"t":"👀","d":548433440,"a":[],"m":[]},{"i":3101113,"f":484505326,"t":"44x36x25","d":548433107,"a":[],"m":[]},{"i":3100998,"f":484505326,"t":"привет","d":548421588,"a":[],"m":[]},{"i":3099933,"f":484505326,"t":"Спасибо 🤝","d":548284243,"a":[],"m":[]},{"i":3099932,"f":15267753,"t":"++","d":548284229,"a":[],"m":[]},{"i":3099930,"f":484505326,"t":"","d":548284207,"a":[{"t":0,"s":{"m":"https://sun9-58.userapi.com/impg/FsBITNcK_mw6VZRUJRYzL7VuDwTJS3ddQH88Ig/2HBjOSdDaSs.jpg?size=510x900&quality=95&crop=0,0,1170,2065&sign=b53be263c72eccb07cf1df3e627d5b8c&c_uniq_tag=ugBp5ZU_M4m6TTg_dqgOa1lH8WOxMY_F670E0PzkGmg&type=album","s":"https://sun9-58.userapi.com/impg/FsBITNcK_mw6VZRUJRYzL7VuDwTJS3ddQH88Ig/2HBjOSdDaSs.jpg?size=200x433&quality=95&sign=0b7aaddb1551a378ea1412d67d534153&c_uniq_tag=osMGTeTYA3ftSMRRM33AQTgsrW2zW56h17HB3UQDigs&type=album","n":"https://sun9-58.userapi.com/impg/FsBITNcK_mw6VZRUJRYzL7VuDwTJS3ddQH88Ig/2HBjOSdDaSs.jpg?size=998x2160&quality=95&sign=2d34d8582234c42acd3a0db0fd585818&c_uniq_tag=rEiTLr_F_DaoRphXW2WUiB3KAfRSRM4mMj7zEtalufo&type=album","o":"https://sun9-58.userapi.com/impg/FsBITNcK_mw6VZRUJRYzL7VuDwTJS3ddQH88Ig/2HBjOSdDaSs.jpg?size=499x1080&quality=95&sign=2f81765b146c88deae4602de0cee4d21&c_uniq_tag=g3kCd3MR8n_jhsNcLTgkP9nGqf8FL7jdAeBU9Q-2xTI&type=album","t":"https://sun9-58.userapi.com/impg/FsBITNcK_mw6VZRUJRYzL7VuDwTJS3ddQH88Ig/2HBjOSdDaSs.jpg?size=279x604&quality=95&sign=baddaa5f439133980c4a80872de0af3f&c_uniq_tag=ZP_8UejV4wAdHEFhagdiMqPzK5nDaQ7W88kfGaBJ5Vw&type=album"},"z":"","q":0,"w":0,"o":484505326,"i":457263919,"d":548284206}],"m":[]},{"i":3099922,"f":15267753,"t":"Номер заказа СДЭК 1439951039 \n1000","d":548283985,"a":[],"m":[{"f":484505326,"t":"Из Минска в спб \nЛичные вещи\n250х350х600","d":548263558,"a":[]}]},{"i":3099920,"f":15267753,"t":"извиняюсь, не было сети","d":548283912,"a":[],"m":[]},{"i":3099919,"f":15267753,"t":"приветик","d":548283907,"a":[],"m":[]},{"i":3099830,"f":484505326,"t":"🥺","d":548273289,"a":[],"m":[]},{"i":3099739,"f":484505326,"t":"Из Минска(Беларусь)в спб \n\nВишневский Андрей\n\n+7 (995) 114-89-05\n\nПункт СДЭК SPB801\nСанкт-Петербург, ул. Подольская, 31","d":548263581,"a":[],"m":[]},{"i":3099738,"f":484505326,"t":"Из Минска в спб \nЛичные вещи\n250х350х600","d":548263558,"a":[],"m":[]},{"i":3099737,"f":484505326,"t":"Привет","d":548263540,"a":[],"m":[]},{"i":3095498,"f":15267753,"t":"ок","d":547824840,"a":[],"m":[]},{"i":3095495,"f":484505326,"t":"Напишу через пару дней","d":547824805,"a":[],"m":[]},{"i":3095494,"f":484505326,"t":"Отлично тогда","d":547824799,"a":[],"m":[]},{"i":3095493,"f":15267753,"t":"да монжо","d":547824777,"a":[],"m":[]},{"i":3095492,"f":15267753,"t":"привет","d":547824774,"a":[],"m":[]},{"i":3095475,"f":484505326,"t":"Просто у отца нет своей коробки\nИ он бы у них купил ее допустим\nА через тебя оформить отправление","d":547823493,"a":[],"m":[]},{"i":3095474,"f":484505326,"t":"Слушай а можно отправить твоими тарифами\nНо в коробке сдека?)","d":547823468,"a":[],"m":[]},{"i":3095472,"f":484505326,"t":"Привет","d":547823444,"a":[],"m":[]},{"i":3084826,"f":484505326,"t":"","d":546695529,"a":[{"t":0,"s":{"m":"https://sun9-58.userapi.com/impg/5_6o43kgAsm0CDeNQFlq949W_32MMYHCVx4vgg/h6yrEh2UdEE.jpg?size=510x900&quality=95&crop=0,0,591,1043&sign=a32d789bf1e6f2d09feeded4b96b760c&c_uniq_tag=tVzkB7oAiInl8W0E4133nyZo3joVviIStA_eu0M6J_M&type=album","s":"https://sun9-58.userapi.com/impg/5_6o43kgAsm0CDeNQFlq949W_32MMYHCVx4vgg/h6yrEh2UdEE.jpg?size=200x433&quality=95&sign=0abbbe50cc568af7116aa5e357e2ea79&c_uniq_tag=oTv65EeNDN2hb4uUTaO2kUCaGS7JRKBIRhMu0mpMoIw&type=album","n":"https://sun9-58.userapi.com/impg/5_6o43kgAsm0CDeNQFlq949W_32MMYHCVx4vgg/h6yrEh2UdEE.jpg?size=591x1280&quality=95&sign=c2c8a53c82f12f265ce347bdd6e8b9dc&c_uniq_tag=m1B7UQ7otj-ODtSZj7ZyQFsSTD-5zGjF7u0-L0qDdw4&type=album","o":"https://sun9-58.userapi.com/impg/5_6o43kgAsm0CDeNQFlq949W_32MMYHCVx4vgg/h6yrEh2UdEE.jpg?size=499x1080&quality=95&sign=cb65efa87b323add58c35c7dc6956b9b&c_uniq_tag=EY6ncnMBHUMvtWobfNC5Szv5tYYCoVjQw2AKx9xGFYY&type=album","t":"https://sun9-58.userapi.com/impg/5_6o43kgAsm0CDeNQFlq949W_32MMYHCVx4vgg/h6yrEh2UdEE.jpg?size=279x604&quality=95&sign=44cd3d9a157a6a34ea5a61c77093e1ec&c_uniq_tag=ra51vcnkDgD3RE19_7PKgMMLgHcweCekaexPZDpfKKI&type=album"},"z":"","q":0,"w":0,"o":484505326,"i":457263918,"d":546695528}],"m":[]},{"i":3084822,"f":484505326,"t":"Сча оплачу","d":546695422,"a":[],"m":[]},{"i":3084799,"f":15267753,"t":"Номер заказа СДЭК 1434635096\n400","d":546695148,"a":[],"m":[{"f":484505326,"t":"230х395х150 коробку\nС кофе, косметикой и одеждой \nОтправить из спб в Октябрьский (Башкортостан)\nСколько будет стоить?\nСоловьев Олег Сергеевич\n+79274812055\nПункт сдэк OKT1\nРеспублика Башкортостан, октябрьский , улица Губкина 4","d":546693903,"a":[]}]},{"i":3084795,"f":15267753,"t":"привет","d":546695089,"a":[],"m":[]},{"i":3084779,"f":484505326,"t":"230х395х150 коробку\nС кофе, косметикой и одеждой \nОтправить из спб в Октябрьский (Башкортостан)\nСколько будет стоить?\nСоловьев Олег Сергеевич\n+79274812055\nПункт сдэк OKT1\nРеспублика Башкортостан, октябрьский , улица Губкина 4","d":546693903,"a":[],"m":[]},{"i":3084774,"f":484505326,"t":"Привет","d":546693757,"a":[],"m":[]},{"i":3075529,"f":484505326,"t":"Спс\nНадеюсь в целости доедет","d":545835211,"a":[],"m":[]},{"i":3075526,"f":15267753,"t":"+","d":545835080,"a":[],"m":[]},{"i":3075525,"f":15267753,"t":"а то выйдет в два раза дороде","d":545835078,"a":[],"m":[]},{"i":3075524,"f":484505326,"t":"","d":545835077,"a":[{"t":0,"s":{"m":"https://sun9-20.userapi.com/impg/1oZXoeC6SgHB0fvVfUstntSoQW6jzUZ7Y9cCwg/DUSNLp4gPv8.jpg?size=510x900&quality=95&crop=0,0,1170,2065&sign=9e32f49696c939f6bce1a271bb58457a&c_uniq_tag=MQicj5-TkfjC2EC5n2Ur43aSnOD1x6tXLBF0-LP0LPc&type=album","s":"https://sun9-20.userapi.com/impg/1oZXoeC6SgHB0fvVfUstntSoQW6jzUZ7Y9cCwg/DUSNLp4gPv8.jpg?size=200x433&quality=95&sign=5beb8ba453a5a7112da7a6d0715fe2af&c_uniq_tag=VYXFR_zJDqSziMLvBUCjnNKlbymhnpipM9cagTEC11o&type=album","n":"https://sun9-20.userapi.com/impg/1oZXoeC6SgHB0fvVfUstntSoQW6jzUZ7Y9cCwg/DUSNLp4gPv8.jpg?size=998x2160&quality=95&sign=98af12d3141389d4a5c96e610685de39&c_uniq_tag=VoGIysLEv0tDyXFnYFemNCpENIxp4zqTOs1fpcYeGao&type=album","o":"https://sun9-20.userapi.com/impg/1oZXoeC6SgHB0fvVfUstntSoQW6jzUZ7Y9cCwg/DUSNLp4gPv8.jpg?size=499x1080&quality=95&sign=77e548e9d4d8fab453a566fb09d58787&c_uniq_tag=aeuIA3lY5r4qevQqaxKhMkZQEYbSf8GxSJx-hQfScmk&type=album","t":"https://sun9-20.userapi.com/impg/1oZXoeC6SgHB0fvVfUstntSoQW6jzUZ7Y9cCwg/DUSNLp4gPv8.jpg?size=279x604&quality=95&sign=95ad86ba89293eaa506620ec864f4caa&c_uniq_tag=6WzIIUz1HfLMuHEkup2KDgxeHaLmJ23tVEqGyrr-sCk&type=album"},"z":"","q":0,"w":0,"o":484505326,"i":457263856,"d":545835077}],"m":[]},{"i":3075523,"f":15267753,"t":"только кто отправлять будет скажи что бы не обрешетку ниче такого не делал","d":545835073,"a":[],"m":[]},{"i":3075522,"f":15267753,"t":"да","d":545835062,"a":[],"m":[{"f":484505326,"t":"1800 Сбербанк?","d":545834902,"a":[]}]},{"i":3075521,"f":15267753,"t":"Номер заказа СДЭК 1431878833\n1800","d":545835060,"a":[],"m":[]},{"i":3075520,"f":484505326,"t":"1800 Сбербанк?","d":545834902,"a":[],"m":[]},{"i":3075519,"f":484505326,"t":"Ага","d":545834899,"a":[],"m":[]},{"i":3075518,"f":15267753,"t":"Это вот это?","d":545834889,"a":[],"m":[{"f":484505326,"t":"1235х785х140\n13.5кг примерно","d":545661584,"a":[]}]},{"i":3075517,"f":484505326,"t":"🥵🥵🥵","d":545834866,"a":[],"m":[]},{"i":3075516,"f":484505326,"t":"Блина прям срочно срочно надо","d":545834863,"a":[],"m":[]},{"i":3075493,"f":484505326,"t":"Из могилева(Беларусь)в спб \n\nВишневский Андрей\n\n+7 (995) 114-89-05\n\nПункт СДЭК SPB801\nСанкт-Петербург, ул. Подольская, 31","d":545832122,"a":[],"m":[]},{"i":3075490,"f":484505326,"t":"По тому же номеру?","d":545831759,"a":[],"m":[]},{"i":3075489,"f":484505326,"t":"Готов оплатить сейчас)","d":545831746,"a":[],"m":[]},{"i":3075488,"f":484505326,"t":"Йоу","d":545831736,"a":[],"m":[]},{"i":3073718,"f":15267753,"t":"ну ето ничего не даст","d":545663701,"a":[],"m":[]},{"i":3073717,"f":484505326,"t":"Ну сб хрупкую наклейку","d":545663675,"a":[],"m":[]},{"i":3073716,"f":15267753,"t":"ну смотри просто что бы доехал","d":545663661,"a":[],"m":[]},{"i":3073713,"f":484505326,"t":"Бу но в коробке","d":545663646,"a":[],"m":[]},{"i":3073712,"f":484505326,"t":"Да в родной коробке","d":545663642,"a":[],"m":[]},{"i":3073710,"f":15267753,"t":"ну ет упакованный же все ок?","d":545663632,"a":[],"m":[]},{"i":3073709,"f":15267753,"t":"угу","d":545663627,"a":[],"m":[]},{"i":3073708,"f":484505326,"t":"Смогу оплатить в субботу утром норм?","d":545663618,"a":[],"m":[]},{"i":3073707,"f":484505326,"t":"Круто!","d":545663611,"a":[],"m":[]},{"i":3073697,"f":15267753,"t":"1800","d":545663364,"a":[],"m":[]},{"i":3073695,"f":15267753,"t":"привет","d":545663292,"a":[],"m":[]},{"i":3073657,"f":484505326,"t":"1235х785х140\n13.5кг примерно","d":545661584,"a":[],"m":[]},{"i":3073653,"f":484505326,"t":"Привет!\nСколько будет стоить отправить телевизор из Беларуси (Могилев)\nВ спб?","d":545661561,"a":[],"m":[]},{"i":3053372,"f":484505326,"t":"Все отправил\nСпасибо!","d":543761902,"a":[],"m":[]},{"i":3053346,"f":15267753,"t":"+","d":543760467,"a":[],"m":[]},{"i":3053345,"f":484505326,"t":"","d":543760456,"a":[{"t":0,"s":{"m":"https://sun9-54.userapi.com/impg/AC8VBUVA2MeRKELk_yqlxvuelTpIH1d6jtgAcA/iXUn995FN84.jpg?size=510x900&quality=95&crop=0,0,1170,2065&sign=3d84d5de58905f36dac8b6a2aaf72ade&c_uniq_tag=uPsxCt4Q3Zz__meaiA4XVhyarmZ0Kk2UGZZcJihx3FQ&type=album","s":"https://sun9-54.userapi.com/impg/AC8VBUVA2MeRKELk_yqlxvuelTpIH1d6jtgAcA/iXUn995FN84.jpg?size=200x433&quality=95&sign=e8e390757dd614fcf7f489f9363f5e64&c_uniq_tag=rIlZO3PRcZlX3zu7BVkANfwv3rwlGMLFUrNL54lV4bE&type=album","n":"https://sun9-54.userapi.com/impg/AC8VBUVA2MeRKELk_yqlxvuelTpIH1d6jtgAcA/iXUn995FN84.jpg?size=998x2160&quality=95&sign=21d8c61d3035ddf3afa144e65df3c8e4&c_uniq_tag=aaMRXUWmwDvbzQdoQE26rWhAcFx0Jr-q8dGFF1zmdUk&type=album","o":"https://sun9-54.userapi.com/impg/AC8VBUVA2MeRKELk_yqlxvuelTpIH1d6jtgAcA/iXUn995FN84.jpg?size=499x1080&quality=95&sign=68adbb61764fc447d03834b9ad233cf1&c_uniq_tag=UlMs8Cu2nmCq5CuWXaLtxRXf1apIuPpFhyG6sNRRJic&type=album","t":"https://sun9-54.userapi.com/impg/AC8VBUVA2MeRKELk_yqlxvuelTpIH1d6jtgAcA/iXUn995FN84.jpg?size=279x604&quality=95&sign=c02bdf5c5f9b86fcc2bfae6d8441e721&c_uniq_tag=MWvwylDctg58QccHy00pdOpqvCff52LKTLppxfopDEk&type=album"},"z":"","q":0,"w":0,"o":484505326,"i":457263643,"d":543760455}],"m":[]},{"i":3053343,"f":484505326,"t":"Оплачивать по тому же номеру ?","d":543760399,"a":[],"m":[]},{"i":3053339,"f":484505326,"t":"Ну он в заводской упаковке","d":543760222,"a":[],"m":[]},{"i":3053329,"f":15267753,"t":"можно его отправлять воообще, ну думаю без проблем","d":543760043,"a":[],"m":[]},{"i":3053328,"f":15267753,"t":"ток вейп хз, упаковать лучше видима нада будет","d":543760035,"a":[],"m":[]},{"i":3053327,"f":15267753,"t":"Номер заказа СДЭК 1425218833\n450","d":543760021,"a":[],"m":[{"f":484505326,"t":"Сколько будет стоить отправить посылку из сбп в Беларусь, Город Могилёв\nГабариты 170х165х285 мм\nВ посылке вейп и немного кофе:)","d":543753268,"a":[]}]},{"i":3053326,"f":15267753,"t":"привет","d":543759960,"a":[],"m":[]},{"i":3053240,"f":484505326,"t":"Пункт СДЭК MOG5\nМогилёв, ул. Островского, 15\n\nКозлов Алексей Анатольевич \n\n+375 44 547 8299","d":543754681,"a":[],"m":[]},{"i":3053214,"f":484505326,"t":"Сколько будет стоить отправить посылку из сбп в Беларусь, Город Могилёв\nГабариты 170х165х285 мм\nВ посылке вейп и немного кофе:)","d":543753268,"a":[],"m":[]},{"i":3053210,"f":484505326,"t":"Привет!","d":543753169,"a":[],"m":[]},{"i":3046245,"f":15267753,"t":"Да конечно)","d":543180562,"a":[],"m":[]},{"i":3046235,"f":484505326,"t":"Если что можно будет еще обращаться?)","d":543179348,"a":[],"m":[]},{"i":3046233,"f":484505326,"t":"Кайф!","d":543179338,"a":[],"m":[]},{"i":3046224,"f":15267753,"t":"Трек говоришь и все","d":543178798,"a":[],"m":[]},{"i":3046223,"f":15267753,"t":"Да","d":543178793,"a":[],"m":[]},{"i":3046222,"f":15267753,"t":"+","d":543178790,"a":[],"m":[]},{"i":3046205,"f":484505326,"t":"Мне просто с посылкой прийти завтра и отправить верно?","d":543177755,"a":[],"m":[]},{"i":3046201,"f":484505326,"t":"","d":543177459,"a":[{"t":0,"s":{"m":"https://sun9-36.userapi.com/impg/diPxSvaXYzT7ciAO0O3EKZUFiXTFT4r9hkjBPw/Qj03zY7juWU.jpg?size=510x900&quality=95&crop=0,0,1170,2065&sign=986f90880d1e7a8c160d999a58389140&c_uniq_tag=K1hKibqUMHcqQDgkkF8gGX4kMZlu0zQbEVO8kCd3gbY&type=album","s":"https://sun9-36.userapi.com/impg/diPxSvaXYzT7ciAO0O3EKZUFiXTFT4r9hkjBPw/Qj03zY7juWU.jpg?size=200x433&quality=95&sign=456c513a6e0c62187ed88b39095f0596&c_uniq_tag=lvdhIOwfOTx3vjP67LPCLOtHC52AMgbUsI8CiTAGOO0&type=album","n":"https://sun9-36.userapi.com/impg/diPxSvaXYzT7ciAO0O3EKZUFiXTFT4r9hkjBPw/Qj03zY7juWU.jpg?size=998x2160&quality=95&sign=b9a3398ea868f32e1604fe6c880b7efe&c_uniq_tag=-ow09B3j4_jINPJnC_krB57kUpG3UM3b6p4pSjYOJwY&type=album","o":"https://sun9-36.userapi.com/impg/diPxSvaXYzT7ciAO0O3EKZUFiXTFT4r9hkjBPw/Qj03zY7juWU.jpg?size=499x1080&quality=95&sign=70590bb4f4918fd19cab1930eb30da0f&c_uniq_tag=G9nOiiX0iXcC3q1Zg_itBR55-xWE22272XguFcBEKi4&type=album","t":"https://sun9-36.userapi.com/impg/diPxSvaXYzT7ciAO0O3EKZUFiXTFT4r9hkjBPw/Qj03zY7juWU.jpg?size=279x604&quality=95&sign=76d394b161ad5ba372fb082ed536aa53&c_uniq_tag=uIisPyWOs_lMs-txMkROaCgSPmxEJaiipxb-dH9-C8Q&type=album"},"z":"","q":0,"w":0,"o":484505326,"i":457263565,"d":543177458}],"m":[]},{"i":3046198,"f":484505326,"t":"Сейчас оплата 650 верно?","d":543177399,"a":[],"m":[]},{"i":3046188,"f":15267753,"t":"89059515168 сбер","d":543176926,"a":[],"m":[]},{"i":3046187,"f":15267753,"t":"Номер заказа СДЭК 1423249406 \n650","d":543176903,"a":[],"m":[{"f":484505326,"t":"Я от Орочимару\nКроссовки надо отправить на восстановление\nИз спб \nВ Минск, Притыцкого 34\n+375256333601\nСмирнов Алексей Дмитриевич\nКроссовки + кофе немного","d":543167594,"a":[]}]},{"i":3045968,"f":484505326,"t":"380х285х285","d":543168003,"a":[],"m":[]},{"i":3045962,"f":484505326,"t":"Блин сча","d":543167915,"a":[],"m":[]},{"i":3045960,"f":15267753,"t":"Габарит есть?","d":543167895,"a":[],"m":[]},{"i":3045959,"f":15267753,"t":"Привет","d":543167890,"a":[],"m":[]},{"i":3045954,"f":484505326,"t":"Я от Орочимару\nКроссовки надо отправить на восстановление\nИз спб \nВ Минск, Притыцкого 34\n+375256333601\nСмирнов Алексей Дмитриевич\nКроссовки + кофе немного","d":543167594,"a":[],"m":[]},{"i":3045953,"f":484505326,"t":"Йоу","d":543167558,"a":[],"m":[]}]}