{"meta":{"v":"1.2","p":148893412,"a":15267753,"t":"Максим Коровин","d":1691415400},"data":[{"i":3084863,"f":148893412,"t":"Отправил","d":546698381,"a":[],"m":[]},{"i":3084860,"f":148893412,"t":"Сейчас скину","d":546698288,"a":[],"m":[]},{"i":3084858,"f":148893412,"t":"Окей","d":546698285,"a":[],"m":[]},{"i":3084857,"f":15267753,"t":"без бокса, его сам в сдеке покупашеь","d":546698246,"a":[],"m":[]},{"i":3084856,"f":15267753,"t":"Номер заказа СДЭК 1434662209\n250","d":546698240,"a":[],"m":[{"f":148893412,"t":"Привет! создай накладную пожалуйста.\n\nОтправитель: Коровин Максим Александрович\nГ. Электросталь\n\nПолучатель: Скрябин Дмитрий Александрович\nАдрес СДЭКа: Москва, Бескудниковский б-р, 32 корп. 5\nКонтактный номер: +7(926)3468919","d":546696702,"a":[]}]},{"i":3084855,"f":15267753,"t":"привет","d":546698152,"a":[],"m":[]},{"i":3084844,"f":148893412,"t":"коробка s","d":546696805,"a":[],"m":[]},{"i":3084843,"f":148893412,"t":"Привет! создай накладную пожалуйста.\n\nОтправитель: Коровин Максим Александрович\nГ. Электросталь\n\nПолучатель: Скрябин Дмитрий Александрович\nАдрес СДЭКа: Москва, Бескудниковский б-р, 32 корп. 5\nКонтактный номер: +7(926)3468919","d":546696702,"a":[],"m":[]},{"i":3074113,"f":148893412,"t":"Скинул","d":545687090,"a":[],"m":[]},{"i":3074111,"f":15267753,"t":"Да","d":545686883,"a":[],"m":[]},{"i":3074110,"f":148893412,"t":"Деньги сюда?","d":545686878,"a":[],"m":[{"f":15267753,"t":"89059515168 сбер","d":513275353,"a":[]}]},{"i":3074100,"f":15267753,"t":"Номер заказа СДЭК 1431442061\n400","d":545686090,"a":[],"m":[{"f":148893412,"t":"Привет! Создай накладную сдэк пожалуйста. \nОтправитель: Шипарёв Сергей Александрович \nГ. Электросталь \n\nПолучатель: Канаева Олеся Эдуардовна\nАдрес сдэка: г. Екатеринбург, ул. Уральская 57/2\nКонтактный номер: 89655050943\n\nКоробка М","d":545681327,"a":[]}]},{"i":3074099,"f":15267753,"t":"привет","d":545686044,"a":[],"m":[]},{"i":3074015,"f":148893412,"t":"Привет! Создай накладную сдэк пожалуйста. \nОтправитель: Шипарёв Сергей Александрович \nГ. Электросталь \n\nПолучатель: Канаева Олеся Эдуардовна\nАдрес сдэка: г. Екатеринбург, ул. Уральская 57/2\nКонтактный номер: 89655050943\n\nКоробка М","d":545681327,"a":[],"m":[]},{"i":2619300,"f":15267753,"t":"+","d":515100809,"a":[],"m":[]},{"i":2619280,"f":148893412,"t":"Закинул","d":515100682,"a":[],"m":[]},{"i":2619211,"f":148893412,"t":"Ща закину","d":515100350,"a":[],"m":[]},{"i":2619029,"f":15267753,"t":"Накладная успешно создана с номером: 1337917695\n450","d":515092876,"a":[],"m":[{"f":148893412,"t":"Привет ! Создай накладную пожалуйста \nОтправитель: Шевцов Кирилл Александрович \nЕкатеринбург \n\nПолучатель: Казачинская Анастасия Владимировна\nАдрес сдэка: Санкт-Петербург, Лесной проспект 32\n89252828485","d":515072192,"a":[]}]},{"i":2619028,"f":15267753,"t":"прив","d":515092745,"a":[],"m":[]},{"i":2618649,"f":148893412,"t":"Коробка м","d":515072257,"a":[],"m":[]},{"i":2618648,"f":148893412,"t":"Привет ! Создай накладную пожалуйста \nОтправитель: Шевцов Кирилл Александрович \nЕкатеринбург \n\nПолучатель: Казачинская Анастасия Владимировна\nАдрес сдэка: Санкт-Петербург, Лесной проспект 32\n89252828485","d":515072192,"a":[],"m":[]},{"i":2595401,"f":15267753,"t":"+","d":513519857,"a":[],"m":[]},{"i":2595382,"f":148893412,"t":"Скинул","d":513518163,"a":[],"m":[]},{"i":2595381,"f":148893412,"t":"Спасибо","d":513518161,"a":[],"m":[]},{"i":2595320,"f":15267753,"t":"Накладная успешно создана с номером: 1334018118\n300","d":513517194,"a":[],"m":[{"f":148893412,"t":"Привет! Создай накладную, пожалуйста \n\nОтправитель: Шипарев Сергей Александрович \nЭлектросталь \n\nПолучатель:\nАндреасян Артем Андреасович \nАдрес сдэка: Немчиновка, ул. Московская, вл. 14 корп. 1, пом. 23\n89858622979","d":513512105,"a":[]}]},{"i":2595318,"f":15267753,"t":"привет","d":513517126,"a":[],"m":[]},{"i":2595278,"f":148893412,"t":"Коробка S до 2 кг","d":513512251,"a":[],"m":[]},{"i":2595273,"f":148893412,"t":"Привет! Создай накладную, пожалуйста \n\nОтправитель: Шипарев Сергей Александрович \nЭлектросталь \n\nПолучатель:\nАндреасян Артем Андреасович \nАдрес сдэка: Немчиновка, ул. Московская, вл. 14 корп. 1, пом. 23\n89858622979","d":513512105,"a":[],"m":[]},{"i":2592542,"f":15267753,"t":"Обращайся)","d":513275733,"a":[],"m":[]},{"i":2592539,"f":148893412,"t":"Благодарю!","d":513275491,"a":[],"m":[]},{"i":2592538,"f":15267753,"t":"+++","d":513275487,"a":[],"m":[]},{"i":2592536,"f":148893412,"t":"Пришло?","d":513275473,"a":[],"m":[]},{"i":2592535,"f":148893412,"t":"Отправил","d":513275464,"a":[],"m":[]},{"i":2592533,"f":148893412,"t":"Сейчас скину","d":513275364,"a":[],"m":[]},{"i":2592532,"f":15267753,"t":"89059515168 сбер","d":513275353,"a":[],"m":[]},{"i":2592531,"f":15267753,"t":"Накладная успешно создана с номером: 1333714065\n300","d":513275344,"a":[],"m":[{"f":148893412,"t":"Отправитель : Воронеж \nЛейзерук Юрий Сергеевич\n\nПолучатель: \nКоровин Максим Александрович\nгород Электросталь , улица Пионерская , дом 17, кв 51\nАдрес сдэка : Электросталь, улица Николаева , дом 29\nТелефон: +79858581722","d":513275190,"a":[]}]},{"i":2592530,"f":148893412,"t":"Ой до 2 кг","d":513275318,"a":[],"m":[]},{"i":2592529,"f":148893412,"t":"Коробка s до одного кг которая","d":513275298,"a":[],"m":[]},{"i":2592527,"f":15267753,"t":"и габарит еще","d":513275210,"a":[],"m":[]},{"i":2592526,"f":148893412,"t":"Отправитель : Воронеж \nЛейзерук Юрий Сергеевич\n\nПолучатель: \nКоровин Максим Александрович\nгород Электросталь , улица Пионерская , дом 17, кв 51\nАдрес сдэка : Электросталь, улица Николаева , дом 29\nТелефон: +79858581722","d":513275190,"a":[],"m":[]},{"i":2592524,"f":15267753,"t":"да","d":513275125,"a":[],"m":[]},{"i":2592523,"f":15267753,"t":"прив","d":513275124,"a":[],"m":[]},{"i":2592521,"f":148893412,"t":"Привет! Через тебя можно создать накладную сдэк?","d":513275083,"a":[],"m":[]},{"i":1922708,"f":15267753,"t":"Оке","d":474224926,"a":[],"m":[]},{"i":1922705,"f":148893412,"t":"Все понял, тогда отпиши , как те на скидки упадут )","d":474224687,"a":[],"m":[]},{"i":1922704,"f":15267753,"t":"Привет, да не особо, меня все и так знают)","d":474224609,"a":[],"m":[]},{"i":1922703,"f":148893412,"t":"Привет! Спасибо большое , забрал пару, ты отзывы собираешь?","d":474224582,"a":[],"m":[]},{"i":1910370,"f":148893412,"t":"Все , понял , спасибо . Тогда как те упадут , сразу возьму","d":473524561,"a":[],"m":[]},{"i":1910369,"f":15267753,"t":"10 они максимум","d":473524526,"a":[],"m":[]},{"i":1910367,"f":15267753,"t":"Красных дофига и их особо не берут(","d":473524481,"a":[],"m":[{"f":148893412,"t":"Спасибо большое , буду ждать","d":473524452,"a":[]}]},{"i":1910366,"f":148893412,"t":"Давай","d":473524476,"a":[],"m":[]},{"i":1910365,"f":15267753,"t":"Ща гляну","d":473524471,"a":[],"m":[{"f":148893412,"t":"А этих нет 11.5 или 12?","d":473524404,"a":[]}]},{"i":1910364,"f":148893412,"t":"Спасибо большое , буду ждать","d":473524452,"a":[],"m":[]},{"i":1910362,"f":15267753,"t":"Сказали как красные все продадут так на черный будет скидка","d":473524418,"a":[],"m":[]},{"i":1910361,"f":148893412,"t":"А этих нет 11.5 или 12?","d":473524404,"a":[],"m":[{"f":148893412,"t":"Они там за такой же прайс, верно?","d":473523899,"a":[{"t":0,"s":{"m":"https://sun9-80.userapi.com/impg/wFiX3QZeCg0QakYdgNQGabFHDl0SHP9UM1-Q0Q/2rqOOAlSBEc.jpg?size=806x1080&quality=96&sign=aee8b32925a47e8efd42b8f0d951c710&c_uniq_tag=DpL48ZjbNxUa3Z8e7hlrLJZDOhe2KanJW6teFK_Wiqc&type=album","s":"https://sun9-80.userapi.com/impg/wFiX3QZeCg0QakYdgNQGabFHDl0SHP9UM1-Q0Q/2rqOOAlSBEc.jpg?size=451x604&quality=96&sign=3ddfd951a4c59ba2b20bc764d858bfd4&c_uniq_tag=7U6Sh-7htwbnl2jLcRxifLKATuVgfjXzUOTiPNudEV8&type=album","n":"https://sun9-80.userapi.com/impg/wFiX3QZeCg0QakYdgNQGabFHDl0SHP9UM1-Q0Q/2rqOOAlSBEc.jpg?size=510x683&quality=96&sign=fc0421ab6938f0be55cbfb624b82a19f&c_uniq_tag=xc5b3Gwwgv9p9hRoJfUwPd0ib8hfXB2WXBC71PrUmWE&type=album","o":"https://sun9-80.userapi.com/impg/wFiX3QZeCg0QakYdgNQGabFHDl0SHP9UM1-Q0Q/2rqOOAlSBEc.jpg?size=320x429&quality=96&sign=86faa6bf919098ae435ee68ac6a138c4&c_uniq_tag=HCaFiEsmE7p56NKUaP6csKe-CSPFHlxcgfZo5VR9Ho0&type=album","t":"https://sun9-80.userapi.com/impg/wFiX3QZeCg0QakYdgNQGabFHDl0SHP9UM1-Q0Q/2rqOOAlSBEc.jpg?size=130x174&quality=96&sign=b712e5d8d630d289531094f39d8ff123&c_uniq_tag=yAJevon_CFVKxx1fxh_fk_pWa651kvcTHFaEZuGneNI&type=album"},"z":"","q":0,"w":0,"o":148893412,"i":457256946,"d":473462643}]}]},{"i":1910357,"f":15267753,"t":"Ok","d":473524312,"a":[],"m":[]},{"i":1910356,"f":148893412,"t":"Спасибо большое , если вдруг упадут в цене, то возьму ещё только 11.5-12","d":473524249,"a":[],"m":[]},{"i":1910355,"f":15267753,"t":"Накладная успешно создана с номером: 1228974538","d":473524242,"a":[],"m":[{"f":148893412,"t":"Коровин Максим Александрович\nгород Электросталь , улица Пионерская , дом 17, кв 51\nАдрес сдэка : Электросталь, улица Николаева , дом 29\nТелефон: +79858581722","d":473524135,"a":[]}]},{"i":1910351,"f":15267753,"t":"7.5-12","d":473524149,"a":[{"t":0,"s":{"m":"https://sun9-47.userapi.com/impg/Fp-ToLfEMI1dUhk_99dWNw8tdYsCM53eJf6e8A/7wm_tYRZbvQ.jpg?size=810x1080&quality=96&sign=4726d95f45e956a4b3115fe35b6dae81&c_uniq_tag=C5gk0lLSF2S5goN-Twks-e4fKRyCmB1eBMyu_4ETncw&type=album","s":"https://sun9-47.userapi.com/impg/Fp-ToLfEMI1dUhk_99dWNw8tdYsCM53eJf6e8A/7wm_tYRZbvQ.jpg?size=453x604&quality=96&sign=2514bd21f153896a9f502aad2dcd6573&c_uniq_tag=6qNawKVDl3D0VDsLPex9GEDIbvpAHFeVx3MjqjI_6L8&type=album","n":"https://sun9-47.userapi.com/impg/Fp-ToLfEMI1dUhk_99dWNw8tdYsCM53eJf6e8A/7wm_tYRZbvQ.jpg?size=56x75&quality=96&sign=2d7d06dac4c147a8895c5ada277955c1&c_uniq_tag=ZlIdL-9bn6YBbfy5cxws498KB-wf3tPJo4C6Pyci9u8&type=album","o":"https://sun9-47.userapi.com/impg/Fp-ToLfEMI1dUhk_99dWNw8tdYsCM53eJf6e8A/7wm_tYRZbvQ.jpg?size=510x680&quality=96&sign=1cade10e76c2383685f2562e3b3f2600&c_uniq_tag=aG2wTClZ0BrvoK4CEvULJcI6AVV5Tuyvz6pGtrjLkm8&type=album","t":"https://sun9-47.userapi.com/impg/Fp-ToLfEMI1dUhk_99dWNw8tdYsCM53eJf6e8A/7wm_tYRZbvQ.jpg?size=200x267&quality=96&sign=481ad34f0fe17512131e1018ba15e09d&c_uniq_tag=UOFbsAvFsqIs2rmMh_vvcJMuqN7ye07UZkdAFQNHvHo&type=album"},"z":"","q":0,"w":0,"o":15267753,"i":457256335,"d":473524142}],"m":[]},{"i":1910349,"f":148893412,"t":"Коровин Максим Александрович\nгород Электросталь , улица Пионерская , дом 17, кв 51\nАдрес сдэка : Электросталь, улица Николаева , дом 29\nТелефон: +79858581722","d":473524135,"a":[],"m":[]},{"i":1910347,"f":15267753,"t":"Сдек пиши","d":473524128,"a":[],"m":[]},{"i":1910346,"f":15267753,"t":"Ок","d":473524124,"a":[],"m":[{"f":148893412,"t":"Можешь ещё чёрные сфоткать , и сказать что там по размерам, тк мб вдруг упадут в цене , чтоб знать","d":473524098,"a":[]}]},{"i":1910344,"f":15267753,"t":"+","d":473524120,"a":[],"m":[{"f":148893412,"t":"","d":473524063,"a":[{"t":0,"s":{"m":"https://sun9-72.userapi.com/impg/py8Z3Z6hVpzUgtdDIeBOQu6rEnSmyYPN18lxvg/qYLbb1Pxrx0.jpg?size=607x1080&quality=96&sign=8b3561372878f56fd61c7c31355a9505&c_uniq_tag=qlPaHa60rw7PQC6OEW8u0dc00q4lxd45kYIFBjOvkvc&type=album","s":"https://sun9-72.userapi.com/impg/py8Z3Z6hVpzUgtdDIeBOQu6rEnSmyYPN18lxvg/qYLbb1Pxrx0.jpg?size=340x604&quality=96&sign=a52562adbca672d6248978538b3b9bc4&c_uniq_tag=hFgpToALtWgkZj1JB2k8pLzJFL0ajHd6aZMLUXge7fY&type=album","n":"https://sun9-72.userapi.com/impg/py8Z3Z6hVpzUgtdDIeBOQu6rEnSmyYPN18lxvg/qYLbb1Pxrx0.jpg?size=42x75&quality=96&sign=7f25f54409880e3cf669201fe9d45725&c_uniq_tag=Axl9ao6Qrp_dm7-vAJFTBfC-KN-25NT7ETtJg73cRQw&type=album","o":"https://sun9-72.userapi.com/impg/py8Z3Z6hVpzUgtdDIeBOQu6rEnSmyYPN18lxvg/qYLbb1Pxrx0.jpg?size=510x900&quality=96&crop=0,0,750,1324&sign=3faa0f613bbe2fb8139da935e10c3fa3&c_uniq_tag=tcIfZFuPfwsWPwbqYzA2kcoGqcBUPGLZsy1LCtBEPA4&type=album","t":"https://sun9-72.userapi.com/impg/py8Z3Z6hVpzUgtdDIeBOQu6rEnSmyYPN18lxvg/qYLbb1Pxrx0.jpg?size=200x356&quality=96&sign=bfe2cf8559d8fb470eaab741e176c92c&c_uniq_tag=PwmTYVk2FEOTwcwI13dGH9qOO-RFq3fkMDeaeh1COF0&type=album"},"z":"","q":0,"w":0,"o":148893412,"i":457256947,"d":473524063}]}]},{"i":1910343,"f":148893412,"t":"Можешь ещё чёрные сфоткать , и сказать что там по размерам, тк мб вдруг упадут в цене , чтоб знать","d":473524098,"a":[],"m":[]},{"i":1910342,"f":148893412,"t":"","d":473524063,"a":[{"t":0,"s":{"m":"https://sun9-72.userapi.com/impg/py8Z3Z6hVpzUgtdDIeBOQu6rEnSmyYPN18lxvg/qYLbb1Pxrx0.jpg?size=607x1080&quality=96&sign=8b3561372878f56fd61c7c31355a9505&c_uniq_tag=qlPaHa60rw7PQC6OEW8u0dc00q4lxd45kYIFBjOvkvc&type=album","s":"https://sun9-72.userapi.com/impg/py8Z3Z6hVpzUgtdDIeBOQu6rEnSmyYPN18lxvg/qYLbb1Pxrx0.jpg?size=340x604&quality=96&sign=a52562adbca672d6248978538b3b9bc4&c_uniq_tag=hFgpToALtWgkZj1JB2k8pLzJFL0ajHd6aZMLUXge7fY&type=album","n":"https://sun9-72.userapi.com/impg/py8Z3Z6hVpzUgtdDIeBOQu6rEnSmyYPN18lxvg/qYLbb1Pxrx0.jpg?size=42x75&quality=96&sign=7f25f54409880e3cf669201fe9d45725&c_uniq_tag=Axl9ao6Qrp_dm7-vAJFTBfC-KN-25NT7ETtJg73cRQw&type=album","o":"https://sun9-72.userapi.com/impg/py8Z3Z6hVpzUgtdDIeBOQu6rEnSmyYPN18lxvg/qYLbb1Pxrx0.jpg?size=510x900&quality=96&crop=0,0,750,1324&sign=3faa0f613bbe2fb8139da935e10c3fa3&c_uniq_tag=tcIfZFuPfwsWPwbqYzA2kcoGqcBUPGLZsy1LCtBEPA4&type=album","t":"https://sun9-72.userapi.com/impg/py8Z3Z6hVpzUgtdDIeBOQu6rEnSmyYPN18lxvg/qYLbb1Pxrx0.jpg?size=200x356&quality=96&sign=bfe2cf8559d8fb470eaab741e176c92c&c_uniq_tag=PwmTYVk2FEOTwcwI13dGH9qOO-RFq3fkMDeaeh1COF0&type=album"},"z":"","q":0,"w":0,"o":148893412,"i":457256947,"d":473524063}],"m":[]},{"i":1910340,"f":15267753,"t":"89059515168","d":473523961,"a":[],"m":[]},{"i":1910339,"f":148893412,"t":"Тогда","d":473523957,"a":[],"m":[]},{"i":1910338,"f":148893412,"t":"Пиши номер","d":473523955,"a":[],"m":[]},{"i":1910337,"f":148893412,"t":"На сбер","d":473523950,"a":[],"m":[]},{"i":1910336,"f":148893412,"t":"Ок не проблема","d":473523946,"a":[],"m":[]},{"i":1910335,"f":15267753,"t":"И сдек пиши сразу шипну","d":473523943,"a":[],"m":[]},{"i":1910334,"f":15267753,"t":"Ток альфа или сбер","d":473523939,"a":[],"m":[]},{"i":1910333,"f":15267753,"t":"Тинька нет","d":473523935,"a":[],"m":[]},{"i":1910332,"f":148893412,"t":"Добро , тебе на тинькофф можно будет закинуть?","d":473523929,"a":[],"m":[]},{"i":1910331,"f":15267753,"t":"Да","d":473523906,"a":[],"m":[]},{"i":1910330,"f":15267753,"t":"7310 со сдеком","d":473523906,"a":[],"m":[]},{"i":1910329,"f":148893412,"t":"Они там за такой же прайс, верно?","d":473523899,"a":[{"t":0,"s":{"m":"https://sun9-80.userapi.com/impg/wFiX3QZeCg0QakYdgNQGabFHDl0SHP9UM1-Q0Q/2rqOOAlSBEc.jpg?size=806x1080&quality=96&sign=aee8b32925a47e8efd42b8f0d951c710&c_uniq_tag=DpL48ZjbNxUa3Z8e7hlrLJZDOhe2KanJW6teFK_Wiqc&type=album","s":"https://sun9-80.userapi.com/impg/wFiX3QZeCg0QakYdgNQGabFHDl0SHP9UM1-Q0Q/2rqOOAlSBEc.jpg?size=451x604&quality=96&sign=3ddfd951a4c59ba2b20bc764d858bfd4&c_uniq_tag=7U6Sh-7htwbnl2jLcRxifLKATuVgfjXzUOTiPNudEV8&type=album","n":"https://sun9-80.userapi.com/impg/wFiX3QZeCg0QakYdgNQGabFHDl0SHP9UM1-Q0Q/2rqOOAlSBEc.jpg?size=510x683&quality=96&sign=fc0421ab6938f0be55cbfb624b82a19f&c_uniq_tag=xc5b3Gwwgv9p9hRoJfUwPd0ib8hfXB2WXBC71PrUmWE&type=album","o":"https://sun9-80.userapi.com/impg/wFiX3QZeCg0QakYdgNQGabFHDl0SHP9UM1-Q0Q/2rqOOAlSBEc.jpg?size=320x429&quality=96&sign=86faa6bf919098ae435ee68ac6a138c4&c_uniq_tag=HCaFiEsmE7p56NKUaP6csKe-CSPFHlxcgfZo5VR9Ho0&type=album","t":"https://sun9-80.userapi.com/impg/wFiX3QZeCg0QakYdgNQGabFHDl0SHP9UM1-Q0Q/2rqOOAlSBEc.jpg?size=130x174&quality=96&sign=b712e5d8d630d289531094f39d8ff123&c_uniq_tag=yAJevon_CFVKxx1fxh_fk_pWa651kvcTHFaEZuGneNI&type=album"},"z":"","q":0,"w":0,"o":148893412,"i":457256946,"d":473462643}],"m":[]},{"i":1910328,"f":15267753,"t":"","d":473523833,"a":[{"t":0,"s":{"m":"https://sun9-48.userapi.com/impg/RzmiXnw-xx4lMYc-A0oBK3HLwaVixXh14sb-0w/YL4d19pxrxw.jpg?size=810x1080&quality=96&sign=3501bced5eda0781dd23a8d916279c3f&c_uniq_tag=fgRVZdm_jBme5OPjLa5cqIErPxJx1diQQXoPpe6nd7E&type=album","s":"https://sun9-48.userapi.com/impg/RzmiXnw-xx4lMYc-A0oBK3HLwaVixXh14sb-0w/YL4d19pxrxw.jpg?size=453x604&quality=96&sign=3f76e982cca016d8e3f6c7249b1337f8&c_uniq_tag=ZKvtN3-8ki6Db-LHpT7zLod2VY3Bjkq2i5HyQ0HqD6w&type=album","n":"https://sun9-48.userapi.com/impg/RzmiXnw-xx4lMYc-A0oBK3HLwaVixXh14sb-0w/YL4d19pxrxw.jpg?size=56x75&quality=96&sign=edaf4e34b661c3d0169c4312b3c2738c&c_uniq_tag=WJ7wwvbtt40nOYEb7FAk1GwDJPIew_893DKn38-3r-U&type=album","o":"https://sun9-48.userapi.com/impg/RzmiXnw-xx4lMYc-A0oBK3HLwaVixXh14sb-0w/YL4d19pxrxw.jpg?size=510x680&quality=96&sign=8f7604e92a89f330afefa570484f1ad4&c_uniq_tag=sR94FeSekdEANAmFRKotqjD3x5FhBQqOjEBonEldwtM&type=album","t":"https://sun9-48.userapi.com/impg/RzmiXnw-xx4lMYc-A0oBK3HLwaVixXh14sb-0w/YL4d19pxrxw.jpg?size=200x267&quality=96&sign=6540f0c460b8243f773da74dc5fe22fb&c_uniq_tag=cJ88Uw9X0Ku9tSVkW3v2zAvZgE9sGdiIwfErJgdcmCQ&type=album"},"z":"","q":55.056407,"w":82.937703,"o":15267753,"i":457256333,"d":473523832}],"m":[]},{"i":1910324,"f":148893412,"t":"Давай","d":473523590,"a":[],"m":[]},{"i":1910323,"f":15267753,"t":"Ща сфотаю","d":473523565,"a":[],"m":[]},{"i":1910322,"f":15267753,"t":"Так я в диске","d":473523562,"a":[],"m":[]},{"i":1910102,"f":148893412,"t":"Хорошо, тогда на связи","d":473515798,"a":[],"m":[]},{"i":1910101,"f":15267753,"t":"Да конечно","d":473515778,"a":[],"m":[]},{"i":1910096,"f":148893412,"t":"Понял , Оке . Сфоткай их тоже тогда пожалуйста , если не затруднит","d":473515722,"a":[],"m":[]},{"i":1910094,"f":15267753,"t":"Ну черные есть но они бещ скидки","d":473515652,"a":[],"m":[]},{"i":1910089,"f":148893412,"t":"Там же только черно /оранжевые?","d":473515631,"a":[],"m":[]},{"i":1910085,"f":148893412,"t":"8 us заберу","d":473515623,"a":[],"m":[]},{"i":1910083,"f":15267753,"t":"Ща я поеду)","d":473515603,"a":[],"m":[]},{"i":1910082,"f":148893412,"t":"Вот только написать хотел","d":473515597,"a":[],"m":[]},{"i":1910081,"f":148893412,"t":"Привет , да","d":473515592,"a":[],"m":[]},{"i":1910080,"f":15267753,"t":"Привет тн тебе еще нужны","d":473515582,"a":[],"m":[]}]}