{"meta":{"v":"1.2","p":587713556,"a":15267753,"t":"Александр Шведов","d":1691416171},"data":[{"i":2540483,"f":15267753,"t":"да оки он на связи уже","d":510249445,"a":[],"m":[]},{"i":2540481,"f":587713556,"t":"Фото ему докинул туда","d":510249337,"a":[],"m":[]},{"i":2540480,"f":587713556,"t":"Передай Марату пожалуйста что отправил","d":510249331,"a":[],"m":[]},{"i":2540175,"f":587713556,"t":"Привет","d":510237023,"a":[],"m":[]},{"i":2540174,"f":587713556,"t":"Ок, через пару часов отправлю","d":510237014,"a":[],"m":[]},{"i":2540120,"f":15267753,"t":"","d":510232805,"a":[],"m":[{"f":226948510,"t":"И буду крайне благодарен если, перешлешь трек номер ему https://vk.com/alexswedk , просто вероятнее всего, у меня не будет связи и я не смогу оперативно скинуть трек","d":510213432,"a":[]},{"f":15267753,"t":"Накладная успешно создана с номером: 1326872531\n300","d":510232779,"a":[],"m":[{"f":226948510,"t":"В \nКиров красноармейская 5 \nИрисбаев Ходжимурод Тоштемирович\n89124612967","d":510213394,"a":[]}]}]},{"i":2540119,"f":15267753,"t":"привет","d":510232794,"a":[],"m":[]}]}