{"meta":{"v":"1.2","p":503274086,"a":15267753,"t":"Арсений Карпович","d":1691415253},"data":[{"i":3113880,"f":503274086,"t":"Извиняюсь ещё раз","d":549823557,"a":[],"m":[]},{"i":3113873,"f":15267753,"t":"ну дак удаляй тогда)","d":549823000,"a":[],"m":[]},{"i":3113861,"f":503274086,"t":"Опять этот парень онлайн","d":549822556,"a":[],"m":[]},{"i":3113860,"f":503274086,"t":"","d":549822550,"a":[{"t":0,"s":{"m":"https://sun9-14.userapi.com/impg/neHCKKw1M0f7hwpfk8a62lqOWy1nAP5TD0--Lw/CvQwYf5Pz1Y.jpg?size=510x900&quality=95&crop=0,0,828,1461&sign=64feffd6586b9f419f71fc6ffe6d0cbd&c_uniq_tag=EediFgLUqIQWlSimayksIaGF9zPPCeLhTzTge7t00kc&type=album","s":"https://sun9-14.userapi.com/impg/neHCKKw1M0f7hwpfk8a62lqOWy1nAP5TD0--Lw/CvQwYf5Pz1Y.jpg?size=200x433&quality=95&sign=c2f767338028d396c132666a2f379a19&c_uniq_tag=tajVVALRYAV31n3rXKQlxHiEkPtP7Q5gLqZ46dav1ps&type=album","n":"https://sun9-14.userapi.com/impg/neHCKKw1M0f7hwpfk8a62lqOWy1nAP5TD0--Lw/CvQwYf5Pz1Y.jpg?size=828x1792&quality=95&sign=19204214c0d3f80ddfb4b04b430a7c2e&c_uniq_tag=09h3MMeIvX16G7FUR7szyUpTMI9XO8uByHGIYe_wH9M&type=album","o":"https://sun9-14.userapi.com/impg/neHCKKw1M0f7hwpfk8a62lqOWy1nAP5TD0--Lw/CvQwYf5Pz1Y.jpg?size=499x1080&quality=95&sign=c57ff9f6e96fc827c20595b6ca975f83&c_uniq_tag=q1S31zwogu_HcSJ_AE545t0pPw_QCaoHwRmzT2No7uQ&type=album","t":"https://sun9-14.userapi.com/impg/neHCKKw1M0f7hwpfk8a62lqOWy1nAP5TD0--Lw/CvQwYf5Pz1Y.jpg?size=279x604&quality=95&sign=01918152764b7b649b4275aad0ed4a25&c_uniq_tag=zF18kaqmM3E0ZzFw9afrDaaFFYxw_5HT1mm538kmcTY&type=album"},"z":"","q":0,"w":0,"o":503274086,"i":457243553,"d":549822550}],"m":[]},{"i":3113859,"f":503274086,"t":"Забыл отписать, что сделали уже","d":549822546,"a":[],"m":[]},{"i":3113858,"f":503274086,"t":"Извини","d":549822541,"a":[],"m":[]},{"i":3113857,"f":503274086,"t":"Бро((","d":549822528,"a":[],"m":[]},{"i":3113673,"f":503274086,"t":"89090903112","d":549808978,"a":[],"m":[]},{"i":3113232,"f":503274086,"t":"Написал, жду","d":549742102,"a":[],"m":[{"f":15267753,"t":"Тел не коректный","d":549741617,"a":[]}]},{"i":3113231,"f":15267753,"t":"Наоборот?","d":549742084,"a":[],"m":[]},{"i":3113225,"f":15267753,"t":"Тел не коректный","d":549741617,"a":[],"m":[]},{"i":3113206,"f":503274086,"t":"+","d":549741016,"a":[],"m":[{"f":503274086,"t":"Город отправки Молодечно\n\nГород получателя — Челябинск\nотделение Проспект Ленина 35\n454090\n\nАхтямов И\n\n+375297224695\n\n1 худи размер М","d":549738518,"a":[]}]},{"i":3113189,"f":15267753,"t":"Пункт получ","d":549740422,"a":[],"m":[]},{"i":3113185,"f":15267753,"t":"Привет","d":549740313,"a":[],"m":[]},{"i":3113143,"f":503274086,"t":"Привет","d":549738522,"a":[],"m":[]},{"i":3113142,"f":503274086,"t":"Город отправки Молодечно\n\nГород получателя — Челябинск\nотделение Проспект Ленина 35\n454090\n\nАхтямов И\n\n+375297224695\n\n1 худи размер М","d":549738518,"a":[],"m":[]},{"i":3106202,"f":503274086,"t":"Неактуально, Игорь Корыгин сделал","d":549032035,"a":[],"m":[]},{"i":3106168,"f":503274086,"t":"Город отправки Челябинск, отделение Проспект Ленина 31\n\nГород получателя — Молодечно\n\nГрамович Михаил Дмитриевич\n\n+375297224695\n\n1 худи размер М","d":549028592,"a":[],"m":[]},{"i":3097868,"f":503274086,"t":"","d":548083049,"a":[{"t":0,"s":{"m":"https://sun9-50.userapi.com/impg/QuFlqMhYJpBe7odg_pyl3CQSjmdDTltqm5ibFw/tE7KWu01XHU.jpg?size=510x900&quality=95&crop=0,0,828,1461&sign=3e59250344d0b2752b2654cc80ee5c90&c_uniq_tag=uu_CL0Q9QqBvNiCeKoNWAXUZkgRgQjIX8oviMdbRGCc&type=album","s":"https://sun9-50.userapi.com/impg/QuFlqMhYJpBe7odg_pyl3CQSjmdDTltqm5ibFw/tE7KWu01XHU.jpg?size=200x433&quality=95&sign=802bec0db88040b6e1f7a8afb1c6030a&c_uniq_tag=b7SgQLNQfl5PEedjMxJV6yhB3qRsgvGi2lmprMtVhz0&type=album","n":"https://sun9-50.userapi.com/impg/QuFlqMhYJpBe7odg_pyl3CQSjmdDTltqm5ibFw/tE7KWu01XHU.jpg?size=828x1792&quality=95&sign=4b1aa19d7f6fd8c8bf7233c1af6596c4&c_uniq_tag=GrVyy98ZdSWDnYCxnG7nzGDISEUHD-5yXo7v1QdrcKE&type=album","o":"https://sun9-50.userapi.com/impg/QuFlqMhYJpBe7odg_pyl3CQSjmdDTltqm5ibFw/tE7KWu01XHU.jpg?size=499x1080&quality=95&sign=331beac1b6ad4f69fd8db875f3cd92f8&c_uniq_tag=fbHY7Dc3TnaLBfGmWbj66PzVTmQFi8Kww6NYvfG0Jis&type=album","t":"https://sun9-50.userapi.com/impg/QuFlqMhYJpBe7odg_pyl3CQSjmdDTltqm5ibFw/tE7KWu01XHU.jpg?size=279x604&quality=95&sign=91d60ac5ffbc18dfe4d412a4fee05c0c&c_uniq_tag=mwXMDOygBlsci8yLBxbkUQJS7DWnnMNflkt3i8ud_yA&type=album"},"z":"","q":0,"w":0,"o":503274086,"i":457243523,"d":548083048}],"m":[]},{"i":3097690,"f":15267753,"t":"Номер заказа СДЭК 1439164212\n500","d":548071719,"a":[],"m":[{"f":503274086,"t":"Только г отправки поменяй на Шушары (это рядом с СПб наскок я понял, Саня Котик оттуда)","d":548019299,"a":[]}]},{"i":3097420,"f":503274086,"t":"Только г отправки поменяй на Шушары (это рядом с СПб наскок я понял, Саня Котик оттуда)","d":548019299,"a":[],"m":[]},{"i":3097301,"f":503274086,"t":"Пусть будет таких габаритов","d":548007319,"a":[],"m":[]},{"i":3097300,"f":503274086,"t":"Да пофиг","d":548007310,"a":[],"m":[]},{"i":3097234,"f":15267753,"t":"35 35 это две пары почти)","d":548001448,"a":[],"m":[]},{"i":3097228,"f":503274086,"t":"320 грамм весит, оч маленький\nукажи 35х35 см","d":548001009,"a":[],"m":[]},{"i":3097201,"f":15267753,"t":"габарит?","d":547999156,"a":[],"m":[]},{"i":3097200,"f":15267753,"t":"прив","d":547999154,"a":[],"m":[]},{"i":3097198,"f":503274086,"t":"+375298597493 \n \nГончар Михаил Николаевич \n \nМолодечно, ул. Виленская 13А - адрес ПВЗ","d":547999078,"a":[],"m":[]},{"i":3097197,"f":503274086,"t":"СПБ - Молодечно","d":547999077,"a":[],"m":[]},{"i":3097196,"f":503274086,"t":"Привет","d":547999074,"a":[],"m":[]},{"i":3091353,"f":503274086,"t":"","d":547394256,"a":[],"m":[{"f":132719173,"t":"","d":547393396,"a":[{"t":0,"s":{"m":"https://sun9-77.userapi.com/impg/Pd9YouaN3Zn1tce09CQM-fo3gGlH9eylDehUOA/qZEHj-cWcng.jpg?size=510x900&quality=95&crop=0,0,1080,1906&sign=221796ddafd7d3e188a0a04ef7ecf47c&c_uniq_tag=7ReIRD3u514QDp-ypqYP5mbHZGscYdAYjrdALJt3tVM&type=album","s":"https://sun9-77.userapi.com/impg/Pd9YouaN3Zn1tce09CQM-fo3gGlH9eylDehUOA/qZEHj-cWcng.jpg?size=200x444&quality=95&sign=0b34d14deb7829ed6499083921ba5844&c_uniq_tag=bRXmhk5ZIMryua20Twi--UTHmoeLGwKmtgBmWP4vAlw&type=album","n":"https://sun9-77.userapi.com/impg/Pd9YouaN3Zn1tce09CQM-fo3gGlH9eylDehUOA/qZEHj-cWcng.jpg?size=972x2160&quality=95&sign=40703814ce85f62e16f20f82834e1350&c_uniq_tag=IJ9dNwKinCJXH463Rgrg_h3nNNYMTtY6v9hioJKSNoQ&type=album","o":"https://sun9-77.userapi.com/impg/Pd9YouaN3Zn1tce09CQM-fo3gGlH9eylDehUOA/qZEHj-cWcng.jpg?size=486x1080&quality=95&sign=74ec10f72aa6fd0f608ab890a5358eb5&c_uniq_tag=q14GTx-1WGtnajrXOkCMyWHYXflEr4ARQcME1tjBe1k&type=album","t":"https://sun9-77.userapi.com/impg/Pd9YouaN3Zn1tce09CQM-fo3gGlH9eylDehUOA/qZEHj-cWcng.jpg?size=272x604&quality=95&sign=1c6da3631de17479e226bd27bd6daccd&c_uniq_tag=ILW_O2MnHc6kBksSZqgZkc2hqYCilpvTuMQMSxO4nJQ&type=album"},"z":"","q":0,"w":0,"o":132719173,"i":457240751,"d":547393394}]}]},{"i":3091338,"f":503274086,"t":"Оки?","d":547393376,"a":[],"m":[]},{"i":3091337,"f":503274086,"t":"Бля сбер лагает\nОтправлю как зайду","d":547393374,"a":[],"m":[]},{"i":3091291,"f":15267753,"t":"Номер заказа СДЭК 1437027739\n500","d":547389930,"a":[],"m":[{"f":503274086,"t":"Самара — Молодечно\nКарпович Арсений Михайлович \n+375298395827","d":547389292,"a":[]}]},{"i":3091286,"f":503274086,"t":"Пара","d":547389294,"a":[],"m":[]},{"i":3091285,"f":503274086,"t":"Самара — Молодечно\nКарпович Арсений Михайлович \n+375298395827","d":547389292,"a":[],"m":[]},{"i":3090679,"f":503274086,"t":"++ ушло","d":547315827,"a":[],"m":[{"f":15267753,"t":"Номер заказа СДЭК 1436776791\n500","d":547315682,"a":[]}]},{"i":3090678,"f":15267753,"t":"Номер заказа СДЭК 1436776791\n500","d":547315682,"a":[],"m":[]},{"i":3090676,"f":503274086,"t":"СПБ - Молодечно\nКарпович Арсений Михайлович \n+375298395827\n\nПара","d":547315334,"a":[],"m":[]},{"i":3087967,"f":15267753,"t":"да","d":547051599,"a":[],"m":[]},{"i":3087966,"f":503274086,"t":"","d":547051583,"a":[{"t":0,"s":{"m":"https://sun9-1.userapi.com/impg/aQLLiLVEz1rT7ggpziXVzbomorfdWcPWtuF5rg/KI6MI0iEvoQ.jpg?size=510x900&quality=95&crop=0,0,828,1461&sign=19b9fd028193bc2042706036399da175&c_uniq_tag=TOFJ8Z2qGTJa_SpQaSMwnKs3ezJUfe4H0f1bViCVvg4&type=album","s":"https://sun9-1.userapi.com/impg/aQLLiLVEz1rT7ggpziXVzbomorfdWcPWtuF5rg/KI6MI0iEvoQ.jpg?size=200x433&quality=95&sign=8afe6411cc8371f52c806213aa6327c7&c_uniq_tag=sfKSNZpcK_CA-q1uNyxqRIWD8OJvVo0doM1qP1EPO30&type=album","n":"https://sun9-1.userapi.com/impg/aQLLiLVEz1rT7ggpziXVzbomorfdWcPWtuF5rg/KI6MI0iEvoQ.jpg?size=828x1792&quality=95&sign=10e455d72ae0fda337df78b9f0ca7666&c_uniq_tag=sWjrREwKMFoJOlZtrP5ohzlVeHFvsb8L7msHN6zLHUM&type=album","o":"https://sun9-1.userapi.com/impg/aQLLiLVEz1rT7ggpziXVzbomorfdWcPWtuF5rg/KI6MI0iEvoQ.jpg?size=499x1080&quality=95&sign=b31501dedeff9463de6eda969c0eaf01&c_uniq_tag=_meyOfeBsTvZ4iH3XgblCj8Qf1ol_iDb1vJMAh_Z9Ro&type=album","t":"https://sun9-1.userapi.com/impg/aQLLiLVEz1rT7ggpziXVzbomorfdWcPWtuF5rg/KI6MI0iEvoQ.jpg?size=279x604&quality=95&sign=39bbc876f439d1a832584a782e25f475&c_uniq_tag=F2uZcKnzPWfagTE-xf2l-0-ZEYdPQXjqIIlTbinm178&type=album"},"z":"","q":0,"w":0,"o":503274086,"i":457243508,"d":547051583}],"m":[]},{"i":3087965,"f":503274086,"t":"?","d":547051536,"a":[],"m":[{"f":15267753,"t":"89059515168 сбер","d":539096859,"a":[]}]},{"i":3087964,"f":503274086,"t":"А подскажи сбер","d":547051529,"a":[],"m":[]},{"i":3087963,"f":15267753,"t":"Номер заказа СДЭК 1435951507\n450","d":547051519,"a":[],"m":[{"f":503274086,"t":"Привет\nг отправки Спб \nг получателя Молодечно\nДвое штанов (хз какие габариты ну небольшие)","d":547048554,"a":[]}]},{"i":3087962,"f":503274086,"t":"Да)","d":547051503,"a":[],"m":[]},{"i":3087961,"f":15267753,"t":"сюда?","d":547051478,"a":[],"m":[{"f":503274086,"t":"Карпович Арсений Михайлович \n+375298395827\nАдрес ПВЗ Виленская 13А","d":539087467,"a":[]}]},{"i":3087960,"f":15267753,"t":"на кого","d":547051465,"a":[],"m":[]},{"i":3087959,"f":15267753,"t":"привет","d":547051463,"a":[],"m":[]},{"i":3087911,"f":503274086,"t":"Считай наверн как пара коробок хз, тебе виднее","d":547048561,"a":[],"m":[]},{"i":3087910,"f":503274086,"t":"Привет\nг отправки Спб \nг получателя Молодечно\nДвое штанов (хз какие габариты ну небольшие)","d":547048554,"a":[],"m":[]},{"i":3072804,"f":503274086,"t":"Спасибо","d":545578244,"a":[],"m":[]},{"i":3072803,"f":15267753,"t":"Номер заказа СДЭК 1430946203","d":545578233,"a":[],"m":[]},{"i":3072802,"f":15267753,"t":"щас делаю новую","d":545578138,"a":[],"m":[]},{"i":3072801,"f":15267753,"t":"хм странно","d":545578134,"a":[],"m":[]},{"i":3072790,"f":503274086,"t":"Прост если вбивать ее номер в сдэк то тут так","d":545577772,"a":[],"m":[]},{"i":3072789,"f":503274086,"t":"","d":545577767,"a":[{"t":0,"s":{"m":"https://sun9-7.userapi.com/impg/jtwDu1Qmhqe9INenRa2-0tTBvFYeMFjvGxv9mA/2QORhAT-_14.jpg?size=510x900&quality=95&crop=0,0,828,1461&sign=2a9842b968629cc316ab9898fffa8926&c_uniq_tag=Axa4YPJPQTBO1UFqdjm4CoCnlLbSLTyLVpTOuKr2128&type=album","s":"https://sun9-7.userapi.com/impg/jtwDu1Qmhqe9INenRa2-0tTBvFYeMFjvGxv9mA/2QORhAT-_14.jpg?size=200x433&quality=95&sign=b2d573c1fabe8b039fc3b8a0350c8dca&c_uniq_tag=UvCz0Vhi2wiwBdI5OgdTjaTr3yeEpZyCZU08XvD82K4&type=album","n":"https://sun9-7.userapi.com/impg/jtwDu1Qmhqe9INenRa2-0tTBvFYeMFjvGxv9mA/2QORhAT-_14.jpg?size=828x1792&quality=95&sign=9074d0149f80dacc0498451dc619091c&c_uniq_tag=eeYCs3w7xldczya5iEG8pO9H_GlBbHwtbZYH4-Y7qj8&type=album","o":"https://sun9-7.userapi.com/impg/jtwDu1Qmhqe9INenRa2-0tTBvFYeMFjvGxv9mA/2QORhAT-_14.jpg?size=499x1080&quality=95&sign=ee0671a2de1ca71a943c45b0106e9757&c_uniq_tag=mdxko50U1ln5WOAmmkOmv8br0As9ptyCW0d2YUik_24&type=album","t":"https://sun9-7.userapi.com/impg/jtwDu1Qmhqe9INenRa2-0tTBvFYeMFjvGxv9mA/2QORhAT-_14.jpg?size=279x604&quality=95&sign=5df47b4b87db58441f81fdb19fef5455&c_uniq_tag=V8N9p6_DL4_eBgi4bLUw4_K985Q0EoRyRkzo2rosUqg&type=album"},"z":"","q":0,"w":0,"o":503274086,"i":457243490,"d":545577767}],"m":[]},{"i":3072611,"f":15267753,"t":"если по ней никто не отправил, то она живая и сейчас и можно по ней же отправить","d":545569134,"a":[],"m":[]},{"i":3072610,"f":15267753,"t":"привет","d":545569110,"a":[],"m":[]},{"i":3072521,"f":503274086,"t":"Опять МСК - Молодечно","d":545530902,"a":[],"m":[]},{"i":3072520,"f":503274086,"t":"Можно ли пересоздать","d":545530896,"a":[],"m":[]},{"i":3072516,"f":503274086,"t":"Я создал тогда, Оплатил, но чел слился","d":545530889,"a":[],"m":[]},{"i":3072515,"f":503274086,"t":"Можешь эт проверить","d":545530874,"a":[],"m":[]},{"i":3072514,"f":503274086,"t":"По этой накладной так никто и ничего не отправил","d":545530869,"a":[],"m":[{"f":15267753,"t":"Номер заказа СДЭК 1409085944 \n400","d":539094812,"a":[]}]},{"i":3072513,"f":503274086,"t":"Я с таким вопросом","d":545530857,"a":[],"m":[]},{"i":3072512,"f":503274086,"t":"Салют мужичок","d":545530855,"a":[],"m":[]},{"i":2981627,"f":15267753,"t":"+","d":539101523,"a":[],"m":[]},{"i":2981546,"f":503274086,"t":"","d":539098343,"a":[{"t":0,"s":{"m":"https://sun9-63.userapi.com/impg/DDyshLL9KRnR7QXW_rqrXMIldAW3yemmo371YQ/6KZUynzZIy0.jpg?size=510x900&quality=95&crop=0,0,828,1461&sign=02d857bcb1494f9e021110d706394cb7&c_uniq_tag=BLl04lPSZgdE_oynTXg7KMFUIriFnkTiAmKPWeEmZng&type=album","s":"https://sun9-63.userapi.com/impg/DDyshLL9KRnR7QXW_rqrXMIldAW3yemmo371YQ/6KZUynzZIy0.jpg?size=200x433&quality=95&sign=6b04e7d41f764686dd5ff40d840946e8&c_uniq_tag=zYhdn_wxDxLKWFgqangZ6sy3G-7o-iYaCDvJP_zhKGk&type=album","n":"https://sun9-63.userapi.com/impg/DDyshLL9KRnR7QXW_rqrXMIldAW3yemmo371YQ/6KZUynzZIy0.jpg?size=828x1792&quality=95&sign=f537bc4c9ecc0391f133dbe8c0320365&c_uniq_tag=qwdDn5UulFbx_DFEzc49gdDUYNl34r5E5KrwE41uG3M&type=album","o":"https://sun9-63.userapi.com/impg/DDyshLL9KRnR7QXW_rqrXMIldAW3yemmo371YQ/6KZUynzZIy0.jpg?size=499x1080&quality=95&sign=27374005013905ff21146b2191a7a7e6&c_uniq_tag=RHFIExy38YCTqTazp2lJZWxIzinMQYt8uCJmSLMoUjs&type=album","t":"https://sun9-63.userapi.com/impg/DDyshLL9KRnR7QXW_rqrXMIldAW3yemmo371YQ/6KZUynzZIy0.jpg?size=279x604&quality=95&sign=a34afdb26ec7f83fba12287535c2d779&c_uniq_tag=v0TyvCgeo0ijdMdi4u0m1qNx7INDabn2WWr3iufzUlQ&type=album"},"z":"","q":0,"w":0,"o":503274086,"i":457243317,"d":539098343}],"m":[]},{"i":2981507,"f":15267753,"t":"89059515168 сбер","d":539096859,"a":[],"m":[]},{"i":2981495,"f":503274086,"t":"Куда закинуть","d":539096045,"a":[],"m":[]},{"i":2981467,"f":15267753,"t":"Номер заказа СДЭК 1409085944 \n400","d":539094812,"a":[],"m":[{"f":503274086,"t":"Карпович Арсений Михайлович \n+375298395827\nАдрес ПВЗ Виленская 13А","d":539087467,"a":[]}]},{"i":2981466,"f":503274086,"t":"Привет\nМеньше даже\nКусок ткани метр на метр, складывается\nЯ думаю пакет А3 пойдет","d":539094715,"a":[],"m":[]},{"i":2981461,"f":15267753,"t":"пара?","d":539094526,"a":[],"m":[]},{"i":2981460,"f":15267753,"t":"прив","d":539094521,"a":[],"m":[]},{"i":2981347,"f":503274086,"t":"Карпович Арсений Михайлович \n+375298395827\nАдрес ПВЗ Виленская 13А","d":539087467,"a":[],"m":[]},{"i":2981341,"f":503274086,"t":"г отправки Москва - г получателя Молодечно","d":539087427,"a":[],"m":[]},{"i":2981339,"f":503274086,"t":"Привет","d":539087416,"a":[],"m":[]},{"i":2953127,"f":503274086,"t":"Понял\nОч дорого(\nОтмена","d":536952146,"a":[],"m":[]},{"i":2953123,"f":15267753,"t":"Прив\nДа думаю рублей 300+-","d":536952121,"a":[],"m":[]},{"i":2953098,"f":503274086,"t":"Салют бро\nМолодечно — Минск от пвз до пвз\nСколько будет в ₽?","d":536948761,"a":[],"m":[]},{"i":2884099,"f":15267753,"t":"неа не моя","d":532445730,"a":[],"m":[]},{"i":2884098,"f":15267753,"t":"прив","d":532445729,"a":[],"m":[]},{"i":2884009,"f":503274086,"t":"У тебя делали накладную эту?","d":532441707,"a":[],"m":[]},{"i":2884008,"f":503274086,"t":"Привет \n\nНомер заказа: 1387622858\nСтатус: Создан\nДата отправления: 14.12.2022\nОткуда: Молодечно\nКуда: Вологда","d":532441700,"a":[],"m":[]},{"i":2845986,"f":15267753,"t":"Прив, нужно менять","d":529630245,"a":[],"m":[]},{"i":2845980,"f":503274086,"t":"Привет бро\nПодскажешь ? \nПожалуйста \nСмотри, накладные созданы все из одного города\nА отправка с другого \nДопустят к отправке ? Все в Беларуси если что, страна маленькая","d":529628971,"a":[],"m":[]},{"i":2747071,"f":503274086,"t":")) понял)","d":523131630,"a":[],"m":[]},{"i":2747070,"f":15267753,"t":"Так всегда)","d":523131489,"a":[],"m":[]},{"i":2747069,"f":15267753,"t":"Сук","d":523131486,"a":[],"m":[]},{"i":2747068,"f":503274086,"t":"Да чёт на сдэке тупили что якобы Новокузнецк город отправки","d":523131473,"a":[],"m":[]},{"i":2747067,"f":503274086,"t":"Все уже отправили","d":523131460,"a":[],"m":[]},{"i":2747066,"f":15267753,"t":"Прив да","d":523131447,"a":[],"m":[]},{"i":2747060,"f":503274086,"t":"У тебя делал накладную Егор гуськов?","d":523131154,"a":[],"m":[]},{"i":2747059,"f":503274086,"t":"1357658952","d":523131150,"a":[],"m":[]},{"i":2747058,"f":503274086,"t":"Привет","d":523131139,"a":[],"m":[]},{"i":2745212,"f":15267753,"t":"да упаковка бесплатна некоторая при договоре","d":523010162,"a":[],"m":[]},{"i":2745208,"f":503274086,"t":"Да, так вот я и подумал мб если через вас делаешь накладные то можно этот пакет брать бесплатно)","d":523009857,"a":[],"m":[]},{"i":2745203,"f":15267753,"t":"50 должен","d":523009732,"a":[],"m":[]},{"i":2745202,"f":503274086,"t":"Ну у нас тип пакет, в который влазит только одна пара (хз А3 или Л это) стоит 60₽","d":523009687,"a":[],"m":[]},{"i":2745199,"f":15267753,"t":"он Л называется вроде","d":523009368,"a":[],"m":[]},{"i":2745198,"f":15267753,"t":"платный только самый большой","d":523009363,"a":[],"m":[]},{"i":2745197,"f":15267753,"t":"а3 всегда бесплатный","d":523009347,"a":[],"m":[]},{"i":2745195,"f":15267753,"t":"поетому не делаю так","d":523009339,"a":[],"m":[]},{"i":2745194,"f":15267753,"t":"слишком много отвественности )","d":523009334,"a":[],"m":[]},{"i":2745192,"f":503274086,"t":"А если через тебя делаешь, нельзя на такое добро претендовать?)","d":523009252,"a":[],"m":[]},{"i":2745191,"f":503274086,"t":"Тут тип бесплатный пакет А3","d":523009251,"a":[],"m":[]},{"i":2745188,"f":503274086,"t":"","d":523009173,"a":[{"t":-1,"s":"wall","v":{"type":"wall","wall":{"id":5564,"from_id":11692296,"to_id":11692296,"date":1655055330,"comments":{"can_post":1,"count":6,"groups_can_post":true},"type":"post","access_key":"73cf1ba829be9ca809","attachments":[{"type":"video","video":{"response_type":"full","access_key":"de643053c3b19d722e","can_comment":1,"can_like":1,"can_repost":1,"can_subscribe":1,"can_add_to_faves":1,"can_add":1,"comments":6,"date":1655055322,"description":"Постоянно возишь одежду и обувь или другие товары по России и Белоруссии? Помогу заключить договор со CDEK за 0 рублей, экономь до 40% на каждой отправке!\n\nДля:\nООО, ИП, Самозанятых\n\nНет Юр лица? Не проблема, возьми договор в аренду, собственный личный кабинет доступ к которому есть только у тебя. Оформляй накладные с приложения на телефоне. Оплата курьерских услуг раз в неделю, аренда договора всего 1000р в месяц, неважно 10 или 1000 отправлений, ты платишь только за доставленные посылки\n\nВсе варианты договора:\nКурьерские услуги, интернет магазин, доставка из Китая, фулфирмент....\n\nПолная поддержка для бизнеса любого масштаба:\nПерсональный менеджер сдек с опытом работы более 10 лет, решит возникающие проблемы\nБесплатная упаковка - пакеты А3, А4, конверты А4\nБесплатное хранение на пункте выдачи до 14 дней\nГотовые СMS-модули, интеграция с вашим сайтом в пару кликов для интернет магазинов\n\nНаша группа VK \n[club167019313|@CdekID]\nНаш сайт \nCdek-id.ru","duration":13,"photo_130":"https://i.mycdn.me/getVideoPreview?id=2542895041177&idx=0&type=39&tkn=fyPyCoenfFD4XmyW0hoVmKGTPJk&fn=vid_s","photo_320":"https://i.mycdn.me/getVideoPreview?id=2542895041177&idx=0&type=39&tkn=fyPyCoenfFD4XmyW0hoVmKGTPJk&fn=vid_l","photo_800":"https://i.mycdn.me/getVideoPreview?id=2542895041177&idx=0&type=39&tkn=fyPyCoenfFD4XmyW0hoVmKGTPJk&fn=vid_x","photo_1280":"https://i.mycdn.me/getVideoPreview?id=2542895041177&idx=0&type=39&tkn=fyPyCoenfFD4XmyW0hoVmKGTPJk&fn=vid_w","first_frame_130":"https://i.mycdn.me/getVideoPreview?id=2542895041177&idx=0&type=39&tkn=fyPyCoenfFD4XmyW0hoVmKGTPJk&fn=vid_sm","first_frame_160":"https://i.mycdn.me/getVideoPreview?id=2542895041177&idx=0&type=39&tkn=fyPyCoenfFD4XmyW0hoVmKGTPJk&fn=vid_d","first_frame_320":"https://i.mycdn.me/getVideoPreview?id=2542895041177&idx=0&type=39&tkn=fyPyCoenfFD4XmyW0hoVmKGTPJk&fn=vid_md","first_frame_800":"https://i.mycdn.me/getVideoPreview?id=2542895041177&idx=0&type=39&tkn=fyPyCoenfFD4XmyW0hoVmKGTPJk&fn=vid_f","first_frame_1280":"https://i.mycdn.me/getVideoPreview?id=2542895041177&idx=0&type=39&tkn=fyPyCoenfFD4XmyW0hoVmKGTPJk&fn=vid_w","width":640,"height":360,"id":456240316,"owner_id":11692296,"ov_id":"3526404286472","title":"CDEK ID Заключить договор курьерских услуг СДЕК","player":"https://vk.com/video_ext.php?oid=11692296&id=456240316&hash=3ebde5fca1e9a2f3&__ref=vk.admin_android&api_hash=1691415261685002802005e2799a_GE2TENRXG42TG","added":0,"track_code":"video_9f070187IFJijbMsPAOxMm5e1gj-jBecQpZOE4tk37ArieEtmgkVeWGOvCNRBL0yBWrjPsy4J69zoElm5Q-x31zn4Q","repeat":1,"views":16289,"local_views":16289,"likes":{"count":68,"user_likes":0},"reposts":{"count":2,"user_reposted":0},"can_dislike":1}}],"edited":1655059565,"likes":{"can_like":1,"count":77,"user_likes":0,"can_publish":1,"repost_disabled":false},"owner_id":11692296,"post_source":{"type":"vk"},"post_type":"post","reposts":{"count":43,"user_reposted":0},"text":"Постоянно возишь одежду и обувь или другие товары по России и Белоруссии? Помогу заключить договор со CDEK за 0 рублей, экономь до 40% на каждой отправке! \n \n \nДля: \nООО, ИП, Самозанятых \n \nНет Юр лица? Не проблема, возьми договор в аренду, собственный личный кабинет доступ к которому есть только у тебя. Оформляй накладные с приложения на телефоне. Оплата курьерских услуг раз в неделю, аренда договора всего 1000р в месяц, неважно 10 или 1000 отправлений, ты платишь только за доставленные посылки \n \n \nВсе варианты договора: \nКурьерские услуги, интернет магазин, доставка из Китая, фулфирмент.... \n \nПолная поддержка для бизнеса любого масштаба: \nПерсональный менеджер сдек с опытом работы более 10 лет, решит возникающие проблемы \nБесплатная упаковка - пакеты А3, А4, конверты А4 \nБесплатное хранение на пункте выдачи до 14 дней \nГотовые СMS-модули, интеграция с вашим сайтом в пару кликов для интернет магазинов","views":{"count":10633}}}}],"m":[]},{"i":2745187,"f":15267753,"t":"приветэ","d":523009170,"a":[],"m":[]},{"i":2745186,"f":503274086,"t":"Йоу мужик салют","d":523009162,"a":[],"m":[]},{"i":2742732,"f":15267753,"t":"+","d":522768533,"a":[],"m":[]},{"i":2742688,"f":503274086,"t":"","d":522765641,"a":[{"t":0,"s":{"m":"https://sun9-68.userapi.com/impg/fQLe-z0jhDnKRA7RyRygJBT03Tu7gZ8-fg7Cug/jNM1Pgqzfuo.jpg?size=499x1080&quality=96&sign=b5766693f430efa4bcdd2d50c8468050&c_uniq_tag=C5Fvhiqfpq8k8_y3AGDSbBbtbz3n3O649wDYEXaXYxc&type=album","s":"https://sun9-68.userapi.com/impg/fQLe-z0jhDnKRA7RyRygJBT03Tu7gZ8-fg7Cug/jNM1Pgqzfuo.jpg?size=279x604&quality=96&sign=e1665a4a4f13deab5b2e5014af3732c8&c_uniq_tag=SuwM8PwCvEvN_963nPbg2Ky2VG2keEf8YeOLdw_VPY4&type=album","n":"https://sun9-68.userapi.com/impg/fQLe-z0jhDnKRA7RyRygJBT03Tu7gZ8-fg7Cug/jNM1Pgqzfuo.jpg?size=35x75&quality=96&sign=81244aef99ac4165549fc840ddb04b9d&c_uniq_tag=nsAhP-pLlipBkJsLtsF_vtEzaYImwf-EuPptAaZT0W4&type=album","o":"https://sun9-68.userapi.com/impg/fQLe-z0jhDnKRA7RyRygJBT03Tu7gZ8-fg7Cug/jNM1Pgqzfuo.jpg?size=510x900&quality=96&crop=0,0,750,1324&sign=2f45934d363af51557b0fabb02e3b692&c_uniq_tag=kMkDri30IY0v_3SVweCf7urF1I0b-eYrTDxcv12IFdg&type=album","t":"https://sun9-68.userapi.com/impg/fQLe-z0jhDnKRA7RyRygJBT03Tu7gZ8-fg7Cug/jNM1Pgqzfuo.jpg?size=200x433&quality=96&sign=2ba617728f0004f70cb9d0582c1cbb7a&c_uniq_tag=YOkJKCajyd8AkrVTLbyqwejPcnYhIndzSzWtGwaROJ0&type=album"},"z":"","q":0,"w":0,"o":503274086,"i":457242179,"d":522765640}],"m":[]},{"i":2742687,"f":503274086,"t":"Я 750 там оплатил","d":522765613,"a":[],"m":[]},{"i":2742686,"f":15267753,"t":"Прив нет","d":522765605,"a":[],"m":[]},{"i":2742683,"f":503274086,"t":"Ты же не отменял накладную?","d":522765593,"a":[],"m":[]},{"i":2742682,"f":503274086,"t":"Привет","d":522765587,"a":[],"m":[]},{"i":2741915,"f":15267753,"t":"угу","d":522688820,"a":[],"m":[]},{"i":2741906,"f":503274086,"t":"Пусть пока накладная повисит, это не проблема?","d":522688529,"a":[],"m":[]},{"i":2741903,"f":503274086,"t":"Короче думает человек до вечера, отпишу","d":522688517,"a":[],"m":[]},{"i":2741822,"f":15267753,"t":"Да как обыяно","d":522684713,"a":[],"m":[{"f":15267753,"t":"","d":486824409,"a":[],"m":[{"f":467304307,"t":"4276441235123937\n02/23","d":484618797,"a":[]}]}]},{"i":2741821,"f":503274086,"t":"Давай реквизиты","d":522684706,"a":[],"m":[]},{"i":2741820,"f":503274086,"t":"Понял","d":522684704,"a":[],"m":[]},{"i":2741819,"f":15267753,"t":"500 ароде +-","d":522684687,"a":[],"m":[{"f":503274086,"t":"Из Мск какая цена доставки к вам","d":522684651,"a":[]}]},{"i":2741817,"f":503274086,"t":"Реквизиты давай тогда","d":522684664,"a":[],"m":[]},{"i":2741815,"f":503274086,"t":"Примерно","d":522684653,"a":[],"m":[]},{"i":2741814,"f":503274086,"t":"Из Мск какая цена доставки к вам","d":522684651,"a":[],"m":[]},{"i":2741813,"f":503274086,"t":"А, понял","d":522684633,"a":[],"m":[]},{"i":2741811,"f":15267753,"t":"далеко","d":522684627,"a":[],"m":[]},{"i":2741810,"f":15267753,"t":"проблема в новосибирске","d":522684626,"a":[],"m":[]},{"i":2741807,"f":15267753,"t":"да тож самое будет","d":522684614,"a":[],"m":[]},{"i":2741805,"f":503274086,"t":"Может дешевле будет","d":522684602,"a":[],"m":[]},{"i":2741804,"f":503274086,"t":"Попробуй поставить город отправки Молодечно, Минская обл.","d":522684599,"a":[],"m":[]},{"i":2741803,"f":15267753,"t":"да","d":522684587,"a":[],"m":[]},{"i":2741802,"f":503274086,"t":"Ты отменить можешь накладную?","d":522684579,"a":[],"m":[]},{"i":2741800,"f":15267753,"t":"что не в мск то дорого из рб )","d":522684503,"a":[],"m":[]},{"i":2741798,"f":15267753,"t":"да","d":522684497,"a":[],"m":[]},{"i":2741797,"f":503274086,"t":"750?!","d":522684483,"a":[],"m":[]},{"i":2741787,"f":15267753,"t":"Накладная успешно создана с номером: 1356968270\n750","d":522683854,"a":[],"m":[{"f":503274086,"t":"","d":522680093,"a":[],"m":[{"f":243971009,"t":"Новосибирск выборная 89/2","d":522680009,"a":[]},{"f":243971009,"t":"Донцов Никита Алексеевич \n89139577881","d":522680057,"a":[]}]}]},{"i":2741784,"f":503274086,"t":"Да","d":522683776,"a":[],"m":[]},{"i":2741783,"f":503274086,"t":"Привет","d":522683775,"a":[],"m":[]},{"i":2741780,"f":15267753,"t":"пара?","d":522683762,"a":[],"m":[]},{"i":2741779,"f":15267753,"t":"привет","d":522683760,"a":[],"m":[]},{"i":2741746,"f":503274086,"t":"Город отправки Гродно","d":522680099,"a":[],"m":[]},{"i":2741745,"f":503274086,"t":"","d":522680093,"a":[],"m":[{"f":243971009,"t":"Новосибирск выборная 89/2","d":522680009,"a":[]},{"f":243971009,"t":"Донцов Никита Алексеевич \n89139577881","d":522680057,"a":[]}]},{"i":2741744,"f":503274086,"t":"","d":522680085,"a":[{"t":4}],"m":[]},{"i":2460881,"f":15267753,"t":"+","d":506715477,"a":[],"m":[]},{"i":2460879,"f":503274086,"t":"","d":506715466,"a":[{"t":0,"s":{"m":"https://sun9-68.userapi.com/impg/lgbzvmBPSLRvaYquQm_Y2hyN0pidrhcAO-EbyA/VqwvRff5oCM.jpg?size=510x900&quality=95&crop=0,0,856,1511&sign=5bbde76cfc12f2c6782e766775ea8368&c_uniq_tag=1x50J6_fHn8NLBDZNCXEAHMxIZD0sjf3YRuU-MD74ps&type=album","s":"https://sun9-68.userapi.com/impg/lgbzvmBPSLRvaYquQm_Y2hyN0pidrhcAO-EbyA/VqwvRff5oCM.jpg?size=200x433&quality=95&sign=c2907f0601009b0c8630cd22e282e4d2&c_uniq_tag=pw8Hj-YQYTLdMgS8J7EE9KMjCwYIjmKm6vTznHn4ZwE&type=album","n":"https://sun9-68.userapi.com/impg/lgbzvmBPSLRvaYquQm_Y2hyN0pidrhcAO-EbyA/VqwvRff5oCM.jpg?size=856x1852&quality=95&sign=3e1cd0a86715b2e2c4159264c3ccbb98&c_uniq_tag=VL7YXlZPSlIirBmhv2U9ddVHG6sKLw5sNMvcyeajjk8&type=album","o":"https://sun9-68.userapi.com/impg/lgbzvmBPSLRvaYquQm_Y2hyN0pidrhcAO-EbyA/VqwvRff5oCM.jpg?size=499x1080&quality=95&sign=374b994ea4755d74e6602d5ad8a20ad8&c_uniq_tag=qE58gQyHvDHSjmEBuG20KeTYiz7QvrWbvoHg51I2KBA&type=album","t":"https://sun9-68.userapi.com/impg/lgbzvmBPSLRvaYquQm_Y2hyN0pidrhcAO-EbyA/VqwvRff5oCM.jpg?size=279x604&quality=95&sign=0427d53dfa785aa0b92c6071560e5780&c_uniq_tag=AHxzPDyexHckBIC-xqQTZJANBKYNzXmwSIb08ZL1q4o&type=album"},"z":"","q":0,"w":0,"o":503274086,"i":457241958,"d":506715466}],"m":[]},{"i":2460784,"f":15267753,"t":"ок","d":506713209,"a":[],"m":[]},{"i":2460735,"f":503274086,"t":"В течении часа","d":506709777,"a":[],"m":[]},{"i":2460728,"f":15267753,"t":"Накладная успешно создана с номером: 1317893219\n350","d":506709672,"a":[],"m":[]},{"i":2460721,"f":503274086,"t":"Москва Молодечно","d":506709339,"a":[],"m":[]},{"i":2460720,"f":503274086,"t":"Да","d":506709334,"a":[],"m":[]},{"i":2460719,"f":15267753,"t":"Такую же сделаьб?","d":506709327,"a":[],"m":[]},{"i":2460718,"f":15267753,"t":"Привет","d":506709322,"a":[],"m":[]},{"i":2460717,"f":503274086,"t":"Салют","d":506709300,"a":[],"m":[]},{"i":2460716,"f":503274086,"t":".","d":506709294,"a":[],"m":[{"f":503274086,"t":"Город отправитель: Москва\nГород получателя: Молодечно \nПВЗ получателя: Молодечно, Минская обл., ул. Виленская, 13а, 37 (MOL1) \nФИО получателя: Карпович Светлана Михайловна \nТелефон получателя: +375298395827 \nРазмер в см Длинна*Ширина*Высота: 33х23х13 \nВес: куртка \nВремя до отправки:","d":505144390,"a":[]}]},{"i":2436995,"f":15267753,"t":"+","d":505144925,"a":[],"m":[]},{"i":2436993,"f":503274086,"t":"","d":505144907,"a":[{"t":0,"s":{"m":"https://sun9-46.userapi.com/impg/nJy2MLf1OmtH7GHNa5cgd7OLcX5Zk1IZ1-3OHA/ApB-e4YLdbw.jpg?size=510x900&quality=95&crop=0,0,856,1511&sign=fc767ded302ba0a4fa25ba737fa695a9&c_uniq_tag=ibukhGFwj7DOJmzm5UxwbR4kLUOfuX0MmInbUHNMVzA&type=album","s":"https://sun9-46.userapi.com/impg/nJy2MLf1OmtH7GHNa5cgd7OLcX5Zk1IZ1-3OHA/ApB-e4YLdbw.jpg?size=200x433&quality=95&sign=63a1e9f2237f89562ca644e96dbd7b6c&c_uniq_tag=QWZQO5Xxll04VKTdcJByyPD5CwT0ijUwIpERy6Fm10o&type=album","n":"https://sun9-46.userapi.com/impg/nJy2MLf1OmtH7GHNa5cgd7OLcX5Zk1IZ1-3OHA/ApB-e4YLdbw.jpg?size=856x1852&quality=95&sign=ddceeab28c1310b805727567edf5372d&c_uniq_tag=Hw4VWUSlTHTZcl2pJ3-reE4ptC6fuDHhqDtONJf8pR0&type=album","o":"https://sun9-46.userapi.com/impg/nJy2MLf1OmtH7GHNa5cgd7OLcX5Zk1IZ1-3OHA/ApB-e4YLdbw.jpg?size=499x1080&quality=95&sign=508f5842b1ebfedd55fb337d71c20ab0&c_uniq_tag=BINb4AY5dSOZdGPmuO8Hpyhb3_uOV0QjhinCX-gAk-c&type=album","t":"https://sun9-46.userapi.com/impg/nJy2MLf1OmtH7GHNa5cgd7OLcX5Zk1IZ1-3OHA/ApB-e4YLdbw.jpg?size=279x604&quality=95&sign=0a93ff90889b6c3c880e5d827fc0744b&c_uniq_tag=tUzQLPHanM4TDGCE88LE6hIoQsGyAZq2RHcR24sv7mc&type=album"},"z":"","q":0,"w":0,"o":503274086,"i":457241945,"d":505144906}],"m":[]},{"i":2436989,"f":15267753,"t":"Угу","d":505144844,"a":[],"m":[]},{"i":2436988,"f":503274086,"t":"Бро отсюда «сдача» получилась 270 (400 должен был, 320 Филипп скинул и я 350 ещё докинул)\nДокидываю 80р , правильно?","d":505144684,"a":[],"m":[{"f":503274086,"t":"","d":504812208,"a":[{"t":0,"s":{"m":"https://sun9-33.userapi.com/impg/swm7N6Ou3GQhBN9F5tRWD4XjLV8vZ8C-eKJ0gw/AYek5JNgcEw.jpg?size=510x900&quality=95&crop=0,0,856,1511&sign=2ce60cd78528ad3044a6f8b7bda24419&c_uniq_tag=IUiQL912QbwEZ_XLcY3usTWDXc2C5pxOfKc1zE83ooc&type=album","s":"https://sun9-33.userapi.com/impg/swm7N6Ou3GQhBN9F5tRWD4XjLV8vZ8C-eKJ0gw/AYek5JNgcEw.jpg?size=200x433&quality=95&sign=9700e9137d2e7e56c26214247894aef0&c_uniq_tag=tXjnpDnqOGM3e7yJacUGLSk0gMatpozaLYFs1nUsiHw&type=album","n":"https://sun9-33.userapi.com/impg/swm7N6Ou3GQhBN9F5tRWD4XjLV8vZ8C-eKJ0gw/AYek5JNgcEw.jpg?size=856x1852&quality=95&sign=a36fae87f9ee632bd8ca914ffe53c54e&c_uniq_tag=87R0o1m5tORQLvbtCiLy3DBi8qxe6xe9nlJBbn83ZWo&type=album","o":"https://sun9-33.userapi.com/impg/swm7N6Ou3GQhBN9F5tRWD4XjLV8vZ8C-eKJ0gw/AYek5JNgcEw.jpg?size=499x1080&quality=95&sign=606d987a1f0337deaf1913191203e73e&c_uniq_tag=1s3phLZme1835ZJFRwsIIL1qCXgb-ZUMMXNH4yaOYnw&type=album","t":"https://sun9-33.userapi.com/impg/swm7N6Ou3GQhBN9F5tRWD4XjLV8vZ8C-eKJ0gw/AYek5JNgcEw.jpg?size=279x604&quality=95&sign=8bd042c3f1cbb5c0f326641d7a398a10&c_uniq_tag=T-EbEteoVCTaUown6Mr8dm7Gay0QTq7-Zlix5wKBnG4&type=album"},"z":"","q":0,"w":0,"o":503274086,"i":457241940,"d":504812208}]}]},{"i":2436981,"f":15267753,"t":"Накладная успешно создана с номером: 1312699881\n350","d":505144554,"a":[],"m":[]},{"i":2436980,"f":15267753,"t":"привет","d":505144503,"a":[],"m":[]},{"i":2436979,"f":503274086,"t":"Город отправитель: Москва\nГород получателя: Молодечно \nПВЗ получателя: Молодечно, Минская обл., ул. Виленская, 13а, 37 (MOL1) \nФИО получателя: Карпович Светлана Михайловна \nТелефон получателя: +375298395827 \nРазмер в см Длинна*Ширина*Высота: 33х23х13 \nВес: куртка \nВремя до отправки:","d":505144390,"a":[],"m":[]},{"i":2436978,"f":503274086,"t":"Привет","d":505144360,"a":[],"m":[]},{"i":2432550,"f":15267753,"t":"+","d":504812681,"a":[],"m":[]},{"i":2432532,"f":503274086,"t":"","d":504812208,"a":[{"t":0,"s":{"m":"https://sun9-33.userapi.com/impg/swm7N6Ou3GQhBN9F5tRWD4XjLV8vZ8C-eKJ0gw/AYek5JNgcEw.jpg?size=510x900&quality=95&crop=0,0,856,1511&sign=2ce60cd78528ad3044a6f8b7bda24419&c_uniq_tag=IUiQL912QbwEZ_XLcY3usTWDXc2C5pxOfKc1zE83ooc&type=album","s":"https://sun9-33.userapi.com/impg/swm7N6Ou3GQhBN9F5tRWD4XjLV8vZ8C-eKJ0gw/AYek5JNgcEw.jpg?size=200x433&quality=95&sign=9700e9137d2e7e56c26214247894aef0&c_uniq_tag=tXjnpDnqOGM3e7yJacUGLSk0gMatpozaLYFs1nUsiHw&type=album","n":"https://sun9-33.userapi.com/impg/swm7N6Ou3GQhBN9F5tRWD4XjLV8vZ8C-eKJ0gw/AYek5JNgcEw.jpg?size=856x1852&quality=95&sign=a36fae87f9ee632bd8ca914ffe53c54e&c_uniq_tag=87R0o1m5tORQLvbtCiLy3DBi8qxe6xe9nlJBbn83ZWo&type=album","o":"https://sun9-33.userapi.com/impg/swm7N6Ou3GQhBN9F5tRWD4XjLV8vZ8C-eKJ0gw/AYek5JNgcEw.jpg?size=499x1080&quality=95&sign=606d987a1f0337deaf1913191203e73e&c_uniq_tag=1s3phLZme1835ZJFRwsIIL1qCXgb-ZUMMXNH4yaOYnw&type=album","t":"https://sun9-33.userapi.com/impg/swm7N6Ou3GQhBN9F5tRWD4XjLV8vZ8C-eKJ0gw/AYek5JNgcEw.jpg?size=279x604&quality=95&sign=8bd042c3f1cbb5c0f326641d7a398a10&c_uniq_tag=T-EbEteoVCTaUown6Mr8dm7Gay0QTq7-Zlix5wKBnG4&type=album"},"z":"","q":0,"w":0,"o":503274086,"i":457241940,"d":504812208}],"m":[]},{"i":2432513,"f":15267753,"t":"Окей","d":504810836,"a":[],"m":[]},{"i":2432450,"f":503274086,"t":"И я скину 480 ) это депозит на следующую 300 будет)","d":504808171,"a":[],"m":[]},{"i":2432448,"f":503274086,"t":"Тебе Филипп скинет 320","d":504808153,"a":[],"m":[]},{"i":2432412,"f":15267753,"t":"оки","d":504807432,"a":[],"m":[]},{"i":2432371,"f":503274086,"t":"Ща в течении часа скину","d":504806723,"a":[],"m":[]},{"i":2432361,"f":15267753,"t":"Накладная успешно создана с номером: 1311463336\n400","d":504806125,"a":[],"m":[]},{"i":2432352,"f":503274086,"t":"Город отправитель: Ростов\nГород получателя: Молодечно \nПВЗ получателя: Молодечно, Минская обл., ул. Виленская, 13а, 37 (MOL1) \nФИО получателя: Карпович Светлана Михайловна \nТелефон получателя: +375298395827 \nРазмер в см Длинна*Ширина*Высота: 33х23х13 \nВес: куртка \nВремя до отправки:","d":504805553,"a":[],"m":[]},{"i":2399233,"f":15267753,"t":"+","d":502648115,"a":[],"m":[]},{"i":2399220,"f":503274086,"t":"Thanks","d":502647089,"a":[{"t":0,"s":{"m":"https://sun9-77.userapi.com/impg/LpHQ_4ZngntzK4R_RmsOtwlIDl-zZKv8rUopOA/ryTx_CkoWYI.jpg?size=510x900&quality=95&crop=0,0,856,1511&sign=84e21c33d70389f48510bf461e918408&c_uniq_tag=gGLQGrl48109AnaM46ZtgaiexX4IO2LY2ovEMGAh_Ms&type=album","s":"https://sun9-77.userapi.com/impg/LpHQ_4ZngntzK4R_RmsOtwlIDl-zZKv8rUopOA/ryTx_CkoWYI.jpg?size=200x433&quality=95&sign=f23b5ec3da65bd712376e7b72a305925&c_uniq_tag=RRWVDpiapgeCdpO0UhbFWTtKdSbkFgIiTeIRt2TO958&type=album","n":"https://sun9-77.userapi.com/impg/LpHQ_4ZngntzK4R_RmsOtwlIDl-zZKv8rUopOA/ryTx_CkoWYI.jpg?size=856x1852&quality=95&sign=3feaff3902150e78b83b7827d0e50629&c_uniq_tag=1Llfm7wOSTaaOJQXhHXrebOqQGarJJhksaXBECBxEss&type=album","o":"https://sun9-77.userapi.com/impg/LpHQ_4ZngntzK4R_RmsOtwlIDl-zZKv8rUopOA/ryTx_CkoWYI.jpg?size=499x1080&quality=95&sign=7c9ab13afaef53406b2d5c0dd7a3dad5&c_uniq_tag=JDK2wLS_UumROH0yFruJqNiunABIAXAvrfRJacPaSrM&type=album","t":"https://sun9-77.userapi.com/impg/LpHQ_4ZngntzK4R_RmsOtwlIDl-zZKv8rUopOA/ryTx_CkoWYI.jpg?size=279x604&quality=95&sign=b4deb7227e38a9cb20c61bafda5675dc&c_uniq_tag=2BjZwnEIcCcQ2CfBPjdbOyyt4buQdI2dugQLqv9vzT4&type=album"},"z":"","q":0,"w":0,"o":503274086,"i":457241877,"d":502647085}],"m":[]},{"i":2399217,"f":15267753,"t":"Накладная успешно создана с номером: 1305097601\n350","d":502646965,"a":[],"m":[]},{"i":2399214,"f":503274086,"t":"Город отправитель: Москва\nГород получателя: Молодечно \nПВЗ получателя: Молодечно, Минская обл., ул. Виленская, 13а, 37 (MOL1) \nФИО получателя: Карпович Арсений Михайлович \nТелефон получателя: +375298395827 \nРазмер в см Длинна*Ширина*Высота: 33х23х13 \nВес: пара кроссовок 6 us размер (1 кг примерно) \nВремя до отправки:","d":502646921,"a":[],"m":[]},{"i":2395207,"f":15267753,"t":"++","d":502134396,"a":[],"m":[]},{"i":2395198,"f":503274086,"t":"","d":502133723,"a":[{"t":0,"s":{"m":"https://sun9-78.userapi.com/impg/sUROyY8nlQzwULhxouivrLjIBhaAsEEx770CLg/NvMUYNjzWSU.jpg?size=510x900&quality=95&crop=0,0,856,1511&sign=4a7fa0d61d8b4772574f030008cc175b&c_uniq_tag=h9AXVvxd23V1VUwF5WKOsyD1KJNJEOhY_e-CkY_z09A&type=album","s":"https://sun9-78.userapi.com/impg/sUROyY8nlQzwULhxouivrLjIBhaAsEEx770CLg/NvMUYNjzWSU.jpg?size=200x433&quality=95&sign=3903f8931561352bf3a7e2de4f91c624&c_uniq_tag=GWYFSJinGbXSsY3rn9kz05E2i1EmsMJDPmoCpaH6m_E&type=album","n":"https://sun9-78.userapi.com/impg/sUROyY8nlQzwULhxouivrLjIBhaAsEEx770CLg/NvMUYNjzWSU.jpg?size=856x1852&quality=95&sign=cfd7efa576230d2f5595af165db41310&c_uniq_tag=Ql1R23wiAPBGFF5Gy7nZXIMbIkyqQXSiW3QQUDdxZhY&type=album","o":"https://sun9-78.userapi.com/impg/sUROyY8nlQzwULhxouivrLjIBhaAsEEx770CLg/NvMUYNjzWSU.jpg?size=499x1080&quality=95&sign=4749eb80152cf158c949cdc8f81cfb77&c_uniq_tag=GVDKu9ejr6AkXd1NydxtKydAUh5dJV_nzG3ghTkJegc&type=album","t":"https://sun9-78.userapi.com/impg/sUROyY8nlQzwULhxouivrLjIBhaAsEEx770CLg/NvMUYNjzWSU.jpg?size=279x604&quality=95&sign=3014324a1b3f0f0afc577d776f47cefe&c_uniq_tag=vVFi72E1Kq3WXaQP5xSq7Pq_J9EqMVe-tQremxRouis&type=album"},"z":"","q":0,"w":0,"o":503274086,"i":457241873,"d":502133723}],"m":[]},{"i":2394918,"f":15267753,"t":"Оки!","d":502117972,"a":[],"m":[]},{"i":2394917,"f":15267753,"t":"Оуи","d":502117968,"a":[],"m":[]},{"i":2394916,"f":503274086,"t":"Бро в течении 2 часов оплачу , ок?","d":502117954,"a":[],"m":[]},{"i":2394911,"f":15267753,"t":"Накладная успешно создана с номером: 1304405365\n350","d":502117655,"a":[],"m":[]},{"i":2394905,"f":15267753,"t":"Привет","d":502117565,"a":[],"m":[]},{"i":2394903,"f":503274086,"t":"Салют","d":502117443,"a":[],"m":[]},{"i":2394902,"f":503274086,"t":"Город отправитель: Санкт-Петербург \nГород получателя: Молодечно \nПВЗ получателя: Молодечно, Минская обл., ул. Виленская, 13а, 37 (MOL1) \nФИО получателя: Карпович Арсений Михайлович \nТелефон получателя: +375298395827 \nРазмер в см Длинна*Ширина*Высота: 33х23х13 \nВес: пара кроссовок 6 us размер (1 кг примерно) \nВремя до отправки:","d":502117438,"a":[],"m":[]},{"i":2379811,"f":15267753,"t":"+++","d":501078580,"a":[],"m":[]},{"i":2379792,"f":503274086,"t":"","d":501077315,"a":[{"t":0,"s":{"m":"https://sun9-3.userapi.com/impg/K6xCh9kf8yfE7g0Mh49Ksd6ZZh3RAG5aWgbg5w/nbgXMxRXVNQ.jpg?size=510x900&quality=95&crop=0,0,856,1511&sign=8d3ddf124b0625022baf3010fda81f8f&c_uniq_tag=PyOsj96DsNLs_WsLQ-MiraLBq1W6aYyRjBuBqJ1TvAY&type=album","s":"https://sun9-3.userapi.com/impg/K6xCh9kf8yfE7g0Mh49Ksd6ZZh3RAG5aWgbg5w/nbgXMxRXVNQ.jpg?size=200x433&quality=95&sign=55eed11546e927095140a6588f183750&c_uniq_tag=YyQaVZgeWv7PTsk9UT_d0GDDH-wl2jhiKvS8MPxOn04&type=album","n":"https://sun9-3.userapi.com/impg/K6xCh9kf8yfE7g0Mh49Ksd6ZZh3RAG5aWgbg5w/nbgXMxRXVNQ.jpg?size=856x1852&quality=95&sign=a9f5fc23fc01767356376ff579154e7d&c_uniq_tag=Upp2zMp0QTYWyS6Y9k7b3ZwCPJBtFgTcuW_M-Rs09uA&type=album","o":"https://sun9-3.userapi.com/impg/K6xCh9kf8yfE7g0Mh49Ksd6ZZh3RAG5aWgbg5w/nbgXMxRXVNQ.jpg?size=499x1080&quality=95&sign=34192599029890f0348f6cbceff27a10&c_uniq_tag=IrI7LqDIFIrSJe216VtgJMpQ30i6Tdn7Vhz5QXZd6NY&type=album","t":"https://sun9-3.userapi.com/impg/K6xCh9kf8yfE7g0Mh49Ksd6ZZh3RAG5aWgbg5w/nbgXMxRXVNQ.jpg?size=279x604&quality=95&sign=9e587e63612d6eb04b8e7c3876d00fcf&c_uniq_tag=ATZBAs__GDSrTnL4MqbxfwWbDQdNN6w5QDm35gF2TrA&type=album"},"z":"","q":0,"w":0,"o":503274086,"i":457241857,"d":501077314}],"m":[]},{"i":2379783,"f":15267753,"t":"Накладная успешно создана с номером: 1300729635\n350","d":501073227,"a":[],"m":[]},{"i":2379700,"f":503274086,"t":"Город отправитель: Санкт-Петербург \nГород получателя: Молодечно \nПВЗ получателя: Молодечно, Минская обл., ул. Виленская, 13а, 37 (MOL1) \nФИО получателя: Карпович Арсений Михайлович \nТелефон получателя: +375298395827 \nРазмер в см Длинна*Ширина*Высота: 33х23х13 \nВес: пара кроссовок 6 us размер (1 кг примерно) \nВремя до отправки:","d":501035770,"a":[],"m":[]},{"i":2374516,"f":503274086,"t":"Но сейчас трудно","d":500671470,"a":[],"m":[]},{"i":2374515,"f":503274086,"t":"Да","d":500671460,"a":[],"m":[{"f":15267753,"t":"в рб я считал с польши - налог выгодно очень получалось","d":500671440,"a":[]}]},{"i":2374514,"f":15267753,"t":"в рб я считал с польши - налог выгодно очень получалось","d":500671440,"a":[],"m":[]},{"i":2374513,"f":15267753,"t":"шип хелп всегда работает )","d":500671425,"a":[],"m":[]},{"i":2374512,"f":503274086,"t":"В магазине","d":500671406,"a":[],"m":[]},{"i":2374511,"f":503274086,"t":"А я из Беларуси) я думаю у нас тут такого движа нет. Магазины бедные, в моем городе даже 12 про макс негде взять в руки","d":500671399,"a":[],"m":[]},{"i":2374508,"f":15267753,"t":"ну тоесть полностью новое оно","d":500671300,"a":[],"m":[]},{"i":2374507,"f":15267753,"t":"вот например в калининграде был 12 про мах 256 за 75 замененое устройство","d":500671295,"a":[],"m":[]},{"i":2374506,"f":15267753,"t":"есть заменки у них там, но их покупают быстро","d":500671280,"a":[],"m":[]},{"i":2374505,"f":15267753,"t":"ну и эпловская че осталась","d":500671273,"a":[],"m":[]},{"i":2374504,"f":15267753,"t":"от магазина месяц гарантии","d":500671267,"a":[],"m":[]},{"i":2374503,"f":15267753,"t":"я в днс брал) там уценка есть у них","d":500671260,"a":[],"m":[]},{"i":2374502,"f":503274086,"t":"Не\nЯ любитель гарантии) так спокойнее на душе)\nТем более я вообще не разбираюсь, проверить на месте не смогу )","d":500671204,"a":[],"m":[]},{"i":2374501,"f":15267753,"t":"но он юзаный был конечно за такой прайс","d":500671177,"a":[],"m":[]},{"i":2374499,"f":15267753,"t":"я 11 про макс 256 взял за 47","d":500671169,"a":[],"m":[]},{"i":2374498,"f":15267753,"t":"я обновляю ифон тока когда появляется выгодны варик","d":500671156,"a":[],"m":[]},{"i":2374497,"f":503274086,"t":"Спасибо\nВозьму 12 про макс","d":500671143,"a":[],"m":[]},{"i":2374496,"f":15267753,"t":"да ты с любого кайфанешь тогда после 11","d":500671133,"a":[],"m":[]},{"i":2374495,"f":503274086,"t":"Ну от 11 меня тошнит) по внешке 3 камеры нравятся","d":500671121,"a":[],"m":[]},{"i":2374494,"f":15267753,"t":"и это заметно прям","d":500671109,"a":[],"m":[]},{"i":2374493,"f":15267753,"t":"а ну и 12 и 13 про максы чуть больше чем 11","d":500671104,"a":[],"m":[]},{"i":2374492,"f":15267753,"t":"ну в 13 экран получе, батарея чуток и камеры","d":500671094,"a":[],"m":[]},{"i":2374491,"f":503274086,"t":"Просто я в этом вообще не разбираюсь)","d":500671060,"a":[],"m":[]},{"i":2374490,"f":503274086,"t":"Но! готов переплатить, если есть чего ради","d":500671051,"a":[],"m":[]},{"i":2374489,"f":503274086,"t":"И эта разница для меня прям существенная","d":500671036,"a":[],"m":[]},{"i":2374488,"f":503274086,"t":"Ну просто разница довольно существенная\nЕсли в рублях, то 13 про макс с аналогичной памятью стоит на 17-20к дороже","d":500671029,"a":[],"m":[]},{"i":2374484,"f":15267753,"t":"либо 12 про макс как компромис. он стоит на 10-15 вроде дороже 11 такого же","d":500670994,"a":[],"m":[]},{"i":2374482,"f":15267753,"t":"смотря сколько разница между ними","d":500670975,"a":[],"m":[]},{"i":2374481,"f":15267753,"t":"после хс вообще небо и земля)","d":500670968,"a":[],"m":[]},{"i":2374479,"f":15267753,"t":"у меня 11 про макс щас, все устраивает","d":500670955,"a":[],"m":[]},{"i":2374478,"f":503274086,"t":"Слушай, если не ошибаюсь, то ты неплохо шаришь за айфоны\nУ меня 11 \nХочу обновиться\n12 про макс по цене и по всему нрав, но вот друг посоветовал переплатить и взять 13 про/про макс\nЧто думаешь, стоит переплачивать?","d":500670913,"a":[],"m":[]},{"i":2374476,"f":15267753,"t":"+++","d":500670392,"a":[],"m":[]},{"i":2374474,"f":503274086,"t":"Сделано","d":500670357,"a":[],"m":[]},{"i":2374471,"f":15267753,"t":"да","d":500670285,"a":[],"m":[]},{"i":2374470,"f":503274086,"t":"?","d":500670272,"a":[],"m":[{"f":15267753,"t":"","d":486824409,"a":[],"m":[{"f":467304307,"t":"4276441235123937\n02/23","d":484618797,"a":[]}]}]},{"i":2374463,"f":15267753,"t":"Накладная успешно создана с номером: 1299081564\n500","d":500670211,"a":[],"m":[]},{"i":2374461,"f":15267753,"t":"привет","d":500670145,"a":[],"m":[]},{"i":2374460,"f":503274086,"t":"Салют","d":500669848,"a":[],"m":[]},{"i":2374459,"f":503274086,"t":"Город отправитель: Магнитогорск\nГород получателя: Молодечно \nПВЗ получателя: Молодечно, Минская обл., ул. Виленская, 13а, 37 (MOL1) \nФИО получателя: Карпович Арсений Михайлович \nТелефон получателя: +375445308523 \nРазмер в см Длинна*Ширина*Высота: 33х23х13 \nВес: пара кроссовок 9 us размер (1 кг примерно) \nВремя до отправки:","d":500669843,"a":[],"m":[]},{"i":2371215,"f":15267753,"t":"+++","d":500407549,"a":[],"m":[]},{"i":2371209,"f":503274086,"t":"Сделано","d":500407179,"a":[],"m":[]},{"i":2371197,"f":503274086,"t":"Ща будет","d":500406892,"a":[],"m":[]},{"i":2371190,"f":15267753,"t":"Да","d":500406808,"a":[],"m":[]},{"i":2371189,"f":503274086,"t":"Эта?","d":500406793,"a":[],"m":[{"f":15267753,"t":"","d":486824409,"a":[],"m":[{"f":467304307,"t":"4276441235123937\n02/23","d":484618797,"a":[]}]}]},{"i":2371187,"f":15267753,"t":"Накладная успешно создана с номером: 1298253549\n\n350","d":500406760,"a":[],"m":[]},{"i":2371185,"f":15267753,"t":"Привет","d":500406690,"a":[],"m":[]},{"i":2371184,"f":503274086,"t":"Салют","d":500406659,"a":[],"m":[]},{"i":2371183,"f":503274086,"t":"Город отправитель: Санкт-Петербург \nГород получателя: Молодечно \nПВЗ получателя: Молодечно, Минская обл., ул. Виленская, 13а, 37 (MOL1) \nФИО получателя: Карпович Арсений Михайлович\nТелефон получателя: +375445308523\nРазмер в см Длинна*Ширина*Высота: 33х23х13 \nВес: пара кроссовок 9 us размер (1 кг примерно) \nВремя до отправки:","d":500406651,"a":[],"m":[]},{"i":2148665,"f":503274086,"t":"Спасибо","d":486826273,"a":[],"m":[{"f":15267753,"t":"+++","d":486825936,"a":[]}]},{"i":2148653,"f":15267753,"t":"+++","d":486825936,"a":[],"m":[]},{"i":2148645,"f":503274086,"t":"","d":486825589,"a":[{"t":0,"s":{"m":"https://sun9-38.userapi.com/impg/AP1k5ra3VqmElAc-YL5yLg4YKdMVHP15IrfpFw/XtKKbibCKaY.jpg?size=423x434&quality=96&sign=65e66871abf82657062d34c76f3277a8&c_uniq_tag=u8KxPe8AQ5OQzevmIbTLL656aajcIKZd8GVC15aKLt8&type=album","s":"https://sun9-38.userapi.com/impg/AP1k5ra3VqmElAc-YL5yLg4YKdMVHP15IrfpFw/XtKKbibCKaY.jpg?size=423x434&quality=96&sign=65e66871abf82657062d34c76f3277a8&c_uniq_tag=u8KxPe8AQ5OQzevmIbTLL656aajcIKZd8GVC15aKLt8&type=album","n":"https://sun9-38.userapi.com/impg/AP1k5ra3VqmElAc-YL5yLg4YKdMVHP15IrfpFw/XtKKbibCKaY.jpg?size=320x328&quality=96&sign=5d187eb28d87a396b5b2a61efbd21e49&c_uniq_tag=5u2zjbc1mb_8pyqkG-HhFoHqT4bE6jFbqhcn4SPXSMA&type=album","o":"https://sun9-38.userapi.com/impg/AP1k5ra3VqmElAc-YL5yLg4YKdMVHP15IrfpFw/XtKKbibCKaY.jpg?size=200x205&quality=96&sign=ab0a39deb1cb82f54a4e3bc141250810&c_uniq_tag=IigYE-hQWTTSvwItiw3hR5R0YkTkjTI4Dh-aNeJtcdw&type=album","t":"https://sun9-38.userapi.com/impg/AP1k5ra3VqmElAc-YL5yLg4YKdMVHP15IrfpFw/XtKKbibCKaY.jpg?size=130x133&quality=96&sign=d342a998e307300b4f20e0fa9283f70c&c_uniq_tag=0lemDogFA2DltwlFb0Hn9oqonDerjoptaszdXGCNsNM&type=album"},"z":"","q":0,"w":0,"o":503274086,"i":457241729,"d":486825588}],"m":[]},{"i":2148634,"f":15267753,"t":"","d":486824409,"a":[],"m":[{"f":467304307,"t":"4276441235123937\n02/23","d":484618797,"a":[]}]},{"i":2148629,"f":503274086,"t":"Карту и срок действия","d":486824338,"a":[],"m":[]},{"i":2148628,"f":15267753,"t":"350","d":486824311,"a":[],"m":[]},{"i":2148627,"f":15267753,"t":"Накладная успешно создана с номером: 1260757607","d":486824310,"a":[],"m":[]},{"i":2148623,"f":503274086,"t":"Город отправитель: Санкт-Петербург\nГород получателя: Молодечно \nПВЗ получателя: Молодечно, Минская обл., ул. Виленская, 13а, 37 (MOL1) \nФИО получателя: Веселов Борис Вячеславович \nТелефон получателя: 375295364544 \nРазмер в см Длинна*Ширина*Высота: 33х23х13 \nВес: пара кроссовок 9 us размер (1 кг примерно) \nВремя до отправки:","d":486824202,"a":[],"m":[]},{"i":2148620,"f":15267753,"t":"привет дп","d":486824184,"a":[],"m":[]},{"i":2148617,"f":503274086,"t":"Привет\nНакладную сможешь ща сделать?","d":486824162,"a":[],"m":[]},{"i":1778318,"f":503274086,"t":"бля\nну ща \nу меня клиент\n9.5 если согласен будет","d":466510257,"a":[],"m":[]},{"i":1778313,"f":15267753,"t":"8.5 и 9.5","d":466510224,"a":[],"m":[]},{"i":1778312,"f":15267753,"t":"Неа","d":466510221,"a":[],"m":[]},{"i":1778311,"f":503274086,"t":"9 юс есть ?","d":466510208,"a":[],"m":[]},{"i":1778310,"f":503274086,"t":"оки","d":466510205,"a":[],"m":[]},{"i":1778278,"f":15267753,"t":"800 с шипом сдеком и зелп","d":466509389,"a":[],"m":[]},{"i":1778277,"f":503274086,"t":"да","d":466509372,"a":[],"m":[]},{"i":1778274,"f":15267753,"t":"Одна пара?","d":466509334,"a":[],"m":[]},{"i":1778273,"f":503274086,"t":"Сколько хелп ?","d":466509305,"a":[],"m":[]},{"i":1778214,"f":15267753,"t":"Привет, остались","d":466508493,"a":[],"m":[]},{"i":1778155,"f":503274086,"t":"Привет\nШоксы ещё остались в дисконте?","d":466500003,"a":[],"m":[]}]}