{"meta":{"v":"1.2","p":47862902,"a":15267753,"t":"Лука Елдаков","d":1691416107},"data":[{"i":2605646,"f":47862902,"t":"","d":514227224,"a":[{"t":0,"s":{"m":"https://sun9-43.userapi.com/impg/11LplBj5WtsyBw4LFzu517LC3RtRjPeh1cy4wQ/LfvGgm3txFU.jpg?size=510x900&quality=95&crop=0,0,750,1324&sign=8b15fb96874ea2dac4363875909fc14d&c_uniq_tag=Wp7Xil5XnvLdWRledme2Jhc4qv8C39x5UJDVaV47O0o&type=album","s":"https://sun9-43.userapi.com/impg/11LplBj5WtsyBw4LFzu517LC3RtRjPeh1cy4wQ/LfvGgm3txFU.jpg?size=200x433&quality=95&sign=f73ad4a060d459f631c0ac95a32249c9&c_uniq_tag=jQIIgyeqoOZDbBjUxHP2MCJXUoajaxE4miVRjALz8Q4&type=album","n":"https://sun9-43.userapi.com/impg/11LplBj5WtsyBw4LFzu517LC3RtRjPeh1cy4wQ/LfvGgm3txFU.jpg?size=750x1624&quality=95&sign=50815fa79b2623ceb5babf9a754ec907&c_uniq_tag=DZNqovv-3BUroBSvQlexaQ_42bUO6X2mQcl29bmSj1I&type=album","o":"https://sun9-43.userapi.com/impg/11LplBj5WtsyBw4LFzu517LC3RtRjPeh1cy4wQ/LfvGgm3txFU.jpg?size=499x1080&quality=95&sign=1f8e09aead39c7621de01b16a9a7ff07&c_uniq_tag=U7MKkUKrsW4arm8c_7ulL-iKF00x1rM_Ffoo6prz_oI&type=album","t":"https://sun9-43.userapi.com/impg/11LplBj5WtsyBw4LFzu517LC3RtRjPeh1cy4wQ/LfvGgm3txFU.jpg?size=279x604&quality=95&sign=c3a991e8f7bb367377d6de9252dd59eb&c_uniq_tag=4KUaXhuu-IaYm-VnKdyYNIrgukxpP8SxFRh1sUNImC0&type=album"},"z":"","q":0,"w":0,"o":47862902,"i":457242590,"d":514227224}],"m":[]},{"i":2605494,"f":47862902,"t":"Другие из Британии мне привезли","d":514224476,"a":[],"m":[]},{"i":2605490,"f":47862902,"t":"Так в брендшопе я покупал их","d":514224466,"a":[],"m":[]},{"i":2605488,"f":47862902,"t":"Штаны бомба","d":514224441,"a":[],"m":[]},{"i":2605486,"f":47862902,"t":"Это уже вторые у меня","d":514224436,"a":[],"m":[]},{"i":2605485,"f":47862902,"t":"Maharishi","d":514224429,"a":[],"m":[]},{"i":2605425,"f":15267753,"t":"где искать такие","d":514224000,"a":[],"m":[]},{"i":2605424,"f":15267753,"t":"а есть название?)","d":514223997,"a":[],"m":[]},{"i":2605423,"f":15267753,"t":"штаны кросивые очень","d":514223994,"a":[],"m":[]},{"i":2605414,"f":47862902,"t":"Кеквир еба","d":514223271,"a":[],"m":[]},{"i":2605413,"f":47862902,"t":"Выцепил я себе бурята и Махариши штаны","d":514223254,"a":[{"t":0,"s":{"m":"https://sun9-80.userapi.com/impg/5UucuR1E4b96egt2qyHkl6udwGTt-ADYMAM69Q/3S1uwt9OTUc.jpg?size=510x900&quality=95&crop=0,0,750,1324&sign=5c21c9797c7fff5df4a7686d580861b3&c_uniq_tag=3ciJ7_P3kxXzoRmpyeov2kZZbPn1Pnb2H_E0H9_Ihkc&type=album","s":"https://sun9-80.userapi.com/impg/5UucuR1E4b96egt2qyHkl6udwGTt-ADYMAM69Q/3S1uwt9OTUc.jpg?size=200x433&quality=95&sign=d8236dfe3a55740463f594151e1bc7d7&c_uniq_tag=J-Ng1Rc__Ioc4OIne63H4GNRzPL2Hz5df1JbiSjbTeA&type=album","n":"https://sun9-80.userapi.com/impg/5UucuR1E4b96egt2qyHkl6udwGTt-ADYMAM69Q/3S1uwt9OTUc.jpg?size=750x1624&quality=95&sign=79b7b70ba8927bc67b40dadbd2717fce&c_uniq_tag=70p_w5Gqgs9Nj2eCLogAhKRGFXWZfE3zrNLpR4zB2RA&type=album","o":"https://sun9-80.userapi.com/impg/5UucuR1E4b96egt2qyHkl6udwGTt-ADYMAM69Q/3S1uwt9OTUc.jpg?size=499x1080&quality=95&sign=b1ff11043385ec2234460bcae1171f45&c_uniq_tag=wdXyp4rprP7oMIVvzfkWLP7xWjQFrLguateqjFyxRG4&type=album","t":"https://sun9-80.userapi.com/impg/5UucuR1E4b96egt2qyHkl6udwGTt-ADYMAM69Q/3S1uwt9OTUc.jpg?size=279x604&quality=95&sign=2b2fb18025032a4dded5e69765aa899b&c_uniq_tag=9gKQtyUpcAuG023goOmODeqiZeRMYEpAThhoCDYXVI0&type=album"},"z":"","q":0,"w":0,"o":47862902,"i":457242583,"d":514223239},{"t":0,"s":{"m":"https://sun9-25.userapi.com/impg/ZzfuALs2q0ct3WHAdC9Sgy0afrZSGh8HsjlenA/pLZS6vBI_ms.jpg?size=510x900&quality=95&crop=0,0,750,1324&sign=e6149ed3705c6429cc061fbf942b112f&c_uniq_tag=Lx5zfw47R4D0-x7fYyEj0CpNwlUQrMZXE5Rt4s4gyR4&type=album","s":"https://sun9-25.userapi.com/impg/ZzfuALs2q0ct3WHAdC9Sgy0afrZSGh8HsjlenA/pLZS6vBI_ms.jpg?size=200x433&quality=95&sign=f72224e2d2544e9446086f7a475cd307&c_uniq_tag=FOKdKr9tMoBpRsGLxRGrNDCqVWMa4Y83ZfYyig5kO-E&type=album","n":"https://sun9-25.userapi.com/impg/ZzfuALs2q0ct3WHAdC9Sgy0afrZSGh8HsjlenA/pLZS6vBI_ms.jpg?size=750x1624&quality=95&sign=c754b3d9c3be712c2e513bfbe315ce68&c_uniq_tag=nPczOc5khajXcHK-w9RX4WLNAeAEMHIIMlYn1BrSfyY&type=album","o":"https://sun9-25.userapi.com/impg/ZzfuALs2q0ct3WHAdC9Sgy0afrZSGh8HsjlenA/pLZS6vBI_ms.jpg?size=499x1080&quality=95&sign=8072c7fa613c6cf992db7c2aabb5c810&c_uniq_tag=K5iSq84zLtB3cjXHengK-PQGR-xCkpT8-2v3ZBE3hFo&type=album","t":"https://sun9-25.userapi.com/impg/ZzfuALs2q0ct3WHAdC9Sgy0afrZSGh8HsjlenA/pLZS6vBI_ms.jpg?size=279x604&quality=95&sign=9629ab810b9c660cb9b5e8bff20dd365&c_uniq_tag=aD1ffDyNx8h0cQhHuRGlk64hzUGFx2SOaTjGgbqOOQ4&type=album"},"z":"","q":0,"w":0,"o":47862902,"i":457242582,"d":514223238},{"t":0,"s":{"m":"https://sun9-68.userapi.com/impg/3WYbN7NP0fICU6GvH0-lrFwUcXkXDi5UotKbBQ/Og2Wm2ki7VI.jpg?size=510x663&quality=95&sign=50c251e3df0f924eedc8fe541cad6803&c_uniq_tag=JrcM0QRbRkkfjx-SJI6DBWSyEzSwaXEF2B-ykqPyHH8&type=album","s":"https://sun9-68.userapi.com/impg/3WYbN7NP0fICU6GvH0-lrFwUcXkXDi5UotKbBQ/Og2Wm2ki7VI.jpg?size=200x260&quality=95&sign=d62dce64a7363a7e6e98348490f8bd93&c_uniq_tag=pJfsCZJlxh4CYPz0PFQoqPmcrKwPX4iQyDfZIWLOCH8&type=album","n":"https://sun9-68.userapi.com/impg/3WYbN7NP0fICU6GvH0-lrFwUcXkXDi5UotKbBQ/Og2Wm2ki7VI.jpg?size=1000x1300&quality=95&sign=0fe603632ad6f2dcef1a9556938a4daf&c_uniq_tag=3chCvEd7pZesjsm4HN5ATtclUyCPBbmO9i1WfRih97c&type=album","o":"https://sun9-68.userapi.com/impg/3WYbN7NP0fICU6GvH0-lrFwUcXkXDi5UotKbBQ/Og2Wm2ki7VI.jpg?size=831x1080&quality=95&sign=ba83fddd8dc855631f1e73c39490e528&c_uniq_tag=jp2PZAIiY6RKk4Se2E3-GAqPAyxYmQGOTz-k8VCL0KM&type=album","t":"https://sun9-68.userapi.com/impg/3WYbN7NP0fICU6GvH0-lrFwUcXkXDi5UotKbBQ/Og2Wm2ki7VI.jpg?size=465x604&quality=95&sign=6f1417f65735ab575ce6ecbd1f915b98&c_uniq_tag=JQ0kVG4ydsdBcxPvGemdYAFyanZc_JaOUDMQhen4lJ4&type=album"},"z":"","q":0,"w":0,"o":47862902,"i":457242584,"d":514223240},{"t":0,"s":{"m":"https://sun9-14.userapi.com/impg/8SO4j7tNy7OrqMbcjhSQbhK7DhNoDNBqvkijPw/evnRfPR3Bsc.jpg?size=510x382&quality=95&sign=d81b174d341439d1344e60d500b0e247&c_uniq_tag=bbgFL0JTPdGDyQg3-CLPVrdTNebhNui9xZC2HB4yan4&type=album","s":"https://sun9-14.userapi.com/impg/8SO4j7tNy7OrqMbcjhSQbhK7DhNoDNBqvkijPw/evnRfPR3Bsc.jpg?size=200x150&quality=95&sign=6811c3c832b7d7acc705c6af12424405&c_uniq_tag=eUI-i8I8a420nvryJmwsH3FfKdsIanFtz8s7StI_7Mo&type=album","n":"https://sun9-14.userapi.com/impg/8SO4j7tNy7OrqMbcjhSQbhK7DhNoDNBqvkijPw/evnRfPR3Bsc.jpg?size=1920x1439&quality=95&sign=827eb5c9780b7390a2cf51d94b87fff9&c_uniq_tag=6iODOMHvaK5KGv5mmD-c0gqSnI8zLnI_Fb_jA6oqT4U&type=album","o":"https://sun9-14.userapi.com/impg/8SO4j7tNy7OrqMbcjhSQbhK7DhNoDNBqvkijPw/evnRfPR3Bsc.jpg?size=1280x959&quality=95&sign=db844ca79d23cdd8dfc438a03a1e3803&c_uniq_tag=lxPKefJVi_YZq5xKhpd_LfDDVPrL55NSD0CDbRoVkYA&type=album","t":"https://sun9-14.userapi.com/impg/8SO4j7tNy7OrqMbcjhSQbhK7DhNoDNBqvkijPw/evnRfPR3Bsc.jpg?size=604x453&quality=95&sign=8205f0f68f80b2a1aca8aba0e28d2fd9&c_uniq_tag=DusO0XiFq6I82klBc46c8t-BqUDc7MFP53LNsqWCoQg&type=album"},"z":"","q":0,"w":0,"o":47862902,"i":457242585,"d":514223242}],"m":[]},{"i":2309852,"f":15267753,"t":"Искать)","d":496405220,"a":[],"m":[]},{"i":2309851,"f":15267753,"t":"Хз","d":496405219,"a":[],"m":[]},{"i":2309849,"f":47862902,"t":"Как бурятскую куртку выцепить","d":496405205,"a":[],"m":[]},{"i":2309848,"f":47862902,"t":"","d":496405193,"a":[{"t":0,"s":{"m":"https://sun9-40.userapi.com/impg/_kkURzgHW4lG94KNo4CKAua-Y897RLU1MoYCCQ/GjKQ_5dUgg4.jpg?size=499x1080&quality=96&sign=bef4d6b4fd84221bfa8ac8803ae5f9ae&c_uniq_tag=_IBsJbo_G_kcprDatwLZG5Ti_MKTDlr8k9MatfaSk_w&type=album","s":"https://sun9-40.userapi.com/impg/_kkURzgHW4lG94KNo4CKAua-Y897RLU1MoYCCQ/GjKQ_5dUgg4.jpg?size=279x604&quality=96&sign=c5f428abf1f7848f7c0402334066e8d8&c_uniq_tag=W3cUAVv4iGGYktyrDslOpspAH-dTQNGblx1r5uMrWvs&type=album","n":"https://sun9-40.userapi.com/impg/_kkURzgHW4lG94KNo4CKAua-Y897RLU1MoYCCQ/GjKQ_5dUgg4.jpg?size=35x75&quality=96&sign=692a0ac0d80281cc84e3c47331a32ab6&c_uniq_tag=_CTvMRYdidE3HaaszFb6Y5IKs0jjfK7UUA2vILONHiI&type=album","o":"https://sun9-40.userapi.com/impg/_kkURzgHW4lG94KNo4CKAua-Y897RLU1MoYCCQ/GjKQ_5dUgg4.jpg?size=510x900&quality=96&crop=0,0,750,1324&sign=7ca00a8d63be27083bd869cfa5b1e3e6&c_uniq_tag=8ZisFHvuDxGodrp-wo0y746HXgvFr4CqDR39FJCSZu8&type=album","t":"https://sun9-40.userapi.com/impg/_kkURzgHW4lG94KNo4CKAua-Y897RLU1MoYCCQ/GjKQ_5dUgg4.jpg?size=200x433&quality=96&sign=31fe9299bdb2b6f6e6417ca348ef3975&c_uniq_tag=exMMN9CJzl24BjqgmTjQf58u3qEef1DA3jrJZh_2fPk&type=album"},"z":"","q":0,"w":0,"o":47862902,"i":457242074,"d":496405192}],"m":[]},{"i":2309846,"f":15267753,"t":"Привет","d":496405177,"a":[],"m":[]},{"i":2309845,"f":47862902,"t":"Приветствую","d":496405166,"a":[],"m":[]}]}