{"meta":{"v":"1.2","p":644587932,"a":15267753,"t":"Тимофей Дмитриевич","d":1691415522},"data":[{"i":3050604,"f":15267753,"t":"прив, а ты кидал ето","d":543538109,"a":[],"m":[{"f":15267753,"t":"Номер заказа СДЭК 1423270828 \n450","d":543183707,"a":[]}]},{"i":3046604,"f":15267753,"t":"да","d":543229303,"a":[],"m":[]},{"i":3046598,"f":644587932,"t":"мне в любой сдек придти и сказать номер заказа и отдать пару?","d":543227545,"a":[],"m":[]},{"i":3046329,"f":15267753,"t":"89059515168 сбер","d":543183715,"a":[],"m":[]},{"i":3046328,"f":15267753,"t":"Номер заказа СДЭК 1423270828 \n450","d":543183707,"a":[],"m":[{"f":644587932,"t":"Минск, Притыцкого 34\nСмирнов Алексей Дмитриевич \n+375256333601","d":543164126,"a":[]}]},{"i":3046316,"f":644587932,"t":"нижний новгород","d":543183321,"a":[],"m":[]},{"i":3045926,"f":15267753,"t":"откуда город)","d":543166448,"a":[],"m":[]},{"i":3045925,"f":15267753,"t":"привет","d":543166440,"a":[],"m":[]},{"i":3045872,"f":644587932,"t":"nike air max skepta","d":543164148,"a":[],"m":[]},{"i":3045871,"f":644587932,"t":"пару на реставрация","d":543164140,"a":[],"m":[]},{"i":3045870,"f":644587932,"t":"Минск, Притыцкого 34\nСмирнов Алексей Дмитриевич \n+375256333601","d":543164126,"a":[],"m":[]},{"i":3045869,"f":644587932,"t":"","d":543164125,"a":[{"t":4}],"m":[]}]}