{"meta":{"v":"1.2","p":5084176,"a":15267753,"t":"Александр Синицын","d":1691415413},"data":[{"i":3082300,"f":5084176,"t":"","d":546393157,"a":[{"t":4}],"m":[]},{"i":3082293,"f":15267753,"t":"Номер заказа СДЭК 1433851976\n300","d":546393044,"a":[],"m":[{"f":5084176,"t":"","d":546388864,"a":[],"m":[{"f":5084176,"t":"Липартелиани Александр Гиаевич \n89779391852\n\nПункт СДЭК WLK1 \nЩелково, г/о Щёлково, пер. 1-й Советский, 25 территория БЦ \"Славия\", ВХОД №7","d":546388617,"a":[]}]}]},{"i":3082261,"f":5084176,"t":"пара кроссовок","d":546389097,"a":[],"m":[]},{"i":3082260,"f":15267753,"t":"А габарит?","d":546389091,"a":[],"m":[]},{"i":3082259,"f":5084176,"t":"","d":546389045,"a":[{"t":3,"o":5084176,"i":660767209,"n":"Документ-2023-05-26-224342.pdf","e":"pdf","s":51695,"url":"https://vk.com/doc5084176_660767209?hash=UTAOSQufexnpcRzKgZoS9gSaSoEu7UGDgeYR1a4IzKz&dl=c5IBnswzNkmp8gpwYY7Ms3lPhQJ4aOUsnuNSijr8Olo&api=1&no_preview=1"}],"m":[]},{"i":3082256,"f":5084176,"t":"","d":546388864,"a":[],"m":[{"f":5084176,"t":"Липартелиани Александр Гиаевич \n89779391852\n\nПункт СДЭК WLK1 \nЩелково, г/о Щёлково, пер. 1-й Советский, 25 территория БЦ \"Славия\", ВХОД №7","d":546388617,"a":[]}]},{"i":3082255,"f":5084176,"t":"","d":546388854,"a":[],"m":[{"f":147810090,"t":"Москва","d":546388820,"a":[]},{"f":147810090,"t":"А остальное можно его оставить","d":546388834,"a":[]}]},{"i":3082254,"f":15267753,"t":"Пиши данные","d":546388840,"a":[],"m":[]},{"i":3082253,"f":15267753,"t":"Прив","d":546388838,"a":[],"m":[]},{"i":3082252,"f":5084176,"t":"поможешь с накладной?","d":546388830,"a":[],"m":[]},{"i":3082251,"f":5084176,"t":"Привет","d":546388827,"a":[],"m":[]},{"i":2802901,"f":15267753,"t":"+","d":526769489,"a":[],"m":[]},{"i":2802819,"f":5084176,"t":"","d":526767427,"a":[{"t":3,"o":5084176,"i":647170158,"n":"Документ-2022-10-11-201653.pdf","e":"pdf","s":52022,"url":"https://vk.com/doc5084176_647170158?hash=DRhzEA3SNzAg0e65s9cq9GqP82gFrholX1tuGY0tXd0&dl=4NRUMX9ZEB73UhZ6IVaT5mT6fjJZs6fPiHxHQRN6QYs&api=1&no_preview=1"}],"m":[]},{"i":2802818,"f":5084176,"t":"скинул, спасибо за помощь","d":526767405,"a":[],"m":[]},{"i":2802817,"f":5084176,"t":"все, вижу","d":526767277,"a":[],"m":[]},{"i":2802816,"f":15267753,"t":"400","d":526767269,"a":[],"m":[{"f":5084176,"t":"сколько?","d":526767180,"a":[]}]},{"i":2802815,"f":15267753,"t":"да","d":526767256,"a":[],"m":[]},{"i":2802812,"f":5084176,"t":"я скидываю бабки тебе и отправитель за шип не платит?","d":526767235,"a":[],"m":[]},{"i":2802811,"f":5084176,"t":"Вот помогают мне с посылкой, просят через тебя накладную сделать","d":526767212,"a":[],"m":[]},{"i":2802809,"f":5084176,"t":"и у меня вопрос, чтобы до конца понимать процесс)","d":526767193,"a":[],"m":[]},{"i":2802806,"f":5084176,"t":"сколько?","d":526767180,"a":[],"m":[]},{"i":2802798,"f":15267753,"t":"89059515168 сбер или тиньк","d":526767004,"a":[],"m":[]},{"i":2802796,"f":15267753,"t":"Накладная успешно создана с номером: 1368807998\n400","d":526766994,"a":[],"m":[{"f":5084176,"t":"8-905-571-35-79","d":526766497,"a":[]}]},{"i":2802795,"f":5084176,"t":"в щелково","d":526766930,"a":[],"m":[]},{"i":2802794,"f":5084176,"t":"из рб","d":526766919,"a":[],"m":[]},{"i":2802793,"f":15267753,"t":"или из рб","d":526766890,"a":[],"m":[]},{"i":2802792,"f":15267753,"t":"в рб","d":526766888,"a":[],"m":[]},{"i":2802787,"f":5084176,"t":"8-905-571-35-79","d":526766497,"a":[],"m":[{"f":5084176,"t":"Щелково, пер. 1-й Советский, 25 территория БЦ \"Славия\", ВХОД №7","d":526766369,"a":[]},{"f":5084176,"t":"Мальцева Мария Игоревна","d":526766378,"a":[]}]},{"i":2802785,"f":5084176,"t":"Габариты - одна пара кроссовок в коробке","d":526766476,"a":[],"m":[]},{"i":2802783,"f":15267753,"t":"получатель фио тел город пункт","d":526766455,"a":[],"m":[]},{"i":2802782,"f":15267753,"t":"габарит вес","d":526766448,"a":[],"m":[]},{"i":2802781,"f":15267753,"t":"отправитель город только","d":526766444,"a":[],"m":[]},{"i":2802780,"f":5084176,"t":"На будущее - какие данные от отправителя и получателя тебе скидывать? чтобы вопросами не запаривать","d":526766426,"a":[],"m":[]},{"i":2802779,"f":5084176,"t":"Мальцева Мария Игоревна","d":526766378,"a":[],"m":[]},{"i":2802778,"f":5084176,"t":"Щелково, пер. 1-й Советский, 25 территория БЦ \"Славия\", ВХОД №7","d":526766369,"a":[],"m":[]},{"i":2802775,"f":5084176,"t":"","d":526766302,"a":[],"m":[{"f":206914044,"t":"Рб","d":526766213,"a":[],"m":[{"f":206914044,"t":"Офисы и пункты выдачи: Речица, ул. Строителей, 4 (REC1)","d":525453347,"a":[]}]}]},{"i":2802773,"f":15267753,"t":"Пиши данные","d":526766289,"a":[],"m":[]},{"i":2802772,"f":15267753,"t":"Привет","d":526766287,"a":[],"m":[]},{"i":2802771,"f":5084176,"t":"Поможешь с накладной сдэк?","d":526766275,"a":[],"m":[]},{"i":2802770,"f":5084176,"t":"Привет","d":526766258,"a":[],"m":[]},{"i":1087726,"f":15267753,"t":"Солд они вроде","d":421824394,"a":[],"m":[]},{"i":1087670,"f":5084176,"t":"Чёт в итоге не увидел их на найки за такой прайс, мож не туда смотрю)","d":421806287,"a":[],"m":[]},{"i":1086411,"f":5084176,"t":"Спасибо за инфу","d":421748678,"a":[],"m":[]},{"i":1086410,"f":5084176,"t":"Привет","d":421748674,"a":[],"m":[]},{"i":1085563,"f":15267753,"t":"по 4500 )","d":421697771,"a":[],"m":[]},{"i":1085562,"f":15267753,"t":"м2к на сайте же лежт","d":421697769,"a":[],"m":[]},{"i":1085561,"f":15267753,"t":"привет","d":421697758,"a":[],"m":[]}]}