{"meta":{"v":"1.2","p":652093590,"a":15267753,"t":"Пь'ерр Борн","d":1691416169},"data":[{"i":2541496,"f":15267753,"t":"Прив а ты сдек кидал? Не помню чета(","d":510288026,"a":[],"m":[]},{"i":2509046,"f":15267753,"t":"подорожало недавно вот в рб чуть","d":508780304,"a":[],"m":[]},{"i":2509045,"f":15267753,"t":"Накладная успешно создана с номером: 1323724748\n400","d":508780299,"a":[],"m":[]},{"i":2509033,"f":652093590,"t":"Можешь \n\nПривет ,\n\nПривет,\n\n1. Питер   \n2. Минск \n3. Шпаков Иван Юрьевич \n+375291989208\n4. Минск,ул.Кижеватого 7/2\nОдна пара кроссовок.\nОна вроде 350 ,я тогда вместе с тем,что должен закину","d":508779658,"a":[],"m":[]},{"i":2509018,"f":15267753,"t":"привет","d":508779168,"a":[],"m":[]},{"i":2508974,"f":652093590,"t":"Привет","d":508778338,"a":[],"m":[]},{"i":2488337,"f":15267753,"t":"угу","d":507770213,"a":[],"m":[]},{"i":2488336,"f":15267753,"t":"привет","d":507770212,"a":[],"m":[]},{"i":2488335,"f":652093590,"t":"Привет ,я вроде должен за эти в сумме 800,но 600 кидал за Калининград депозитом,тогда просто 200 сейчас закину","d":507770190,"a":[],"m":[{"f":15267753,"t":"Накладная успешно создана с номером: 1315033698\n350","d":505843795,"a":[]},{"f":15267753,"t":"Накладная успешно создана с номером: 1315321446\n450","d":505959265,"a":[],"m":[{"f":652093590,"t":"Хорошо,сделай тогда пожалуйста \nКраснодар Минск по старым данным","d":505951297,"a":[]}]}]},{"i":2472154,"f":15267753,"t":"привеь, а ты сдек закидывал?","d":507224739,"a":[],"m":[]},{"i":2448648,"f":15267753,"t":"Накладная успешно создана с номером: 1315321446\n450","d":505959265,"a":[],"m":[{"f":652093590,"t":"Хорошо,сделай тогда пожалуйста \nКраснодар Минск по старым данным","d":505951297,"a":[]}]},{"i":2448556,"f":652093590,"t":"Хорошо,сделай тогда пожалуйста \nКраснодар Минск по старым данным","d":505951297,"a":[],"m":[]},{"i":2448070,"f":15267753,"t":"за помни просто что депозитом у тебя","d":505922812,"a":[],"m":[]},{"i":2448069,"f":15267753,"t":"можно да удалить без проблем","d":505922757,"a":[],"m":[]},{"i":2448046,"f":652093590,"t":"Там по накладной","d":505921639,"a":[],"m":[]},{"i":2447540,"f":652093590,"t":"Как сможешь","d":505860174,"a":[],"m":[]},{"i":2447402,"f":15267753,"t":"Не могу послушать","d":505851052,"a":[],"m":[]},{"i":2447399,"f":652093590,"t":"","d":505850983,"a":[{"t":3,"o":652093590,"i":628849216,"n":"audio_msg.opus","e":"ogg","s":158245,"url":"https://vk.com/doc652093590_628849216?hash=NajmRi0VO0enh0UaQzLzfZ7bRLIBpTRhnC0e78MzrN4&dl=SZi0lbVRVBTrrRRzMC8yDEMzmmxmGjJ1YS8pZEjltDD&api=1&no_preview=1"}],"m":[]},{"i":2447244,"f":15267753,"t":"Накладная успешно создана с номером: 1315033698\n350","d":505843795,"a":[],"m":[]},{"i":2447243,"f":15267753,"t":"сюда да","d":505843795,"a":[],"m":[{"f":652093590,"t":"Привет ,\n\nПривет,\n\n1. Москва \n2. Минск \n3. Дробов Александр Сергеевич \n+375296083734\n4. Минск,ул.Кижеватого 7/2\nОдна пара кроссовок.\nСейчас закину и за прошлую и эту","d":504872911,"a":[]}]},{"i":2447242,"f":652093590,"t":"А,давай тогда так","d":505843705,"a":[],"m":[]},{"i":2447241,"f":15267753,"t":"дешевле мск минск не сделать","d":505843687,"a":[],"m":[]},{"i":2447240,"f":15267753,"t":"а там минималка всегда 350","d":505843679,"a":[],"m":[]},{"i":2447237,"f":652093590,"t":"","d":505843642,"a":[{"t":3,"o":652093590,"i":628835647,"n":"audio_msg.opus","e":"ogg","s":56377,"url":"https://vk.com/doc652093590_628835647?hash=ExGVzb5TSRLMmzoZHy5JWbHWjz4OmVMK7JgyvzssfYg&dl=5SdhUKWVxcHHRdzjkpsKZPrvtnn3aR3EqXMqiJaXkfP&api=1&no_preview=1"}],"m":[]},{"i":2447078,"f":15267753,"t":"Накладная успешно создана с номером: 1314963236\n600","d":505833858,"a":[],"m":[{"f":652093590,"t":"Привет ,\n\nПривет,\n\n1. Калининград  \n2. Минск \n3. Шпаков Иван Юрьевич \n+375291989208\n4. Минск,ул.Кижеватого 7/2\nОдна пара кроссовок.","d":505827629,"a":[]}]},{"i":2446936,"f":15267753,"t":"Сдек упал пока позже","d":505827680,"a":[{"t":0,"s":{"m":"https://sun9-3.userapi.com/impg/sZKI0t2jkDRWpxBjtN6LxAo-V7_3Smo40mA3gQ/Uaq8-VJ7mTo.jpg?size=510x900&quality=95&crop=0,0,828,1461&sign=7a794ccfaa6adb2b157326d743dac30b&c_uniq_tag=9H6UsILMHpFcjR4riiKgL3y4ylOpSVgseeaXIsrUei0&type=album","s":"https://sun9-3.userapi.com/impg/sZKI0t2jkDRWpxBjtN6LxAo-V7_3Smo40mA3gQ/Uaq8-VJ7mTo.jpg?size=200x433&quality=95&sign=7071fe52d5c2c06296eef04d5a3cdb89&c_uniq_tag=g7bAsqlHh69ln_ohNoAAyGbUo0XznsqyEFdHEwjF0c8&type=album","n":"https://sun9-3.userapi.com/impg/sZKI0t2jkDRWpxBjtN6LxAo-V7_3Smo40mA3gQ/Uaq8-VJ7mTo.jpg?size=828x1792&quality=95&sign=726ee0d1eafee1b0bcd3a18bd00f0387&c_uniq_tag=utlz2bB-7UQ4ViIoOKxoxx_WK9Y_flvx6TYr1A3i_tQ&type=album","o":"https://sun9-3.userapi.com/impg/sZKI0t2jkDRWpxBjtN6LxAo-V7_3Smo40mA3gQ/Uaq8-VJ7mTo.jpg?size=499x1080&quality=95&sign=d316dbb4ad8c766960d79e4404c57860&c_uniq_tag=hKLOXwt6rz27GrHwUYMzbVvgpaJ-9r4w52Zbq1oyuQs&type=album","t":"https://sun9-3.userapi.com/impg/sZKI0t2jkDRWpxBjtN6LxAo-V7_3Smo40mA3gQ/Uaq8-VJ7mTo.jpg?size=279x604&quality=95&sign=1b700d1183e05ae49d79963066c77aa1&c_uniq_tag=Y-PmSsIMgEqeispnh7xtRr-_Ptx51hVR9jdcv7vCMTg&type=album"},"z":"","q":0,"w":0,"o":15267753,"i":457258132,"d":505827018}],"m":[]},{"i":2446935,"f":15267753,"t":"Привет","d":505827673,"a":[],"m":[]},{"i":2446934,"f":652093590,"t":"Сколько денег?","d":505827657,"a":[],"m":[]},{"i":2446933,"f":652093590,"t":"Привет ,\n\nПривет,\n\n1. Калининград  \n2. Минск \n3. Шпаков Иван Юрьевич \n+375291989208\n4. Минск,ул.Кижеватого 7/2\nОдна пара кроссовок.","d":505827629,"a":[],"m":[]},{"i":2446821,"f":15267753,"t":"угу","d":505785942,"a":[],"m":[]},{"i":2446814,"f":652093590,"t":"Я кинул","d":505783941,"a":[],"m":[]},{"i":2432974,"f":15267753,"t":"4276441235123937\n02/23\nIlya Trishin","d":504873548,"a":[],"m":[]},{"i":2432973,"f":15267753,"t":"Накладная успешно создана с номером: 1311593390\n350","d":504873523,"a":[],"m":[{"f":652093590,"t":"Привет ,\n\nПривет,\n\n1. Москва \n2. Минск \n3. Дробов Александр Сергеевич \n+375296083734\n4. Минск,ул.Кижеватого 7/2\nОдна пара кроссовок.\nСейчас закину и за прошлую и эту","d":504872911,"a":[]}]},{"i":2432971,"f":652093590,"t":"Дай реквизиты","d":504873508,"a":[],"m":[]},{"i":2432967,"f":15267753,"t":"привет","d":504873469,"a":[],"m":[]},{"i":2432938,"f":652093590,"t":"Привет ,\n\nПривет,\n\n1. Москва \n2. Минск \n3. Дробов Александр Сергеевич \n+375296083734\n4. Минск,ул.Кижеватого 7/2\nОдна пара кроссовок.\nСейчас закину и за прошлую и эту","d":504872911,"a":[],"m":[]},{"i":2428574,"f":652093590,"t":"Да","d":504558138,"a":[],"m":[]},{"i":2428573,"f":15267753,"t":"Накладная успешно создана с номером: 1310848395\n500","d":504558137,"a":[],"m":[]},{"i":2428572,"f":15267753,"t":"сюда да","d":504558097,"a":[],"m":[{"f":652093590,"t":"Привет,\n\n1. Москва \n2. Минск \n3. Дробов Александр Сергеевич \n+375296083734\n4. Минск,ул.Кижеватого 7/2\nОдна пара кроссовок.","d":502746158,"a":[]}]},{"i":2428571,"f":652093590,"t":"Да,тогда сделай плиз","d":504558082,"a":[],"m":[]},{"i":2428568,"f":15267753,"t":"500","d":504558021,"a":[],"m":[]},{"i":2428566,"f":15267753,"t":"ну наверно как 2 обычных коробки","d":504557898,"a":[],"m":[]},{"i":2428565,"f":15267753,"t":"привет а габарит скажешь общий","d":504557887,"a":[],"m":[]},{"i":2428560,"f":652093590,"t":"Привет,4 пары таких коробочек ,из Питера в минск,сколько стоит","d":504557728,"a":[{"t":0,"s":{"m":"https://sun9-28.userapi.com/impg/Lz9Q9MFSx16b6hYUrkdmmY2RbzgaZFdqaEoWIw/7nKnnjM0fhY.jpg?size=510x680&quality=95&sign=6ce3727f66af6e47040ca957d9f36897&c_uniq_tag=rCqNECQ9GF5rJ8rqkbfvvq7SpLu95MR8UkJJ-UIInxc&type=album","s":"https://sun9-28.userapi.com/impg/Lz9Q9MFSx16b6hYUrkdmmY2RbzgaZFdqaEoWIw/7nKnnjM0fhY.jpg?size=200x267&quality=95&sign=72b71dabfda8e64cb84a9fbef0ae261e&c_uniq_tag=DnCVUD5tqQaL8jPUmKh-_syeVlaKfkJNB4hnlrjEGxc&type=album","n":"https://sun9-28.userapi.com/impg/Lz9Q9MFSx16b6hYUrkdmmY2RbzgaZFdqaEoWIw/7nKnnjM0fhY.jpg?size=1218x1624&quality=95&sign=9778d794ec1be313fe28c9ce6dff3de3&c_uniq_tag=nwpnAKhFEi4o4p1dCSCf9eR4qZ0cNLS2XbV_Go4cWPk&type=album","o":"https://sun9-28.userapi.com/impg/Lz9Q9MFSx16b6hYUrkdmmY2RbzgaZFdqaEoWIw/7nKnnjM0fhY.jpg?size=810x1080&quality=95&sign=74f21e5023b019df7ffcf43abe25491a&c_uniq_tag=fU5vCpqNf4_WnxtgCuddo-TqpGVPLtk2CdahEajNmWE&type=album","t":"https://sun9-28.userapi.com/impg/Lz9Q9MFSx16b6hYUrkdmmY2RbzgaZFdqaEoWIw/7nKnnjM0fhY.jpg?size=453x604&quality=95&sign=54cdf55489c6a0cc6eecf8c7e364ee9c&c_uniq_tag=lKpIqvzWfplex-tenHwl9DKaDLhVPaihZZilymoSpYI&type=album"},"z":"","q":0,"w":0,"o":652093590,"i":457239444,"d":504557680}],"m":[]},{"i":2411838,"f":15267753,"t":"Привет \n400","d":503597993,"a":[],"m":[]},{"i":2411835,"f":652093590,"t":"Привет,а сколько стоит из Москвы в Ярославль две пары ?","d":503597950,"a":[],"m":[]},{"i":2400644,"f":15267753,"t":"А оке!","d":502748560,"a":[],"m":[]},{"i":2400632,"f":652093590,"t":"Ток сотка осталась","d":502746680,"a":[],"m":[]},{"i":2400631,"f":652093590,"t":"Помнишь,я ж на будущее 800 закинул","d":502746656,"a":[],"m":[{"f":652093590,"t":"","d":501710804,"a":[{"t":3,"o":652093590,"i":624296836,"n":"audio_msg.opus","e":"ogg","s":81186,"url":"https://vk.com/doc652093590_624296836?hash=SY7yUdJCaa37uCHcZvrdv2Fkmrt13VBPZzm9SZn5ptw&dl=YtLpOvob8DRO8UHSzSoLZuj51s2DlmW2wF6RVQ1AGMg&api=1&no_preview=1"}]},{"f":652093590,"t":"","d":501710836,"a":[{"t":0,"s":{"m":"https://sun9-13.userapi.com/impg/A2P1wfrpUFfvTQ49vgOz5OU0CeY6f1tb3uhpmw/jFg8_mvPIyY.jpg?size=510x900&quality=95&crop=0,0,540,953&sign=a8f85baf0c717683b96581ad285eeb89&c_uniq_tag=WG9SC-nGT7i3CwaO2EwFnmAxfvaR5kRFDSnkvkENSvw&type=album","s":"https://sun9-13.userapi.com/impg/A2P1wfrpUFfvTQ49vgOz5OU0CeY6f1tb3uhpmw/jFg8_mvPIyY.jpg?size=200x444&quality=95&sign=bc55444fa5b5bdaa95aedbbb5d8071ce&c_uniq_tag=yWn_pzCb_Ew8GMsea7vZgJAG-GDasTlwjZ6ZVuuez6w&type=album","n":"https://sun9-13.userapi.com/impg/A2P1wfrpUFfvTQ49vgOz5OU0CeY6f1tb3uhpmw/jFg8_mvPIyY.jpg?size=540x1200&quality=95&sign=2b1859aec4f933b2ce0d23a8e3d53f20&c_uniq_tag=uWi_3gSjppLcuOflpJX4g87DWQ6acNn45ecVcpcP0Kk&type=album","o":"https://sun9-13.userapi.com/impg/A2P1wfrpUFfvTQ49vgOz5OU0CeY6f1tb3uhpmw/jFg8_mvPIyY.jpg?size=486x1080&quality=95&sign=afdbeb0f74d5baf007f020eef61b1576&c_uniq_tag=NVU4QP-D5Cv3gdSKMWFpzbeq4BBNi0vA5RiDg24sHD8&type=album","t":"https://sun9-13.userapi.com/impg/A2P1wfrpUFfvTQ49vgOz5OU0CeY6f1tb3uhpmw/jFg8_mvPIyY.jpg?size=272x604&quality=95&sign=5365bdea57177bd3ab92bcf5781dc846&c_uniq_tag=I3xG5clVqEgjPE01fSQjxVMnFzLx5K2wTyc53Vbtnbg&type=album"},"z":"","q":0,"w":0,"o":652093590,"i":457239436,"d":501710808}]}]},{"i":2400627,"f":15267753,"t":"Ток кидай скрины, когда закидываешь деньги","d":502746280,"a":[],"m":[]},{"i":2400626,"f":15267753,"t":"Накладная успешно создана с номером: 1305319614\n\n350","d":502746273,"a":[],"m":[]},{"i":2400625,"f":15267753,"t":"Привет","d":502746187,"a":[],"m":[]},{"i":2400624,"f":652093590,"t":"Привет,\n\n1. Москва \n2. Минск \n3. Дробов Александр Сергеевич \n+375296083734\n4. Минск,ул.Кижеватого 7/2\nОдна пара кроссовок.","d":502746158,"a":[],"m":[]},{"i":2393174,"f":15267753,"t":"Накладная успешно создана с номером: 1304094992\n350","d":502023108,"a":[],"m":[]},{"i":2393120,"f":652093590,"t":"Одну","d":501995479,"a":[],"m":[{"f":652093590,"t":"1. Москва \n2. Минск \n3. Дробов Александр Сергеевич \n+375296083734\n4. Минск,ул.Кижеватого 7/2\nОдна пара кроссовок.","d":500943827,"a":[]}]},{"i":2389372,"f":15267753,"t":"+","d":501710890,"a":[],"m":[]},{"i":2389371,"f":15267753,"t":"Угу ок","d":501710888,"a":[],"m":[]},{"i":2389369,"f":652093590,"t":"","d":501710836,"a":[{"t":0,"s":{"m":"https://sun9-13.userapi.com/impg/A2P1wfrpUFfvTQ49vgOz5OU0CeY6f1tb3uhpmw/jFg8_mvPIyY.jpg?size=510x900&quality=95&crop=0,0,540,953&sign=a8f85baf0c717683b96581ad285eeb89&c_uniq_tag=WG9SC-nGT7i3CwaO2EwFnmAxfvaR5kRFDSnkvkENSvw&type=album","s":"https://sun9-13.userapi.com/impg/A2P1wfrpUFfvTQ49vgOz5OU0CeY6f1tb3uhpmw/jFg8_mvPIyY.jpg?size=200x444&quality=95&sign=bc55444fa5b5bdaa95aedbbb5d8071ce&c_uniq_tag=yWn_pzCb_Ew8GMsea7vZgJAG-GDasTlwjZ6ZVuuez6w&type=album","n":"https://sun9-13.userapi.com/impg/A2P1wfrpUFfvTQ49vgOz5OU0CeY6f1tb3uhpmw/jFg8_mvPIyY.jpg?size=540x1200&quality=95&sign=2b1859aec4f933b2ce0d23a8e3d53f20&c_uniq_tag=uWi_3gSjppLcuOflpJX4g87DWQ6acNn45ecVcpcP0Kk&type=album","o":"https://sun9-13.userapi.com/impg/A2P1wfrpUFfvTQ49vgOz5OU0CeY6f1tb3uhpmw/jFg8_mvPIyY.jpg?size=486x1080&quality=95&sign=afdbeb0f74d5baf007f020eef61b1576&c_uniq_tag=NVU4QP-D5Cv3gdSKMWFpzbeq4BBNi0vA5RiDg24sHD8&type=album","t":"https://sun9-13.userapi.com/impg/A2P1wfrpUFfvTQ49vgOz5OU0CeY6f1tb3uhpmw/jFg8_mvPIyY.jpg?size=272x604&quality=95&sign=5365bdea57177bd3ab92bcf5781dc846&c_uniq_tag=I3xG5clVqEgjPE01fSQjxVMnFzLx5K2wTyc53Vbtnbg&type=album"},"z":"","q":0,"w":0,"o":652093590,"i":457239436,"d":501710808}],"m":[]},{"i":2389368,"f":652093590,"t":"","d":501710804,"a":[{"t":3,"o":652093590,"i":624296836,"n":"audio_msg.opus","e":"ogg","s":81186,"url":"https://vk.com/doc652093590_624296836?hash=SY7yUdJCaa37uCHcZvrdv2Fkmrt13VBPZzm9SZn5ptw&dl=YtLpOvob8DRO8UHSzSoLZuj51s2DlmW2wF6RVQ1AGMg&api=1&no_preview=1"}],"m":[]},{"i":2382540,"f":652093590,"t":"Ну я за эту ж уже закинул","d":501274452,"a":[],"m":[{"f":652093590,"t":"","d":501240052,"a":[{"t":0,"s":{"m":"https://sun9-44.userapi.com/impg/TP8InKLsnvdrr00kYvGO_pnGcB9H0CmqHgDjig/aD8Q44oNhQs.jpg?size=510x900&quality=95&crop=0,0,540,953&sign=65fe5d1bd234751e79b740947d7df2ef&c_uniq_tag=46FRCDCjjJG6smiRGy_dbMelan1_8upKu4LZg2d20qQ&type=album","s":"https://sun9-44.userapi.com/impg/TP8InKLsnvdrr00kYvGO_pnGcB9H0CmqHgDjig/aD8Q44oNhQs.jpg?size=200x444&quality=95&sign=e5e57c354b1a9c01218830780dea8d88&c_uniq_tag=mB5ks1HYAquNNien6PX84cKJIKYTIteGe4smCdXX5kQ&type=album","n":"https://sun9-44.userapi.com/impg/TP8InKLsnvdrr00kYvGO_pnGcB9H0CmqHgDjig/aD8Q44oNhQs.jpg?size=540x1200&quality=95&sign=0c26b257e6feaf5974d229c5a9a406c1&c_uniq_tag=N3FEQwH1NYOxFeRHmpe61V8Dck4YF12pUaPKPFtPGRg&type=album","o":"https://sun9-44.userapi.com/impg/TP8InKLsnvdrr00kYvGO_pnGcB9H0CmqHgDjig/aD8Q44oNhQs.jpg?size=486x1080&quality=95&sign=97d65baa25d2d253c22eb4dcc1e93935&c_uniq_tag=uYs3bt9c1_Cl_M-Qt4Wmeb3GdvGJMCvJWv0E6rbKSzo&type=album","t":"https://sun9-44.userapi.com/impg/TP8InKLsnvdrr00kYvGO_pnGcB9H0CmqHgDjig/aD8Q44oNhQs.jpg?size=272x604&quality=95&sign=4daddf5cc3ae710b63eb5e8692268a28&c_uniq_tag=Pxzx0xuY3snAvcTEpeBpRzkNqFDCwv9buPTkyITDVBY&type=album"},"z":"","q":0,"w":0,"o":652093590,"i":457239432,"d":501240043}]}]},{"i":2382531,"f":15267753,"t":"350","d":501273444,"a":[],"m":[]},{"i":2382530,"f":15267753,"t":"Накладная успешно создана с номером: 1301438880","d":501273443,"a":[],"m":[]},{"i":2382515,"f":652093590,"t":"Такую же","d":501272175,"a":[],"m":[{"f":652093590,"t":"1. Москва \n2. Минск \n3. Дробов Александр Сергеевич \n+375296083734\n4. Минск,ул.Кижеватого 7/2\nОдна пара кроссовок.","d":500943827,"a":[]}]},{"i":2382113,"f":15267753,"t":"+++","d":501254886,"a":[],"m":[]},{"i":2381820,"f":652093590,"t":"","d":501240052,"a":[{"t":0,"s":{"m":"https://sun9-44.userapi.com/impg/TP8InKLsnvdrr00kYvGO_pnGcB9H0CmqHgDjig/aD8Q44oNhQs.jpg?size=510x900&quality=95&crop=0,0,540,953&sign=65fe5d1bd234751e79b740947d7df2ef&c_uniq_tag=46FRCDCjjJG6smiRGy_dbMelan1_8upKu4LZg2d20qQ&type=album","s":"https://sun9-44.userapi.com/impg/TP8InKLsnvdrr00kYvGO_pnGcB9H0CmqHgDjig/aD8Q44oNhQs.jpg?size=200x444&quality=95&sign=e5e57c354b1a9c01218830780dea8d88&c_uniq_tag=mB5ks1HYAquNNien6PX84cKJIKYTIteGe4smCdXX5kQ&type=album","n":"https://sun9-44.userapi.com/impg/TP8InKLsnvdrr00kYvGO_pnGcB9H0CmqHgDjig/aD8Q44oNhQs.jpg?size=540x1200&quality=95&sign=0c26b257e6feaf5974d229c5a9a406c1&c_uniq_tag=N3FEQwH1NYOxFeRHmpe61V8Dck4YF12pUaPKPFtPGRg&type=album","o":"https://sun9-44.userapi.com/impg/TP8InKLsnvdrr00kYvGO_pnGcB9H0CmqHgDjig/aD8Q44oNhQs.jpg?size=486x1080&quality=95&sign=97d65baa25d2d253c22eb4dcc1e93935&c_uniq_tag=uYs3bt9c1_Cl_M-Qt4Wmeb3GdvGJMCvJWv0E6rbKSzo&type=album","t":"https://sun9-44.userapi.com/impg/TP8InKLsnvdrr00kYvGO_pnGcB9H0CmqHgDjig/aD8Q44oNhQs.jpg?size=272x604&quality=95&sign=4daddf5cc3ae710b63eb5e8692268a28&c_uniq_tag=Pxzx0xuY3snAvcTEpeBpRzkNqFDCwv9buPTkyITDVBY&type=album"},"z":"","q":0,"w":0,"o":652093590,"i":457239432,"d":501240043}],"m":[]},{"i":2381819,"f":652093590,"t":"Закинул 700 ,350 за эту,и сейчас ещё одну надо","d":501240033,"a":[],"m":[{"f":15267753,"t":"Накладная успешно создана с номером: 1300291371\n350","d":500945604,"a":[]}]},{"i":2378711,"f":15267753,"t":"а оки, отписывай просто, а то пушекй когда кардтукард нет","d":500982082,"a":[],"m":[]},{"i":2378669,"f":652093590,"t":"Вот,да закидывал","d":500979303,"a":[{"t":0,"s":{"m":"https://sun9-29.userapi.com/impg/YvOPJieVksEjVrCIRX0tp4PxgC9qouKaGj6KYg/tYE9QhR4Ay8.jpg?size=510x900&quality=95&crop=0,0,750,1324&sign=d328301c4b652d3cab3043a8a12d3087&c_uniq_tag=UysuONxuBitdD8FkSwQGpcS_RSrC7XS0clRpowj1YuI&type=album","s":"https://sun9-29.userapi.com/impg/YvOPJieVksEjVrCIRX0tp4PxgC9qouKaGj6KYg/tYE9QhR4Ay8.jpg?size=200x433&quality=95&sign=2128a8d21a99cf2a0d8b96b098b91af6&c_uniq_tag=xn4Nw7qjk-7q3YeUvjXf-5bKZ99b2g45hJQznL3pu_8&type=album","n":"https://sun9-29.userapi.com/impg/YvOPJieVksEjVrCIRX0tp4PxgC9qouKaGj6KYg/tYE9QhR4Ay8.jpg?size=750x1624&quality=95&sign=9556934bd54a9ee3b5a7ae498168d728&c_uniq_tag=0H_WdNKOw2nK8czzmp9Al0KNgcnSR9LzZ3vBnLqmHi8&type=album","o":"https://sun9-29.userapi.com/impg/YvOPJieVksEjVrCIRX0tp4PxgC9qouKaGj6KYg/tYE9QhR4Ay8.jpg?size=499x1080&quality=95&sign=b0f2f6c5a3c29165f4c319601a110c5a&c_uniq_tag=F9-M9d18Si0TVfhYAb-8nCCbSdvaCAPuCq2cFM3uew4&type=album","t":"https://sun9-29.userapi.com/impg/YvOPJieVksEjVrCIRX0tp4PxgC9qouKaGj6KYg/tYE9QhR4Ay8.jpg?size=279x604&quality=95&sign=947cf1c66c74634a31652767b9e91572&c_uniq_tag=aT290rU3UXbN7E9owy94UAbEoW2t_bvBCN2telVD4A4&type=album"},"z":"","q":0,"w":0,"o":652093590,"i":457239430,"d":500979281},{"t":0,"s":{"m":"https://sun9-48.userapi.com/impg/Yu5QnSMi8ebJh1N4KPYXWib4vdyiwTeDRMulCw/Ab6KGB2Jx6g.jpg?size=510x900&quality=95&crop=0,0,750,1324&sign=d1b84d77ff276852ac1afba3c0763a1b&c_uniq_tag=xXlc4eIPJwE33wsnck0RRAoigZE1UIfAU46k5RUaad4&type=album","s":"https://sun9-48.userapi.com/impg/Yu5QnSMi8ebJh1N4KPYXWib4vdyiwTeDRMulCw/Ab6KGB2Jx6g.jpg?size=200x433&quality=95&sign=18e55d4c8234b8b693053182e2d48234&c_uniq_tag=D3QoNozPd0wcDQs1juaDXY76xdl9RRyabF-0tfZnPow&type=album","n":"https://sun9-48.userapi.com/impg/Yu5QnSMi8ebJh1N4KPYXWib4vdyiwTeDRMulCw/Ab6KGB2Jx6g.jpg?size=750x1624&quality=95&sign=f2c3284af9619e7b5dedba76a07a4b2b&c_uniq_tag=v9mYo4V3zI8e90TSI-Qcbx1GRKBi-vA_F_m7rRazymY&type=album","o":"https://sun9-48.userapi.com/impg/Yu5QnSMi8ebJh1N4KPYXWib4vdyiwTeDRMulCw/Ab6KGB2Jx6g.jpg?size=499x1080&quality=95&sign=54ed792d12afa6224034764d06f7d816&c_uniq_tag=grQOjsZImCXu8VyFyxBgkgG1uLmIKb68jptnLrgFKoA&type=album","t":"https://sun9-48.userapi.com/impg/Yu5QnSMi8ebJh1N4KPYXWib4vdyiwTeDRMulCw/Ab6KGB2Jx6g.jpg?size=279x604&quality=95&sign=f14e14e2211ff9fd6057d3f1c9e42940&c_uniq_tag=RUdQq_UOHvccRqW2p-lX_2hLfpjptIdYBtdjn5OcwvY&type=album"},"z":"","q":0,"w":0,"o":652093590,"i":457239431,"d":500979281}],"m":[]},{"i":2378330,"f":15267753,"t":"а за ту ты кидал","d":500945629,"a":[],"m":[{"f":15267753,"t":"Сбер","d":499914509,"a":[],"m":[{"f":15267753,"t":"","d":499111100,"a":[],"m":[{"f":15267753,"t":"","d":498263008,"a":[],"m":[{"f":15267753,"t":"","d":497817644,"a":[],"m":[{"f":15267753,"t":"4276441235123937\n02/23\nIlya Trishin","d":495024590,"a":[]}]}]}]}]}]},{"i":2378324,"f":15267753,"t":"Накладная успешно создана с номером: 1300291371\n350","d":500945604,"a":[],"m":[]},{"i":2378223,"f":652093590,"t":"1. Москва \n2. Минск \n3. Дробов Александр Сергеевич \n+375296083734\n4. Минск,ул.Кижеватого 7/2\nОдна пара кроссовок.","d":500943827,"a":[],"m":[]}]}