{"meta":{"v":"1.2","p":627670747,"a":15267753,"t":"Максим Кучерявый","d":1691416218},"data":[{"i":2480112,"f":627670747,"t":"окей","d":507481265,"a":[],"m":[]},{"i":2480107,"f":15267753,"t":"у него просто по умолчанию тот был","d":507481087,"a":[],"m":[]},{"i":2480106,"f":15267753,"t":"поменял","d":507481083,"a":[],"m":[]},{"i":2480102,"f":627670747,"t":"а почему пвз другой?","d":507481034,"a":[],"m":[]},{"i":2480092,"f":15267753,"t":"+++","d":507480776,"a":[],"m":[]},{"i":2480091,"f":627670747,"t":"перевёл","d":507480765,"a":[{"t":0,"s":{"m":"https://sun9-77.userapi.com/impg/TVzy8LokRqVdZjIVBEHRRul6TV2a_gMKlCrJXg/ezICBxrVJJg.jpg?size=499x1080&quality=96&sign=7ac02c0dcb21886ef089dfd5c963ddd5&c_uniq_tag=0OAY82A_mAem8z6PkAkwxg9OfhT0acrroITP6aN8FeQ&type=album","s":"https://sun9-77.userapi.com/impg/TVzy8LokRqVdZjIVBEHRRul6TV2a_gMKlCrJXg/ezICBxrVJJg.jpg?size=279x604&quality=96&sign=0791fa28f8d820c513308909b63f5124&c_uniq_tag=-D7lGE4oIwApOqrqtI2YtJEqy6fwP4-rLDnw5ObVL54&type=album","n":"https://sun9-77.userapi.com/impg/TVzy8LokRqVdZjIVBEHRRul6TV2a_gMKlCrJXg/ezICBxrVJJg.jpg?size=35x75&quality=96&sign=effe8f235d55ae92bcd13cfc51e9c2f4&c_uniq_tag=eKAblsad6AaijsBX6zt8u9QR05N4b_N1UltUtUTMzGc&type=album","o":"https://sun9-77.userapi.com/impg/TVzy8LokRqVdZjIVBEHRRul6TV2a_gMKlCrJXg/ezICBxrVJJg.jpg?size=510x900&quality=96&crop=0,0,947,1671&sign=e9362f4251c85423b0c7f7253b640970&c_uniq_tag=YcB4ZlS8kfOfOfzS2FkuluH7gbUlrf3pMwwFsLJzjJw&type=album","t":"https://sun9-77.userapi.com/impg/TVzy8LokRqVdZjIVBEHRRul6TV2a_gMKlCrJXg/ezICBxrVJJg.jpg?size=200x433&quality=96&sign=3dd0e018069682da660261492d5238ee&c_uniq_tag=jtiKqdJr7eEqv_p5mqBHXM0f7l0Tht-hfPCAggpeD5M&type=album"},"z":"","q":0,"w":0,"o":627670747,"i":457239613,"d":507480764}],"m":[]},{"i":2479916,"f":627670747,"t":"ок, ещё не скинул","d":507478301,"a":[],"m":[]},{"i":2479904,"f":15267753,"t":"и как скидываешь пиши тоже. а то пуши в сбере не всегда приходят и не всегда могу заметить","d":507478099,"a":[],"m":[{"f":15267753,"t":"89059515168 сбер","d":507477660,"a":[]}]},{"i":2479884,"f":627670747,"t":"хорошо","d":507477922,"a":[],"m":[{"f":15267753,"t":"в след раз от отправителя только нужен город","d":507477869,"a":[]}]},{"i":2479882,"f":627670747,"t":"да, я ошибся","d":507477915,"a":[],"m":[{"f":15267753,"t":"и получателя, у него не мск а химки","d":507477882,"a":[]}]},{"i":2479881,"f":15267753,"t":"и получателя, у него не мск а химки","d":507477882,"a":[],"m":[]},{"i":2479880,"f":15267753,"t":"отправить можно из любого пункта в городе","d":507477876,"a":[],"m":[]},{"i":2479879,"f":15267753,"t":"в след раз от отправителя только нужен город","d":507477869,"a":[],"m":[]},{"i":2479877,"f":627670747,"t":"сейчас","d":507477815,"a":[],"m":[]},{"i":2479859,"f":15267753,"t":"89059515168 сбер","d":507477660,"a":[],"m":[]},{"i":2479858,"f":15267753,"t":"Накладная успешно создана с номером: 1320249924\n500","d":507477657,"a":[],"m":[]},{"i":2479833,"f":627670747,"t":"да","d":507476924,"a":[],"m":[]},{"i":2479831,"f":15267753,"t":"Коробку нужно включать?","d":507476915,"a":[],"m":[]},{"i":2479810,"f":627670747,"t":"из Краснодара, ул. Лузана 4\nв Москву, Синявинская 11 корп9 \nотправитель Черепуха Максим Сергеевич 89531107345\nполучатель Стаучан Александр Александрович 89671959004\nвес 1,5кг\nгабариты коробка М","d":507476316,"a":[],"m":[]},{"i":2479797,"f":15267753,"t":"Получателя фио номер тел пунк сдек габарит посыки и вес","d":507475906,"a":[],"m":[]},{"i":2479796,"f":15267753,"t":"Город отправителя","d":507475891,"a":[],"m":[]},{"i":2479795,"f":627670747,"t":"какие данные нужны?","d":507475855,"a":[],"m":[]},{"i":2479794,"f":15267753,"t":"Да","d":507475833,"a":[],"m":[]},{"i":2479793,"f":15267753,"t":"Привет","d":507475833,"a":[],"m":[]},{"i":2479792,"f":627670747,"t":"привет, мне Александр Стаучан сказал, что ты можешь сделать сдэк накладную со скидкой","d":507475799,"a":[],"m":[]}]}