{"meta":{"v":"1.2","p":226948510,"a":15267753,"t":"Marat Awe","d":1691415974},"data":[{"i":2753493,"f":226948510,"t":"Уже все(","d":523674067,"a":[],"m":[]},{"i":2753347,"f":15267753,"t":"прив","d":523659230,"a":[],"m":[]},{"i":2753250,"f":226948510,"t":"Привет","d":523653180,"a":[],"m":[]},{"i":2692255,"f":226948510,"t":"Уже нет","d":519527134,"a":[],"m":[]},{"i":2691793,"f":15267753,"t":"Нада?","d":519512832,"a":[],"m":[]},{"i":2691628,"f":226948510,"t":"Киров 900гр \n\nСанкт Петербург\nЛесной проспект 32\n\nСавицкий Дмитрий Владиславович  \n\n+79118038972","d":519504832,"a":[],"m":[]},{"i":2691626,"f":226948510,"t":"Привет","d":519504829,"a":[],"m":[]},{"i":2652562,"f":226948510,"t":"Уже не надо","d":517174105,"a":[],"m":[{"f":15267753,"t":"прив","d":517174096,"a":[]}]},{"i":2652561,"f":15267753,"t":"а на кого","d":517174098,"a":[],"m":[]},{"i":2652560,"f":15267753,"t":"прив","d":517174096,"a":[],"m":[]},{"i":2652495,"f":226948510,"t":"Гродно Беларусь\n1500 гр \n 25х 25 х 30 \n\nКиров","d":517172570,"a":[],"m":[]},{"i":2652492,"f":226948510,"t":"Привет","d":517172506,"a":[],"m":[]},{"i":2602057,"f":226948510,"t":"Уже все (","d":513974549,"a":[],"m":[]},{"i":2602055,"f":15267753,"t":"Прив","d":513974502,"a":[],"m":[]},{"i":2602014,"f":226948510,"t":"Привет","d":513973650,"a":[],"m":[]},{"i":2590721,"f":15267753,"t":"+","d":513113300,"a":[],"m":[]},{"i":2590719,"f":226948510,"t":"Перевел","d":513113213,"a":[],"m":[]},{"i":2590602,"f":15267753,"t":"И чекни сразу предыдущий","d":513110291,"a":[],"m":[]},{"i":2590601,"f":15267753,"t":".","d":513110280,"a":[],"m":[{"f":15267753,"t":"89059515168","d":512264194,"a":[]}]},{"i":2590599,"f":226948510,"t":"Карту","d":513110270,"a":[],"m":[]},{"i":2590597,"f":15267753,"t":"Накладная успешно создана с номером: 1333525671\n350","d":513110254,"a":[],"m":[{"f":226948510,"t":"Киров \n\n800гр \n25-15-30","d":513109896,"a":[]}]},{"i":2590581,"f":226948510,"t":"89999741590","d":513109929,"a":[],"m":[]},{"i":2590580,"f":226948510,"t":"Бессмертнова Наталья Леонидовна","d":513109922,"a":[],"m":[]},{"i":2590577,"f":226948510,"t":"Г Санкт-Петербург, Малый проспект В.О. 29 лит Г пом 2H","d":513109905,"a":[],"m":[]},{"i":2590576,"f":226948510,"t":"Киров \n\n800гр \n25-15-30","d":513109896,"a":[],"m":[]},{"i":2590397,"f":226948510,"t":"Привет ок","d":513101188,"a":[],"m":[]},{"i":2586500,"f":15267753,"t":"а я чет не помню ты можешь глянуть?","d":512858863,"a":[],"m":[]},{"i":2586499,"f":15267753,"t":"прив","d":512858855,"a":[],"m":[]},{"i":2586394,"f":226948510,"t":"Привет","d":512856014,"a":[],"m":[]},{"i":2586393,"f":226948510,"t":"Я переводил?","d":512856007,"a":[],"m":[{"f":15267753,"t":"89059515168","d":512264194,"a":[]}]},{"i":2577466,"f":15267753,"t":"Sber","d":512264199,"a":[],"m":[]},{"i":2577465,"f":15267753,"t":"89059515168","d":512264194,"a":[],"m":[]},{"i":2577464,"f":226948510,"t":"Карту","d":512264177,"a":[],"m":[]},{"i":2577359,"f":15267753,"t":"Накладная успешно создана с номером: 1331715444\n400","d":512255489,"a":[],"m":[{"f":226948510,"t":"Привет","d":512251751,"a":[]}]},{"i":2577357,"f":15267753,"t":"прив","d":512255424,"a":[],"m":[]},{"i":2577263,"f":226948510,"t":"Привет","d":512251751,"a":[],"m":[{"f":226948510,"t":"Здравствуйте Вологда\n800гр \n25-15-30","d":512241670,"a":[]},{"f":226948510,"t":"Киров красноармейская 5 \nИрисбаев Ходжимурод Тоштемирович\n89124612967","d":512241676,"a":[]}]},{"i":2560302,"f":15267753,"t":"+","d":511230567,"a":[],"m":[]},{"i":2560262,"f":226948510,"t":"Перевел","d":511230259,"a":[],"m":[]},{"i":2559295,"f":15267753,"t":".","d":511207291,"a":[],"m":[{"f":15267753,"t":"89059515168 сбер или тиньк","d":510680748,"a":[]}]},{"i":2559294,"f":15267753,"t":".","d":511207285,"a":[],"m":[{"f":15267753,"t":".","d":511029212,"a":[]}]},{"i":2559292,"f":226948510,"t":"Карта","d":511207273,"a":[],"m":[]},{"i":2559291,"f":226948510,"t":"Кайф","d":511207272,"a":[],"m":[]},{"i":2559290,"f":15267753,"t":"Накладная успешно создана с номером: 1329268575\n550","d":511207262,"a":[],"m":[{"f":226948510,"t":"Из Нижнего Новгорода\n\nДанные для отправки: \n\nИрисбаев Ходжимурод Тоштемирович \n8-912-461-2967\n\nПункт CDEK: Киров Красноармейская 5","d":511207091,"a":[]}]},{"i":2559287,"f":226948510,"t":"2400гр","d":511207187,"a":[],"m":[]},{"i":2559286,"f":226948510,"t":"Ой","d":511207184,"a":[],"m":[{"f":226948510,"t":"25/35/40 \n1000гр","d":511207118,"a":[]}]},{"i":2559285,"f":15267753,"t":"Ок","d":511207121,"a":[],"m":[]},{"i":2559284,"f":226948510,"t":"25/35/40 \n1000гр","d":511207118,"a":[],"m":[]},{"i":2559283,"f":15267753,"t":"Пара?","d":511207118,"a":[],"m":[]},{"i":2559282,"f":226948510,"t":"Из Нижнего Новгорода\n\nДанные для отправки: \n\nИрисбаев Ходжимурод Тоштемирович \n8-912-461-2967\n\nПункт CDEK: Киров Красноармейская 5","d":511207091,"a":[],"m":[]},{"i":2559281,"f":15267753,"t":"Da","d":511207069,"a":[],"m":[]},{"i":2559280,"f":226948510,"t":"Ты тут?","d":511207060,"a":[],"m":[]},{"i":2559261,"f":15267753,"t":"Давай","d":511206123,"a":[],"m":[]},{"i":2559260,"f":15267753,"t":"Прив","d":511206122,"a":[],"m":[]},{"i":2559251,"f":226948510,"t":"Срочно надо трек создать","d":511205829,"a":[],"m":[]},{"i":2559250,"f":226948510,"t":"Ты. Тут?","d":511205823,"a":[],"m":[]},{"i":2559249,"f":226948510,"t":"Привет","d":511205821,"a":[],"m":[]},{"i":2555972,"f":15267753,"t":"+","d":511029444,"a":[],"m":[]},{"i":2555968,"f":226948510,"t":"Готово","d":511029244,"a":[],"m":[]},{"i":2555967,"f":15267753,"t":".","d":511029212,"a":[],"m":[{"f":15267753,"t":"89059515168 сбер или тиньк","d":510680748,"a":[]}]},{"i":2555963,"f":226948510,"t":"Карту","d":511029189,"a":[],"m":[]},{"i":2555751,"f":15267753,"t":"Накладная успешно создана с номером: 1328696859\n350","d":511022296,"a":[],"m":[{"f":226948510,"t":"Орел\n\nИрисбаев Ходжимурод Тоштемирович\nКиров красноармейская 5\n89124612967","d":511021937,"a":[]}]},{"i":2555749,"f":15267753,"t":"прив","d":511022229,"a":[],"m":[]},{"i":2555742,"f":226948510,"t":"Привет","d":511021950,"a":[],"m":[]},{"i":2555741,"f":226948510,"t":"700гр \n28х12х15","d":511021946,"a":[],"m":[]},{"i":2555740,"f":226948510,"t":"Орел\n\nИрисбаев Ходжимурод Тоштемирович\nКиров красноармейская 5\n89124612967","d":511021937,"a":[],"m":[]},{"i":2552363,"f":15267753,"t":"+","d":510865030,"a":[],"m":[]},{"i":2552359,"f":226948510,"t":"✅","d":510865008,"a":[],"m":[]},{"i":2552358,"f":15267753,"t":"Накладная успешно создана с номером: 1328274976\n350","d":510864952,"a":[],"m":[{"f":226948510,"t":"Привет","d":510862747,"a":[]}]},{"i":2552357,"f":15267753,"t":"приет","d":510864910,"a":[],"m":[]},{"i":2552279,"f":226948510,"t":"700гр \n28х12х15","d":510862999,"a":[],"m":[]},{"i":2552247,"f":226948510,"t":"Спб - \n\nИрисбаев Ходжимурод Тоштемирович\nКиров красноармейская 5\n89124612967","d":510862757,"a":[],"m":[]},{"i":2552245,"f":226948510,"t":"Привет","d":510862747,"a":[],"m":[]},{"i":2550027,"f":15267753,"t":"+","d":510680845,"a":[],"m":[]},{"i":2550019,"f":226948510,"t":"Готово","d":510680798,"a":[],"m":[]},{"i":2550016,"f":15267753,"t":"89059515168 сбер или тиньк","d":510680748,"a":[],"m":[]},{"i":2549990,"f":226948510,"t":"Карту","d":510679682,"a":[],"m":[]},{"i":2549986,"f":15267753,"t":"Накладная успешно создана с номером: 1328037366\n1000","d":510679584,"a":[],"m":[{"f":226948510,"t":"Ирисбаев Ходжимурод Тоштемирович\nКиров красноармейская 5\n89124612967","d":510679177,"a":[]}]},{"i":2549979,"f":226948510,"t":"Ирисбаев Ходжимурод Тоштемирович\nКиров красноармейская 5\n89124612967","d":510679177,"a":[],"m":[]},{"i":2549705,"f":15267753,"t":"напиши данные","d":510672044,"a":[],"m":[]},{"i":2549590,"f":226948510,"t":"Го","d":510670666,"a":[],"m":[]},{"i":2549144,"f":15267753,"t":"1000 2-3 дня","d":510634425,"a":[],"m":[]},{"i":2549143,"f":15267753,"t":"прив","d":510634387,"a":[],"m":[]},{"i":2549119,"f":226948510,"t":"Привет. Можно стоимость расчитать? \n\n50х70х30 \n5кг \n\nСпб - Киров","d":510629104,"a":[],"m":[]},{"i":2541511,"f":15267753,"t":"+","d":510288219,"a":[],"m":[]},{"i":2541510,"f":15267753,"t":"Угу спасибо","d":510288218,"a":[],"m":[]},{"i":2541481,"f":226948510,"t":"","d":510287756,"a":[{"t":0,"s":{"m":"https://sun9-18.userapi.com/impg/QYr9QpGQwvntLL0bTeamDOeJ4gPP1QdKGvpbCA/x4q4LmuF31w.jpg?size=510x900&quality=95&crop=0,0,828,1461&sign=278644563848743c45d0b50098913433&c_uniq_tag=Jua6JsTbgrDrGPsarX06Y1OAw1wetjfe9kBKorN_m9Q&type=album","s":"https://sun9-18.userapi.com/impg/QYr9QpGQwvntLL0bTeamDOeJ4gPP1QdKGvpbCA/x4q4LmuF31w.jpg?size=200x433&quality=95&sign=3caebdb31f258279ef391d803d78915c&c_uniq_tag=NZ8PTXzhsUsC7bWH0B3I5MXYxX61gWF4n4r9nsdgFm4&type=album","n":"https://sun9-18.userapi.com/impg/QYr9QpGQwvntLL0bTeamDOeJ4gPP1QdKGvpbCA/x4q4LmuF31w.jpg?size=828x1792&quality=95&sign=43bba646d0a9161008af1f2ff542e1dd&c_uniq_tag=ZYYqjcHs6RrC1PPtVpFEvwcjRcW-4gxWnzxHeFUG5sU&type=album","o":"https://sun9-18.userapi.com/impg/QYr9QpGQwvntLL0bTeamDOeJ4gPP1QdKGvpbCA/x4q4LmuF31w.jpg?size=499x1080&quality=95&sign=d467dc6c9239b2fe7ca6ea54f22eca5a&c_uniq_tag=VeNVr1nnDjkAlIab8flQQVUowFq2BJChHEh56ZQDQLs&type=album","t":"https://sun9-18.userapi.com/impg/QYr9QpGQwvntLL0bTeamDOeJ4gPP1QdKGvpbCA/x4q4LmuF31w.jpg?size=279x604&quality=95&sign=ef407bd7ca372266bdd65dba72804c1f&c_uniq_tag=WSo8HTnLOHINDvez4ZkjEPwT75ynHX2fspQQENlif_U&type=album"},"z":"","q":0,"w":0,"o":226948510,"i":457265134,"d":510287756}],"m":[]},{"i":2541478,"f":226948510,"t":"Сейчас чекну","d":510287723,"a":[],"m":[]},{"i":2541476,"f":15267753,"t":"Ты на тиньк кинул да","d":510287715,"a":[],"m":[]},{"i":2540485,"f":226948510,"t":"Спасибо","d":510249464,"a":[],"m":[]},{"i":2540484,"f":15267753,"t":"","d":510249452,"a":[],"m":[{"f":587713556,"t":"Передай Марату пожалуйста что отправил","d":510249331,"a":[]},{"f":587713556,"t":"Фото ему докинул туда","d":510249337,"a":[]}]},{"i":2540463,"f":226948510,"t":"Спасибо","d":510248673,"a":[],"m":[]},{"i":2540117,"f":15267753,"t":"Накладная успешно создана с номером: 1326872531\n300","d":510232779,"a":[],"m":[{"f":226948510,"t":"В \nКиров красноармейская 5 \nИрисбаев Ходжимурод Тоштемирович\n89124612967","d":510213394,"a":[]}]},{"i":2540114,"f":15267753,"t":"привет","d":510232718,"a":[],"m":[]},{"i":2540029,"f":226948510,"t":"Оплачу трек вечером или как появится связь","d":510213494,"a":[],"m":[]},{"i":2540028,"f":226948510,"t":"И буду крайне благодарен если, перешлешь трек номер ему https://vk.com/alexswedk , просто вероятнее всего, у меня не будет связи и я не смогу оперативно скинуть трек","d":510213432,"a":[],"m":[]},{"i":2540027,"f":226948510,"t":"В \nКиров красноармейская 5 \nИрисбаев Ходжимурод Тоштемирович\n89124612967","d":510213394,"a":[],"m":[]},{"i":2540026,"f":226948510,"t":"Привет. Из Москвы\n900гр \n30х22х15","d":510213368,"a":[],"m":[]},{"i":2520224,"f":226948510,"t":"Спасибо","d":509303735,"a":[],"m":[]},{"i":2519992,"f":15267753,"t":"+","d":509299106,"a":[],"m":[]},{"i":2519982,"f":226948510,"t":"","d":509298823,"a":[{"t":0,"s":{"m":"https://sun9-80.userapi.com/impg/SncWLRMJvOdo7s67mRPsus2g7ZMBTarUqAf-LA/yFUWQLff63U.jpg?size=510x434&quality=95&sign=7c4dae803357d571b4cd768e7eb5a4a1&c_uniq_tag=VgxxW14lU5250wK7o-uU2zm3HJegheunClMieRFwCsU&type=album","s":"https://sun9-80.userapi.com/impg/SncWLRMJvOdo7s67mRPsus2g7ZMBTarUqAf-LA/yFUWQLff63U.jpg?size=200x170&quality=95&sign=f3874dd331d4430b34264b9f70c37057&c_uniq_tag=fiD74JITytbtd4pNxyLeCLqdWDmT8EvB89Ry3nCtcoU&type=album","n":"https://sun9-80.userapi.com/impg/SncWLRMJvOdo7s67mRPsus2g7ZMBTarUqAf-LA/yFUWQLff63U.jpg?size=828x704&quality=95&sign=e9cccfecb6626fc1ea21faa75a824eb1&c_uniq_tag=ljZAQMu6Be8ACz1BEn4EvyPRdMURx9LoFnRdSdiRs0c&type=album","o":"https://sun9-80.userapi.com/impg/SncWLRMJvOdo7s67mRPsus2g7ZMBTarUqAf-LA/yFUWQLff63U.jpg?size=807x686&quality=95&sign=226a4c40164b0a90beefc5a8a4ce2248&c_uniq_tag=jEOZ699exgWo-4wcFJPPw7o4aWN_GAOH7i3CvTtp-Mo&type=album","t":"https://sun9-80.userapi.com/impg/SncWLRMJvOdo7s67mRPsus2g7ZMBTarUqAf-LA/yFUWQLff63U.jpg?size=130x111&quality=95&sign=424991597cd5d0ce9923347b1a1b4101&c_uniq_tag=0lFEgI-aGNtaZSt0ON1OhFBOqPYSrMq05EKhIn4A2Ss&type=album"},"z":"","q":0,"w":0,"o":226948510,"i":457264707,"d":509298823}],"m":[]},{"i":2519184,"f":15267753,"t":"89059515168 сбер или тиньк","d":509283170,"a":[],"m":[]},{"i":2519176,"f":15267753,"t":"Накладная успешно создана с номером: 1324828094\n370","d":509283104,"a":[],"m":[{"f":226948510,"t":"От Лёши до \n\nКиров красноармейская 5 \nИрисбаев Ходжимурод Тоштемирович\n89124612967 \n\n700гр \n20х 30 х 10","d":509276021,"a":[]}]},{"i":2519169,"f":15267753,"t":"Привет","d":509282948,"a":[],"m":[]},{"i":2518930,"f":226948510,"t":"Он сказал, что у тебя его данные есть","d":509276111,"a":[],"m":[]},{"i":2518927,"f":226948510,"t":"От Лёши до \n\nКиров красноармейская 5 \nИрисбаев Ходжимурод Тоштемирович\n89124612967 \n\n700гр \n20х 30 х 10","d":509276021,"a":[],"m":[]},{"i":2518924,"f":226948510,"t":"Привет","d":509275968,"a":[],"m":[{"f":841997,"t":"Очень","d":509275266,"a":[]}]},{"i":2455156,"f":15267753,"t":"Хорошо)","d":506375315,"a":[],"m":[]},{"i":2455155,"f":226948510,"t":"В следующий раз оформлю, чел почту захотел😢","d":506375306,"a":[],"m":[]},{"i":2455152,"f":15267753,"t":"Да","d":506375272,"a":[],"m":[]},{"i":2455151,"f":15267753,"t":"Привет","d":506375271,"a":[],"m":[]},{"i":2455145,"f":226948510,"t":"?","d":506375118,"a":[],"m":[]},{"i":2455144,"f":226948510,"t":"Можешь сдек оформить(","d":506375116,"a":[],"m":[]},{"i":2455143,"f":226948510,"t":"","d":506375111,"a":[{"t":4}],"m":[]}]}