{"meta":{"v":"1.2","p":224015651,"a":15267753,"t":"Ильнур Мустафин","d":1691415394},"data":[{"i":3091716,"f":224015651,"t":"👍🏻","d":547407523,"a":[],"m":[]},{"i":3091715,"f":224015651,"t":"спасибо","d":547407519,"a":[],"m":[]},{"i":3091714,"f":15267753,"t":"+","d":547407511,"a":[],"m":[]},{"i":3091711,"f":15267753,"t":"400","d":547407416,"a":[],"m":[]},{"i":3091708,"f":224015651,"t":"а сколько?","d":547407400,"a":[],"m":[]},{"i":3091705,"f":15267753,"t":"89059515168 сбер","d":547407313,"a":[],"m":[]},{"i":3091704,"f":224015651,"t":"я","d":547407306,"a":[],"m":[]},{"i":3091703,"f":15267753,"t":"он платити или ты?","d":547407293,"a":[],"m":[]},{"i":3091702,"f":15267753,"t":"Номер заказа СДЭК 1437160223\n400","d":547407290,"a":[],"m":[{"f":224015651,"t":"Уфа\n\nМустафин Ильнур\n8 991 820 69 18\n\nМосква \n \nДмитровский проезд 4 \n \nБахов Сергей \n8 915 288 41 85","d":547406103,"a":[]}]},{"i":3091699,"f":224015651,"t":"34х25х14 1,3 кг","d":547407083,"a":[],"m":[]},{"i":3091689,"f":15267753,"t":"и вес","d":547406365,"a":[],"m":[]},{"i":3091687,"f":15267753,"t":"габарит","d":547406361,"a":[],"m":[]},{"i":3091685,"f":224015651,"t":"Уфа\n\nМустафин Ильнур\n8 991 820 69 18\n\nМосква \n \nДмитровский проезд 4 \n \nБахов Сергей \n8 915 288 41 85","d":547406103,"a":[],"m":[]},{"i":3091682,"f":15267753,"t":"привает","d":547405946,"a":[],"m":[]},{"i":3091681,"f":224015651,"t":"привет я по накладной","d":547405852,"a":[],"m":[]}]}