{"meta":{"v":"1.2","p":1615045,"a":15267753,"t":"Александр Дутка","d":1691415565},"data":[{"i":3019503,"f":1615045,"t":"Щас буду\nДумать","d":541350517,"a":[],"m":[]},{"i":3019502,"f":1615045,"t":"Принял","d":541350505,"a":[],"m":[]},{"i":3019501,"f":15267753,"t":"там могут отправить","d":541350497,"a":[],"m":[]},{"i":3019500,"f":15267753,"t":"тока еаэс страны","d":541350488,"a":[],"m":[]},{"i":3019499,"f":15267753,"t":"я не могу делать международк","d":541350484,"a":[],"m":[]},{"i":3019498,"f":1615045,"t":"Хочу понять может получится","d":541350479,"a":[],"m":[]},{"i":3019497,"f":1615045,"t":"Я бы заехал туда","d":541350471,"a":[],"m":[]},{"i":3019496,"f":1615045,"t":"Может попробуем","d":541350463,"a":[],"m":[]},{"i":3019495,"f":1615045,"t":"","d":541350462,"a":[{"t":0,"s":{"m":"https://sun9-56.userapi.com/impg/zPe2B6MLxM9Dy2_nILvuOvtEan5_XQaVJHPJTA/bq8anheGzI8.jpg?size=510x900&quality=95&crop=0,0,1183,2088&sign=4ce3502b3f48a7eaf3548c7b31a01a44&c_uniq_tag=-oby8W8Nqn7ckybJ5dvVyk4OXeLnHrbRt7f0I5RUykY&type=album","s":"https://sun9-56.userapi.com/impg/zPe2B6MLxM9Dy2_nILvuOvtEan5_XQaVJHPJTA/bq8anheGzI8.jpg?size=200x433&quality=95&sign=7a9b1d142acccee3607d1b11c262a599&c_uniq_tag=0zsTVocbygbx5GD9roo4P35ztIpfuAbWSFVrcffxcuQ&type=album","n":"https://sun9-56.userapi.com/impg/zPe2B6MLxM9Dy2_nILvuOvtEan5_XQaVJHPJTA/bq8anheGzI8.jpg?size=998x2160&quality=95&sign=4bc69be2c596341b04dcba3f617ca0f3&c_uniq_tag=SFPJc8EuwVGJBLOnAqmohtfTfMowBrfyytu44IAA7zQ&type=album","o":"https://sun9-56.userapi.com/impg/zPe2B6MLxM9Dy2_nILvuOvtEan5_XQaVJHPJTA/bq8anheGzI8.jpg?size=499x1080&quality=95&sign=ffb020f0c32c70ae0080d650376bf969&c_uniq_tag=D_IcaPzsWpOWAv5csIZ99Za1t2WZjHjaDldER0Ua5KE&type=album","t":"https://sun9-56.userapi.com/impg/zPe2B6MLxM9Dy2_nILvuOvtEan5_XQaVJHPJTA/bq8anheGzI8.jpg?size=279x604&quality=95&sign=42dc19ec6bbb516503e64f9671a60e8b&c_uniq_tag=blLRh6WuHs-clqMGVwH8GSLevMXsUXy1xJMQkaLj0K0&type=album"},"z":"","q":0,"w":0,"o":1615045,"i":457241096,"d":541350460}],"m":[]},{"i":3019494,"f":1615045,"t":"","d":541350446,"a":[{"t":0,"s":{"m":"https://sun9-59.userapi.com/impg/qh7drDAoNquvX1zcI4bkM2DHeuUkJzQuUCRQPw/B6P2vXAOpO4.jpg?size=510x900&quality=95&crop=0,0,1183,2088&sign=52814d124d15004cbbce178ebb2a9fd5&c_uniq_tag=tvnBdlW9HRnmpzl2_eQngNuLFl2o1QCtj-jK4AMj1hg&type=album","s":"https://sun9-59.userapi.com/impg/qh7drDAoNquvX1zcI4bkM2DHeuUkJzQuUCRQPw/B6P2vXAOpO4.jpg?size=200x433&quality=95&sign=9edeb5e242c613aa37b4da60fab85dfa&c_uniq_tag=Cwcz-7Wqj6o-24UT69wwYQ69l1SvraBCi0pWeGv0nDM&type=album","n":"https://sun9-59.userapi.com/impg/qh7drDAoNquvX1zcI4bkM2DHeuUkJzQuUCRQPw/B6P2vXAOpO4.jpg?size=998x2160&quality=95&sign=283c76c3f1430eafe084633d2182ac73&c_uniq_tag=BajALYnOl5QvNJ3CUkDGgZNBMwxjK4xzI-w8C-kX7Y8&type=album","o":"https://sun9-59.userapi.com/impg/qh7drDAoNquvX1zcI4bkM2DHeuUkJzQuUCRQPw/B6P2vXAOpO4.jpg?size=499x1080&quality=95&sign=f8c3e08a9ecda3bb494a750a75008db0&c_uniq_tag=-SYwS3bqEZeCBUeEJjPf9WwwhwjVu-ksJQSMjmUF2uc&type=album","t":"https://sun9-59.userapi.com/impg/qh7drDAoNquvX1zcI4bkM2DHeuUkJzQuUCRQPw/B6P2vXAOpO4.jpg?size=279x604&quality=95&sign=6856af766fc1000b03b995217904e31e&c_uniq_tag=wUUZluVpf7SldPVIY8HnzhX33qVMC9984-hyQ_Hfh5A&type=album"},"z":"","q":0,"w":0,"o":1615045,"i":457241095,"d":541350445}],"m":[]},{"i":3019493,"f":1615045,"t":"Пишет есть сдэк","d":541350400,"a":[],"m":[]},{"i":3019491,"f":15267753,"t":"неа","d":541350366,"a":[],"m":[]},{"i":3019490,"f":15267753,"t":"прив","d":541350364,"a":[],"m":[]},{"i":3019488,"f":1615045,"t":"С милана в москву можем отправить посылку с вещами?","d":541350331,"a":[],"m":[]},{"i":3019487,"f":1615045,"t":"Привет","d":541350284,"a":[],"m":[]},{"i":2926334,"f":1615045,"t":"Спасибо тебе 🤝","d":535246592,"a":[],"m":[]},{"i":2926333,"f":15267753,"t":"+","d":535246591,"a":[],"m":[]},{"i":2926332,"f":1615045,"t":"","d":535246578,"a":[{"t":3,"o":1615045,"i":656938087,"n":"Документ-2023-01-17-23:36:12.pdf","e":"pdf","s":52249,"url":"https://vk.com/doc1615045_656938087?hash=pLfOBTjUTBOuaA2BeBlrJUzVNQrWxFI6svQtzU68jGL&dl=GYpazPZKZwlZcJrH9HBqh4cLW3xyCzBE1ZKdCuF5byL&api=1&no_preview=1"}],"m":[]},{"i":2926331,"f":1615045,"t":"89059515168","d":535246505,"a":[],"m":[]},{"i":2926330,"f":15267753,"t":"89059515168 сбер","d":535246499,"a":[],"m":[]},{"i":2926329,"f":1615045,"t":"Давай закину","d":535246493,"a":[],"m":[]},{"i":2926328,"f":15267753,"t":"неа","d":535246492,"a":[],"m":[]},{"i":2926326,"f":1615045,"t":"Я же не кидал?","d":535246486,"a":[],"m":[]},{"i":2926325,"f":1615045,"t":"Моё","d":535246482,"a":[],"m":[]},{"i":2926324,"f":1615045,"t":"Да да","d":535246480,"a":[],"m":[]},{"i":2926323,"f":15267753,"t":"1900р","d":535246473,"a":[],"m":[]},{"i":2926322,"f":15267753,"t":"там обрешетка была?","d":535246461,"a":[],"m":[]},{"i":2926321,"f":15267753,"t":"Габариты 40 x 43 x 47 см\nВес 10.9 кг","d":535246458,"a":[],"m":[{"f":15267753,"t":"Номер заказа СДЭК 1394991205","d":534771613,"a":[]}]},{"i":2926315,"f":1615045,"t":"Скажи сколько","d":535246265,"a":[],"m":[]},{"i":2926314,"f":1615045,"t":"Я не расчитался","d":535246261,"a":[],"m":[]},{"i":2926312,"f":1615045,"t":"Накладную","d":535246250,"a":[],"m":[]},{"i":2926311,"f":1615045,"t":"Ты мне на мавики делал","d":535246240,"a":[],"m":[]},{"i":2926309,"f":15267753,"t":"прив","d":535246212,"a":[],"m":[]},{"i":2926290,"f":1615045,"t":"Привет","d":535245564,"a":[],"m":[]},{"i":2919338,"f":15267753,"t":"Да","d":534778113,"a":[],"m":[]},{"i":2919337,"f":1615045,"t":"Ну можно же без смс","d":534778104,"a":[],"m":[]},{"i":2919336,"f":1615045,"t":"Тупые","d":534778099,"a":[],"m":[]},{"i":2919335,"f":1615045,"t":"Ага","d":534778097,"a":[],"m":[]},{"i":2919333,"f":15267753,"t":"Нахуя просто смс то отправлять","d":534778067,"a":[],"m":[]},{"i":2919332,"f":15267753,"t":"Долбаебы они","d":534778058,"a":[],"m":[]},{"i":2919331,"f":1615045,"t":"Тупят они там походу","d":534778053,"a":[],"m":[]},{"i":2919327,"f":15267753,"t":"Нет доступа к тел тому","d":534778026,"a":[],"m":[]},{"i":2919326,"f":15267753,"t":"Без смс пусть отпр","d":534778023,"a":[],"m":[]},{"i":2919325,"f":1615045,"t":"Там смс","d":534777986,"a":[],"m":[]},{"i":2919050,"f":15267753,"t":"да отправить то из любого можно, главнео город","d":534771621,"a":[],"m":[]},{"i":2919049,"f":15267753,"t":"Номер заказа СДЭК 1394991205","d":534771613,"a":[],"m":[]},{"i":2919048,"f":1615045,"t":"А какой адресс сдэка","d":534771590,"a":[],"m":[]},{"i":2919047,"f":1615045,"t":"Давай так","d":534771580,"a":[],"m":[]},{"i":2919046,"f":15267753,"t":"ты скажешь как отправят я цену посмотрю и скажу тебе","d":534771566,"a":[],"m":[]},{"i":2919045,"f":15267753,"t":"давай я прсото сделаю они сами там добавят че","d":534771556,"a":[],"m":[]},{"i":2919041,"f":1615045,"t":"Да на горбушку","d":534771540,"a":[],"m":[]},{"i":2919039,"f":15267753,"t":"на тебя?","d":534771526,"a":[],"m":[]},{"i":2919035,"f":1615045,"t":"Как то можно чтоб они упаковали","d":534771363,"a":[],"m":[]},{"i":2919032,"f":1615045,"t":"Пупырку","d":534771331,"a":[],"m":[]},{"i":2919031,"f":1615045,"t":"Там будет","d":534771326,"a":[],"m":[]},{"i":2919030,"f":1615045,"t":"Два мавика","d":534771320,"a":[],"m":[]},{"i":2919028,"f":1615045,"t":"Что то рядом с этим адресом есть","d":534771313,"a":[],"m":[]},{"i":2919026,"f":1615045,"t":"Минеральные Воды","d":534771298,"a":[],"m":[]},{"i":2919025,"f":1615045,"t":"Железноводская, 135","d":534771291,"a":[],"m":[]},{"i":2919022,"f":15267753,"t":"прив давай","d":534771280,"a":[],"m":[]},{"i":2919013,"f":1615045,"t":"Сможеминаеладную сделать","d":534770804,"a":[],"m":[]},{"i":2919012,"f":1615045,"t":"Привет","d":534770795,"a":[],"m":[]},{"i":2917401,"f":15267753,"t":"да хз нада упаковать сначала потом сичтать","d":534701015,"a":[],"m":[]},{"i":2917399,"f":1615045,"t":"Мавика","d":534700971,"a":[],"m":[]},{"i":2917398,"f":1615045,"t":"2 шт","d":534700968,"a":[],"m":[]},{"i":2917397,"f":1615045,"t":"Отправка","d":534700966,"a":[],"m":[]},{"i":2917396,"f":1615045,"t":"А сколько выйдет","d":534700962,"a":[],"m":[]},{"i":2917394,"f":15267753,"t":"и доебывать будут страховку вправить всякую хуйню","d":534700955,"a":[],"m":[]},{"i":2917393,"f":15267753,"t":"у них просто дорогая очень упаковка","d":534700945,"a":[],"m":[]},{"i":2917391,"f":15267753,"t":"ну либо так","d":534700940,"a":[],"m":[]},{"i":2917390,"f":1615045,"t":"И пупырку","d":534700938,"a":[],"m":[]},{"i":2917389,"f":1615045,"t":"Купить коробку","d":534700935,"a":[],"m":[]},{"i":2917388,"f":1615045,"t":"Упаковать","d":534700928,"a":[],"m":[]},{"i":2917387,"f":1615045,"t":"А если у них","d":534700926,"a":[],"m":[]},{"i":2917386,"f":1615045,"t":"Mavic 3 combo","d":534700910,"a":[],"m":[]},{"i":2917385,"f":15267753,"t":"главное сам упакуй хорошо что бы не размотался он","d":534700904,"a":[],"m":[]},{"i":2917384,"f":15267753,"t":"да можно че нет","d":534700896,"a":[],"m":[]},{"i":2917383,"f":1615045,"t":"С минеральных вод в москву","d":534700895,"a":[],"m":[]},{"i":2917381,"f":1615045,"t":"Сдеком квадрокоптеры можем отправить","d":534700888,"a":[],"m":[]},{"i":2917379,"f":1615045,"t":"Подскажи","d":534700878,"a":[],"m":[]},{"i":2917378,"f":1615045,"t":"Спасибо","d":534700875,"a":[],"m":[]},{"i":2917376,"f":15267753,"t":"+","d":534700861,"a":[],"m":[]},{"i":2917368,"f":1615045,"t":"+","d":534700722,"a":[],"m":[]},{"i":2917365,"f":15267753,"t":"89059515168 сбер","d":534700681,"a":[],"m":[]},{"i":2917363,"f":1615045,"t":"Куда скинуть","d":534700669,"a":[],"m":[]},{"i":2917358,"f":15267753,"t":"Номер заказа СДЭК 1394785653\n300","d":534700631,"a":[],"m":[]},{"i":2917356,"f":1615045,"t":"","d":534700428,"a":[{"t":0,"s":{"m":"https://sun9-52.userapi.com/impg/nU7F9uhajoU7J_xUIZpGkCxrGESwHJvz-RGuEw/5J2GPk6k5Lo.jpg?size=510x900&quality=95&crop=0,0,1183,2088&sign=250ace5213c7aecadb9fdc07ea19b3d2&c_uniq_tag=uWKunUD-xPzkbUrOvPsB7Y0Q0lXNh-MFbOjKXzllnNM&type=album","s":"https://sun9-52.userapi.com/impg/nU7F9uhajoU7J_xUIZpGkCxrGESwHJvz-RGuEw/5J2GPk6k5Lo.jpg?size=200x433&quality=95&sign=771ac556abb1c00198db7a2ddcd86b33&c_uniq_tag=jXqa7o2e3M1kx9aScD_iKaL2GC2NYjZo2hYuiPX4byM&type=album","n":"https://sun9-52.userapi.com/impg/nU7F9uhajoU7J_xUIZpGkCxrGESwHJvz-RGuEw/5J2GPk6k5Lo.jpg?size=998x2160&quality=95&sign=0dfde9656f0d4fdeac897694e5a10a94&c_uniq_tag=UoHVcfgUhia0eXHWCwPX258R7_OzVRVkn3J4r2ff3kg&type=album","o":"https://sun9-52.userapi.com/impg/nU7F9uhajoU7J_xUIZpGkCxrGESwHJvz-RGuEw/5J2GPk6k5Lo.jpg?size=499x1080&quality=95&sign=d1a988cfa48d555c825faab9e094e200&c_uniq_tag=5WaQxGpNHqARW8k2d_R1jgfKql7QHAd-Pb5MDLg6YXw&type=album","t":"https://sun9-52.userapi.com/impg/nU7F9uhajoU7J_xUIZpGkCxrGESwHJvz-RGuEw/5J2GPk6k5Lo.jpg?size=279x604&quality=95&sign=5a22a5a61add6de86065ca6281082366&c_uniq_tag=UeYMEXbLzAusoNpeqjeV5uDYy4nk_1BzYnqAMMswSZ4&type=album"},"z":"","q":0,"w":0,"o":1615045,"i":457241067,"d":534684643}],"m":[]},{"i":2917355,"f":1615045,"t":"Куртка","d":534700408,"a":[],"m":[]},{"i":2917353,"f":15267753,"t":"А гаьарит","d":534700397,"a":[],"m":[]},{"i":2917352,"f":15267753,"t":"Прив","d":534700395,"a":[],"m":[]},{"i":2917342,"f":1615045,"t":"Он отправит","d":534700039,"a":[],"m":[]},{"i":2917341,"f":1615045,"t":"От любимцева","d":534700034,"a":[],"m":[]},{"i":2917339,"f":1615045,"t":"","d":534700017,"a":[],"m":[{"f":1615045,"t":"","d":534685990,"a":[],"m":[{"f":1615045,"t":"","d":481214175,"a":[],"m":[{"f":1615045,"t":"","d":480338633,"a":[],"m":[{"f":1615045,"t":"Москва, Багратионовский проезд, 7к3, помещение №G1-006В","d":480267017,"a":[]},{"f":1615045,"t":"дутка александр михайлович","d":480267025,"a":[]},{"f":1615045,"t":"89096666448","d":480267029,"a":[]}]}]}]}]},{"i":2917337,"f":1615045,"t":"А сделаешь накладную","d":534699997,"a":[],"m":[]},{"i":2917336,"f":1615045,"t":"Привет","d":534699992,"a":[],"m":[]},{"i":2880132,"f":15267753,"t":"","d":532203266,"a":[{"t":3,"o":15267753,"i":651568251,"n":"print-barcode-1387359561.pdf","e":"pdf","s":42804,"url":"https://vk.com/doc15267753_651568251?hash=09auiNA0O5HUfHJOACIrZxhGePnqYA52UoTK5nPDdns&dl=uz0zFPEz2BisM9UQWIUR2NFbj8z7R8hrcWMTkeZZBaX&api=1&no_preview=1"}],"m":[]},{"i":2880131,"f":1615045,"t":"?","d":532203192,"a":[],"m":[]},{"i":2880126,"f":1615045,"t":"А можешь скинуть накладную я распечатаю\nЕе","d":532202617,"a":[],"m":[]},{"i":2880108,"f":15267753,"t":"Номер заказа СДЭК 1387359561 \n250","d":532202015,"a":[],"m":[{"f":1615045,"t":"Санкт петербург\nКомендантский пр-кт 60к3\n\n+7 962 721-76-96\n\nМатвеева анна","d":532201090,"a":[]}]},{"i":2880106,"f":15267753,"t":"давай я сделаю обычынйю а в сдеке добавишь упаковку отправишь и я скажу сколько выйдет","d":532201959,"a":[],"m":[]},{"i":2880089,"f":1615045,"t":"Можно бокс","d":532201201,"a":[],"m":[]},{"i":2880088,"f":1615045,"t":"Будет","d":532201195,"a":[],"m":[]},{"i":2880087,"f":1615045,"t":"Сумка небольшая","d":532201193,"a":[],"m":[]},{"i":2880086,"f":1615045,"t":"","d":532201187,"a":[{"t":0,"s":{"m":"https://sun9-73.userapi.com/impg/2ZIwNfc-3JVsQuj8qAM-uTeyvj7G3ztB1juj3A/C3--jZz3Yro.jpg?size=510x900&quality=95&crop=0,0,1079,1904&sign=9c3dadef3c3fd28287dafdb4e2e21dce&c_uniq_tag=ITpXi53KDVqvnKy78ILHNtEglowash7GF63E83DFqhE&type=album","s":"https://sun9-73.userapi.com/impg/2ZIwNfc-3JVsQuj8qAM-uTeyvj7G3ztB1juj3A/C3--jZz3Yro.jpg?size=200x356&quality=95&sign=4d90160005cef521f16047142c8170c2&c_uniq_tag=R1va_JrAvI1jDpLAh6Oga0kEQw_Eh90nSPD4bBcSsKs&type=album","n":"https://sun9-73.userapi.com/impg/2ZIwNfc-3JVsQuj8qAM-uTeyvj7G3ztB1juj3A/C3--jZz3Yro.jpg?size=1079x1920&quality=95&sign=c1ae12bc697a59cb4ad01ad3d4d94c43&c_uniq_tag=LjOLNaLp16ZzFSzpqZ0SGdqx93SyprNM1tYB6vtO5Eg&type=album","o":"https://sun9-73.userapi.com/impg/2ZIwNfc-3JVsQuj8qAM-uTeyvj7G3ztB1juj3A/C3--jZz3Yro.jpg?size=607x1080&quality=95&sign=45181087b1eda9066bc2fa910fd6dd14&c_uniq_tag=z8DoyMRsWkbAZM5pRRpCzdM-0tjDA7ut0-WEE5PSlTo&type=album","t":"https://sun9-73.userapi.com/impg/2ZIwNfc-3JVsQuj8qAM-uTeyvj7G3ztB1juj3A/C3--jZz3Yro.jpg?size=339x604&quality=95&sign=e949fbbaf9a799af610725133dadf020&c_uniq_tag=VFRwuUW-1xSzXqAntGjXJYBZzul2TSkP5E2J-sluHqk&type=album"},"z":"","q":0,"w":0,"o":1615045,"i":457241044,"d":532201187}],"m":[]},{"i":2880081,"f":1615045,"t":"Санкт петербург\nКомендантский пр-кт 60к3\n\n+7 962 721-76-96\n\nМатвеева анна","d":532201090,"a":[],"m":[]},{"i":2880080,"f":15267753,"t":"Прив давай","d":532201056,"a":[],"m":[]},{"i":2880078,"f":1615045,"t":"Сделаешь накладную?","d":532201048,"a":[],"m":[]},{"i":2880076,"f":1615045,"t":"Привет","d":532201042,"a":[],"m":[]},{"i":2871363,"f":15267753,"t":"+","d":531582442,"a":[],"m":[]},{"i":2871087,"f":1615045,"t":"+","d":531566546,"a":[],"m":[]},{"i":2870973,"f":15267753,"t":"оке на тиньк тогда 89059515168","d":531531928,"a":[],"m":[]},{"i":2870952,"f":1615045,"t":"Щас закину","d":531531752,"a":[],"m":[]},{"i":2870951,"f":1615045,"t":"Походу нет((","d":531531747,"a":[],"m":[]},{"i":2870950,"f":1615045,"t":"Привет","d":531531743,"a":[],"m":[]},{"i":2870949,"f":15267753,"t":"привет, а ты сдек закидывал?","d":531531717,"a":[],"m":[]},{"i":2867413,"f":15267753,"t":"да наклейка ок","d":531239967,"a":[],"m":[]},{"i":2867412,"f":1615045,"t":"Или еще накладная нужна в сдэке?","d":531239928,"a":[],"m":[]},{"i":2867411,"f":1615045,"t":"А этого достаточно","d":531239918,"a":[],"m":[]},{"i":2867410,"f":1615045,"t":"","d":531239913,"a":[{"t":0,"s":{"m":"https://sun9-63.userapi.com/impg/h7hbIWVKruUtf1oZJ2VILSS7Jr0jiguC8rSXCA/DmjU7FRV0lk.jpg?size=510x680&quality=95&sign=baae55221aa4e7604c3748009c271b44&c_uniq_tag=i5cHUWkagUBTLZj64qD4VpPakhH7SdB-hJGusvSgOXk&type=album","s":"https://sun9-63.userapi.com/impg/h7hbIWVKruUtf1oZJ2VILSS7Jr0jiguC8rSXCA/DmjU7FRV0lk.jpg?size=200x267&quality=95&sign=6de5b09972f2bee21b4b1293c9ca58f1&c_uniq_tag=H9myqOtmnRJuVdrxv4d55UosnbARHcpl7TdP-i6TMMA&type=album","n":"https://sun9-63.userapi.com/impg/h7hbIWVKruUtf1oZJ2VILSS7Jr0jiguC8rSXCA/DmjU7FRV0lk.jpg?size=1440x1920&quality=95&sign=5ba3e5316e055108eee2527de955f36c&c_uniq_tag=5o6xqdVNCldK2C2itHlLKV7cNglAv2IQagU9Rm9gsgU&type=album","o":"https://sun9-63.userapi.com/impg/h7hbIWVKruUtf1oZJ2VILSS7Jr0jiguC8rSXCA/DmjU7FRV0lk.jpg?size=810x1080&quality=95&sign=6af03039d85ce2e2302375173dbebe3b&c_uniq_tag=2uLDhAspMZ_3XD6bkLwLlgDLqZRjlriNbD4ePSZUbdM&type=album","t":"https://sun9-63.userapi.com/impg/h7hbIWVKruUtf1oZJ2VILSS7Jr0jiguC8rSXCA/DmjU7FRV0lk.jpg?size=453x604&quality=95&sign=e684d96b56fe7e521e612249097ecee6&c_uniq_tag=ZxKK-2frdQKqVzkvHrkLLKO0cUqzwM6TctBd2kzK5Vo&type=album"},"z":"","q":0,"w":0,"o":1615045,"i":457241009,"d":531239912}],"m":[]},{"i":2867404,"f":15267753,"t":"","d":531239698,"a":[{"t":3,"o":15267753,"i":650871379,"n":"print-barcode-1383898464.pdf","e":"pdf","s":44158,"url":"https://vk.com/doc15267753_650871379?hash=AWkgsQLREy1Xpc8T1CLxpEF7fkgzJ3RZBCC5Cqnjigc&dl=IGx7xaZzH42FCCZJvuXMJ3zSMBGs6kV6hswHKkfVYRo&api=1&no_preview=1"}],"m":[]},{"i":2867397,"f":1615045,"t":"Чтоб\nЯ распечатал","d":531239489,"a":[],"m":[]},{"i":2867396,"f":1615045,"t":"А можешь документ отправить","d":531239485,"a":[],"m":[]},{"i":2867370,"f":1615045,"t":"Ок","d":531238957,"a":[],"m":[]},{"i":2867368,"f":15267753,"t":"Номер заказа СДЭК 1383898464\n1000","d":531238917,"a":[],"m":[{"f":1615045,"t":"Павлюхина 110 в 3 подъезд 235 кВ. 4 этаж","d":531238151,"a":[]}]},{"i":2867367,"f":15267753,"t":"вот близж","d":531238894,"a":[],"m":[]},{"i":2867365,"f":15267753,"t":"На Спартаковской, 165","d":531238891,"a":[],"m":[]},{"i":2867361,"f":1615045,"t":"Давай до склада","d":531238864,"a":[],"m":[]},{"i":2867359,"f":15267753,"t":"до склада 1к","d":531238855,"a":[],"m":[]},{"i":2867356,"f":1615045,"t":"В отделение?","d":531238835,"a":[],"m":[]},{"i":2867354,"f":1615045,"t":"Давай до сдэка","d":531238831,"a":[],"m":[]},{"i":2867352,"f":1615045,"t":"Ого","d":531238827,"a":[],"m":[]},{"i":2867349,"f":15267753,"t":"3500 до двери такая)","d":531238751,"a":[],"m":[]},{"i":2867345,"f":1615045,"t":"+7 (966) 036-80-08","d":531238491,"a":[],"m":[]},{"i":2867344,"f":1615045,"t":"Казань","d":531238474,"a":[],"m":[]},{"i":2867343,"f":1615045,"t":"Да","d":531238472,"a":[],"m":[]},{"i":2867340,"f":15267753,"t":"тел и город еще","d":531238232,"a":[],"m":[]},{"i":2867339,"f":15267753,"t":"до кв?","d":531238230,"a":[],"m":[]},{"i":2867337,"f":1615045,"t":"Чуперка валерий николаевич","d":531238160,"a":[],"m":[]},{"i":2867336,"f":1615045,"t":"Павлюхина 110 в 3 подъезд 235 кВ. 4 этаж","d":531238151,"a":[],"m":[]},{"i":2867335,"f":1615045,"t":"","d":531238133,"a":[],"m":[{"f":1615045,"t":"100-50-30","d":530804844,"a":[]}]},{"i":2867333,"f":15267753,"t":"привет, давай","d":531238047,"a":[],"m":[]},{"i":2867228,"f":1615045,"t":"Сделаешь накладную?","d":531232097,"a":[],"m":[]},{"i":2867226,"f":1615045,"t":"Привет","d":531232091,"a":[],"m":[]},{"i":2861689,"f":15267753,"t":"Номер заказа СДЭК 1382016440\n1250","d":530805108,"a":[],"m":[{"f":1615045,"t":"","d":530801876,"a":[{"t":0,"s":{"m":"https://sun9-51.userapi.com/impg/Nk6_n9WIAYWLOO3KuY2LDDbbs-I_f9isdr6X3A/CfJMeBKQo4M.jpg?size=510x680&quality=95&sign=91236138cc469ac4137da34b29a955a0&c_uniq_tag=xP14xAFsWQOYC9qNoe479uRDnetD3zfO_I90x6i-HXY&type=album","s":"https://sun9-51.userapi.com/impg/Nk6_n9WIAYWLOO3KuY2LDDbbs-I_f9isdr6X3A/CfJMeBKQo4M.jpg?size=200x267&quality=95&sign=2f077a1a11b016a8145757eed521576d&c_uniq_tag=fPeFBo2QnW3lskmASADrh4HgapWccfquX0bP4JrawfE&type=album","n":"https://sun9-51.userapi.com/impg/Nk6_n9WIAYWLOO3KuY2LDDbbs-I_f9isdr6X3A/CfJMeBKQo4M.jpg?size=1440x1920&quality=95&sign=5711e7ab698dac0aaa814ea16dafbc66&c_uniq_tag=dO1i7D-IdEAKTp953bbbfu8eJDbDQ4GF097W8rftl4Q&type=album","o":"https://sun9-51.userapi.com/impg/Nk6_n9WIAYWLOO3KuY2LDDbbs-I_f9isdr6X3A/CfJMeBKQo4M.jpg?size=810x1080&quality=95&sign=ba38e6b82b76b927935bcf375e5c9032&c_uniq_tag=pSdUWhAG0hAdFKyosNPkpIZR4dd4TzqSqS1i5M4tyrg&type=album","t":"https://sun9-51.userapi.com/impg/Nk6_n9WIAYWLOO3KuY2LDDbbs-I_f9isdr6X3A/CfJMeBKQo4M.jpg?size=453x604&quality=95&sign=8dc923117743a0eb84d68783130354d7&c_uniq_tag=Ng8Xdy4s8TkqqLGhAeSeo1bU3Nu8vu0qHnBt94caQ2Y&type=album"},"z":"","q":0,"w":0,"o":1615045,"i":457241004,"d":530801876}]}]},{"i":2861688,"f":1615045,"t":"100-50-30","d":530804844,"a":[],"m":[]},{"i":2861662,"f":1615045,"t":"Ок","d":530802820,"a":[],"m":[]},{"i":2861660,"f":15267753,"t":"Не, нада прям четки в см а то в сдеке перемярят и поставят дороже","d":530802773,"a":[],"m":[]},{"i":2861654,"f":1615045,"t":"Может так поймешь","d":530801878,"a":[],"m":[]},{"i":2861653,"f":1615045,"t":"","d":530801876,"a":[{"t":0,"s":{"m":"https://sun9-51.userapi.com/impg/Nk6_n9WIAYWLOO3KuY2LDDbbs-I_f9isdr6X3A/CfJMeBKQo4M.jpg?size=510x680&quality=95&sign=91236138cc469ac4137da34b29a955a0&c_uniq_tag=xP14xAFsWQOYC9qNoe479uRDnetD3zfO_I90x6i-HXY&type=album","s":"https://sun9-51.userapi.com/impg/Nk6_n9WIAYWLOO3KuY2LDDbbs-I_f9isdr6X3A/CfJMeBKQo4M.jpg?size=200x267&quality=95&sign=2f077a1a11b016a8145757eed521576d&c_uniq_tag=fPeFBo2QnW3lskmASADrh4HgapWccfquX0bP4JrawfE&type=album","n":"https://sun9-51.userapi.com/impg/Nk6_n9WIAYWLOO3KuY2LDDbbs-I_f9isdr6X3A/CfJMeBKQo4M.jpg?size=1440x1920&quality=95&sign=5711e7ab698dac0aaa814ea16dafbc66&c_uniq_tag=dO1i7D-IdEAKTp953bbbfu8eJDbDQ4GF097W8rftl4Q&type=album","o":"https://sun9-51.userapi.com/impg/Nk6_n9WIAYWLOO3KuY2LDDbbs-I_f9isdr6X3A/CfJMeBKQo4M.jpg?size=810x1080&quality=95&sign=ba38e6b82b76b927935bcf375e5c9032&c_uniq_tag=pSdUWhAG0hAdFKyosNPkpIZR4dd4TzqSqS1i5M4tyrg&type=album","t":"https://sun9-51.userapi.com/impg/Nk6_n9WIAYWLOO3KuY2LDDbbs-I_f9isdr6X3A/CfJMeBKQo4M.jpg?size=453x604&quality=95&sign=8dc923117743a0eb84d68783130354d7&c_uniq_tag=Ng8Xdy4s8TkqqLGhAeSeo1bU3Nu8vu0qHnBt94caQ2Y&type=album"},"z":"","q":0,"w":0,"o":1615045,"i":457241004,"d":530801876}],"m":[]},{"i":2861650,"f":15267753,"t":"габаиты и вес","d":530801456,"a":[],"m":[]},{"i":2861649,"f":15267753,"t":"давай","d":530801452,"a":[],"m":[]},{"i":2861648,"f":15267753,"t":"прив","d":530801450,"a":[],"m":[]},{"i":2861647,"f":1615045,"t":"Он сказал ты сделаешь","d":530801450,"a":[],"m":[]},{"i":2861646,"f":1615045,"t":"Хочу ему куртки отправить","d":530801445,"a":[],"m":[]},{"i":2861645,"f":1615045,"t":"А сделаем накладную для мирного","d":530801439,"a":[],"m":[]},{"i":2861644,"f":1615045,"t":"Привет","d":530801431,"a":[],"m":[]},{"i":2797039,"f":1615045,"t":"Ок скину","d":526465686,"a":[],"m":[]},{"i":2796807,"f":15267753,"t":"еще 200 взяли за коробку и пупырку","d":526427817,"a":[],"m":[{"f":15267753,"t":"Накладная успешно создана с номером: 1367846705\n550","d":526403262,"a":[]}]},{"i":2796590,"f":1615045,"t":"Ок","d":526409278,"a":[],"m":[]},{"i":2796544,"f":15267753,"t":"3-4 дня","d":526406247,"a":[],"m":[]},{"i":2796477,"f":1615045,"t":"А сколько по времени будет ехать?","d":526404551,"a":[],"m":[]},{"i":2796474,"f":15267753,"t":"+","d":526404353,"a":[],"m":[]},{"i":2796465,"f":1615045,"t":"Кинул","d":526403592,"a":[],"m":[]},{"i":2796458,"f":15267753,"t":"89059515168 сбер","d":526403306,"a":[],"m":[]},{"i":2796456,"f":1615045,"t":"Куда кинуть?","d":526403301,"a":[],"m":[]},{"i":2796455,"f":15267753,"t":"Накладная успешно создана с номером: 1367846705\n550","d":526403262,"a":[],"m":[{"f":1615045,"t":"Овчинникова Алиса Сергеевна, паспорт 6511 080571, адрес Сдэка: г.Арамиль, ул. 1 мая 8","d":526403048,"a":[]}]},{"i":2796451,"f":1615045,"t":"32.000","d":526403163,"a":[],"m":[]},{"i":2796450,"f":1615045,"t":"","d":526403140,"a":[{"t":0,"s":{"m":"https://sun9-15.userapi.com/impg/Gye55T2VrwDhZ8g7Y3pfZIsAUCpsae11rlRkdQ/iONCWrqCcw8.jpg?size=510x680&quality=95&sign=0733e7f81665d3e97a1a7d6a7b7db700&c_uniq_tag=kaKzFoipRq_K3Ifbot-2bRlvr4jtC9wWgJHeDEx9wxQ&type=album","s":"https://sun9-15.userapi.com/impg/Gye55T2VrwDhZ8g7Y3pfZIsAUCpsae11rlRkdQ/iONCWrqCcw8.jpg?size=200x267&quality=95&sign=bed208739be53d060144ef0d2a1a4739&c_uniq_tag=YbRuojE77tRW59au7cXUU_nGlwShImtFsGkLpWvkitw&type=album","n":"https://sun9-15.userapi.com/impg/Gye55T2VrwDhZ8g7Y3pfZIsAUCpsae11rlRkdQ/iONCWrqCcw8.jpg?size=1440x1920&quality=95&sign=7b0c517d5c4f091cc3f9994bc4229d71&c_uniq_tag=VqYmNrF7TOdy38CkfC10pVMOYs67vuZwq4LjL6HJ640&type=album","o":"https://sun9-15.userapi.com/impg/Gye55T2VrwDhZ8g7Y3pfZIsAUCpsae11rlRkdQ/iONCWrqCcw8.jpg?size=810x1080&quality=95&sign=a8a6ce16d074766bfa8317a7c52ef06b&c_uniq_tag=5FKXv5S0gZZafhXs9RNo5N6x56YTBgj8DWvyVxkLSpg&type=album","t":"https://sun9-15.userapi.com/impg/Gye55T2VrwDhZ8g7Y3pfZIsAUCpsae11rlRkdQ/iONCWrqCcw8.jpg?size=453x604&quality=95&sign=721833fe4cfcbf5acf824c7f1e32d7af&c_uniq_tag=1xXUZgx09B6E_GMbUDcqpNLV8lo8K9MO67Qy0RDUGPs&type=album"},"z":"","q":0,"w":0,"o":1615045,"i":457240967,"d":526403140}],"m":[]},{"i":2796449,"f":15267753,"t":"на скольк","d":526403131,"a":[],"m":[{"f":1615045,"t":"И застраховать","d":526403117,"a":[]}]},{"i":2796448,"f":1615045,"t":"Часы аппл","d":526403121,"a":[],"m":[]},{"i":2796447,"f":1615045,"t":"И застраховать","d":526403117,"a":[],"m":[]},{"i":2796446,"f":15267753,"t":"и габарит","d":526403106,"a":[],"m":[]},{"i":2796445,"f":15267753,"t":"из мск?","d":526403104,"a":[],"m":[]},{"i":2796444,"f":1615045,"t":"89827232289","d":526403059,"a":[],"m":[]},{"i":2796443,"f":1615045,"t":"Овчинникова Алиса Сергеевна, паспорт 6511 080571, адрес Сдэка: г.Арамиль, ул. 1 мая 8","d":526403048,"a":[],"m":[]},{"i":2796440,"f":15267753,"t":"прив давай","d":526402985,"a":[],"m":[]},{"i":2796438,"f":1615045,"t":"Сделаешь накладную","d":526402954,"a":[],"m":[]},{"i":2796437,"f":1615045,"t":"Привет","d":526402948,"a":[],"m":[]},{"i":2661327,"f":15267753,"t":"+++","d":517667570,"a":[],"m":[]},{"i":2661317,"f":15267753,"t":"89059515168 сбер","d":517667490,"a":[],"m":[]},{"i":2661316,"f":1615045,"t":"Куда кинуть?","d":517667477,"a":[],"m":[]},{"i":2661315,"f":15267753,"t":"Накладная успешно создана с номером: 1344235286\n250","d":517667462,"a":[],"m":[]},{"i":2661312,"f":1615045,"t":"+7 960 232-44-52","d":517667025,"a":[],"m":[]},{"i":2661311,"f":15267753,"t":"Номер телефона)","d":517667008,"a":[],"m":[]},{"i":2661310,"f":1615045,"t":"Коробочка не большая","d":517667000,"a":[],"m":[]},{"i":2661309,"f":1615045,"t":"Телефон и обувь там","d":517666994,"a":[],"m":[]},{"i":2661307,"f":15267753,"t":"И габарит","d":517666983,"a":[],"m":[]},{"i":2661306,"f":15267753,"t":"Тел еще","d":517666980,"a":[],"m":[]},{"i":2661282,"f":1615045,"t":"Титаренко Ольга Анатольевна","d":517666454,"a":[],"m":[]},{"i":2661278,"f":1615045,"t":"Спб Ул Одоевского 28","d":517666447,"a":[],"m":[]},{"i":2661260,"f":15267753,"t":"Габарит посылки","d":517666059,"a":[],"m":[]},{"i":2661259,"f":15267753,"t":"Фио пункт номер тел","d":517666055,"a":[],"m":[]},{"i":2661258,"f":1615045,"t":"Какие данные?","d":517666045,"a":[],"m":[]},{"i":2661257,"f":1615045,"t":"Что там надо","d":517666042,"a":[],"m":[]},{"i":2661256,"f":1615045,"t":"С москвы в питер","d":517666038,"a":[],"m":[]},{"i":2661255,"f":15267753,"t":"Привет давай","d":517666027,"a":[],"m":[]},{"i":2661254,"f":1615045,"t":"Накладную сделаешь?","d":517666018,"a":[],"m":[]},{"i":2661253,"f":1615045,"t":"Привет","d":517666012,"a":[],"m":[]},{"i":2622945,"f":15267753,"t":"+","d":515341638,"a":[],"m":[]},{"i":2622814,"f":1615045,"t":"Скинул","d":515338634,"a":[],"m":[]},{"i":2622806,"f":15267753,"t":"Накладная успешно создана с номером: 1338622598\n300","d":515338500,"a":[],"m":[{"f":1615045,"t":"Город Волгодонск \nАдрес ближайшего отделения сдэка Ленина 72\nФИО Попова Оксана Александровна \nМоб телефон +7 (928) 762-52-75","d":515338215,"a":[]}]},{"i":2622790,"f":1615045,"t":"Из иосквы","d":515338390,"a":[],"m":[]},{"i":2622789,"f":1615045,"t":"Планшет","d":515338365,"a":[],"m":[]},{"i":2622787,"f":15267753,"t":"из мск?","d":515338310,"a":[],"m":[]},{"i":2622785,"f":15267753,"t":"габарит?","d":515338308,"a":[],"m":[]},{"i":2622782,"f":1615045,"t":"Можно накладную сделать","d":515338228,"a":[],"m":[]},{"i":2622779,"f":1615045,"t":"Город Волгодонск \nАдрес ближайшего отделения сдэка Ленина 72\nФИО Попова Оксана Александровна \nМоб телефон +7 (928) 762-52-75","d":515338215,"a":[],"m":[]},{"i":2616006,"f":15267753,"t":"89059515168 сбер","d":514910714,"a":[],"m":[]},{"i":2616005,"f":15267753,"t":"Накладная успешно создана с номером: 1337646035\n350","d":514910707,"a":[],"m":[{"f":1615045,"t":"Город отправителя: Москва \nГород получателя: г. Нальчик, \nНа имя : Татаренко Татьяна Владимировна\nТел: +79261900390\nПункт выдачи СДЭК: пр. Шогенцукова 16","d":514909661,"a":[]}]},{"i":2615968,"f":1615045,"t":"Город отправителя: Москва \nГород получателя: г. Нальчик, \nНа имя : Татаренко Татьяна Владимировна\nТел: +79261900390\nПункт выдачи СДЭК: пр. Шогенцукова 16","d":514909661,"a":[],"m":[]},{"i":2615954,"f":15267753,"t":"город отправителя\nгород получателя\nгабарит, вес\nфио, тел, пункт выдачи какой","d":514908905,"a":[],"m":[{"f":1615045,"t":"А что нужно","d":514908633,"a":[]}]},{"i":2615953,"f":15267753,"t":"3-4 дня 350р","d":514908885,"a":[],"m":[]},{"i":2615945,"f":1615045,"t":"Долго будет идти?","d":514908648,"a":[],"m":[]},{"i":2615943,"f":1615045,"t":"Именно","d":514908637,"a":[],"m":[]},{"i":2615942,"f":1615045,"t":"А что нужно","d":514908633,"a":[],"m":[]},{"i":2615940,"f":15267753,"t":"Пиши данные","d":514908566,"a":[],"m":[]},{"i":2615939,"f":15267753,"t":"Прив","d":514908564,"a":[],"m":[]},{"i":2615935,"f":1615045,"t":"Помоги с накладной","d":514908550,"a":[],"m":[]},{"i":2615934,"f":1615045,"t":"Хочу телефон в нальчик отправить","d":514908544,"a":[],"m":[]},{"i":2615933,"f":1615045,"t":"Привет","d":514908537,"a":[],"m":[]},{"i":2444198,"f":15267753,"t":"Спасибо большое!","d":505672513,"a":[],"m":[]},{"i":2444196,"f":1615045,"t":"🤝","d":505672498,"a":[],"m":[]},{"i":2444195,"f":1615045,"t":"отправил","d":505672496,"a":[],"m":[]},{"i":2444188,"f":15267753,"t":"Да сделаю)","d":505672392,"a":[],"m":[]},{"i":2444187,"f":1615045,"t":"","d":505672374,"a":[{"t":3,"o":1615045,"i":630343676,"n":"audio_msg.opus","e":"ogg","s":31525,"url":"https://vk.com/doc1615045_630343676?hash=C8AQr19c0XjVojhpW1JY5gBA2hV1RBJPvJn5bvl0388&dl=2ioVDFiqTCyyZgUIBjJpQvnxB9KZAKYrjxFBq4cvbjg&api=1&no_preview=1"}],"m":[]},{"i":2444186,"f":15267753,"t":"Спасибо большое!","d":505672372,"a":[],"m":[]},{"i":2444185,"f":15267753,"t":"Ушло)","d":505672367,"a":[],"m":[]},{"i":2444183,"f":1615045,"t":"да","d":505672321,"a":[],"m":[]},{"i":2444182,"f":15267753,"t":"Сбер?","d":505672281,"a":[],"m":[]},{"i":2444181,"f":1615045,"t":"89096666448","d":505672268,"a":[],"m":[]},{"i":2444180,"f":1615045,"t":"900₽","d":505672265,"a":[],"m":[]},{"i":2444179,"f":15267753,"t":"Накладная успешно создана с номером: 1314374984","d":505672261,"a":[],"m":[]},{"i":2444177,"f":15267753,"t":"Скажи куда сколько деняк еще тебе","d":505672139,"a":[],"m":[]},{"i":2444176,"f":15267753,"t":"Да сейчас","d":505672129,"a":[],"m":[]},{"i":2444175,"f":15267753,"t":"Красиво","d":505672127,"a":[],"m":[]},{"i":2444173,"f":1615045,"t":"сделаешь накладную?","d":505672070,"a":[],"m":[]},{"i":2444172,"f":1615045,"t":"","d":505672063,"a":[{"t":0,"s":{"m":"https://sun9-48.userapi.com/impg/Cz8zwfVenZp49LYNXZrLAdYm5P558kyJJMJftw/j9AnYolNL7g.jpg?size=510x680&quality=95&sign=11b164a9d33d7a124ead2bfee8164590&c_uniq_tag=PfYHs9KYi5zUP9Yk0qVZQmkVdK9t2F-CYD_TG5_HxOw&type=album","s":"https://sun9-48.userapi.com/impg/Cz8zwfVenZp49LYNXZrLAdYm5P558kyJJMJftw/j9AnYolNL7g.jpg?size=200x267&quality=95&sign=69ac2b50d895c6a7fca2a68580cd3a3a&c_uniq_tag=BOH-L_fDzl7n_9DmeFCiOvwJgoee47yhV71y6dcfcA8&type=album","n":"https://sun9-48.userapi.com/impg/Cz8zwfVenZp49LYNXZrLAdYm5P558kyJJMJftw/j9AnYolNL7g.jpg?size=1388x1852&quality=95&sign=99787f8dba133cf6620703e8b4de776c&c_uniq_tag=uH-VbSv8e2dksiuy4Jux6hLDbTrZtaaGF2NZ-SU6hCs&type=album","o":"https://sun9-48.userapi.com/impg/Cz8zwfVenZp49LYNXZrLAdYm5P558kyJJMJftw/j9AnYolNL7g.jpg?size=809x1080&quality=95&sign=2ef48a92f233895269a221bab8e340cb&c_uniq_tag=s9fEgxZLvQZOqrlIAhfbPb3LoUsI1hU9qqfnJ-XDVns&type=album","t":"https://sun9-48.userapi.com/impg/Cz8zwfVenZp49LYNXZrLAdYm5P558kyJJMJftw/j9AnYolNL7g.jpg?size=453x604&quality=95&sign=94d37c308e7bef2285b7292ec922fe12&c_uniq_tag=kTSSabsuszVgxmMqJ4l1Vt3dbawGI-nV95FFohBWF0w&type=album"},"z":"","q":0,"w":0,"o":1615045,"i":457240856,"d":505672063}],"m":[]},{"i":2444169,"f":15267753,"t":"Нет, хс есть коробка у меня","d":505671984,"a":[],"m":[]},{"i":2444164,"f":1615045,"t":"от хс тоже нужна коробка","d":505671967,"a":[],"m":[]},{"i":2443235,"f":1615045,"t":"не могу отойти","d":505597304,"a":[],"m":[]},{"i":2443234,"f":1615045,"t":"тогда завьра заберу","d":505597300,"a":[],"m":[]},{"i":2443232,"f":15267753,"t":"Я ухожу в 8, кто-то зайдёт за наклейками?","d":505597243,"a":[],"m":[]},{"i":2443202,"f":15267753,"t":"Нет, в галерею надо зайти за ними","d":505595318,"a":[],"m":[]},{"i":2443198,"f":1615045,"t":"G2-105","d":505595227,"a":[],"m":[]},{"i":2443197,"f":1615045,"t":"он принести сможет?","d":505595224,"a":[],"m":[]},{"i":2443191,"f":15267753,"t":"Куда тебе скинуть?","d":505594725,"a":[],"m":[]},{"i":2443189,"f":15267753,"t":"Готово, низ  900 наличными\nВот че написал","d":505594719,"a":[],"m":[]},{"i":2442981,"f":1615045,"t":"да","d":505586915,"a":[],"m":[]},{"i":2442980,"f":15267753,"t":"у него наклейки ток да, коробки у тебя?","d":505586902,"a":[],"m":[]},{"i":2442979,"f":15267753,"t":"оки, напишу","d":505586872,"a":[],"m":[]},{"i":2442978,"f":1615045,"t":"скопировать лучше","d":505586863,"a":[],"m":[]},{"i":2442977,"f":15267753,"t":"ему скрины так же закинуть или номера прям скопировать?","d":505586845,"a":[],"m":[]},{"i":2442976,"f":1615045,"t":"","d":505586814,"a":[{"t":3,"o":1615045,"i":630244117,"n":"audio_msg.opus","e":"ogg","s":29130,"url":"https://vk.com/doc1615045_630244117?hash=5zu0zXFxk0ToEaAf97SeRWihlXlw4yMZ6P3RZ7dyeYs&dl=2V9Y51xYmyDemCTxHsrpssOQW8Raw0BrgCTOLvHwCuX&api=1&no_preview=1"}],"m":[]},{"i":2442975,"f":1615045,"t":"+7 968 425-65-65","d":505586799,"a":[],"m":[]},{"i":2442974,"f":1615045,"t":"для вас впринципе норм цена","d":505586763,"a":[],"m":[]},{"i":2442973,"f":15267753,"t":"ну коробка придет подешевле поставлю да","d":505586761,"a":[],"m":[]},{"i":2442972,"f":1615045,"t":"ну хотя да","d":505586755,"a":[],"m":[]},{"i":2442971,"f":1615045,"t":"68","d":505586748,"a":[],"m":[]},{"i":2442970,"f":15267753,"t":"ну у нас рынок за 60 лежат 256 с батарейкой 85","d":505586748,"a":[],"m":[]},{"i":2442969,"f":1615045,"t":"дешевле ставь","d":505586746,"a":[],"m":[]},{"i":2442968,"f":1615045,"t":"это дорого((","d":505586701,"a":[],"m":[]},{"i":2442966,"f":15267753,"t":"за 70 чет не хотят заменку забирать 11 про мах 512 (","d":505586673,"a":[],"m":[]},{"i":2442964,"f":1615045,"t":"ну да","d":505586560,"a":[],"m":[]},{"i":2442963,"f":15267753,"t":"да тогда проще без них продать, ок)","d":505586551,"a":[],"m":[]},{"i":2442962,"f":1615045,"t":"уши 1000₽","d":505586528,"a":[],"m":[]},{"i":2442961,"f":15267753,"t":"если какие дешевые уши есть для комплекта тож можно сделать )","d":505586513,"a":[],"m":[]},{"i":2442960,"f":15267753,"t":"привет, да все так же. коробку с найлейкой на 11 про и 11 про мах и наклейку на хс","d":505586499,"a":[],"m":[]},{"i":2442942,"f":1615045,"t":"если что нужно пиши","d":505585859,"a":[],"m":[]},{"i":2442941,"f":1615045,"t":"сори забыл про тебя","d":505585856,"a":[],"m":[]},{"i":2442939,"f":1615045,"t":"привет","d":505585843,"a":[],"m":[]},{"i":2415366,"f":15267753,"t":"привет, а я спросить хотел, мб еще есть уши какие нибудь дешевые, что бы в комплект положить? или лучше без ушей, чем с китаем)","d":503840254,"a":[],"m":[]},{"i":2404507,"f":15267753,"t":"привет, хорошо, выздоравливай!!!","d":503076061,"a":[],"m":[]},{"i":2404476,"f":1615045,"t":"сегодня не попаду на работу","d":503075271,"a":[],"m":[]},{"i":2404475,"f":1615045,"t":"я заболел","d":503075265,"a":[],"m":[]},{"i":2404474,"f":1615045,"t":"привет","d":503075258,"a":[],"m":[]},{"i":2403791,"f":15267753,"t":"оке","d":503010172,"a":[],"m":[]},{"i":2403790,"f":1615045,"t":"завтра всё скажу","d":503010168,"a":[],"m":[]},{"i":2403788,"f":15267753,"t":"и сдек щас сразу сделаю тогда","d":503010155,"a":[],"m":[]},{"i":2403787,"f":15267753,"t":"куда","d":503010150,"a":[],"m":[]},{"i":2403786,"f":1615045,"t":"ок","d":503010149,"a":[],"m":[]},{"i":2403785,"f":15267753,"t":"а скажи я тебе сразу закину","d":503010143,"a":[],"m":[]},{"i":2403784,"f":15267753,"t":"хс 64 черный только наклейку, бокс есть от него","d":503010131,"a":[{"t":0,"s":{"m":"https://sun9-49.userapi.com/impg/BgilEpo1NLIqVTyMn8uA5ZiE6AAw5ky87GqMng/LVsrFVvZadg.jpg?size=499x1080&quality=96&sign=8ca056a149f571d2aafdd5f14d3f4282&c_uniq_tag=2ioumWn_XvbQmgsbeHLsRC_ivVb3WfZMZHeZvGSbSYE&type=album","s":"https://sun9-49.userapi.com/impg/BgilEpo1NLIqVTyMn8uA5ZiE6AAw5ky87GqMng/LVsrFVvZadg.jpg?size=279x604&quality=96&sign=0f7e6cefd5360f2eb80359bfcbabb8cd&c_uniq_tag=Nx6izTPHDQYGCxP5n9nqBwXZPWSKmOtVc-_KKR8FD5I&type=album","n":"https://sun9-49.userapi.com/impg/BgilEpo1NLIqVTyMn8uA5ZiE6AAw5ky87GqMng/LVsrFVvZadg.jpg?size=35x75&quality=96&sign=46fdbd30137999e601375c74df487b59&c_uniq_tag=EfWypS24xes-PenSpl2j3dMPqz1JMjS2VUNS94LlmIE&type=album","o":"https://sun9-49.userapi.com/impg/BgilEpo1NLIqVTyMn8uA5ZiE6AAw5ky87GqMng/LVsrFVvZadg.jpg?size=510x900&quality=96&crop=0,0,998,1761&sign=114702aefd3cc5d9f042ada53002a368&c_uniq_tag=vYdm9752R4qt6Ckqcd664T3US69RqX01EPMVVd08HIc&type=album","t":"https://sun9-49.userapi.com/impg/BgilEpo1NLIqVTyMn8uA5ZiE6AAw5ky87GqMng/LVsrFVvZadg.jpg?size=200x433&quality=96&sign=e78d30720f35ac239d3555ae7bde14a1&c_uniq_tag=mSk7oB62ZHzV8hB0PLPfPI3LwBRNbSgD5EnaThxE5ew&type=album"},"z":"","q":0,"w":0,"o":15267753,"i":457258025,"d":503010118},{"t":0,"s":{"m":"https://sun9-77.userapi.com/impg/oZC9oh97k1GxiFoLA7LAvG0FYOm1dSj1n1HdMg/SrmSZjZCOq8.jpg?size=499x1080&quality=96&sign=8362d327e33e016117274008ca5fd75a&c_uniq_tag=a9lqoaMrRgHjgZw-QghSNsz84y8AqysbBGk1KrCmYSI&type=album","s":"https://sun9-77.userapi.com/impg/oZC9oh97k1GxiFoLA7LAvG0FYOm1dSj1n1HdMg/SrmSZjZCOq8.jpg?size=279x604&quality=96&sign=eac583ffe134322343ac85d731f50a5d&c_uniq_tag=2AOyO1C6YvKxht6Y7mdjk_jK0B2Hr4eH4CRdcviDoyE&type=album","n":"https://sun9-77.userapi.com/impg/oZC9oh97k1GxiFoLA7LAvG0FYOm1dSj1n1HdMg/SrmSZjZCOq8.jpg?size=35x75&quality=96&sign=ac05f5ee3eaf9a693b14c6500e3dcd60&c_uniq_tag=iApih2r_GA2esMMdM-k4U0JpfOO4sguYD8ZifYrave4&type=album","o":"https://sun9-77.userapi.com/impg/oZC9oh97k1GxiFoLA7LAvG0FYOm1dSj1n1HdMg/SrmSZjZCOq8.jpg?size=510x900&quality=96&crop=0,0,998,1761&sign=497e97f1f56d70949a7d0d36af76d1a0&c_uniq_tag=jKcXNT_hxakAUFLN3TOwwD24G2J292wo-mTX-ImsoxU&type=album","t":"https://sun9-77.userapi.com/impg/oZC9oh97k1GxiFoLA7LAvG0FYOm1dSj1n1HdMg/SrmSZjZCOq8.jpg?size=200x433&quality=96&sign=6292e1564228680779824956662627dc&c_uniq_tag=YmHrn9mCvFOjeS6JrCXk9DtFiYZepWqid9FCyIsBQ-M&type=album"},"z":"","q":0,"w":0,"o":15267753,"i":457258026,"d":503010118}],"m":[]},{"i":2403783,"f":1615045,"t":"завтра сделаю","d":503010118,"a":[],"m":[]},{"i":2403782,"f":1615045,"t":"ок","d":503010114,"a":[],"m":[]},{"i":2403780,"f":15267753,"t":"11 про 256 зеленый","d":503010099,"a":[{"t":0,"s":{"m":"https://sun9-29.userapi.com/impg/9CNSVp3-StYI5swEFBOh0PnKV5S0iGmB2Uo7gQ/E9LuMjwBJrQ.jpg?size=499x1080&quality=96&sign=f05d486513f57e9401d0cf10d2b47627&c_uniq_tag=aXjA1fxoXptitKW9xkgzyA5-0n_SxLzZHSb4Oj6GMzw&type=album","s":"https://sun9-29.userapi.com/impg/9CNSVp3-StYI5swEFBOh0PnKV5S0iGmB2Uo7gQ/E9LuMjwBJrQ.jpg?size=279x604&quality=96&sign=d06ee829783022ee8414a62d4e6c9260&c_uniq_tag=xeNaNpnHyEz6yv9RQ1SmEBMAyMhkqVz51hDasFDoT_c&type=album","n":"https://sun9-29.userapi.com/impg/9CNSVp3-StYI5swEFBOh0PnKV5S0iGmB2Uo7gQ/E9LuMjwBJrQ.jpg?size=35x75&quality=96&sign=adfd02770ded8f909601aac9bd9e3a1c&c_uniq_tag=JQckT-PDbR2nsePAEIn2w5MxNuPcJ9_108Pox6JgeWo&type=album","o":"https://sun9-29.userapi.com/impg/9CNSVp3-StYI5swEFBOh0PnKV5S0iGmB2Uo7gQ/E9LuMjwBJrQ.jpg?size=510x900&quality=96&crop=0,0,998,1761&sign=4ec272762c7e40ba0eac093916068940&c_uniq_tag=tQVN0mTe0kCaqMqMhN0MYxHewomaUj7MUPafVj5Ne_M&type=album","t":"https://sun9-29.userapi.com/impg/9CNSVp3-StYI5swEFBOh0PnKV5S0iGmB2Uo7gQ/E9LuMjwBJrQ.jpg?size=200x433&quality=96&sign=3272b90ab25c9643da1db7ecfc8e5e17&c_uniq_tag=3jw6r0rqkT9ufW-FHSjDndiV43H8_l-VCnpsOxGL6U4&type=album"},"z":"","q":0,"w":0,"o":15267753,"i":457258023,"d":503010092},{"t":0,"s":{"m":"https://sun9-10.userapi.com/impg/BXOL0UDaBmHgj9Y65LjcV_LF-Pf4JNp1DikZyg/sRrGI9653Mc.jpg?size=499x1080&quality=96&sign=588bf99a20d38f35377eb8acfa65de84&c_uniq_tag=aT3uw-Rli0wuS6ETi9X3HneDQWhj_Tuc4unfOU7IT-U&type=album","s":"https://sun9-10.userapi.com/impg/BXOL0UDaBmHgj9Y65LjcV_LF-Pf4JNp1DikZyg/sRrGI9653Mc.jpg?size=279x604&quality=96&sign=d7742a8df55a905e5d0950871ef5504c&c_uniq_tag=21dcI-XgGQUMx7Sv-Th9E3Qd0AYzn4Nial3n4kIwOKs&type=album","n":"https://sun9-10.userapi.com/impg/BXOL0UDaBmHgj9Y65LjcV_LF-Pf4JNp1DikZyg/sRrGI9653Mc.jpg?size=35x75&quality=96&sign=f6a9af1f445f658b47e7684b5442625d&c_uniq_tag=MxHrPcXOOgTN4MS-TB2SU0iio75Jap3ko3eDpM8Ko2g&type=album","o":"https://sun9-10.userapi.com/impg/BXOL0UDaBmHgj9Y65LjcV_LF-Pf4JNp1DikZyg/sRrGI9653Mc.jpg?size=510x900&quality=96&crop=0,0,998,1761&sign=f8276cc8a2601b9e3a8bd6dc3c96499d&c_uniq_tag=ms9LVbFmKB7yiHfsvYo5g4NrW0goI7PkMe34Ac4ljAs&type=album","t":"https://sun9-10.userapi.com/impg/BXOL0UDaBmHgj9Y65LjcV_LF-Pf4JNp1DikZyg/sRrGI9653Mc.jpg?size=200x433&quality=96&sign=bf1adf3212f53e49e4d63f028b7367a1&c_uniq_tag=MQTnHXJPbazAOwmAIpp-EjQkeeFWRCxtXevl276iRFg&type=album"},"z":"","q":0,"w":0,"o":15267753,"i":457258024,"d":503010093}],"m":[]},{"i":2403778,"f":15267753,"t":"11 про макс 512 зеленый","d":503010078,"a":[{"t":0,"s":{"m":"https://sun9-76.userapi.com/impg/DHQfd81UyC3JUcrxoD_njNn_44Wpz8wZ0mJMrQ/og4ZiQE0hnA.jpg?size=499x1080&quality=96&sign=70cc39aebe1183d1d04ef6ac3d384673&c_uniq_tag=csSrt__YhyDmTIWMk3WUBy2ocSC0m0sxZl7n1tbMGbk&type=album","s":"https://sun9-76.userapi.com/impg/DHQfd81UyC3JUcrxoD_njNn_44Wpz8wZ0mJMrQ/og4ZiQE0hnA.jpg?size=279x604&quality=96&sign=9cdf8e4e0b6527e7e8c3348e82b83889&c_uniq_tag=fli09Xj6B_940WDA6DnCtKCQXarZaSeLCjd4quQKy4g&type=album","n":"https://sun9-76.userapi.com/impg/DHQfd81UyC3JUcrxoD_njNn_44Wpz8wZ0mJMrQ/og4ZiQE0hnA.jpg?size=35x75&quality=96&sign=e5381b5c397d4d20d42485935f2e3c50&c_uniq_tag=hKUagZqiOzBrjbzXNsTpAS3QW3jJzAQ4xxCCxg1LO5g&type=album","o":"https://sun9-76.userapi.com/impg/DHQfd81UyC3JUcrxoD_njNn_44Wpz8wZ0mJMrQ/og4ZiQE0hnA.jpg?size=510x900&quality=96&crop=0,0,998,1761&sign=9f90ad407dec20d0ffd86936eeedc8bd&c_uniq_tag=IasVfSSN1mYcS3VN8Q1HeTGeDHG7Ao8j2HT4y8xN-HA&type=album","t":"https://sun9-76.userapi.com/impg/DHQfd81UyC3JUcrxoD_njNn_44Wpz8wZ0mJMrQ/og4ZiQE0hnA.jpg?size=200x433&quality=96&sign=ce2eb9f09961e3fb0f6e9060d526afd1&c_uniq_tag=XkfgdvUgeY2C2pOEqNzn6OqFkfnWQMu38WsR7VCMAiA&type=album"},"z":"","q":0,"w":0,"o":15267753,"i":457258021,"d":503010069},{"t":0,"s":{"m":"https://sun9-28.userapi.com/impg/adTyFMuLVrdgGuymHVMEJF-Prl13NrEyPIGwBg/IXTbyd_1osA.jpg?size=499x1080&quality=96&sign=d13a0a71a990fe0a43f45bdb60b3aaa6&c_uniq_tag=YBXPGQSxhxtumHqNpjU4qqRt1Ps5U2EoaaecPBChFlg&type=album","s":"https://sun9-28.userapi.com/impg/adTyFMuLVrdgGuymHVMEJF-Prl13NrEyPIGwBg/IXTbyd_1osA.jpg?size=279x604&quality=96&sign=d048cc8a7213e741990d620548bb4fac&c_uniq_tag=l55RPhNIlfdP9WH3ZHStYrSFcJqT7pJdHYC898ns5YA&type=album","n":"https://sun9-28.userapi.com/impg/adTyFMuLVrdgGuymHVMEJF-Prl13NrEyPIGwBg/IXTbyd_1osA.jpg?size=35x75&quality=96&sign=7a6a611d1a9a56c940f6732a9716208d&c_uniq_tag=X7pDVqKL-C5anbIDOsrjfaStdJXQO5Lq-Xo8O8Wi99o&type=album","o":"https://sun9-28.userapi.com/impg/adTyFMuLVrdgGuymHVMEJF-Prl13NrEyPIGwBg/IXTbyd_1osA.jpg?size=510x900&quality=96&crop=0,0,998,1761&sign=7666a703446c21b29c40cb3521271713&c_uniq_tag=FVZC4j3MmGCynCeceLCD0mgLOzu-PMl0B5k_fv5GJ8c&type=album","t":"https://sun9-28.userapi.com/impg/adTyFMuLVrdgGuymHVMEJF-Prl13NrEyPIGwBg/IXTbyd_1osA.jpg?size=200x433&quality=96&sign=f5116cfe526301e86e01073ee0392b55&c_uniq_tag=qtkSZhgkf3pjyCrnxngTPmC4ZX2y1vLJrJwKxhp_yUk&type=album"},"z":"","q":0,"w":0,"o":15267753,"i":457258022,"d":503010069}],"m":[]},{"i":2403763,"f":15267753,"t":"ок ща закину","d":503009449,"a":[],"m":[]},{"i":2403760,"f":1615045,"t":"и я всё сделаю","d":503009355,"a":[],"m":[]},{"i":2403759,"f":1615045,"t":"сделай скрин на телефоне","d":503009350,"a":[],"m":[]},{"i":2403758,"f":15267753,"t":"он от модели видимо зависит","d":503009270,"a":[],"m":[]},{"i":2403757,"f":15267753,"t":"Справа который","d":503009186,"a":[{"t":0,"s":{"m":"https://sun9-72.userapi.com/impg/jvQkIHIdcJMtilrlLvspNRp325KotZZAq-h-6Q/wWPelE0L9zw.jpg?size=510x681&quality=95&sign=6ccec01d5711b291661291a3439938cc&c_uniq_tag=0UqOJSS60Jxvq-LVBGUqugXhTM8_jTB6WXspN-yojnI&type=album","s":"https://sun9-72.userapi.com/impg/jvQkIHIdcJMtilrlLvspNRp325KotZZAq-h-6Q/wWPelE0L9zw.jpg?size=200x267&quality=95&sign=eeb1166b11a12dc2ba730ab3e4b1498c&c_uniq_tag=uFfKF9Gn6Iiu7c5l8fJbPaiOaMwksiRe5KoMh7XYYf8&type=album","n":"https://sun9-72.userapi.com/impg/jvQkIHIdcJMtilrlLvspNRp325KotZZAq-h-6Q/wWPelE0L9zw.jpg?size=1342x1792&quality=95&sign=bca6ede02f28b7572fba6aa77ea9ebd1&c_uniq_tag=_db-zGiEFd1kPJTq8hy6u9HahsYWh0ydVfChi2gbkcA&type=album","o":"https://sun9-72.userapi.com/impg/jvQkIHIdcJMtilrlLvspNRp325KotZZAq-h-6Q/wWPelE0L9zw.jpg?size=809x1080&quality=95&sign=6e0043b3771a4042f91320b8c004f973&c_uniq_tag=FTwnaUPKf1T3mO3X4GL0cudbWwF75_QYSiJJHsvQ4Dg&type=album","t":"https://sun9-72.userapi.com/impg/jvQkIHIdcJMtilrlLvspNRp325KotZZAq-h-6Q/wWPelE0L9zw.jpg?size=452x604&quality=95&sign=3bf280f0a16f7822a317f3ec687b4e90&c_uniq_tag=dZ4xf-VrmNE7ON0sR7sWfPZ6XOIqOKx-hAE7BMnS4Hs&type=album"},"z":"","q":55.031916,"w":82.926129,"o":15267753,"i":457258020,"d":503009182}],"m":[]},{"i":2403756,"f":1615045,"t":"так сделай","d":503009185,"a":[],"m":[]},{"i":2403755,"f":1615045,"t":"","d":503009180,"a":[{"t":0,"s":{"m":"https://sun9-26.userapi.com/impg/a4Jahn8gALbkKKN341YLqdEi4zcNh_t5_5jEaw/ZlNsyyhOTwA.jpg?size=510x900&quality=95&crop=0,0,856,1511&sign=a8c6d086490170f5fbbb59f64861d97f&c_uniq_tag=ksKz45hbsscIXLrDdswgoysrIvzselZ4iVhjEfSyxjo&type=album","s":"https://sun9-26.userapi.com/impg/a4Jahn8gALbkKKN341YLqdEi4zcNh_t5_5jEaw/ZlNsyyhOTwA.jpg?size=200x433&quality=95&sign=df58830b9e55f195428f58b1b297bba9&c_uniq_tag=f2EC9IypX10bw51gD-gJHjadp76EqR-Cws-MRvztDbc&type=album","n":"https://sun9-26.userapi.com/impg/a4Jahn8gALbkKKN341YLqdEi4zcNh_t5_5jEaw/ZlNsyyhOTwA.jpg?size=856x1852&quality=95&sign=7d41bc01c6a05c93b19c3c2eb2f5a312&c_uniq_tag=U1GVtlYtDi66PxAImEqRnDQ0euT00lI4zs35iVZ_bLc&type=album","o":"https://sun9-26.userapi.com/impg/a4Jahn8gALbkKKN341YLqdEi4zcNh_t5_5jEaw/ZlNsyyhOTwA.jpg?size=499x1080&quality=95&sign=7dbabd99c4ec92a53edf3afc96500aa3&c_uniq_tag=ba6zeJi3CJ1a6ghthZ_DxRC7K3dQ3l33xzV3O5wQnA8&type=album","t":"https://sun9-26.userapi.com/impg/a4Jahn8gALbkKKN341YLqdEi4zcNh_t5_5jEaw/ZlNsyyhOTwA.jpg?size=279x604&quality=95&sign=44e442a91dec5ec98351a86e37e75237&c_uniq_tag=BWU-PB28_awVSBMgp0l37Ij5HZupPg5Qs42XwlpMk7o&type=album"},"z":"","q":0,"w":0,"o":1615045,"i":457240821,"d":503009180},{"t":0,"s":{"m":"https://sun9-36.userapi.com/impg/8KUIvRc_QIQJo4zvLOpD3c-J0JH597UMh5cRVg/KQK_9carc6k.jpg?size=510x900&quality=95&crop=0,0,856,1511&sign=0b1031a7746e321bd26d50191d5d0c8b&c_uniq_tag=zcMzIPRRoNb7Y0gYLIg0tlbaXQhH1JMaZeXJzW1EOP0&type=album","s":"https://sun9-36.userapi.com/impg/8KUIvRc_QIQJo4zvLOpD3c-J0JH597UMh5cRVg/KQK_9carc6k.jpg?size=200x433&quality=95&sign=36d64dd637bd8e5076bf1c8d582edaef&c_uniq_tag=M6fdApGTC1ua51k16Z8x_WzIs8lS0FrO0enmkHaCmhw&type=album","n":"https://sun9-36.userapi.com/impg/8KUIvRc_QIQJo4zvLOpD3c-J0JH597UMh5cRVg/KQK_9carc6k.jpg?size=856x1852&quality=95&sign=c85a4fc2aeeec9f8d1b6ccc3889f3a5d&c_uniq_tag=ehZ_igeUnyQhh-QVFTcRUIfTBidxWDDyPemO5bh3QB4&type=album","o":"https://sun9-36.userapi.com/impg/8KUIvRc_QIQJo4zvLOpD3c-J0JH597UMh5cRVg/KQK_9carc6k.jpg?size=499x1080&quality=95&sign=c9d8b15ebeb0794757fe508f890795b3&c_uniq_tag=2c9E0jegoNLimcYgc20vEITshCypA0AtsvGpVCQXZnc&type=album","t":"https://sun9-36.userapi.com/impg/8KUIvRc_QIQJo4zvLOpD3c-J0JH597UMh5cRVg/KQK_9carc6k.jpg?size=279x604&quality=95&sign=4c45cedcb975fc4ee2f7cd7dc75b1848&c_uniq_tag=cTjuJ1-Swgxpgm3b07la-jiR3yjU1Od_blawMEmjtN0&type=album"},"z":"","q":0,"w":0,"o":1615045,"i":457240820,"d":503009180}],"m":[]},{"i":2403754,"f":1615045,"t":"непонял тебя","d":503009157,"a":[],"m":[]},{"i":2403753,"f":15267753,"t":"upc точнее","d":503009136,"a":[],"m":[]},{"i":2403751,"f":15267753,"t":"а второй имей через ютул смотреть?","d":503009014,"a":[],"m":[]},{"i":2403750,"f":1615045,"t":"а серийник 200₽ напечатать","d":503008885,"a":[],"m":[]},{"i":2403749,"f":1615045,"t":"корокби есть  дам бесплатно","d":503008869,"a":[],"m":[]},{"i":2403748,"f":15267753,"t":"и еще 11 про 256 зеленый тоже","d":503008843,"a":[],"m":[]},{"i":2403747,"f":15267753,"t":"скажи ценник я если у себя в нск не найду то к тебе обращусь","d":503008832,"a":[],"m":[]},{"i":2403746,"f":1615045,"t":"кидай","d":503008810,"a":[],"m":[]},{"i":2403745,"f":1615045,"t":"серийн к и имей","d":503008807,"a":[],"m":[]},{"i":2403744,"f":15267753,"t":"11 про макс 512 зеленый","d":503008780,"a":[],"m":[]},{"i":2403743,"f":1615045,"t":"какая коробка?","d":503008768,"a":[],"m":[]},{"i":2403742,"f":1615045,"t":"да","d":503008760,"a":[],"m":[]},{"i":2403741,"f":1615045,"t":"привет","d":503008759,"a":[],"m":[]},{"i":2403736,"f":15267753,"t":"привет, а есть варик намутить коробку от айфона и на ней напечатать мой серийник?","d":503008591,"a":[],"m":[]},{"i":2392359,"f":15267753,"t":"номер напиши только","d":501949116,"a":[],"m":[]},{"i":2392358,"f":15267753,"t":"ага","d":501949113,"a":[],"m":[]},{"i":2392357,"f":1615045,"t":"и отправить заново","d":501949102,"a":[],"m":[]},{"i":2392356,"f":1615045,"t":"сможешь забрать","d":501949098,"a":[],"m":[]},{"i":2392355,"f":1615045,"t":"","d":501949093,"a":[{"t":0,"s":{"m":"https://sun9-77.userapi.com/impg/pAHW6iCLRbwWyEIU7wZUYES1PlLSfx1-q-J7Ug/0JLyfqr4Bl4.jpg?size=510x900&quality=95&crop=0,0,856,1511&sign=e9b0e108d2276683e96630075f37073c&c_uniq_tag=Le7VdbA3rE0986uFU9IUjvfHtah1UWFE0VQ0wR3vg5E&type=album","s":"https://sun9-77.userapi.com/impg/pAHW6iCLRbwWyEIU7wZUYES1PlLSfx1-q-J7Ug/0JLyfqr4Bl4.jpg?size=200x433&quality=95&sign=ab5ed2ca006518ab691720c7ae1fd52f&c_uniq_tag=1n7TxHchl0e3dEmYaxvBqfxW2bEufeTXYS2aDj9-e_E&type=album","n":"https://sun9-77.userapi.com/impg/pAHW6iCLRbwWyEIU7wZUYES1PlLSfx1-q-J7Ug/0JLyfqr4Bl4.jpg?size=856x1852&quality=95&sign=4fadcd9df17bf75179234753bf73f5cf&c_uniq_tag=rvBFBtWHhsoBQZdiTlCm6IUcVmMDlNsv99creoVXMeY&type=album","o":"https://sun9-77.userapi.com/impg/pAHW6iCLRbwWyEIU7wZUYES1PlLSfx1-q-J7Ug/0JLyfqr4Bl4.jpg?size=499x1080&quality=95&sign=ce3fa21d103de46c71f763d468f3140c&c_uniq_tag=Stm7JAZAstqIN9EkYcPqDf6tVI11QU9uAwN5_W34Adk&type=album","t":"https://sun9-77.userapi.com/impg/pAHW6iCLRbwWyEIU7wZUYES1PlLSfx1-q-J7Ug/0JLyfqr4Bl4.jpg?size=279x604&quality=95&sign=6bd7cb93a101b506d74c8f7dd53a2b19&c_uniq_tag=IZ3-ZKC5jgJS1urBIEananHfYrtprz-bdL516bEpG2Y&type=album"},"z":"","q":0,"w":0,"o":1615045,"i":457240816,"d":501949093}],"m":[]},{"i":2379878,"f":15267753,"t":"Ок","d":501081256,"a":[],"m":[]},{"i":2379858,"f":1615045,"t":"забрал же","d":501080274,"a":[],"m":[]},{"i":2379819,"f":15267753,"t":"Забрать нада","d":501078851,"a":[],"m":[{"f":15267753,"t":"Накладная успешно создана с номером: 1294038737\n250","d":499279842,"a":[]}]},{"i":2368615,"f":1615045,"t":"🤝","d":500240002,"a":[],"m":[]},{"i":2368614,"f":15267753,"t":"+","d":500239990,"a":[],"m":[]},{"i":2368613,"f":1615045,"t":"","d":500239971,"a":[{"t":3,"o":1615045,"i":624191652,"n":"Документ-2021-12-08-19:32:40.pdf","e":"pdf","s":54820,"url":"https://vk.com/doc1615045_624191652?hash=Ij0zJTm246K8pVCJHMuzStzr2zyZY8oPZ3RkneZaBPT&dl=PVI8NrB1zTS7ILxKfx4bGBYK9XfPLc8weWvzyiWVayo&api=1&no_preview=1"}],"m":[]},{"i":2368189,"f":15267753,"t":"Накладная успешно создана с номером: 1297539305\n300","d":500230939,"a":[],"m":[]},{"i":2368185,"f":15267753,"t":"Щас сделаю","d":500230580,"a":[],"m":[]},{"i":2368175,"f":1615045,"t":"дутка александр михайлович","d":500229912,"a":[],"m":[]},{"i":2368173,"f":1615045,"t":"на меня давай","d":500229894,"a":[],"m":[]},{"i":2368153,"f":15267753,"t":"А фио и тел на кого)","d":500229687,"a":[],"m":[]},{"i":2368151,"f":1615045,"t":"длинный","d":500229405,"a":[],"m":[]},{"i":2368150,"f":1615045,"t":"пуховик","d":500229402,"a":[],"m":[]},{"i":2368149,"f":1615045,"t":"куртка","d":500229396,"a":[],"m":[]},{"i":2368143,"f":15267753,"t":"Пара?","d":500229355,"a":[],"m":[]},{"i":2368142,"f":15267753,"t":"С самары?","d":500229353,"a":[],"m":[]},{"i":2368134,"f":1615045,"t":"","d":500229214,"a":[],"m":[{"f":18283525,"t":"","d":500229202,"a":[],"m":[{"f":132335235,"t":"Жду накладную","d":500225995,"a":[]}]}]},{"i":2368132,"f":15267753,"t":"Привет","d":500229189,"a":[],"m":[]},{"i":2368130,"f":1615045,"t":"привет","d":500229169,"a":[],"m":[]},{"i":2368129,"f":1615045,"t":"накладную","d":500229166,"a":[],"m":[]},{"i":2368128,"f":1615045,"t":"сделаешь","d":500229161,"a":[],"m":[]},{"i":2368127,"f":1615045,"t":"Москва, Багратионовский проезд, 7к3, помещение","d":500229158,"a":[],"m":[]},{"i":2356063,"f":15267753,"t":"+++","d":499301290,"a":[],"m":[]},{"i":2356060,"f":1615045,"t":"","d":499301168,"a":[{"t":0,"s":{"m":"https://sun9-44.userapi.com/impg/S7tlZHYQnSZYEcH3wrKuZQxphWAz2eTAW4T3Nw/5yQXBFwVRzc.jpg?size=682x1080&quality=96&sign=84e0c680b58867e954b1d9fef658064a&c_uniq_tag=B7VnJLjLsImXHDRyiP3SM8Y84YAia09Bd0ST6Hb7HeY&type=album","s":"https://sun9-44.userapi.com/impg/S7tlZHYQnSZYEcH3wrKuZQxphWAz2eTAW4T3Nw/5yQXBFwVRzc.jpg?size=381x604&quality=96&sign=bd8266541181352e3873cd7cacbbb4e1&c_uniq_tag=wTseimQo5UO9Jn3rtHStkFtWNtutU98WRm3bmoSpon4&type=album","n":"https://sun9-44.userapi.com/impg/S7tlZHYQnSZYEcH3wrKuZQxphWAz2eTAW4T3Nw/5yQXBFwVRzc.jpg?size=47x75&quality=96&sign=9245712076bcf36b7c1188326c14d864&c_uniq_tag=j3Sd1P0znBj1chvqcag6qVYIY4uajx79VTD5tClCNqQ&type=album","o":"https://sun9-44.userapi.com/impg/S7tlZHYQnSZYEcH3wrKuZQxphWAz2eTAW4T3Nw/5yQXBFwVRzc.jpg?size=510x808&quality=96&sign=414d149c5aa1124813ae7f12f503b80c&c_uniq_tag=O1YY-A6COqubtoFhVWJtkWp4JsWQAMoVwWH4fJyKVXI&type=album","t":"https://sun9-44.userapi.com/impg/S7tlZHYQnSZYEcH3wrKuZQxphWAz2eTAW4T3Nw/5yQXBFwVRzc.jpg?size=200x317&quality=96&sign=50ad1b0389c0facff2e678008c6e7c40&c_uniq_tag=FMEYpjg5D3KPKq3smbjtTZGqlFAdBGN-efL4VEbjExc&type=album"},"z":"","q":0,"w":0,"o":1615045,"i":457240774,"d":499301166}],"m":[]},{"i":2356024,"f":15267753,"t":"89059515168 сбер сбп есть","d":499296946,"a":[],"m":[]},{"i":2356023,"f":1615045,"t":"куда кинуть?","d":499296915,"a":[],"m":[]},{"i":2355728,"f":15267753,"t":"Накладная успешно создана с номером: 1294038737\n250","d":499279842,"a":[],"m":[]},{"i":2355725,"f":1615045,"t":"в спб","d":499279748,"a":[],"m":[]},{"i":2355724,"f":1615045,"t":"из мск","d":499279746,"a":[],"m":[]},{"i":2355636,"f":15267753,"t":"из спб в мск?","d":499277212,"a":[],"m":[]},{"i":2355572,"f":1615045,"t":"+7 937 615-47-99","d":499274173,"a":[],"m":[]},{"i":2355501,"f":15267753,"t":"Тел еще","d":499269349,"a":[],"m":[]},{"i":2355490,"f":1615045,"t":"Москва, Багратионовский проезд, 7к3, помещение","d":499268833,"a":[],"m":[]},{"i":2355487,"f":1615045,"t":"","d":499268798,"a":[{"t":0,"s":{"m":"https://sun9-23.userapi.com/impg/fyhCS27kutkcyJ86RsxO_VM7cLa9gZLZ-HJXMg/ZGldfEIvOas.jpg?size=809x1080&quality=96&sign=0b6ea31630c805dde6688ab01e53e73d&c_uniq_tag=2jwQsY3De0_VZHK2RqB6yQpy7uruWogy7wz8vQ1yvPQ&type=album","s":"https://sun9-23.userapi.com/impg/fyhCS27kutkcyJ86RsxO_VM7cLa9gZLZ-HJXMg/ZGldfEIvOas.jpg?size=453x604&quality=96&sign=68b83afe1923aff726f396c2c22fbd09&c_uniq_tag=x0UdSeUZ1n_sxGZir7Oua4_JQPSf3EZVX3mYRGhMGiw&type=album","n":"https://sun9-23.userapi.com/impg/fyhCS27kutkcyJ86RsxO_VM7cLa9gZLZ-HJXMg/ZGldfEIvOas.jpg?size=56x75&quality=96&sign=1f7943a2c91808642a4ec775b9641e61&c_uniq_tag=qhWcBf3ArSXGy63UTT5m13ZUbdBcb3SRBdcE8uVcLwQ&type=album","o":"https://sun9-23.userapi.com/impg/fyhCS27kutkcyJ86RsxO_VM7cLa9gZLZ-HJXMg/ZGldfEIvOas.jpg?size=510x680&quality=96&sign=ee155b7143c8ad6525622491bc934a9d&c_uniq_tag=Urml2F_dTGNQHnNdNpJevgfUbRCJ7RSITq5rKXwqe0U&type=album","t":"https://sun9-23.userapi.com/impg/fyhCS27kutkcyJ86RsxO_VM7cLa9gZLZ-HJXMg/ZGldfEIvOas.jpg?size=200x267&quality=96&sign=455f1e735a0f291013fbae0ac7678e31&c_uniq_tag=ynhh8n6gmOmTOoVDftmRRvr5o-2Vfpx9wLSAPMEMa-U&type=album"},"z":"","q":0,"w":0,"o":1615045,"i":457240773,"d":499268798}],"m":[]},{"i":2355486,"f":1615045,"t":"пакет небольшой","d":499268788,"a":[],"m":[]},{"i":2355476,"f":15267753,"t":"Номер габариты откуда","d":499268434,"a":[],"m":[]},{"i":2355472,"f":1615045,"t":"сделаешь ?","d":499268151,"a":[],"m":[]},{"i":2355471,"f":1615045,"t":"питер","d":499268148,"a":[],"m":[]},{"i":2355462,"f":1615045,"t":"Коллонтай 18","d":499267810,"a":[],"m":[]},{"i":2355461,"f":1615045,"t":"Рашевская Юлия Викторовна","d":499267802,"a":[],"m":[]},{"i":2355428,"f":15267753,"t":"Да","d":499265042,"a":[],"m":[]},{"i":2355427,"f":1615045,"t":"сможешь создать накладную?","d":499265036,"a":[],"m":[]},{"i":2355426,"f":15267753,"t":"Привет","d":499265034,"a":[],"m":[]},{"i":2355425,"f":1615045,"t":"привет","d":499265024,"a":[],"m":[]},{"i":2186496,"f":15267753,"t":"))","d":488899447,"a":[],"m":[]},{"i":2186495,"f":1615045,"t":"🤪🤪🤪🤣","d":488899431,"a":[],"m":[]},{"i":2186494,"f":1615045,"t":"за 9 говорит взял бы","d":488899428,"a":[],"m":[]},{"i":2186493,"f":1615045,"t":"не хочет кент","d":488899422,"a":[],"m":[]},{"i":2186490,"f":15267753,"t":"Сколько нада","d":488899363,"a":[],"m":[]},{"i":2186488,"f":1615045,"t":"дороговато","d":488899354,"a":[],"m":[]},{"i":2186459,"f":15267753,"t":"20 хочу)","d":488898798,"a":[],"m":[]},{"i":2186458,"f":15267753,"t":"Привет","d":488898794,"a":[],"m":[]},{"i":2186438,"f":1615045,"t":"почем?","d":488898526,"a":[],"m":[]},{"i":2186437,"f":1615045,"t":"привет","d":488898524,"a":[],"m":[]},{"i":1447692,"f":15267753,"t":")","d":446041864,"a":[],"m":[]},{"i":1447691,"f":15267753,"t":"Мне ниче не нужнор","d":446041863,"a":[],"m":[]},{"i":1447690,"f":1615045,"t":"нужен","d":446041853,"a":[],"m":[]},{"i":1447689,"f":1615045,"t":"какой именно","d":446041851,"a":[],"m":[]},{"i":1447610,"f":1615045,"t":"😂","d":446040275,"a":[],"m":[]},{"i":1447609,"f":1615045,"t":"это москва) тут всё можно","d":446040271,"a":[],"m":[]},{"i":1447606,"f":15267753,"t":"Странна","d":446040215,"a":[],"m":[]},{"i":1447602,"f":1615045,"t":"как правило ничего)","d":446040182,"a":[],"m":[]},{"i":1447601,"f":1615045,"t":"🤣","d":446040170,"a":[],"m":[]},{"i":1447598,"f":1615045,"t":"зато дешевле чем в ресторе","d":446040165,"a":[],"m":[]},{"i":1447595,"f":15267753,"t":"Че говорят?","d":446040154,"a":[],"m":[]},{"i":1447594,"f":15267753,"t":"И там гарантии пол года?","d":446040151,"a":[],"m":[]},{"i":1447593,"f":15267753,"t":"Активировали","d":446040145,"a":[],"m":[]},{"i":1447591,"f":15267753,"t":"А как потом люди","d":446040142,"a":[],"m":[]},{"i":1447590,"f":15267753,"t":"Ууу ты","d":446040139,"a":[],"m":[]},{"i":1447588,"f":1615045,"t":"я так всегда делаю🤪","d":446040124,"a":[],"m":[]},{"i":1447586,"f":1615045,"t":"ну да)","d":446040118,"a":[],"m":[]},{"i":1447585,"f":15267753,"t":"И +20 к цене","d":446040106,"a":[],"m":[]},{"i":1447581,"f":15267753,"t":"Теперь они его как новый продают)))))","d":446040084,"a":[],"m":[]},{"i":1447579,"f":15267753,"t":"Перекупам","d":446040076,"a":[],"m":[]},{"i":1447578,"f":15267753,"t":"Я продал уже ифон","d":446040074,"a":[],"m":[]},{"i":1447575,"f":1615045,"t":"G2-105 новая горбушка","d":446040059,"a":[],"m":[]},{"i":1423615,"f":1615045,"t":"🤣","d":444653492,"a":[],"m":[]},{"i":1423612,"f":15267753,"t":"Ацтань","d":444653479,"a":[],"m":[]},{"i":1423611,"f":1615045,"t":"новый обменка?","d":444653453,"a":[],"m":[]},{"i":1409359,"f":15267753,"t":"","d":443731159,"a":[{"t":0,"s":{"m":"https://sun9-76.userapi.com/impg/c853516/v853516432/20237f/rP8j9M9nJ7I.jpg?size=720x860&quality=96&sign=e774f904a14e7d164ce0366c0ec32954&c_uniq_tag=3-wpEzykTqABWibT6N7Ad7Xa8CuH77CC4oDEOU-kKNQ&type=album","s":"https://sun9-76.userapi.com/impg/c853516/v853516432/20237f/rP8j9M9nJ7I.jpg?size=506x604&quality=96&sign=b693c67f48fbec9ef49e043f7f3d7f55&c_uniq_tag=E3l5vGdcIVr9qmKzuh1JK1r_ARDSBkp9PP1bFjfryk8&type=album","n":"https://sun9-76.userapi.com/impg/c853516/v853516432/20237f/rP8j9M9nJ7I.jpg?size=510x609&quality=96&sign=128f8d8e6822e23ef992066402cf8496&c_uniq_tag=NUrGcW9HlgHwQVEQYTBjgfljS_wVHv1IGY0KNCPqPsc&type=album","o":"https://sun9-76.userapi.com/impg/c853516/v853516432/20237f/rP8j9M9nJ7I.jpg?size=320x382&quality=96&sign=0c1fd5dcac4c7831094095e6cdec9fce&c_uniq_tag=MW_QHfHVZw536bZZ02Ado7J72RxfQ1qwpNhlBto1nqc&type=album","t":"https://sun9-76.userapi.com/impg/c853516/v853516432/20237f/rP8j9M9nJ7I.jpg?size=130x155&quality=96&sign=40313a7b441280702133b960534fe8b7&c_uniq_tag=9En3RYdLfyM-asIE0RbppVQM4Y_OgEkPccPQ2F6LI5o&type=album"},"z":"","q":0,"w":0,"o":15267753,"i":457253459,"d":443731159}],"m":[]},{"i":1409357,"f":15267753,"t":"Ага","d":443731016,"a":[],"m":[]},{"i":1409354,"f":1615045,"t":"гарантия от предыдушего","d":443731007,"a":[],"m":[]},{"i":1409353,"f":1615045,"t":"она не нова а обменная!","d":443731001,"a":[],"m":[]},{"i":1409347,"f":15267753,"t":"Трубка то новая)","d":443730924,"a":[],"m":[]},{"i":1409346,"f":15267753,"t":"Ок","d":443730917,"a":[],"m":[]},{"i":1409345,"f":1615045,"t":"не нужен","d":443730911,"a":[],"m":[]},{"i":1409344,"f":1615045,"t":"это обменный,а не новый","d":443730907,"a":[],"m":[]},{"i":1409343,"f":15267753,"t":"Комплект от старого","d":443730872,"a":[],"m":[]},{"i":1409342,"f":15267753,"t":"Заменка по гарантии","d":443730868,"a":[],"m":[]},{"i":1409341,"f":15267753,"t":"Неактивированный","d":443730864,"a":[],"m":[]},{"i":1409340,"f":15267753,"t":"Привет","d":443730860,"a":[],"m":[]},{"i":1409339,"f":1615045,"t":"неактивированный?","d":443730849,"a":[],"m":[]},{"i":1409338,"f":1615045,"t":"привет","d":443730843,"a":[],"m":[]}]}