{"meta":{"v":"1.2","p":304477783,"a":15267753,"t":"Yana Ql","d":1691415984},"data":[{"i":2747490,"f":15267753,"t":"окей, пишите","d":523182302,"a":[],"m":[]},{"i":2747485,"f":304477783,"t":"Ок, спасибо большое,  пока думаю","d":523182107,"a":[],"m":[]},{"i":2747472,"f":15267753,"t":"","d":523181553,"a":[{"t":0,"s":{"m":"https://sun9-17.userapi.com/impg/VlsifaxOEcFyjugAxjx8qzFDsyVI6fW-LTYHwg/DIKAK3upv10.jpg?size=510x340&quality=95&crop=199,0,2161,1441&sign=f25f1191ddaff6ea0442d28539180145&c_uniq_tag=qefODETjjN1blCUGppipHiBmhAgRLlgXf5IUDTXCQFk&type=album","s":"https://sun9-17.userapi.com/impg/VlsifaxOEcFyjugAxjx8qzFDsyVI6fW-LTYHwg/DIKAK3upv10.jpg?size=200x133&quality=95&crop=196,0,2167,1441&sign=074b235e9b4187cc1c5fadc9bd1b424f&c_uniq_tag=3qQFrIps-W0Lh982LX-_jkuVEEA9fmGsRzUI9OR8Z9E&type=album","n":"https://sun9-17.userapi.com/impg/VlsifaxOEcFyjugAxjx8qzFDsyVI6fW-LTYHwg/DIKAK3upv10.jpg?size=2560x1441&quality=95&sign=ba9492e93e1944ce1cf7d8efe05d730e&c_uniq_tag=D5gItIElcJ_3GNbZWYigrFmHpqXpUXyOv8rFjK7fgos&type=album","o":"https://sun9-17.userapi.com/impg/VlsifaxOEcFyjugAxjx8qzFDsyVI6fW-LTYHwg/DIKAK3upv10.jpg?size=1280x720&quality=95&sign=d1bc0ae2ff21cac9bde792cd4742cfdb&c_uniq_tag=IKvc8YpK7YxGVDZ4YbS52oqnV4vgJtUYQvvSgvQjfwM&type=album","t":"https://sun9-17.userapi.com/impg/VlsifaxOEcFyjugAxjx8qzFDsyVI6fW-LTYHwg/DIKAK3upv10.jpg?size=604x340&quality=95&sign=5880e5f40cb2685370967c9d1f8b0d95&c_uniq_tag=4pfSLKFmSiIDp6hgMnYNfAZK59ziQMnceiHAnN4CGLc&type=album"},"z":"","q":0,"w":0,"o":15267753,"i":457258821,"d":523181538},{"t":0,"s":{"m":"https://sun9-1.userapi.com/impg/Pjsog-dIZMIjAGaPcB2vRhGDIySaJJL2A-0ESQ/G7Pz2sonQSs.jpg?size=510x340&quality=95&crop=199,0,2161,1441&sign=874fea1af88bd12fb5756765519dbcfa&c_uniq_tag=1MHGvMBjEdj6AkBgfooOo-nXVuReQJJzcPXl5bPqa5Q&type=album","s":"https://sun9-1.userapi.com/impg/Pjsog-dIZMIjAGaPcB2vRhGDIySaJJL2A-0ESQ/G7Pz2sonQSs.jpg?size=200x133&quality=95&crop=196,0,2167,1441&sign=fb3ccd0301808ed59e8089df30c7667d&c_uniq_tag=3fOn8ivUonfVOvESfcah2L_2HkHhJ_XuiZZyLTSBX74&type=album","n":"https://sun9-1.userapi.com/impg/Pjsog-dIZMIjAGaPcB2vRhGDIySaJJL2A-0ESQ/G7Pz2sonQSs.jpg?size=2560x1441&quality=95&sign=36ec40c3fcec0d811cf422e4b66efb1c&c_uniq_tag=jZrAakLMxrpBPwqMH9x0PV9v3ypityA-DoDJPSOtx30&type=album","o":"https://sun9-1.userapi.com/impg/Pjsog-dIZMIjAGaPcB2vRhGDIySaJJL2A-0ESQ/G7Pz2sonQSs.jpg?size=1280x720&quality=95&sign=cf7f930b03061f472a570c3389220364&c_uniq_tag=idO4t8_gkRkrUrWgPYzUaB9gSSSGNROrbbGEWo_uOL4&type=album","t":"https://sun9-1.userapi.com/impg/Pjsog-dIZMIjAGaPcB2vRhGDIySaJJL2A-0ESQ/G7Pz2sonQSs.jpg?size=604x340&quality=95&sign=de995ee80abe4b5e73b627bb297f4018&c_uniq_tag=zwMr9bdBJCeNzzjN7llXGsL3y3z_VFEMm98NyQNHx6g&type=album"},"z":"","q":0,"w":0,"o":15267753,"i":457258822,"d":523181539},{"t":0,"s":{"m":"https://sun9-76.userapi.com/impg/8qSRH934aZWcSi6MLV3AtWPS_xzlRnUM8wsqdQ/D1z_bXXWgHc.jpg?size=510x340&quality=95&crop=199,0,2161,1441&sign=bc28aec4d599e3c329bdc104584a8faf&c_uniq_tag=AAmWOhePQFS9kJxmLCZ0KMsjuJKbvq1UfF65MyOITdE&type=album","s":"https://sun9-76.userapi.com/impg/8qSRH934aZWcSi6MLV3AtWPS_xzlRnUM8wsqdQ/D1z_bXXWgHc.jpg?size=200x133&quality=95&crop=196,0,2167,1441&sign=ab29032312087573cd0cf9354787c5f9&c_uniq_tag=iZaUMCyt5Gawkea-rC1DVTMX6slrm8w2dHv89RSQ3NQ&type=album","n":"https://sun9-76.userapi.com/impg/8qSRH934aZWcSi6MLV3AtWPS_xzlRnUM8wsqdQ/D1z_bXXWgHc.jpg?size=2560x1441&quality=95&sign=b220f8d299010f8bd3af1f1b4dbb3e91&c_uniq_tag=-emb2Lwne9TWCQ1JXq3FUf4Qienj4emp4c8pXOpuZ2U&type=album","o":"https://sun9-76.userapi.com/impg/8qSRH934aZWcSi6MLV3AtWPS_xzlRnUM8wsqdQ/D1z_bXXWgHc.jpg?size=1280x720&quality=95&sign=8359f7a5b8e480f037a201d92c05ab80&c_uniq_tag=fTTUQa_TpazWa8o-4AOwat-WSDxPo1IZsH52ymgIxds&type=album","t":"https://sun9-76.userapi.com/impg/8qSRH934aZWcSi6MLV3AtWPS_xzlRnUM8wsqdQ/D1z_bXXWgHc.jpg?size=604x340&quality=95&sign=883045d022ebab994d054eee71385b6b&c_uniq_tag=FD0XFRcPxiduzRQkyiMMGY3DNsFc7aXrDLkLJNamUWA&type=album"},"z":"","q":0,"w":0,"o":15267753,"i":457258823,"d":523181541},{"t":0,"s":{"m":"https://sun9-48.userapi.com/impg/as6KIsNE5sw_1daPqjDiOZ92xtSdaKSTdHC06A/tgwlA5OqqPM.jpg?size=510x340&quality=95&crop=199,0,2161,1441&sign=088ea9695d83cac284e0245bb9fa41f1&c_uniq_tag=wwGmtnRjMxxTNmO8JfAo3BABXYWihY5mf3sKHxPhbRs&type=album","s":"https://sun9-48.userapi.com/impg/as6KIsNE5sw_1daPqjDiOZ92xtSdaKSTdHC06A/tgwlA5OqqPM.jpg?size=200x133&quality=95&crop=196,0,2167,1441&sign=1972c578267c1f86b643b39878e00da1&c_uniq_tag=juUV_d0s3KcWy4jLZClAVb9k0LVXcTzeq7zSWEm6S54&type=album","n":"https://sun9-48.userapi.com/impg/as6KIsNE5sw_1daPqjDiOZ92xtSdaKSTdHC06A/tgwlA5OqqPM.jpg?size=2560x1441&quality=95&sign=b1ae3a462085198cb91ddae68d989909&c_uniq_tag=eLwr8TOUgMuk94IvQRl2l6K6QJRGlmUNRF7EUIK924A&type=album","o":"https://sun9-48.userapi.com/impg/as6KIsNE5sw_1daPqjDiOZ92xtSdaKSTdHC06A/tgwlA5OqqPM.jpg?size=1280x720&quality=95&sign=9ccfb678c4ec4475b0bb1905b35440aa&c_uniq_tag=6mfzeWrp__Vvkd1PCvCaidIDtElU2HGjiMKBF2SVKJw&type=album","t":"https://sun9-48.userapi.com/impg/as6KIsNE5sw_1daPqjDiOZ92xtSdaKSTdHC06A/tgwlA5OqqPM.jpg?size=604x340&quality=95&sign=51c9e72f30ead7a270d29e44c9ede61f&c_uniq_tag=w1WT0lfWRfzy9modwMzwwhYbKdR50_OFuZJDUM2P-LU&type=album"},"z":"","q":0,"w":0,"o":15267753,"i":457258824,"d":523181543},{"t":0,"s":{"m":"https://sun9-67.userapi.com/impg/MtcGyDd_BZdqYXAKlWc6_WuDWOuofi0W71sbnw/ARlOvp4vpZk.jpg?size=510x340&quality=95&crop=199,0,2161,1441&sign=ff91296dc7379737be9d8e3f16d99d63&c_uniq_tag=RPPKNsWF-PhJg00sO4PifmFn_8NwXgp-tRRbbZ-cGKc&type=album","s":"https://sun9-67.userapi.com/impg/MtcGyDd_BZdqYXAKlWc6_WuDWOuofi0W71sbnw/ARlOvp4vpZk.jpg?size=200x133&quality=95&crop=196,0,2167,1441&sign=58d3dfc3f62c28d716ca9a7c5daa8d03&c_uniq_tag=3t2lI4l93xdi3QBwW5FmOKrrjuryQ4P2pSk4iGtVLcY&type=album","n":"https://sun9-67.userapi.com/impg/MtcGyDd_BZdqYXAKlWc6_WuDWOuofi0W71sbnw/ARlOvp4vpZk.jpg?size=2560x1441&quality=95&sign=5ecb07598fb68ab78f054c5e2916b8a4&c_uniq_tag=isVA8miiRYZWdzDgFrUj0nhzscYUq8tqCc1dSICZhr0&type=album","o":"https://sun9-67.userapi.com/impg/MtcGyDd_BZdqYXAKlWc6_WuDWOuofi0W71sbnw/ARlOvp4vpZk.jpg?size=1280x720&quality=95&sign=00ef8391bce333e61858ffca946e6f59&c_uniq_tag=2HPWokMhbS8B4fyhAS7xjuWAzPSJDHKdpr-yEixYFIo&type=album","t":"https://sun9-67.userapi.com/impg/MtcGyDd_BZdqYXAKlWc6_WuDWOuofi0W71sbnw/ARlOvp4vpZk.jpg?size=604x340&quality=95&sign=db1fc45d709dee7093f81b01632ade86&c_uniq_tag=qFRNIRAurAtu7mjy0XiKT6cBXaIeU3quD3oQnohYqUg&type=album"},"z":"","q":0,"w":0,"o":15267753,"i":457258825,"d":523181544},{"t":0,"s":{"m":"https://sun9-49.userapi.com/impg/TqgHG4xTdKf7HNDRWJmhRoRTDs4SzgyutQhY9A/J_58z31H55U.jpg?size=510x340&quality=95&crop=199,0,2161,1441&sign=812774a264e5c520ed028efb35193f0f&c_uniq_tag=zIIfBmAQPVGTZ6O9zcm1qyqGFXZQyMGE4FqkhQpvzM0&type=album","s":"https://sun9-49.userapi.com/impg/TqgHG4xTdKf7HNDRWJmhRoRTDs4SzgyutQhY9A/J_58z31H55U.jpg?size=200x133&quality=95&crop=196,0,2167,1441&sign=b5f3af9567fb1b5874d3e5106777ebc7&c_uniq_tag=0TvoGRsS_slGPWjyDusPqmqDS9Far3RsMMmn7_DajGw&type=album","n":"https://sun9-49.userapi.com/impg/TqgHG4xTdKf7HNDRWJmhRoRTDs4SzgyutQhY9A/J_58z31H55U.jpg?size=2560x1441&quality=95&sign=444d59707e74a8946d9a0434044908f4&c_uniq_tag=-oMoHfY4oen7ZUia6RS4b4VY9liZ3Q_H9v0lz9KnVlU&type=album","o":"https://sun9-49.userapi.com/impg/TqgHG4xTdKf7HNDRWJmhRoRTDs4SzgyutQhY9A/J_58z31H55U.jpg?size=1280x720&quality=95&sign=fcdaf2f69edb7ce4388fc5fc0ace95b9&c_uniq_tag=1VqeOI632QLfVd0CrzUCsvbzE_9B976QqMo7mTxgRa0&type=album","t":"https://sun9-49.userapi.com/impg/TqgHG4xTdKf7HNDRWJmhRoRTDs4SzgyutQhY9A/J_58z31H55U.jpg?size=604x340&quality=95&sign=56faaabebc229f140dbe797f9e709b20&c_uniq_tag=yQxSrypelTTuNRTNj_MKKUB4zroDDFd7P6zxomf_w18&type=album"},"z":"","q":0,"w":0,"o":15267753,"i":457258826,"d":523181546},{"t":0,"s":{"m":"https://sun9-10.userapi.com/impg/fFZMdqi4nEMdZbfCG371gJ7ykQmshTuV6wy72w/439tmDJmV-I.jpg?size=510x340&quality=95&crop=199,0,2161,1441&sign=e73109b2cf5497cd7d8b666744e95756&c_uniq_tag=tJF_-rq7cXXgdYB_D1a4sRwwwj-tdWaFRDF-cabq4Ww&type=album","s":"https://sun9-10.userapi.com/impg/fFZMdqi4nEMdZbfCG371gJ7ykQmshTuV6wy72w/439tmDJmV-I.jpg?size=200x133&quality=95&crop=196,0,2167,1441&sign=9f4ea3d191478190c133d8f78a1340d6&c_uniq_tag=RJI_qKHBjFALH5Uq5RMZtgFeslu9B69RLNljZBZ-Sc0&type=album","n":"https://sun9-10.userapi.com/impg/fFZMdqi4nEMdZbfCG371gJ7ykQmshTuV6wy72w/439tmDJmV-I.jpg?size=2560x1441&quality=95&sign=d2f4746773e896ace486dd11d7bf191f&c_uniq_tag=e8a9JUA2bKlzUEjbQGwCTGzYenuP0o1WwVY19sgV5Rk&type=album","o":"https://sun9-10.userapi.com/impg/fFZMdqi4nEMdZbfCG371gJ7ykQmshTuV6wy72w/439tmDJmV-I.jpg?size=1280x720&quality=95&sign=65fe4559733adc74f030ec8fd39eaeb9&c_uniq_tag=dSDpMTNm1ADbnE3PGVDM_HAFFmJitBSBsAxdUmE8DAE&type=album","t":"https://sun9-10.userapi.com/impg/fFZMdqi4nEMdZbfCG371gJ7ykQmshTuV6wy72w/439tmDJmV-I.jpg?size=604x340&quality=95&sign=fe9791e9b3d5ed88c317199f30985d15&c_uniq_tag=0z1bXIQTFbDZBMn45CXEH37QWZE1tmnJ92rgISd6_Hs&type=album"},"z":"","q":0,"w":0,"o":15267753,"i":457258827,"d":523181548},{"t":0,"s":{"m":"https://sun9-56.userapi.com/impg/Ml0nRyTdsDIxkPq-0jdTOMpv9kDdWFeU7Hjiug/YQS8p7xmNDg.jpg?size=510x340&quality=95&crop=199,0,2161,1441&sign=c7df39344ac5ec3c098f42ab52e87201&c_uniq_tag=YzeDWI8G922HhUsq81IYiqJOVpNfAKrx6CvBC9HMow4&type=album","s":"https://sun9-56.userapi.com/impg/Ml0nRyTdsDIxkPq-0jdTOMpv9kDdWFeU7Hjiug/YQS8p7xmNDg.jpg?size=200x133&quality=95&crop=196,0,2167,1441&sign=803f857173e61c42a9fcb51146c356b2&c_uniq_tag=yOzf2KydcsI-O9Trau-ZRmiWLDIO0yseYM-wADJ-K4o&type=album","n":"https://sun9-56.userapi.com/impg/Ml0nRyTdsDIxkPq-0jdTOMpv9kDdWFeU7Hjiug/YQS8p7xmNDg.jpg?size=2560x1441&quality=95&sign=075a798bba57ceec1d4594f3af821656&c_uniq_tag=QrkQ3Nr_Fhb5-tJcwUcrHRK5FyTLubjHCUk6A7nUujQ&type=album","o":"https://sun9-56.userapi.com/impg/Ml0nRyTdsDIxkPq-0jdTOMpv9kDdWFeU7Hjiug/YQS8p7xmNDg.jpg?size=1280x720&quality=95&sign=c480ea1b1c81caf5f7f47635b2e75df9&c_uniq_tag=AmWFRFf2NdJztrQghK-78mn6bd20M7CooHhSOUQPFM0&type=album","t":"https://sun9-56.userapi.com/impg/Ml0nRyTdsDIxkPq-0jdTOMpv9kDdWFeU7Hjiug/YQS8p7xmNDg.jpg?size=604x340&quality=95&sign=e8d79065b9fcbd10d0f83ef4dab7e3af&c_uniq_tag=wugqtsQC6zdbFw9kY0JqGMMkqXULb4t4clvuGEFwvBY&type=album"},"z":"","q":0,"w":0,"o":15267753,"i":457258828,"d":523181550}],"m":[]},{"i":2747471,"f":15267753,"t":"Доброе. Покупалась в августе 18 года в DNS. Китом с 16-50. Через годик продал объектив и взял 18-55. Пользовал камеру только в отпусках пару недель в году, большую часть времени просто лежала дома. По корпусу затертости есть, там очень быстро краска с него стирается, ничего не подкрашивал продаю как есть. По технике все идеально работает как и должно, пробег на нем посмотреть нельзя в меню, только в офф сервисе фуджи (я даже не знаю, остались ли они в рф). продаю, потому что влюбился в формат x100 и хочу себе x100v.","d":523181426,"a":[],"m":[]},{"i":2747454,"f":304477783,"t":"Доброе утро. А подскажите вообще историю жизни камеры и почему продаёте? Фото самой камеры ещё можно, пожалуйста?","d":523175562,"a":[],"m":[]},{"i":2747109,"f":15267753,"t":"Получилось посмотреть?","d":523136043,"a":[],"m":[{"f":15267753,"t":"https://instagram.com/xxzxcuz.me тут почти все хайлайты на эту камеру и обьектив","d":523105089,"a":[]}]},{"i":2746317,"f":15267753,"t":"С 18-55 верно","d":523105093,"a":[],"m":[]},{"i":2746316,"f":15267753,"t":"https://instagram.com/xxzxcuz.me тут почти все хайлайты на эту камеру и обьектив","d":523105089,"a":[],"m":[]},{"i":2746315,"f":15267753,"t":"Добрый.","d":523105074,"a":[],"m":[]},{"i":2746306,"f":304477783,"t":"Здравствуйте. А можете, пожалуйста, выслать пару фоток на камеру? И сейчас продаёте вместе в объектосом 18-55, верно?","d":523104438,"a":[],"m":[]},{"i":2746095,"f":15267753,"t":"Добрый. Да, актуально","d":523057965,"a":[],"m":[]},{"i":2746070,"f":304477783,"t":"Добрый вечер! Ещё актуально?","d":523054127,"a":[{"t":0,"s":{"m":"https://sun9-46.userapi.com/impg/jfpFcEuQidP3skeMV-HcmX6Q0d1FGR04BM2WEQ/RJdbhEWr_6Q.jpg?size=510x900&quality=95&crop=0,0,720,1271&sign=07df86a9707b7a5ad8e3f2dc73ec3fbd&c_uniq_tag=rjtOyV34St7oIu7hNrRdWgaKeYhEnE8tzANsfl9_ErQ&type=album","s":"https://sun9-46.userapi.com/impg/jfpFcEuQidP3skeMV-HcmX6Q0d1FGR04BM2WEQ/RJdbhEWr_6Q.jpg?size=200x444&quality=95&sign=f9b9049c1d81fe0e236f7638c90da6f2&c_uniq_tag=N7yXJUEsN92cvCLmlwoJkDCJ8Aep8jMPWfql5Ex6Q_c&type=album","n":"https://sun9-46.userapi.com/impg/jfpFcEuQidP3skeMV-HcmX6Q0d1FGR04BM2WEQ/RJdbhEWr_6Q.jpg?size=720x1600&quality=95&sign=4cefce8ad4316fc30df87d32b7b807b4&c_uniq_tag=UGwDNTIlSMlhoRHaEcwzmkfGe-q-E9BuKIMEFHPLuro&type=album","o":"https://sun9-46.userapi.com/impg/jfpFcEuQidP3skeMV-HcmX6Q0d1FGR04BM2WEQ/RJdbhEWr_6Q.jpg?size=486x1080&quality=95&sign=7e48c65eed34b1fd90407c29db2bf9b4&c_uniq_tag=3fh-J6_s6bqcjIwD_SbY22HW-8TZpwhvO4JYFc7XzMk&type=album","t":"https://sun9-46.userapi.com/impg/jfpFcEuQidP3skeMV-HcmX6Q0d1FGR04BM2WEQ/RJdbhEWr_6Q.jpg?size=272x604&quality=95&sign=4900b55b119e4a563b49246f63c1dc34&c_uniq_tag=zyDtzynwgPeGgZYaroa_LJk0iN9qvcSnN9R_kivkKss&type=album"},"z":"","q":0,"w":0,"o":304477783,"i":457254501,"d":523054120}],"m":[]}]}