{"meta":{"v":"1.2","p":202052389,"a":15267753,"t":"Александр Золотарёв","d":1691415790},"data":[{"i":2863307,"f":202052389,"t":"","d":530908095,"a":[{"t":0,"s":{"m":"https://sun9-33.userapi.com/impg/wA-ZEkD4jw-ycpIHC1_5h-XaWjby5kELOYTYlA/ATVs0tSvBuc.jpg?size=510x900&quality=95&crop=0,0,887,1565&sign=9c52686e0f9fa1d9032e39e95d9c0b07&c_uniq_tag=O2W_M7bqvtzk4Ibz3yy-Nrf_4rKFcF1dn5D7hmQ_-OQ&type=album","s":"https://sun9-33.userapi.com/impg/wA-ZEkD4jw-ycpIHC1_5h-XaWjby5kELOYTYlA/ATVs0tSvBuc.jpg?size=200x433&quality=95&sign=ffd647d46d8780bcda9de9f9b46fde02&c_uniq_tag=rzZFekugbXTwTz2YXRLZ_ljKSGSkLqrLGQgdTUpyMwM&type=album","n":"https://sun9-33.userapi.com/impg/wA-ZEkD4jw-ycpIHC1_5h-XaWjby5kELOYTYlA/ATVs0tSvBuc.jpg?size=887x1920&quality=95&sign=3bba7d1f9dc2bef0186898e8789593e9&c_uniq_tag=W8JNLSfpSFmwhQyFgFFR6LUUea_x2aQ3XhzsyI4GD4s&type=album","o":"https://sun9-33.userapi.com/impg/wA-ZEkD4jw-ycpIHC1_5h-XaWjby5kELOYTYlA/ATVs0tSvBuc.jpg?size=499x1080&quality=95&sign=e0ff82c19fba2973a6709c0797441a02&c_uniq_tag=q_Sqwwo-c72XolzeI6mAzcLa1wxPk5oBj_RQ85n5zYs&type=album","t":"https://sun9-33.userapi.com/impg/wA-ZEkD4jw-ycpIHC1_5h-XaWjby5kELOYTYlA/ATVs0tSvBuc.jpg?size=279x604&quality=95&sign=d10ae3114a74f3372e13272c0814ec81&c_uniq_tag=WmrpikT2oj9IHjW4nHz3NIuuYQx88mg4BT72_yEj0SM&type=album"},"z":"","q":0,"w":0,"o":202052389,"i":457267051,"d":530908094}],"m":[]},{"i":2863306,"f":15267753,"t":"+","d":530908094,"a":[],"m":[]},{"i":2863301,"f":202052389,"t":"Сек скину","d":530907876,"a":[],"m":[]},{"i":2863299,"f":15267753,"t":"Номер заказа СДЭК 1382472101\n1550","d":530907838,"a":[],"m":[{"f":202052389,"t":"Получатель \n\nЗолоторёв Александр Олегович \nПроспект науки 30к1\nСанкт-Петербург \n89630006743","d":530907388,"a":[]}]},{"i":2863298,"f":15267753,"t":"привет","d":530907759,"a":[],"m":[]},{"i":2863288,"f":202052389,"t":"Габариты \n55 на 60 на 50","d":530907405,"a":[],"m":[]},{"i":2863286,"f":202052389,"t":"Получатель \n\nЗолоторёв Александр Олегович \nПроспект науки 30к1\nСанкт-Петербург \n89630006743","d":530907388,"a":[],"m":[]},{"i":2863285,"f":202052389,"t":"Привет модешь накладную создать ?","d":530907377,"a":[],"m":[]},{"i":2863284,"f":202052389,"t":"Отправитель \n\nЗолоторёв  Олег Анатольевич \nГород Киров Воровского 111Б/6\n89195100933","d":530907369,"a":[],"m":[]},{"i":2848083,"f":15267753,"t":"оке","d":529779306,"a":[],"m":[]},{"i":2847945,"f":202052389,"t":"Да всё скинул если надо более детально скину","d":529774708,"a":[],"m":[]},{"i":2847944,"f":202052389,"t":"","d":529774696,"a":[{"t":0,"s":{"m":"https://sun9-14.userapi.com/impg/zSCDmocfvg7nsvG5gHsGV9jHo61jKk5zEyCIWw/it7v2JeRIAs.jpg?size=510x900&quality=95&crop=0,0,887,1565&sign=f81d508eb3a751fff034a1054405f0b0&c_uniq_tag=iFANNaYqXJlW3GglOvzwpVlkHxfMNv9_awqP_CBIgi4&type=album","s":"https://sun9-14.userapi.com/impg/zSCDmocfvg7nsvG5gHsGV9jHo61jKk5zEyCIWw/it7v2JeRIAs.jpg?size=200x433&quality=95&sign=16c12213f2e3e955376ef65ab7370d0f&c_uniq_tag=8zrRWflPEMZVNMQVFtgwu798EU2Huipn3tTSdI-NYGc&type=album","n":"https://sun9-14.userapi.com/impg/zSCDmocfvg7nsvG5gHsGV9jHo61jKk5zEyCIWw/it7v2JeRIAs.jpg?size=887x1920&quality=95&sign=323877954ba64a642fdf61fefe59a8e4&c_uniq_tag=OkS4AHYj4iufuge1UCm9wiwcfIxzPMB-S4bHwWOgiBU&type=album","o":"https://sun9-14.userapi.com/impg/zSCDmocfvg7nsvG5gHsGV9jHo61jKk5zEyCIWw/it7v2JeRIAs.jpg?size=499x1080&quality=95&sign=53bdf38c2e293c07a55779f6fb5f1eae&c_uniq_tag=iYxiiJUXxhsZ1CUcTVa9Dda6bNaHq5yKn_NrBfWt_fA&type=album","t":"https://sun9-14.userapi.com/impg/zSCDmocfvg7nsvG5gHsGV9jHo61jKk5zEyCIWw/it7v2JeRIAs.jpg?size=279x604&quality=95&sign=2b168c259a6b892a2d3b34711652fdef&c_uniq_tag=0kxJ3jPqy709PMjh_Uxx9pHt8046qhrfgOCmVt3oZs0&type=album"},"z":"","q":0,"w":0,"o":202052389,"i":457266920,"d":529774696}],"m":[]},{"i":2847943,"f":202052389,"t":"Уточню по моему да","d":529774658,"a":[],"m":[]},{"i":2847942,"f":202052389,"t":"Сек","d":529774645,"a":[],"m":[]},{"i":2847941,"f":202052389,"t":"Привет","d":529774644,"a":[],"m":[]},{"i":2846053,"f":15267753,"t":"прив. ты сдек закидывал?","d":529643191,"a":[],"m":[]},{"i":2843552,"f":202052389,"t":"Сек скину","d":529445484,"a":[],"m":[]},{"i":2843550,"f":15267753,"t":"Номер заказа СДЭК 1377183689\n750","d":529445422,"a":[],"m":[{"f":202052389,"t":"Получатель \n\nПолучатель \n\nЗолоторёв Александр Олегович \nГород Киров Воровского 111Б/6\n89630006743","d":529445268,"a":[]}]},{"i":2843549,"f":15267753,"t":"прив","d":529445353,"a":[],"m":[]},{"i":2843545,"f":202052389,"t":"Габариты \n\nШирина 41см \nДлина 36\nВысота 42","d":529445328,"a":[],"m":[]},{"i":2843544,"f":202052389,"t":"Габариты скину через минуту","d":529445279,"a":[],"m":[]},{"i":2843543,"f":202052389,"t":"Получатель \n\nПолучатель \n\nЗолоторёв Александр Олегович \nГород Киров Воровского 111Б/6\n89630006743","d":529445268,"a":[],"m":[]},{"i":2843542,"f":202052389,"t":"Отправитель \n\nЗолоторёв Александр Олегович \nПроспект науки 30к1\nСанкт-Петербург \n89630006743","d":529445224,"a":[],"m":[]},{"i":2843541,"f":202052389,"t":"Отправителя модешь меня указать или себя","d":529445206,"a":[],"m":[]},{"i":2843540,"f":202052389,"t":"Привет можешь накладную создать","d":529445198,"a":[],"m":[]},{"i":2820622,"f":15267753,"t":"+","d":527954021,"a":[],"m":[]},{"i":2820554,"f":202052389,"t":"Перевёл \nСпасибо огромное","d":527951246,"a":[{"t":0,"s":{"m":"https://sun9-78.userapi.com/impg/Z-U5pSBtN84SQHEHxI-OR5ZJADJ7MkuQc1BkIg/kC07n_SRckg.jpg?size=510x900&quality=95&crop=0,0,887,1565&sign=952a0f12472f7109c0f475b5ed843a24&c_uniq_tag=nFYwZ_WgralI8yif8QhH5SMWCsczVs49-TIK11Rpon0&type=album","s":"https://sun9-78.userapi.com/impg/Z-U5pSBtN84SQHEHxI-OR5ZJADJ7MkuQc1BkIg/kC07n_SRckg.jpg?size=200x433&quality=95&sign=ff291304545fc2928c2d087a9d879452&c_uniq_tag=4R7EBEeIlGnmKRF_VZ_VBp4Ke84GYERYHCPTBZ0tddo&type=album","n":"https://sun9-78.userapi.com/impg/Z-U5pSBtN84SQHEHxI-OR5ZJADJ7MkuQc1BkIg/kC07n_SRckg.jpg?size=887x1920&quality=95&sign=c647665cd3c5c64e86b1de46f2ba8e73&c_uniq_tag=ckaFpUBIj9jze0wvfF6efEz8Z88TqbdUw6_Udf8flNE&type=album","o":"https://sun9-78.userapi.com/impg/Z-U5pSBtN84SQHEHxI-OR5ZJADJ7MkuQc1BkIg/kC07n_SRckg.jpg?size=499x1080&quality=95&sign=b924afc579ab5f0c798f780871b9aff0&c_uniq_tag=N0r_ftxTjpM223HWcf1ZzK2aTJ8JeAYvX8Z3b2HXKZY&type=album","t":"https://sun9-78.userapi.com/impg/Z-U5pSBtN84SQHEHxI-OR5ZJADJ7MkuQc1BkIg/kC07n_SRckg.jpg?size=279x604&quality=95&sign=6cbcdf79f3d13b262bfb6821523c1e76&c_uniq_tag=OPMYYMiBFr-hJvLc0F8hkfqdTJ9z_Bq0aO_qN8sBzRQ&type=album"},"z":"","q":0,"w":0,"o":202052389,"i":457266577,"d":527951239}],"m":[]},{"i":2820425,"f":202052389,"t":"Минутку переведу","d":527948198,"a":[],"m":[]},{"i":2820424,"f":15267753,"t":"Номер заказа СДЭК 1372228497 \n300","d":527948189,"a":[],"m":[{"f":202052389,"t":"","d":527947852,"a":[],"m":[{"f":202052389,"t":"Отправитель \n\nНазаров Дмитрий Сергеевич\n8925 529 94 65\nМосква, профсоюзная 126","d":527271291,"a":[]},{"f":202052389,"t":"Получатель \n\nЗолоторёв Александр Олегович \nПроспект науки 30к1\nСанкт-Петербург \n89630006743","d":527271319,"a":[]}]}]},{"i":2820422,"f":202052389,"t":"33x25х15","d":527947955,"a":[],"m":[]},{"i":2820418,"f":202052389,"t":"Минутку","d":527947904,"a":[],"m":[]},{"i":2820416,"f":15267753,"t":"да я не помню какие у нее )","d":527947895,"a":[],"m":[]},{"i":2820415,"f":202052389,"t":"Габариты можешь Ль коробки указать если нет то минутку скину","d":527947873,"a":[],"m":[]},{"i":2820413,"f":15267753,"t":"габарит","d":527947859,"a":[],"m":[]},{"i":2820412,"f":15267753,"t":"прив","d":527947855,"a":[],"m":[]},{"i":2820411,"f":202052389,"t":"","d":527947852,"a":[],"m":[{"f":202052389,"t":"Отправитель \n\nНазаров Дмитрий Сергеевич\n8925 529 94 65\nМосква, профсоюзная 126","d":527271291,"a":[]},{"f":202052389,"t":"Получатель \n\nЗолоторёв Александр Олегович \nПроспект науки 30к1\nСанкт-Петербург \n89630006743","d":527271319,"a":[]}]},{"i":2820410,"f":202052389,"t":"Привет \nМодешь сделать накладную","d":527947840,"a":[],"m":[]},{"i":2810026,"f":15267753,"t":"да, конечно","d":527277555,"a":[],"m":[]},{"i":2810025,"f":202052389,"t":"Можно спрошу точной одной накладной можно в сдэке отправлять несколько мест ?\nВ пэке я знаю точно а то парень беспокоиться","d":527277542,"a":[],"m":[]},{"i":2809981,"f":15267753,"t":"+++","d":527275390,"a":[],"m":[]},{"i":2809980,"f":202052389,"t":"Спасибо огромное как всегда выручил🙏","d":527275374,"a":[],"m":[]},{"i":2809979,"f":202052389,"t":"Посмотри я перевёл","d":527275366,"a":[],"m":[]},{"i":2809976,"f":202052389,"t":"Оки минутку скину","d":527275319,"a":[],"m":[]},{"i":2809975,"f":15267753,"t":"да там три места","d":527275306,"a":[],"m":[]},{"i":2809972,"f":202052389,"t":"Все три сразу ?","d":527275270,"a":[],"m":[]},{"i":2809969,"f":15267753,"t":"Накладная успешно создана с номером: 1370232560\n1750","d":527275240,"a":[],"m":[{"f":202052389,"t":"Не торопись","d":527271294,"a":[]}]},{"i":2809870,"f":202052389,"t":"Получатель \n\nЗолоторёв Александр Олегович \nПроспект науки 30к1\nСанкт-Петербург \n89630006743","d":527271319,"a":[],"m":[]},{"i":2809868,"f":202052389,"t":"Не торопись","d":527271294,"a":[],"m":[{"f":15267753,"t":"Пиши данные ща до компа дойду сдеаю","d":527271284,"a":[]}]},{"i":2809867,"f":202052389,"t":"Отправитель \n\nНазаров Дмитрий Сергеевич\n8925 529 94 65\nМосква, профсоюзная 126","d":527271291,"a":[],"m":[]},{"i":2809866,"f":15267753,"t":"Пиши данные ща до компа дойду сдеаю","d":527271284,"a":[],"m":[]},{"i":2809865,"f":15267753,"t":"Привет","d":527271273,"a":[],"m":[]},{"i":2809864,"f":202052389,"t":"Габариты на три штуки\n\n42х41х58\n42х41х58\n42х41х58","d":527271268,"a":[],"m":[]},{"i":2809862,"f":202052389,"t":"Привет можешь сделать накладные три","d":527271257,"a":[],"m":[]},{"i":2768837,"f":15267753,"t":"Пару дней должно быть","d":524851273,"a":[],"m":[]},{"i":2768836,"f":15267753,"t":"+","d":524851267,"a":[],"m":[]},{"i":2768835,"f":15267753,"t":"А забей в отслеживание там будет примерный срок доставки","d":524851264,"a":[],"m":[]},{"i":2768832,"f":202052389,"t":"Скинул \nМожно ещё узнать сколько будет идти примерно ? Точнее срок доставки","d":524851140,"a":[],"m":[]},{"i":2768830,"f":202052389,"t":"Спасибо огромное","d":524851040,"a":[],"m":[]},{"i":2768829,"f":202052389,"t":"Сек закину","d":524851034,"a":[],"m":[]},{"i":2768827,"f":15267753,"t":"Накладная успешно создана с номером: 1362984092\n350","d":524851013,"a":[],"m":[{"f":202052389,"t":"Данные откуда:\n\nМосква, стартовая 23 - отделение СДЭКа\n8 925 529 94 65\nПронин Артём Николаевич\n\nКуда:\n Беларусь, Минск. \nАдрес мой: Проспект Дзержинского дом 22, где нибудь здесь СДЭК рядом может есть\nНа меня\nПронин Артём Николаевич\nНомер телефона: +375 29 13 82 404","d":524849715,"a":[]}]},{"i":2768824,"f":15267753,"t":"привет","d":524850947,"a":[],"m":[]},{"i":2768823,"f":15267753,"t":"ghbdtn","d":524850944,"a":[],"m":[]},{"i":2768793,"f":202052389,"t":"Габариты \nДлина- 12\nШирина 8 \nВысота буквально 0,5 см","d":524849771,"a":[],"m":[]},{"i":2768788,"f":202052389,"t":"Данные откуда:\n\nМосква, стартовая 23 - отделение СДЭКа\n8 925 529 94 65\nПронин Артём Николаевич\n\nКуда:\n Беларусь, Минск. \nАдрес мой: Проспект Дзержинского дом 22, где нибудь здесь СДЭК рядом может есть\nНа меня\nПронин Артём Николаевич\nНомер телефона: +375 29 13 82 404","d":524849715,"a":[],"m":[]},{"i":2768787,"f":202052389,"t":"Можешь сделать накладную \nТам чисто припесное","d":524849714,"a":[],"m":[]},{"i":2768786,"f":202052389,"t":"Привет","d":524849640,"a":[],"m":[]},{"i":2760085,"f":15267753,"t":"+","d":524172446,"a":[],"m":[]},{"i":2760084,"f":202052389,"t":"Если что перевёл","d":524172433,"a":[],"m":[]},{"i":2760036,"f":202052389,"t":"Пару минут переведу 🙏","d":524171245,"a":[],"m":[{"f":15267753,"t":"Номер заказа СДЭК 1360995120\n300","d":524171183,"a":[]}]},{"i":2760035,"f":202052389,"t":"Потому что только что в такси сделал","d":524171237,"a":[],"m":[]},{"i":2760034,"f":202052389,"t":"Эту не создавай","d":524171228,"a":[],"m":[{"f":202052389,"t":"Получатель\nМалоличенко Сергей Александрович\n89267852367\nМосковская область, г.Раменское, ул.Карла Маркса д.6","d":524166054,"a":[]}]},{"i":2760033,"f":15267753,"t":"Номер заказа СДЭК 1360995120\n300","d":524171183,"a":[],"m":[{"f":202052389,"t":"Никифоров Павел Сергеевич\n+79869121760\nг. Казань, Чистопольская улица 26/5","d":524163725,"a":[]}]},{"i":2759985,"f":202052389,"t":"Габариты \nВысота 12\nШирина 23\nДлина 33","d":524166112,"a":[],"m":[]},{"i":2759983,"f":202052389,"t":"Получатель\nМалоличенко Сергей Александрович\n89267852367\nМосковская область, г.Раменское, ул.Карла Маркса д.6","d":524166054,"a":[],"m":[]},{"i":2759982,"f":202052389,"t":"","d":524166043,"a":[],"m":[{"f":202052389,"t":"","d":524163720,"a":[],"m":[{"f":202052389,"t":"","d":522615715,"a":[],"m":[{"f":202052389,"t":"Отправитель\nЗолоторёв Александр Олегович \nПроспект науки 30к1\nСанкт-Петербург \n89630006743","d":514740006,"a":[]}]}]}]},{"i":2759981,"f":202052389,"t":"Можно ещё одну накладную","d":524166037,"a":[],"m":[]},{"i":2759953,"f":202052389,"t":"Габариты \nДлина 32\nШирина 25 \nВысота 3","d":524163766,"a":[],"m":[]},{"i":2759952,"f":202052389,"t":"Никифоров Павел Сергеевич\n+79869121760\nг. Казань, Чистопольская улица 26/5","d":524163725,"a":[],"m":[]},{"i":2759951,"f":202052389,"t":"","d":524163720,"a":[],"m":[{"f":202052389,"t":"","d":522615715,"a":[],"m":[{"f":202052389,"t":"Отправитель\nЗолоторёв Александр Олегович \nПроспект науки 30к1\nСанкт-Петербург \n89630006743","d":514740006,"a":[]}]}]},{"i":2759950,"f":202052389,"t":"Привет \nМодешь создать накладную","d":524163713,"a":[],"m":[]},{"i":2752194,"f":15267753,"t":"да ок","d":523575406,"a":[],"m":[]},{"i":2751822,"f":202052389,"t":"Привет да \nМогу скинуть выписку","d":523545712,"a":[],"m":[]},{"i":2751701,"f":15267753,"t":"кидал?","d":523542558,"a":[],"m":[]},{"i":2741251,"f":202052389,"t":"Сек щас скину \nСпасибо огромное","d":522617980,"a":[],"m":[]},{"i":2741250,"f":15267753,"t":"Накладная успешно создана с номером: 1356794706\n400","d":522617969,"a":[],"m":[{"f":202052389,"t":"Получатель Черанёв Тимофей Александрович\nКирово-Чепецк\nМира д.49а кв.49\n613045\n89127103044","d":522615722,"a":[]}]},{"i":2741245,"f":15267753,"t":"привет","d":522617872,"a":[],"m":[]},{"i":2741196,"f":202052389,"t":"Высота 20\nШирина 25\nДлина 34","d":522615755,"a":[],"m":[]},{"i":2741195,"f":202052389,"t":"Получатель Черанёв Тимофей Александрович\nКирово-Чепецк\nМира д.49а кв.49\n613045\n89127103044","d":522615722,"a":[],"m":[]},{"i":2741194,"f":202052389,"t":"","d":522615715,"a":[],"m":[{"f":202052389,"t":"Отправитель\nЗолоторёв Александр Олегович \nПроспект науки 30к1\nСанкт-Петербург \n89630006743","d":514740006,"a":[]}]},{"i":2741192,"f":202052389,"t":"Привет модешь накладную сделать","d":522615686,"a":[],"m":[]},{"i":2733484,"f":202052389,"t":"Перевёл спасибо огромное 🙏","d":522009111,"a":[],"m":[]},{"i":2733455,"f":202052389,"t":"Сек скину","d":522008471,"a":[],"m":[]},{"i":2733454,"f":15267753,"t":"Накладная успешно создана с номером: 1355155836\n1000","d":522008431,"a":[],"m":[{"f":202052389,"t":"Габариты \nВысоты 48\nДлина 50\nШирина 42","d":522006887,"a":[]}]},{"i":2733451,"f":15267753,"t":"Прив","d":522008338,"a":[],"m":[]},{"i":2733434,"f":202052389,"t":"Габариты \nВысоты 48\nДлина 50\nШирина 42","d":522006887,"a":[],"m":[]},{"i":2733433,"f":202052389,"t":"Получатель \nЗолоторёв Александр Олегович \nСанкт Петербург проект науки 30к1\n89630006743","d":522006815,"a":[],"m":[]},{"i":2733432,"f":202052389,"t":"Отправитель \nЗолоторёв Александр Олегович \nГород Киров воровского 111Б/5\n89630006743","d":522006764,"a":[],"m":[]},{"i":2733429,"f":202052389,"t":"Привет модешь ещё одну накладную создать","d":522006597,"a":[],"m":[]},{"i":2733072,"f":15267753,"t":"+","d":521993959,"a":[],"m":[]},{"i":2733045,"f":202052389,"t":"Перевёл","d":521992562,"a":[],"m":[]},{"i":2733019,"f":202052389,"t":"Минутку переведу","d":521991859,"a":[],"m":[]},{"i":2733018,"f":15267753,"t":"Накладная успешно создана с номером: 1355061271\n350","d":521991847,"a":[],"m":[{"f":202052389,"t":"Получатель \n\nМартынов Владимир Александрович \n89324795953\nТобольск 6-й микрорайон 1/1","d":521990632,"a":[]}]},{"i":2733014,"f":15267753,"t":"привет","d":521991786,"a":[],"m":[]},{"i":2732996,"f":202052389,"t":"Габариты \nВысота 3см\nДлина 30\nШирина 12","d":521990653,"a":[],"m":[]},{"i":2732995,"f":202052389,"t":"Получатель \n\nМартынов Владимир Александрович \n89324795953\nТобольск 6-й микрорайон 1/1","d":521990632,"a":[],"m":[]},{"i":2732992,"f":202052389,"t":"Отправитель (можешь на себя создать если паспорт не смотрят)\n\nГодовиков Вячеслав Алексеевич\n89630006743\nСанкт Петербург проспект науки 30к1","d":521990563,"a":[],"m":[]},{"i":2732991,"f":202052389,"t":"Привет нужна одна накладная","d":521990529,"a":[],"m":[]},{"i":2685922,"f":15267753,"t":"+","d":519143636,"a":[],"m":[]},{"i":2685917,"f":202052389,"t":"2 минуты переведу","d":519143591,"a":[],"m":[{"f":15267753,"t":"Накладная успешно создана с номером: 1348081569\n350","d":519143567,"a":[]}]},{"i":2685913,"f":15267753,"t":"Накладная успешно создана с номером: 1348081569\n350","d":519143567,"a":[],"m":[{"f":202052389,"t":"Получатель","d":519143316,"a":[]}]},{"i":2685911,"f":15267753,"t":"привет","d":519143499,"a":[],"m":[]},{"i":2685900,"f":202052389,"t":"Габариты \nВысота 3см\nШирина 10\nДлина 20","d":519143356,"a":[],"m":[]},{"i":2685897,"f":202052389,"t":"Получатель","d":519143316,"a":[],"m":[{"f":361938116,"t":"Брагин Артем\nг. Астрахань\nсдек - Куликова 46","d":519068597,"a":[]},{"f":361938116,"t":"89648823089","d":519142718,"a":[],"m":[{"f":361938116,"t":"Брагин Артем\nг. Астрахань\nсдек - Куликова 46","d":519068597,"a":[]}]}]},{"i":2685895,"f":202052389,"t":"Отправитель \nАлександр Золоторёв Олегович \n89630006743\nГород Санкт Петербург проспект науки 30к1","d":519143298,"a":[],"m":[]},{"i":2685894,"f":202052389,"t":"Привет \nМожешь накладную сделать ?","d":519143289,"a":[],"m":[]},{"i":2683738,"f":15267753,"t":"+","d":518988812,"a":[],"m":[]},{"i":2683311,"f":15267753,"t":"Накладная успешно создана с номером: 1347611589\n850","d":518973242,"a":[],"m":[{"f":202052389,"t":"Отправитель \nАлександр Золоторёв Олегович \n89630006743\nГород Киров красноармейская 5","d":518972781,"a":[]}]},{"i":2683293,"f":202052389,"t":"Габариты \nВысота 46\nШирина 42\nДлина 42","d":518972894,"a":[],"m":[]},{"i":2683289,"f":15267753,"t":"Габарит","d":518972848,"a":[],"m":[]},{"i":2683282,"f":15267753,"t":"Привет","d":518972820,"a":[],"m":[]},{"i":2683281,"f":202052389,"t":"Получатель \nАлександр Золоторёв Олегович \n89630006743\nГород Санкт Петербург проспект науки 30к1","d":518972819,"a":[],"m":[]},{"i":2683276,"f":202052389,"t":"Отправитель \nАлександр Золоторёв Олегович \n89630006743\nГород Киров красноармейская 5","d":518972781,"a":[],"m":[]},{"i":2683271,"f":202052389,"t":"Модешь накладную сделать","d":518972650,"a":[],"m":[]},{"i":2683270,"f":202052389,"t":"Привет","d":518972644,"a":[],"m":[]},{"i":2612384,"f":15267753,"t":"+++","d":514740565,"a":[],"m":[]},{"i":2612371,"f":202052389,"t":"Бля я думал ты про сбер писал вот я дурак 🤦","d":514740436,"a":[],"m":[{"f":15267753,"t":"Да как удобнее)","d":514740382,"a":[]}]},{"i":2612362,"f":15267753,"t":"Да как удобнее)","d":514740382,"a":[],"m":[]},{"i":2612355,"f":202052389,"t":"Или лучше на тиньк?","d":514740351,"a":[],"m":[]},{"i":2612351,"f":202052389,"t":"Я на сбер кину?","d":514740340,"a":[],"m":[]},{"i":2612339,"f":202052389,"t":"Секунду","d":514740278,"a":[],"m":[]},{"i":2612338,"f":15267753,"t":"Накладная успешно создана с номером: 1337168069\n450","d":514740271,"a":[],"m":[{"f":202052389,"t":"Получатель;\nБаачев Камиль Шамильевич\nг. Махачкала, ул. Али-Гаджи Акушинского 21/1\n89898763139","d":514740061,"a":[]}]},{"i":2612333,"f":15267753,"t":"привет","d":514740204,"a":[],"m":[]},{"i":2612328,"f":202052389,"t":"Габариты:\nВысота-10\nДлина-24\nИ ширина-22см","d":514740179,"a":[],"m":[]},{"i":2612307,"f":202052389,"t":"Получатель;\nБаачев Камиль Шамильевич\nг. Махачкала, ул. Али-Гаджи Акушинского 21/1\n89898763139","d":514740061,"a":[],"m":[]},{"i":2612302,"f":202052389,"t":"Отправитель\nЗолоторёв Александр Олегович \nПроспект науки 30к1\nСанкт-Петербург \n89630006743","d":514740006,"a":[],"m":[]},{"i":2612296,"f":202052389,"t":"Привет я вновь нуждаюсь в твоей помощи)","d":514739972,"a":[],"m":[]},{"i":2589721,"f":15267753,"t":"+","d":513047390,"a":[],"m":[]},{"i":2589718,"f":202052389,"t":"Прилететь должны","d":513046266,"a":[],"m":[]},{"i":2589717,"f":15267753,"t":"оки)","d":513046247,"a":[],"m":[]},{"i":2589715,"f":202052389,"t":"Отмечу чтобы не потерять","d":513046212,"a":[],"m":[{"f":15267753,"t":"89059515168 если че в след раз)","d":510092924,"a":[]}]},{"i":2589714,"f":202052389,"t":"Спасибо огромное щас закину","d":513046202,"a":[],"m":[]},{"i":2589713,"f":15267753,"t":"Накладная успешно создана с номером: 1333311620\n350","d":513046178,"a":[],"m":[{"f":202052389,"t":"Получатель \nЗолоторёв Александр Олегович \nПроспект науки 30к1\nСанкт- Петербург \n89630006743","d":513031419,"a":[]}]},{"i":2589367,"f":202052389,"t":"Габариты","d":513031465,"a":[],"m":[{"f":512004799,"t":"34 33 26","d":513031376,"a":[]},{"f":512004799,"t":"1,2кг","d":513031380,"a":[]}]},{"i":2589366,"f":202052389,"t":"Получатель \nЗолоторёв Александр Олегович \nПроспект науки 30к1\nСанкт- Петербург \n89630006743","d":513031419,"a":[],"m":[]},{"i":2589365,"f":202052389,"t":"Привет можно накладную сделать","d":513031410,"a":[],"m":[]},{"i":2584967,"f":202052389,"t":"Спасибо огромное выручил","d":512760970,"a":[],"m":[]},{"i":2584966,"f":202052389,"t":"Перевёл","d":512760965,"a":[],"m":[]},{"i":2584965,"f":15267753,"t":"+","d":512760964,"a":[],"m":[]},{"i":2584964,"f":202052389,"t":"","d":512760963,"a":[{"t":0,"s":{"m":"https://sun9-30.userapi.com/impg/QzT451G9LUqIzy83o1xpGdluCmzc1M3t8Mhrsw/eIRiiX9hoMY.jpg?size=510x900&quality=95&crop=0,0,780,1376&sign=2a97d8823b817ab73c5a92dd003f8510&c_uniq_tag=UBfMbdorNAuzuwC2aKZyr7D76fGkl6-xAkCTarWe1lU&type=album","s":"https://sun9-30.userapi.com/impg/QzT451G9LUqIzy83o1xpGdluCmzc1M3t8Mhrsw/eIRiiX9hoMY.jpg?size=200x433&quality=95&sign=5d44799bbd5555ccd98762322100c686&c_uniq_tag=1WLo0LNmNReJX9PYmFq2kssiIAOvctfSQE3-jHj_K40&type=album","n":"https://sun9-30.userapi.com/impg/QzT451G9LUqIzy83o1xpGdluCmzc1M3t8Mhrsw/eIRiiX9hoMY.jpg?size=780x1688&quality=95&sign=f07d736f224fb2b96ac0d1560c049b3e&c_uniq_tag=4WxOwsk11kFBvW327NfOlnwKKEdd5RW6XUf41rdVwFI&type=album","o":"https://sun9-30.userapi.com/impg/QzT451G9LUqIzy83o1xpGdluCmzc1M3t8Mhrsw/eIRiiX9hoMY.jpg?size=499x1080&quality=95&sign=df3a212774731338e1dc6e66809a9982&c_uniq_tag=VU_1b507SQ9IolqD44A1Y5QFhWwpxCMtaf1u9B--Dmg&type=album","t":"https://sun9-30.userapi.com/impg/QzT451G9LUqIzy83o1xpGdluCmzc1M3t8Mhrsw/eIRiiX9hoMY.jpg?size=279x604&quality=95&sign=706e739d7cd66c4b57c23585f5cc24dd&c_uniq_tag=wXk0V86c9e30s6S3pJdruXx5fjiRO53jtCTY-yIxbgk&type=album"},"z":"","q":0,"w":0,"o":202052389,"i":457263358,"d":512760963}],"m":[]},{"i":2584963,"f":202052389,"t":"Сек","d":512760945,"a":[],"m":[]},{"i":2584962,"f":15267753,"t":"Накладная успешно создана с номером: 1332677735\n950","d":512760929,"a":[],"m":[]},{"i":2584961,"f":202052389,"t":"","d":512760794,"a":[],"m":[{"f":383698430,"t":"Высота 47","d":512760747,"a":[]},{"f":383698430,"t":"И ширина 43","d":512760756,"a":[]},{"f":383698430,"t":"Длина 53","d":512760763,"a":[]}]},{"i":2584953,"f":202052389,"t":"Габариты сек скажу через секунд 30","d":512759613,"a":[],"m":[]},{"i":2584952,"f":202052389,"t":"Отправитель: \nОксана Копытова \nНижний Новгород Белинского 32\n\n8 (951) 355-50-50","d":512759600,"a":[],"m":[]},{"i":2584932,"f":202052389,"t":"Получатель \nЗолоторёв Александр Олегович \nПроспект науки 30к1\nСанкт- Петербург \n89630006743","d":512758105,"a":[],"m":[]},{"i":2584928,"f":202052389,"t":"Отлично \nДавай пока напишу получателей и отправителей","d":512757957,"a":[],"m":[]},{"i":2584927,"f":15267753,"t":"Да","d":512757932,"a":[],"m":[]},{"i":2584926,"f":15267753,"t":"Прив","d":512757931,"a":[],"m":[]},{"i":2584925,"f":202052389,"t":"Можно узнать ближайшие минут 30-40 сможешь сделать накладную ?","d":512757880,"a":[],"m":[]},{"i":2584924,"f":202052389,"t":"Привет","d":512757863,"a":[],"m":[]},{"i":2558943,"f":15267753,"t":"+++","d":511193150,"a":[],"m":[]},{"i":2558942,"f":15267753,"t":"Накладная успешно создана с номером: 1329194285\n350","d":511193079,"a":[],"m":[]},{"i":2558941,"f":202052389,"t":"Пермь","d":511193036,"a":[],"m":[]},{"i":2558940,"f":15267753,"t":"а город у него кокой","d":511193027,"a":[],"m":[]},{"i":2558939,"f":202052389,"t":"Габариты: \nДлина 30см \nШирина 18 \nВысота 2см \nПакет обычный","d":511192959,"a":[],"m":[]},{"i":2558938,"f":202052389,"t":"Если надо напишу в одно сообщение","d":511192908,"a":[],"m":[{"f":202052389,"t":"Получатель:","d":511192901,"a":[]}]},{"i":2558937,"f":202052389,"t":"Получатель:","d":511192901,"a":[],"m":[{"f":283633746,"t":"Джураев Тимур Тахирович","d":511125002,"a":[]},{"f":283633746,"t":"89223773404","d":511125007,"a":[]},{"f":283633746,"t":"Светлогорская ул 17","d":511125069,"a":[]}]},{"i":2558935,"f":202052389,"t":"Отправитель:\nЗолотарёв Александр Олегович \nПроспект науки 30к1 Санкт Петербург \n896300006743","d":511192880,"a":[],"m":[]},{"i":2558932,"f":15267753,"t":"привет да","d":511192822,"a":[],"m":[]},{"i":2558930,"f":202052389,"t":"Можно накладную создать ?","d":511192783,"a":[],"m":[]},{"i":2558929,"f":202052389,"t":"Привет","d":511192775,"a":[],"m":[]},{"i":2538978,"f":15267753,"t":"","d":510150021,"a":[{"t":4}],"m":[]},{"i":2538889,"f":202052389,"t":"Тебе спасибо ещё не раз обращусь)","d":510119621,"a":[],"m":[{"f":15267753,"t":"спасибо!","d":510112832,"a":[]}]},{"i":2538869,"f":15267753,"t":"+++","d":510112833,"a":[],"m":[]},{"i":2538868,"f":15267753,"t":"спасибо!","d":510112832,"a":[],"m":[]},{"i":2538867,"f":15267753,"t":"ого, кайф","d":510112831,"a":[],"m":[]},{"i":2538611,"f":202052389,"t":"Я перевёл \nА девушке писать не стал пусть приятно будет на первое апреля)","d":510095197,"a":[],"m":[]},{"i":2538610,"f":202052389,"t":"","d":510095176,"a":[{"t":0,"s":{"m":"https://sun9-46.userapi.com/impg/2p7Bvdo3d6mPWYLN65vmn0llH6Bn3_AzElK5wQ/Xlja7EDfDnE.jpg?size=510x900&quality=95&crop=0,0,780,1376&sign=d4582bcdf7dae1bb613cca3ab27e9a2a&c_uniq_tag=b7Iu-Abih0LBE9dxTT7A_sm-V8OaE78lh14T5U4Y-pU&type=album","s":"https://sun9-46.userapi.com/impg/2p7Bvdo3d6mPWYLN65vmn0llH6Bn3_AzElK5wQ/Xlja7EDfDnE.jpg?size=200x433&quality=95&sign=e1005e8176a6fca795c6e78315981058&c_uniq_tag=dWPJTTCsDIEeYx5YNyKGLv09JAf-HnGNJ-C1qRfVo9s&type=album","n":"https://sun9-46.userapi.com/impg/2p7Bvdo3d6mPWYLN65vmn0llH6Bn3_AzElK5wQ/Xlja7EDfDnE.jpg?size=780x1688&quality=95&sign=4dfe3de353562bd262e9beebb132dfa3&c_uniq_tag=bC33YA5iTG5nrLDMk2qFLbtnYoEjhWxbxWuYjvWSQKE&type=album","o":"https://sun9-46.userapi.com/impg/2p7Bvdo3d6mPWYLN65vmn0llH6Bn3_AzElK5wQ/Xlja7EDfDnE.jpg?size=499x1080&quality=95&sign=ed3e898077850850cad86e0a2defdd5c&c_uniq_tag=KyUOOcmxkSIiwYKMCki9QNWLN4bynwiKVDTw9jzKsSg&type=album","t":"https://sun9-46.userapi.com/impg/2p7Bvdo3d6mPWYLN65vmn0llH6Bn3_AzElK5wQ/Xlja7EDfDnE.jpg?size=279x604&quality=95&sign=1ff2914c4488a8a9678ecbc33aacfe5c&c_uniq_tag=EkxkDxj3BmhuWHHsG66NoLW3VzRGY53GzkgBo2CQ8xY&type=album"},"z":"","q":0,"w":0,"o":202052389,"i":457262905,"d":510095175}],"m":[]},{"i":2538542,"f":15267753,"t":"Пятница)","d":510093035,"a":[],"m":[]},{"i":2538541,"f":202052389,"t":"Да вообще какой то день ебнуй даже такси укачивает","d":510093004,"a":[],"m":[{"f":15267753,"t":"заебався просто чета седня уже )","d":510092975,"a":[]}]},{"i":2538540,"f":15267753,"t":"заебався просто чета седня уже )","d":510092975,"a":[],"m":[]},{"i":2538539,"f":15267753,"t":"оки","d":510092968,"a":[],"m":[]},{"i":2538538,"f":202052389,"t":"Щас где нибудь встану напишу ей","d":510092964,"a":[],"m":[{"f":15267753,"t":"Ну или напиши на этот мб вернут скажи случайно)","d":510092949,"a":[]}]},{"i":2538537,"f":15267753,"t":"Ну или напиши на этот мб вернут скажи случайно)","d":510092949,"a":[],"m":[]},{"i":2538536,"f":202052389,"t":"Бля меня ещё смутила Светлана какая то думал написать","d":510092948,"a":[],"m":[{"f":15267753,"t":"89059515168 если че в след раз)","d":510092924,"a":[]}]},{"i":2538533,"f":15267753,"t":"89059515168 если че в след раз)","d":510092924,"a":[],"m":[]},{"i":2538532,"f":15267753,"t":"Но похуй)","d":510092916,"a":[],"m":[]},{"i":2538531,"f":15267753,"t":"Ток номер я не правильно написал","d":510092914,"a":[],"m":[]},{"i":2538530,"f":15267753,"t":"+","d":510092909,"a":[],"m":[]},{"i":2538248,"f":202052389,"t":"Спасибо за помощь","d":510080280,"a":[],"m":[]},{"i":2538247,"f":202052389,"t":"","d":510080275,"a":[{"t":0,"s":{"m":"https://sun9-45.userapi.com/impg/8ng7OqlQBrIGmT-ubHZKVjdj3-9w0AoRLsdn2Q/uFyH0pxh_Bo.jpg?size=510x900&quality=95&crop=0,0,780,1376&sign=1b2c51e35b41fa6ad8eb14a8c602089f&c_uniq_tag=Nh9ZPiP49SRh3-K05VkZcL-49lemSt3lhqokPq5FUyU&type=album","s":"https://sun9-45.userapi.com/impg/8ng7OqlQBrIGmT-ubHZKVjdj3-9w0AoRLsdn2Q/uFyH0pxh_Bo.jpg?size=200x433&quality=95&sign=c23f592ec268d60b71960d049d99804c&c_uniq_tag=sWhXR6InVb91qq1zNPLc_sfyGZKTqOHJcxa7qfsb7pM&type=album","n":"https://sun9-45.userapi.com/impg/8ng7OqlQBrIGmT-ubHZKVjdj3-9w0AoRLsdn2Q/uFyH0pxh_Bo.jpg?size=780x1688&quality=95&sign=4d9599540f50ea7e92d5408e60093c1a&c_uniq_tag=PXtogWDc3P87duXuxT6fMXA8jEnzdiTEQi4u2Ti3S30&type=album","o":"https://sun9-45.userapi.com/impg/8ng7OqlQBrIGmT-ubHZKVjdj3-9w0AoRLsdn2Q/uFyH0pxh_Bo.jpg?size=499x1080&quality=95&sign=7ed58e22b87b77414cc452a29edcd0f5&c_uniq_tag=Pt_3cro8QEjk9V5CJQ64cV0uC9gjydzJv2KRPza6iZ0&type=album","t":"https://sun9-45.userapi.com/impg/8ng7OqlQBrIGmT-ubHZKVjdj3-9w0AoRLsdn2Q/uFyH0pxh_Bo.jpg?size=279x604&quality=95&sign=1714c9133be392e49bf9755fd332c1f1&c_uniq_tag=1tJDL8goaBF-Mdno0STlEhHInDxErzHv44JBLWwEuBM&type=album"},"z":"","q":0,"w":0,"o":202052389,"i":457262902,"d":510080275}],"m":[]},{"i":2538245,"f":15267753,"t":"там упаковка никакая не включена если будешь брать чета то там сразу оплачивай","d":510080224,"a":[],"m":[]},{"i":2538244,"f":202052389,"t":"Хорошо благодарю сейчас переведу","d":510080221,"a":[],"m":[{"f":15267753,"t":"Накладная успешно создана с номером: 1326710260\n320\nна репина сделал первый раз база зависла не увидела его","d":510080201,"a":[]}]},{"i":2538243,"f":15267753,"t":"89059515158 сбер или тиньк","d":510080206,"a":[],"m":[]},{"i":2538242,"f":15267753,"t":"Накладная успешно создана с номером: 1326710260\n320\nна репина сделал первый раз база зависла не увидела его","d":510080201,"a":[],"m":[{"f":202052389,"t":"Получатель:","d":510079685,"a":[]}]},{"i":2538241,"f":202052389,"t":"Проспект Науки 30 корпус 1","d":510080089,"a":[{"t":0,"s":{"m":"https://sun9-78.userapi.com/impg/nRXBAMDBV-fRCC_sPXN2KwBK7ZpJ8inJpfT5Rw/FR05sLYEbQc.jpg?size=510x900&quality=95&crop=0,0,780,1376&sign=c92b59f25c72029e29e8408d7e153e07&c_uniq_tag=Yvx_eoL_0gywB0edQmkg3JKmU9rzTdbbRC5_sACHDjI&type=album","s":"https://sun9-78.userapi.com/impg/nRXBAMDBV-fRCC_sPXN2KwBK7ZpJ8inJpfT5Rw/FR05sLYEbQc.jpg?size=200x433&quality=95&sign=6be9a2d7b836c002457440858c8a57cd&c_uniq_tag=NmMkd7Z-m3n0weYn18KJf8ZQZPNFf_2Yl44KmrlJJes&type=album","n":"https://sun9-78.userapi.com/impg/nRXBAMDBV-fRCC_sPXN2KwBK7ZpJ8inJpfT5Rw/FR05sLYEbQc.jpg?size=780x1688&quality=95&sign=12171d2b716ef0c8d074fd7640364d82&c_uniq_tag=wYh5kOqziRbqrSDVsxIxnd2mlMi3Hi-R8UPavTDVazw&type=album","o":"https://sun9-78.userapi.com/impg/nRXBAMDBV-fRCC_sPXN2KwBK7ZpJ8inJpfT5Rw/FR05sLYEbQc.jpg?size=499x1080&quality=95&sign=5f7a6dbd678fb3e2bc53ffa28e8b03e3&c_uniq_tag=n-LnEQQlwZdccIyuCA8cHNdRwyBIOyXM3t0LqNqNSC0&type=album","t":"https://sun9-78.userapi.com/impg/nRXBAMDBV-fRCC_sPXN2KwBK7ZpJ8inJpfT5Rw/FR05sLYEbQc.jpg?size=279x604&quality=95&sign=f21097a5dc87ed8b68dcd833f334fc27&c_uniq_tag=LRShfRJAqSMUR2NK9sHhLGZwhXSpj3bSMXD5-R7W8FQ&type=album"},"z":"","q":0,"w":0,"o":202052389,"i":457262901,"d":510080085}],"m":[{"f":15267753,"t":"такого нет пункта","d":510080060,"a":[]}]},{"i":2538238,"f":15267753,"t":"такого нет пункта","d":510080060,"a":[],"m":[{"f":202052389,"t":"Получатель:","d":510079685,"a":[]}]},{"i":2538236,"f":202052389,"t":"Длина 38\nШирина 25\nВысота 8\nВсё в см","d":510079959,"a":[],"m":[]},{"i":2538230,"f":15267753,"t":"габарит нужен","d":510079873,"a":[],"m":[]},{"i":2538218,"f":202052389,"t":"Конвертом до 2 кг","d":510079729,"a":[],"m":[]},{"i":2538215,"f":15267753,"t":"габарит еще","d":510079711,"a":[],"m":[]},{"i":2538213,"f":202052389,"t":"Получатель:","d":510079685,"a":[],"m":[{"f":156448027,"t":"глотов захар \n89505710955\nкраснодар , проезд им.репина 42 (пункт пвз)","d":510072342,"a":[]}]},{"i":2538210,"f":202052389,"t":"Отправитель:\nЗолоторёв Александр Олегович \n89630006743\nСанкт-Петербург улица науки 30","d":510079667,"a":[],"m":[]},{"i":2538204,"f":15267753,"t":"да данные давай","d":510079599,"a":[],"m":[]},{"i":2538200,"f":202052389,"t":"Можно сделать одну накладную ?","d":510079567,"a":[],"m":[]},{"i":2538197,"f":15267753,"t":"привет","d":510079530,"a":[],"m":[]},{"i":2538194,"f":202052389,"t":"Привет 👋 \nЯ от Марат \nНа счёт накладных сдэка","d":510079436,"a":[],"m":[]}]}