{"meta":{"v":"1.2","p":51844318,"a":15267753,"t":"Максим Беляев","d":1691415630},"data":[{"i":2962237,"f":15267753,"t":"+","d":537702982,"a":[],"m":[]},{"i":2962235,"f":51844318,"t":"Перевел, большое спасибо","d":537702904,"a":[],"m":[]},{"i":2962234,"f":15267753,"t":"Номер заказа СДЭК 1404392092\n400","d":537702835,"a":[],"m":[{"f":51844318,"t":"Из Воронежа в Москву, склад-склад \nПолучатель \nПопков Никита Павлович \n89163069474\nПункт выдачи ул. Дмитрия Ульянова, 36, Москва, Россия, 117218\nВес 1.5кг габариты 40x26x20 см","d":537701669,"a":[]}]},{"i":2962227,"f":51844318,"t":"Из Воронежа в Москву, склад-склад \nПолучатель \nПопков Никита Павлович \n89163069474\nПункт выдачи ул. Дмитрия Ульянова, 36, Москва, Россия, 117218\nВес 1.5кг габариты 40x26x20 см","d":537701669,"a":[],"m":[]},{"i":2962225,"f":15267753,"t":"Привет да","d":537701338,"a":[],"m":[]},{"i":2962175,"f":51844318,"t":"Привет, через тебя можно еще сделать накладные сдэка?","d":537691886,"a":[],"m":[]},{"i":2817797,"f":51844318,"t":"Спасибо","d":527782912,"a":[],"m":[]},{"i":2817796,"f":51844318,"t":"Отправил","d":527782907,"a":[],"m":[]},{"i":2817794,"f":15267753,"t":"Номер заказа СДЭК 1371699773\n500","d":527782811,"a":[],"m":[{"f":51844318,"t":"г. Воронеж \nВес 1.5кг габариты 40x26x20 см, 1.5 кг\nПолучатель:\nМурзин Дмитрий Романович \n89786868487 \nг. Симферополь, ул. Севастопольская, д. 43 пункт выдачи","d":527781614,"a":[]}]},{"i":2817784,"f":51844318,"t":"г. Воронеж \nВес 1.5кг габариты 40x26x20 см, 1.5 кг\nПолучатель:\nМурзин Дмитрий Романович \n89786868487 \nг. Симферополь, ул. Севастопольская, д. 43 пункт выдачи","d":527781614,"a":[],"m":[]},{"i":2817783,"f":15267753,"t":"Привет да","d":527781529,"a":[],"m":[]},{"i":2817680,"f":51844318,"t":"Привет, через тебя можно еще сделать накладные сдэка?","d":527773200,"a":[],"m":[]},{"i":2752770,"f":15267753,"t":"+","d":523628949,"a":[],"m":[]},{"i":2752762,"f":51844318,"t":"Отправил, спасибо","d":523627947,"a":[],"m":[]},{"i":2752758,"f":15267753,"t":"Накладная успешно создана с номером: 1359415105\n350","d":523627807,"a":[],"m":[{"f":51844318,"t":"г. Воронеж\nВес 1.5кг габариты 35см*22см*12см\nПолучатель: \nЛисянский Игорь Михайлович\n89167749379\nМосква, пункт выдачи ул. Барклая, 7/1","d":523627285,"a":[]}]},{"i":2752754,"f":51844318,"t":"г. Воронеж\nВес 1.5кг габариты 35см*22см*12см\nПолучатель: \nЛисянский Игорь Михайлович\n89167749379\nМосква, пункт выдачи ул. Барклая, 7/1","d":523627285,"a":[],"m":[]},{"i":2752753,"f":15267753,"t":"привет да","d":523627148,"a":[],"m":[]},{"i":2752746,"f":51844318,"t":"Привет, через тебя можно еще сделать накладные сдэка?","d":523626742,"a":[],"m":[]},{"i":2668962,"f":15267753,"t":"+++","d":518192651,"a":[],"m":[]},{"i":2668961,"f":51844318,"t":"Перевел, спасибо","d":518192647,"a":[],"m":[]},{"i":2668960,"f":15267753,"t":"89059515168 сбер","d":518192570,"a":[],"m":[]},{"i":2668959,"f":15267753,"t":"Накладная успешно создана с номером: 1345558506\n520","d":518192564,"a":[],"m":[{"f":51844318,"t":"г. Воронеж\nвес 1,5кг габариты 350*230*250\nПолучатель \nКирдяшов Павел Николаевич \n89132866308 \nКемерово, пункт Сдэк :б-р Осенний 2","d":518192189,"a":[]}]},{"i":2668947,"f":51844318,"t":"г. Воронеж\nвес 1,5кг габариты 350*230*250\nПолучатель \nКирдяшов Павел Николаевич \n89132866308 \nКемерово, пункт Сдэк :б-р Осенний 2","d":518192189,"a":[],"m":[]},{"i":2668943,"f":15267753,"t":"ну и габарит и вес","d":518192081,"a":[],"m":[]},{"i":2668942,"f":15267753,"t":"только город","d":518192078,"a":[],"m":[]},{"i":2668937,"f":51844318,"t":"Какие мои данные, как отправителя, нужны?","d":518191951,"a":[],"m":[]},{"i":2668934,"f":15267753,"t":"привет, да, можно","d":518191920,"a":[],"m":[]},{"i":2668929,"f":51844318,"t":"Привет, мне подсказали, что через тебя накладные сдэка можно сделать, еще есть возможность?","d":518191689,"a":[],"m":[]}]}