{"meta":{"v":"1.2","p":237022190,"a":15267753,"t":"Вадим Драчиков","d":1691416325},"data":[{"i":2332783,"f":15267753,"t":"Обращайся)","d":497817808,"a":[],"m":[]},{"i":2332782,"f":237022190,"t":"","d":497817802,"a":[{"t":4}],"m":[]},{"i":2332781,"f":237022190,"t":"Отлично","d":497817800,"a":[],"m":[]},{"i":2332780,"f":15267753,"t":"+++","d":497817798,"a":[],"m":[]},{"i":2332779,"f":15267753,"t":"Да","d":497817797,"a":[],"m":[]},{"i":2332778,"f":237022190,"t":"Я закинул","d":497817777,"a":[],"m":[]},{"i":2332776,"f":237022190,"t":"Пришли?","d":497817736,"a":[],"m":[]},{"i":2332775,"f":15267753,"t":"","d":497817644,"a":[],"m":[{"f":15267753,"t":"4276441235123937\n02/23\nIlya Trishin","d":495024590,"a":[]}]},{"i":2332774,"f":237022190,"t":"И имя и фамилию на латинице","d":497817638,"a":[],"m":[]},{"i":2332772,"f":237022190,"t":"Срок действия","d":497817627,"a":[],"m":[]},{"i":2332771,"f":237022190,"t":"Я с РБ","d":497817620,"a":[],"m":[]},{"i":2332764,"f":15267753,"t":"89059515168 сбер сбп есть","d":497817600,"a":[],"m":[]},{"i":2332763,"f":15267753,"t":"Накладная успешно создана с номером: 1288893515\n600","d":497817593,"a":[],"m":[]},{"i":2332758,"f":15267753,"t":"Привет да","d":497817483,"a":[],"m":[]},{"i":2332745,"f":237022190,"t":"От Москва в Беларусь , г.Орша , ул.Герцена 4 ,+375295419315 , Драчиков Вадим Леонидович\n20/20/40\nВес: 1кг","d":497817280,"a":[],"m":[]},{"i":2332734,"f":237022190,"t":"Можно накладную?) От Дани","d":497816899,"a":[],"m":[]},{"i":2332733,"f":237022190,"t":"","d":497816879,"a":[{"t":4}],"m":[]}]}