{"meta":{"v":"1.2","p":196218150,"a":15267753,"t":"Дима Сергеев","d":1691415729},"data":[{"i":2899431,"f":196218150,"t":"","d":533491477,"a":[{"t":0,"s":{"m":"https://sun9-71.userapi.com/impg/wurhy-UlNSrSHAYiLe_9ulLas6WpOQdzaNmO4g/7kXSvJ0AwE8.jpg?size=510x900&quality=95&crop=0,0,1080,1906&sign=ebf124b42fd1ad4c9b252ea754a4ce40&c_uniq_tag=tOUB3IJ8C_Pu7QhiFRzvHGqe1p51iQlikRHobCZsOpI&type=album","s":"https://sun9-71.userapi.com/impg/wurhy-UlNSrSHAYiLe_9ulLas6WpOQdzaNmO4g/7kXSvJ0AwE8.jpg?size=200x444&quality=95&sign=8325daac4e5e1be00f62e8beb893b446&c_uniq_tag=qLp9_h_lCjoyz0iyW7Qt6nBKNnpzRoqMzJCzuQqlmSw&type=album","n":"https://sun9-71.userapi.com/impg/wurhy-UlNSrSHAYiLe_9ulLas6WpOQdzaNmO4g/7kXSvJ0AwE8.jpg?size=972x2160&quality=95&sign=e1a09205482798b4450628cbb8fdcd0a&c_uniq_tag=L9ODsejjmjPUUxWZi63snuCZ6gf4CkixY1vNR-H9s9g&type=album","o":"https://sun9-71.userapi.com/impg/wurhy-UlNSrSHAYiLe_9ulLas6WpOQdzaNmO4g/7kXSvJ0AwE8.jpg?size=486x1080&quality=95&sign=3559c7eab8f5042b8226adde31bed74f&c_uniq_tag=eyG9l2cKH5Vq_CI55YDQv4RlIcMaJQy8IJHA9mZD9I8&type=album","t":"https://sun9-71.userapi.com/impg/wurhy-UlNSrSHAYiLe_9ulLas6WpOQdzaNmO4g/7kXSvJ0AwE8.jpg?size=272x604&quality=95&sign=b07ac53d08a88e579a557fa2e0263492&c_uniq_tag=3PNJIqnZgk9Rb4UPfIGpS02sFfwPOJWKHINR74_0hEE&type=album"},"z":"","q":0,"w":0,"o":196218150,"i":457248471,"d":533491477}],"m":[]},{"i":2899422,"f":15267753,"t":"Номер заказа СДЭК 1392350075 \n400","d":533491317,"a":[],"m":[]},{"i":2899395,"f":196218150,"t":"Спасибо","d":533491133,"a":[],"m":[]},{"i":2899394,"f":15267753,"t":"Ща","d":533491119,"a":[],"m":[{"f":196218150,"t":"Желательно срочно нужно","d":533491106,"a":[]}]},{"i":2899391,"f":196218150,"t":"Желательно срочно нужно","d":533491106,"a":[],"m":[]},{"i":2899388,"f":196218150,"t":"","d":533491054,"a":[],"m":[{"f":196218150,"t":"","d":533489952,"a":[],"m":[{"f":226025431,"t":"Получатель \nКандратьев Иван Сергеевич \n89258243486","d":533489772,"a":[{"t":0,"s":{"m":"https://sun9-39.userapi.com/impg/KytYoVkYDq8IgxDdECj1XBmCmVKFntqwHSb1pA/hb5ylimTWMo.jpg?size=510x900&quality=95&crop=0,0,864,1525&sign=e1771ede12aacdc0341f2f65a22f7d6e&c_uniq_tag=9vgOQhA1tVHjI5iPzMbLGdCGMVoNyct7KVwtNQCJ_gM&type=album","s":"https://sun9-39.userapi.com/impg/KytYoVkYDq8IgxDdECj1XBmCmVKFntqwHSb1pA/hb5ylimTWMo.jpg?size=200x444&quality=95&sign=7d5a3a4774a79353dd84281fb3b6fce7&c_uniq_tag=GU9Lrj7pjU2uhChVywAuYHHlyGeP-cGulhv35eVHarQ&type=album","n":"https://sun9-39.userapi.com/impg/KytYoVkYDq8IgxDdECj1XBmCmVKFntqwHSb1pA/hb5ylimTWMo.jpg?size=864x1920&quality=95&sign=622e871829f3f6de0d0fc52737e7924e&c_uniq_tag=ALi22QdNHx4yfmmUZUqUB4rxKcpGYBXGwYhFm-ZCyZE&type=album","o":"https://sun9-39.userapi.com/impg/KytYoVkYDq8IgxDdECj1XBmCmVKFntqwHSb1pA/hb5ylimTWMo.jpg?size=486x1080&quality=95&sign=c333f329292b0f36595795c5488e8acb&c_uniq_tag=_hKkcPreLbxLORWtGQdm_leBZuWFGf-Aj1BUKLfKuVU&type=album","t":"https://sun9-39.userapi.com/impg/KytYoVkYDq8IgxDdECj1XBmCmVKFntqwHSb1pA/hb5ylimTWMo.jpg?size=272x604&quality=95&sign=75684d0f0da20c8888993ffab0026ddf&c_uniq_tag=suyS7BA22u5rJQceQN8Fw4xCfxsmpRcK1LuugtDFo9o&type=album"},"z":"","q":0,"w":0,"o":226025431,"i":457263160,"d":533489772}]},{"f":226025431,"t":"Индекс и адрес на фото","d":533489778,"a":[]}]}]},{"i":2899387,"f":196218150,"t":"Поедут кроссы в коробке пойзон","d":533491037,"a":[],"m":[]},{"i":2899386,"f":196218150,"t":"С мск","d":533491026,"a":[],"m":[]},{"i":2899385,"f":196218150,"t":"Нужна накладная","d":533491021,"a":[],"m":[]},{"i":2899384,"f":196218150,"t":"Привет","d":533491017,"a":[],"m":[]},{"i":2862340,"f":15267753,"t":"++++","d":530837252,"a":[],"m":[]},{"i":2862339,"f":196218150,"t":"","d":530837245,"a":[{"t":0,"s":{"m":"https://sun9-45.userapi.com/impg/QMAxRPnh-umAelTC3nRJIMrknceOUbT7J5ad-A/IhhKJ09y0fw.jpg?size=510x900&quality=95&crop=0,0,720,1271&sign=aa1f0fed98f1d897c98ce873adae3248&c_uniq_tag=zDxXlvNrcaigmVG4LUoyOWaL483zb13nb5hRpiTWh5Y&type=album","s":"https://sun9-45.userapi.com/impg/QMAxRPnh-umAelTC3nRJIMrknceOUbT7J5ad-A/IhhKJ09y0fw.jpg?size=200x444&quality=95&sign=80289f1ed6e4fb37014fecce0ee01813&c_uniq_tag=LWZlxbpa2XcOUq8_UQ0aBRi8JVMzq6N0c0QKL5kKwUg&type=album","n":"https://sun9-45.userapi.com/impg/QMAxRPnh-umAelTC3nRJIMrknceOUbT7J5ad-A/IhhKJ09y0fw.jpg?size=720x1600&quality=95&sign=aebdf99515fa8b4d6ceb19af9a4863fc&c_uniq_tag=7sf_ZGRvQefL_iYfWjejFivNapGz2_rjPIG_GbM4FB8&type=album","o":"https://sun9-45.userapi.com/impg/QMAxRPnh-umAelTC3nRJIMrknceOUbT7J5ad-A/IhhKJ09y0fw.jpg?size=486x1080&quality=95&sign=91a6eb8f5e4efac55d23d833da19f0ef&c_uniq_tag=thgjUyhb01oibfVYYsptigABGuQC8Jlbvx24bGIpmY4&type=album","t":"https://sun9-45.userapi.com/impg/QMAxRPnh-umAelTC3nRJIMrknceOUbT7J5ad-A/IhhKJ09y0fw.jpg?size=272x604&quality=95&sign=d6cc75d2736d9f60e1ec29bfb9404526&c_uniq_tag=7JoVQa4FbUZSfrvCMOfHXaC0NVI4Qk6I81XJ0ebLlOE&type=album"},"z":"","q":0,"w":0,"o":196218150,"i":457248327,"d":530837244}],"m":[]},{"i":2862329,"f":196218150,"t":"щас переведу","d":530837181,"a":[],"m":[{"f":15267753,"t":"1550","d":530837114,"a":[]}]},{"i":2862328,"f":196218150,"t":"хорошо","d":530837171,"a":[],"m":[]},{"i":2862324,"f":15267753,"t":"кто отправляет говори что упаковка и боксы не бесплатные, лучше самому паковать","d":530837131,"a":[],"m":[]},{"i":2862323,"f":15267753,"t":"1550","d":530837114,"a":[],"m":[]},{"i":2862322,"f":15267753,"t":"850+250+450","d":530837109,"a":[],"m":[]},{"i":2862321,"f":15267753,"t":"все конец","d":530837100,"a":[],"m":[]},{"i":2862287,"f":196218150,"t":"Скажи сколько в итоге я тебе переведу тогда","d":530836749,"a":[],"m":[]},{"i":2862286,"f":15267753,"t":"кто отправлял ему вопросы )","d":530836729,"a":[],"m":[{"f":196218150,"t":"Понял, а че случилось, из за чего?","d":530836716,"a":[]}]},{"i":2862285,"f":196218150,"t":"Аа понял","d":530836724,"a":[],"m":[]},{"i":2862284,"f":15267753,"t":"они не бесплатные и дорогие","d":530836719,"a":[],"m":[]},{"i":2862282,"f":196218150,"t":"Понял, а че случилось, из за чего?","d":530836716,"a":[],"m":[]},{"i":2862281,"f":15267753,"t":"ну либо кто шипает добавляет боксы","d":530836714,"a":[],"m":[]},{"i":2862280,"f":15267753,"t":"тут +450","d":530836708,"a":[],"m":[{"f":15267753,"t":"Номер заказа СДЭК 1380236016\n400","d":530324660,"a":[]}]},{"i":2862279,"f":15267753,"t":"и кз","d":530836695,"a":[],"m":[]},{"i":2862278,"f":15267753,"t":"рб стали дрочить жестка","d":530836695,"a":[],"m":[]},{"i":2862277,"f":15267753,"t":"скажу когда конец","d":530836695,"a":[],"m":[]},{"i":2862276,"f":196218150,"t":"А там ко всем что ли +?","d":530836586,"a":[],"m":[]},{"i":2862275,"f":15267753,"t":"1377888261 туту тоже +250","d":530836575,"a":[],"m":[{"f":15267753,"t":"Номер заказа СДЭК 1377888261\n400","d":529683605,"a":[]}]},{"i":2862274,"f":15267753,"t":"и тут добавили бокс и по нему перемеряли 1700 стала\n850 еще...","d":530836550,"a":[],"m":[{"f":15267753,"t":"Номер заказа СДЭК 1377886911\n850","d":529683477,"a":[]}]},{"i":2862271,"f":15267753,"t":"+++","d":530836395,"a":[],"m":[]},{"i":2862269,"f":196218150,"t":"","d":530836133,"a":[{"t":0,"s":{"m":"https://sun9-61.userapi.com/impg/g2VOeain15F2LdxWQ3E8BSCeCrgEkPOFfUrCgA/j83j3soqOfg.jpg?size=510x900&quality=95&crop=0,0,720,1271&sign=a30514c61c24e48d5353a302619f5f38&c_uniq_tag=W-LFVrilbCJOWkoOGf0diGPLAGxBGUqRr4ZiAhZnl4Y&type=album","s":"https://sun9-61.userapi.com/impg/g2VOeain15F2LdxWQ3E8BSCeCrgEkPOFfUrCgA/j83j3soqOfg.jpg?size=200x444&quality=95&sign=aab001c39b32d9834530f5288ef7f29b&c_uniq_tag=TV7feldj7VTfg5g9LN2YEhSifJ2ekSM4rwMkt5OkwcA&type=album","n":"https://sun9-61.userapi.com/impg/g2VOeain15F2LdxWQ3E8BSCeCrgEkPOFfUrCgA/j83j3soqOfg.jpg?size=720x1600&quality=95&sign=ae3c1c23ec4155ef29577c146b6a4814&c_uniq_tag=Pah0q4vHR7HipNmbnYGQU7oyzUBRYr14HRN0Zgmv-yY&type=album","o":"https://sun9-61.userapi.com/impg/g2VOeain15F2LdxWQ3E8BSCeCrgEkPOFfUrCgA/j83j3soqOfg.jpg?size=486x1080&quality=95&sign=5a0027ee90173c069bf15b1c719d9686&c_uniq_tag=1Jon3irEw2TFatSdxHCw6nTdyeLCwcq5y9aMt_t8-PE&type=album","t":"https://sun9-61.userapi.com/impg/g2VOeain15F2LdxWQ3E8BSCeCrgEkPOFfUrCgA/j83j3soqOfg.jpg?size=272x604&quality=95&sign=ef90b8587efeb6c17ac6969ff9b15076&c_uniq_tag=OcOuvV7frn-7fX0Ny1Qcwmkle9E4q9Dl2gGOgHeW0K8&type=album"},"z":"","q":0,"w":0,"o":196218150,"i":457248325,"d":530836131}],"m":[]},{"i":2862266,"f":15267753,"t":"не туда глянул!","d":530836050,"a":[],"m":[]},{"i":2862265,"f":196218150,"t":"","d":530836050,"a":[{"t":4}],"m":[]},{"i":2862264,"f":15267753,"t":"а 100","d":530836045,"a":[],"m":[]},{"i":2862263,"f":15267753,"t":"не 350","d":530836042,"a":[],"m":[]},{"i":2862262,"f":15267753,"t":"так сек","d":530836041,"a":[],"m":[]},{"i":2862261,"f":196218150,"t":"Окей","d":530836035,"a":[],"m":[{"f":15267753,"t":"тут упаковки добавили, нужно доплатить 350","d":530836011,"a":[]}]},{"i":2862260,"f":15267753,"t":"тут упаковки добавили, нужно доплатить 350","d":530836011,"a":[],"m":[{"f":15267753,"t":"Номер заказа СДЭК 1379433203\n400","d":530037255,"a":[]}]},{"i":2859138,"f":196218150,"t":"Окей, спасибо, если нужно будет то отпишу","d":530623965,"a":[],"m":[]},{"i":2859068,"f":15267753,"t":"950","d":530618799,"a":[],"m":[]},{"i":2859067,"f":15267753,"t":"прив","d":530618798,"a":[],"m":[]},{"i":2858966,"f":196218150,"t":"Габариты 35 30 10","d":530580694,"a":[],"m":[]},{"i":2858963,"f":196218150,"t":"От Гродно до Новосибирска","d":530580678,"a":[],"m":[]},{"i":2858962,"f":196218150,"t":"Не подскажешь, сколько накладная будет стоить","d":530580669,"a":[],"m":[]},{"i":2858961,"f":196218150,"t":"","d":530580657,"a":[{"t":4}],"m":[]},{"i":2858148,"f":15267753,"t":"+","d":530542013,"a":[],"m":[]},{"i":2858147,"f":196218150,"t":"","d":530541986,"a":[{"t":0,"s":{"m":"https://sun9-38.userapi.com/impg/MWPx1djUEoXpBLdUdapCDe3ep1J7ZG9_eAkwXA/IayCw0a5IHk.jpg?size=510x900&quality=95&crop=0,0,720,1271&sign=434c62d19f0fd5f839087444e117d5d6&c_uniq_tag=CRt6DfXBC4A88YNZSKMHLWIEXE4R_EQm9qLIZclyDwg&type=album","s":"https://sun9-38.userapi.com/impg/MWPx1djUEoXpBLdUdapCDe3ep1J7ZG9_eAkwXA/IayCw0a5IHk.jpg?size=200x444&quality=95&sign=edcfb5519e1cadf13551bc4502fb527b&c_uniq_tag=aKbehGxjNh0cdqJP5FU7GwgJ1H5sv-qVowNppvNLaX0&type=album","n":"https://sun9-38.userapi.com/impg/MWPx1djUEoXpBLdUdapCDe3ep1J7ZG9_eAkwXA/IayCw0a5IHk.jpg?size=720x1600&quality=95&sign=219af815d31e043bd4c9ecdc36c0161d&c_uniq_tag=5J0XUkSU23UaKg0xkXKZigtSU85b-vPmu-FaVw0FsgM&type=album","o":"https://sun9-38.userapi.com/impg/MWPx1djUEoXpBLdUdapCDe3ep1J7ZG9_eAkwXA/IayCw0a5IHk.jpg?size=486x1080&quality=95&sign=1f46bc152e8bd40e02b8a79eab44b540&c_uniq_tag=QJqTDNB2Lgr8bKwyCvptl9ArrpLRiJAr_0XO24kv_9s&type=album","t":"https://sun9-38.userapi.com/impg/MWPx1djUEoXpBLdUdapCDe3ep1J7ZG9_eAkwXA/IayCw0a5IHk.jpg?size=272x604&quality=95&sign=d61f252bf1a85d72b9ce5a3053107c18&c_uniq_tag=9_kM7mu3p8zZIdQ6UFCQ_svc5CWPAhK1gsspl5d-z6A&type=album"},"z":"","q":0,"w":0,"o":196218150,"i":457248263,"d":530541986}],"m":[]},{"i":2858146,"f":196218150,"t":"Спасибо","d":530541986,"a":[],"m":[]},{"i":2858143,"f":15267753,"t":"Номер заказа СДЭК 1381122193\n450","d":530541910,"a":[],"m":[{"f":196218150,"t":"1)Махмудов Аюб Робертович \n  2)+79068335372\n  3)460052\n  4) г.Оренбург ул. Салмышская 34/5","d":530541607,"a":[]}]},{"i":2858142,"f":15267753,"t":"прив","d":530541907,"a":[],"m":[]},{"i":2858141,"f":196218150,"t":"1)Махмудов Аюб Робертович \n  2)+79068335372\n  3)460052\n  4) г.Оренбург ул. Салмышская 34/5","d":530541607,"a":[],"m":[]},{"i":2858139,"f":196218150,"t":"Отправка с Гродно","d":530541577,"a":[],"m":[]},{"i":2858138,"f":196218150,"t":"Привет, нужна накладная на Пуховик","d":530541571,"a":[],"m":[]},{"i":2855333,"f":15267753,"t":"+","d":530324772,"a":[],"m":[]},{"i":2855332,"f":196218150,"t":"","d":530324764,"a":[{"t":0,"s":{"m":"https://sun9-72.userapi.com/impg/39mzZoYk6LhZfXhZm68PHxbcVbAzO110FP6hVw/319yWKSCScU.jpg?size=510x900&quality=95&crop=0,0,720,1271&sign=7b20594ec28c0072f5edc50e11dbc13d&c_uniq_tag=dp2Pd8-Z73KwDw3ChObt59WETig4VonCOctj1yuMJsU&type=album","s":"https://sun9-72.userapi.com/impg/39mzZoYk6LhZfXhZm68PHxbcVbAzO110FP6hVw/319yWKSCScU.jpg?size=200x444&quality=95&sign=718e7c433c4f38c097d6f217f81575ea&c_uniq_tag=h9yuXAGffGofzk-e0MyA2crBkj-LCBbYVSwtOfqVWDI&type=album","n":"https://sun9-72.userapi.com/impg/39mzZoYk6LhZfXhZm68PHxbcVbAzO110FP6hVw/319yWKSCScU.jpg?size=720x1600&quality=95&sign=6b775adba2fe5b4f976541f335cbc7ed&c_uniq_tag=pJVVPsmYVFLEop92pH2n1rUIsDYStFC46mih773ya4o&type=album","o":"https://sun9-72.userapi.com/impg/39mzZoYk6LhZfXhZm68PHxbcVbAzO110FP6hVw/319yWKSCScU.jpg?size=486x1080&quality=95&sign=12897d86164c42dd3192ada953c88fde&c_uniq_tag=YG-cxbeQ2IRK926W4D4_htu22E7I0jWQk6zclSxD8Wc&type=album","t":"https://sun9-72.userapi.com/impg/39mzZoYk6LhZfXhZm68PHxbcVbAzO110FP6hVw/319yWKSCScU.jpg?size=272x604&quality=95&sign=e9b897e7a71256f11e6bea399b8c95e0&c_uniq_tag=dS_ii575qyUBl62EzqVz-Gv10Z-rB6wRaPQo0sBfyr8&type=album"},"z":"","q":0,"w":0,"o":196218150,"i":457248250,"d":530324764}],"m":[]},{"i":2855330,"f":196218150,"t":"Спасибо большое, сейчас переведу","d":530324670,"a":[],"m":[]},{"i":2855329,"f":15267753,"t":"Номер заказа СДЭК 1380236016\n400","d":530324660,"a":[],"m":[{"f":196218150,"t":"Пуховик Jordan psg XL\n\n  Хуртин Роман Романович\n  89066870207\n  Индекс\n  ул. Остужева, 28 28, Воронеж, Воронежская обл., 394042\n  \n  Г. Воронеж Ул. Минская 71 кв 41","d":530324431,"a":[]}]},{"i":2855326,"f":196218150,"t":"Из Бреста","d":530324539,"a":[],"m":[]},{"i":2855323,"f":196218150,"t":"Пуховик Jordan psg XL\n\n  Хуртин Роман Романович\n  89066870207\n  Индекс\n  ул. Остужева, 28 28, Воронеж, Воронежская обл., 394042\n  \n  Г. Воронеж Ул. Минская 71 кв 41","d":530324431,"a":[],"m":[]},{"i":2855321,"f":196218150,"t":"Секунду","d":530324359,"a":[],"m":[]},{"i":2855320,"f":15267753,"t":"Данные","d":530324349,"a":[],"m":[]},{"i":2855319,"f":15267753,"t":"Прив","d":530324348,"a":[],"m":[]},{"i":2855318,"f":196218150,"t":"Желательно срочно","d":530324339,"a":[],"m":[]},{"i":2855317,"f":196218150,"t":"Привет, если не спишь то накладную нужно сделать","d":530324336,"a":[],"m":[]},{"i":2851763,"f":15267753,"t":"+","d":530039111,"a":[],"m":[]},{"i":2851725,"f":196218150,"t":"","d":530037345,"a":[{"t":4}],"m":[]},{"i":2851724,"f":196218150,"t":"","d":530037343,"a":[{"t":0,"s":{"m":"https://sun9-6.userapi.com/impg/8SCqYXDghjJpbzJUY0TOVvD0KxwNfbMewIUehw/nDeqSiv_Lao.jpg?size=510x900&quality=95&crop=0,0,720,1271&sign=0e131f539da6273c4a222ad5da416af7&c_uniq_tag=djW6UOI_K5bkD8B3Sm3hPqhgoyAZpetFQHyuWaaLVA8&type=album","s":"https://sun9-6.userapi.com/impg/8SCqYXDghjJpbzJUY0TOVvD0KxwNfbMewIUehw/nDeqSiv_Lao.jpg?size=200x444&quality=95&sign=0b8b1f228471e36baec41545221106f9&c_uniq_tag=Hf1jnLDerTJH8iuI37s_654z3TSzEq5G0M7JNlxv_YE&type=album","n":"https://sun9-6.userapi.com/impg/8SCqYXDghjJpbzJUY0TOVvD0KxwNfbMewIUehw/nDeqSiv_Lao.jpg?size=720x1600&quality=95&sign=3ab0d2ef6f5f4aee44859eff698fa7b9&c_uniq_tag=brxYTZ62e6ljaCJ6yjTotMVUff_2eNnXgp8srfGYWj8&type=album","o":"https://sun9-6.userapi.com/impg/8SCqYXDghjJpbzJUY0TOVvD0KxwNfbMewIUehw/nDeqSiv_Lao.jpg?size=486x1080&quality=95&sign=0bad14d2ff0dc8707dac21adf125f6c2&c_uniq_tag=DsTfSJJ2iZBxFyOEotJ31WZjV63oQIYjakg4lTrrRPg&type=album","t":"https://sun9-6.userapi.com/impg/8SCqYXDghjJpbzJUY0TOVvD0KxwNfbMewIUehw/nDeqSiv_Lao.jpg?size=272x604&quality=95&sign=5f23528f6caf93c36c430616d8d0e356&c_uniq_tag=3jRdWKvuvWyjZQeJArcCOFZrKh9hRKjhstt8cmDJhtI&type=album"},"z":"","q":0,"w":0,"o":196218150,"i":457248123,"d":530037342}],"m":[]},{"i":2851723,"f":15267753,"t":"Номер заказа СДЭК 1379433203\n400","d":530037255,"a":[],"m":[{"f":196218150,"t":"Яровой Александр Игоревич \nРоссия, Москва, Ул. Архитектора Щусева 2к1 \nИндекс: 115432","d":530037024,"a":[]}]},{"i":2851720,"f":196218150,"t":"89773405008","d":530037180,"a":[],"m":[]},{"i":2851719,"f":196218150,"t":"секунду","d":530037163,"a":[],"m":[]},{"i":2851718,"f":15267753,"t":"тел","d":530037142,"a":[],"m":[]},{"i":2851717,"f":196218150,"t":"пуховик L размера","d":530037084,"a":[],"m":[]},{"i":2851716,"f":15267753,"t":"габарит","d":530037073,"a":[],"m":[]},{"i":2851715,"f":15267753,"t":"прив","d":530037072,"a":[],"m":[]},{"i":2851714,"f":15267753,"t":"uf,fhbn","d":530037071,"a":[],"m":[]},{"i":2851712,"f":15267753,"t":"ghbd","d":530037069,"a":[],"m":[]},{"i":2851709,"f":196218150,"t":"Яровой Александр Игоревич \nРоссия, Москва, Ул. Архитектора Щусева 2к1 \nИндекс: 115432","d":530037024,"a":[],"m":[]},{"i":2851708,"f":196218150,"t":"из бреста","d":530037013,"a":[],"m":[]},{"i":2851706,"f":196218150,"t":"нужна накладная","d":530037006,"a":[],"m":[]},{"i":2851705,"f":196218150,"t":"Привет","d":530037002,"a":[],"m":[]},{"i":2846470,"f":15267753,"t":"+++","d":529683790,"a":[],"m":[]},{"i":2846468,"f":196218150,"t":"Выручил очень сильно","d":529683745,"a":[],"m":[]},{"i":2846467,"f":196218150,"t":"Спасибо огромное","d":529683738,"a":[],"m":[]},{"i":2846466,"f":196218150,"t":"","d":529683736,"a":[{"t":0,"s":{"m":"https://sun9-48.userapi.com/impg/M_48EORyHCZeBxBiQChW3iL4msgJ5CD9ox-7Vg/jelGk5-5ajg.jpg?size=510x900&quality=95&crop=0,0,720,1271&sign=ff6ab8f1993ea751c13f0d82bfd79a31&c_uniq_tag=xnQiRlC9pF-dxgGBK7Oa7HpQuWFxqDlP7TkI9HlEjPI&type=album","s":"https://sun9-48.userapi.com/impg/M_48EORyHCZeBxBiQChW3iL4msgJ5CD9ox-7Vg/jelGk5-5ajg.jpg?size=200x444&quality=95&sign=983519bf78463366101d1496a591bad9&c_uniq_tag=aj0sIubZO7pX_I4OzsLudOuS1h-vhfxEsPVOxp7XrcA&type=album","n":"https://sun9-48.userapi.com/impg/M_48EORyHCZeBxBiQChW3iL4msgJ5CD9ox-7Vg/jelGk5-5ajg.jpg?size=720x1600&quality=95&sign=d13076e3fc73039a30c619707a4eac08&c_uniq_tag=s_dYnsCysjgZkv5nubeYNtm8DgB7LuaPX3YSwxULtno&type=album","o":"https://sun9-48.userapi.com/impg/M_48EORyHCZeBxBiQChW3iL4msgJ5CD9ox-7Vg/jelGk5-5ajg.jpg?size=486x1080&quality=95&sign=b58f58e886ec198378ae0dcac8de9a3f&c_uniq_tag=spxOouHpxWxIRmzAwHTsAmQUWY2n3j1UuvrwD1v3rvA&type=album","t":"https://sun9-48.userapi.com/impg/M_48EORyHCZeBxBiQChW3iL4msgJ5CD9ox-7Vg/jelGk5-5ajg.jpg?size=272x604&quality=95&sign=193f44f9c3e811f99e48404cefff971b&c_uniq_tag=WNBIWhE-8qppw3VEcob2aUV0O5t0_uzB1eHPd8Syyys&type=album"},"z":"","q":0,"w":0,"o":196218150,"i":457248056,"d":529683736}],"m":[]},{"i":2846461,"f":15267753,"t":"Номер заказа СДЭК 1377888261\n400","d":529683605,"a":[],"m":[{"f":196218150,"t":"Кирилл Мазолин, 6 ноября в 13:07\nТишков Кирилл Анатольевич\n\n89206392399\n\nКод подразделения: RZN7\n\nРязань, ул. Интернациональная, 3В\n\n  Тишков Кирилл Анатольевич\n  \n  89206392399\n  \n  Код подразделения: RZN7\n  \n  Рязань, ул. Интернациональная, 3В\n\nИнтернациональная, 3в, 390039, Рязань, Канищево, 1 этаж","d":529683269,"a":[]}]},{"i":2846458,"f":15267753,"t":"Номер заказа СДЭК 1377886911\n850","d":529683477,"a":[],"m":[{"f":196218150,"t":"Шишкин Кирилл Васильевич \n8-904-371-60-50\n650061\nг Кемерово Проспект Шахтеров 70, кв 17","d":529683200,"a":[]}]},{"i":2846449,"f":15267753,"t":"прив","d":529683388,"a":[],"m":[]},{"i":2846446,"f":196218150,"t":"Бля очень срочно нужно, если сможешь то будет вообще отлично","d":529683325,"a":[],"m":[]},{"i":2846444,"f":196218150,"t":"Тоже куртка","d":529683274,"a":[],"m":[]},{"i":2846442,"f":196218150,"t":"Кирилл Мазолин, 6 ноября в 13:07\nТишков Кирилл Анатольевич\n\n89206392399\n\nКод подразделения: RZN7\n\nРязань, ул. Интернациональная, 3В\n\n  Тишков Кирилл Анатольевич\n  \n  89206392399\n  \n  Код подразделения: RZN7\n  \n  Рязань, ул. Интернациональная, 3В\n\nИнтернациональная, 3в, 390039, Рязань, Канищево, 1 этаж","d":529683269,"a":[],"m":[]},{"i":2846440,"f":196218150,"t":"Куртка","d":529683205,"a":[],"m":[]},{"i":2846439,"f":196218150,"t":"Шишкин Кирилл Васильевич \n8-904-371-60-50\n650061\nг Кемерово Проспект Шахтеров 70, кв 17","d":529683200,"a":[],"m":[]},{"i":2846438,"f":196218150,"t":"Желательно очень срочно","d":529683165,"a":[],"m":[]},{"i":2846437,"f":196218150,"t":"Из Бреста","d":529683159,"a":[],"m":[]},{"i":2846436,"f":196218150,"t":"Нужны накладные","d":529683153,"a":[],"m":[]},{"i":2846435,"f":196218150,"t":"Привет","d":529683148,"a":[],"m":[]},{"i":2841553,"f":15267753,"t":"оке","d":529342188,"a":[],"m":[]},{"i":2841548,"f":196218150,"t":"спасибо, скоро ещё отпишу)","d":529342120,"a":[],"m":[]},{"i":2841546,"f":15267753,"t":"+","d":529342098,"a":[],"m":[]},{"i":2841545,"f":196218150,"t":"","d":529342084,"a":[{"t":0,"s":{"m":"https://sun9-42.userapi.com/impg/6og8yZjRS-0ekYuz6T53I1g4dC4HFZLX4wOonA/Au-QY2UdcKs.jpg?size=510x900&quality=95&crop=0,0,720,1271&sign=26b520d8d3155232357541938c2804cf&c_uniq_tag=-4A-nchsdyqjDzAkJJgmSGhWUo0ZHGPa9-bScDpxeuo&type=album","s":"https://sun9-42.userapi.com/impg/6og8yZjRS-0ekYuz6T53I1g4dC4HFZLX4wOonA/Au-QY2UdcKs.jpg?size=200x444&quality=95&sign=84706e51da6f8713b4188161bcacb2dd&c_uniq_tag=2zUgGP03lN8wHWO5n2LgRp40bE5eXtljl3TiJ_ibFTM&type=album","n":"https://sun9-42.userapi.com/impg/6og8yZjRS-0ekYuz6T53I1g4dC4HFZLX4wOonA/Au-QY2UdcKs.jpg?size=720x1600&quality=95&sign=3c1ec83e683e1ac37ddddca27b7ae461&c_uniq_tag=D17336YvIWd6MpTfZCsSjVNjE6FpwK9VlDkkaAtLWOQ&type=album","o":"https://sun9-42.userapi.com/impg/6og8yZjRS-0ekYuz6T53I1g4dC4HFZLX4wOonA/Au-QY2UdcKs.jpg?size=486x1080&quality=95&sign=de2ccef96d2a4e20bb880e086b0e6762&c_uniq_tag=T0RCN99KlQKjUPh6TE3DXefJovzPZhcyfqz8IXR_WUc&type=album","t":"https://sun9-42.userapi.com/impg/6og8yZjRS-0ekYuz6T53I1g4dC4HFZLX4wOonA/Au-QY2UdcKs.jpg?size=272x604&quality=95&sign=c24583f801de4471e1d74123348fd51a&c_uniq_tag=P5YkSftJ9BPiWXGPnu7Sm1myf5Fm7qfixzLM0nffysw&type=album"},"z":"","q":0,"w":0,"o":196218150,"i":457247993,"d":529342084}],"m":[]},{"i":2841544,"f":15267753,"t":"да","d":529341999,"a":[],"m":[{"f":196218150,"t":"на эти реквизиты переводить?","d":529341978,"a":[]}]},{"i":2841543,"f":15267753,"t":"Номер заказа СДЭК 1376722961\n450","d":529341993,"a":[],"m":[{"f":196218150,"t":"1 Тулупов Владислав Алексеевич \n2 89502534999 \n3 Кирова 31 кВ 43 \nГород Коряжма, почтовый индекс 165650","d":529340974,"a":[]}]},{"i":2841542,"f":196218150,"t":"на эти реквизиты переводить?","d":529341978,"a":[],"m":[{"f":15267753,"t":"89059515168 сбер","d":522108551,"a":[]}]},{"i":2841541,"f":15267753,"t":"Номер заказа СДЭК 1376722446\n400","d":529341930,"a":[],"m":[{"f":196218150,"t":"Погонец Павел Андреевич \n \nТелефон:89817747999 \n \nИндекс:190020 \n \nСанкт Петербург набережная Обводного канала дом 156 корпус 1 квартира 29","d":529340841,"a":[]}]},{"i":2841540,"f":15267753,"t":"Номер заказа СДЭК 1376721773\n550","d":529341839,"a":[],"m":[{"f":196218150,"t":"Архангельск \n      Майер Денис Евгеньевич \n      Гранд Плаза, Троицкий проспект, 20, 163069, Архангельск, Архангельская область, 0 этаж\n      89502527738","d":529340475,"a":[]}]},{"i":2841533,"f":196218150,"t":"это на перчатки","d":529340979,"a":[],"m":[{"f":196218150,"t":"1 Тулупов Владислав Алексеевич \n2 89502534999 \n3 Кирова 31 кВ 43 \nГород Коряжма, почтовый индекс 165650","d":529340974,"a":[]}]},{"i":2841532,"f":196218150,"t":"1 Тулупов Владислав Алексеевич \n2 89502534999 \n3 Кирова 31 кВ 43 \nГород Коряжма, почтовый индекс 165650","d":529340974,"a":[],"m":[]},{"i":2841524,"f":196218150,"t":"еще на 1 пуховик","d":529340856,"a":[],"m":[]},{"i":2841523,"f":196218150,"t":"Погонец Павел Андреевич \n \nТелефон:89817747999 \n \nИндекс:190020 \n \nСанкт Петербург набережная Обводного канала дом 156 корпус 1 квартира 29","d":529340841,"a":[],"m":[]},{"i":2841511,"f":196218150,"t":"Это на Пуховик","d":529340525,"a":[],"m":[{"f":196218150,"t":"Архангельск \n      Майер Денис Евгеньевич \n      Гранд Плаза, Троицкий проспект, 20, 163069, Архангельск, Архангельская область, 0 этаж\n      89502527738","d":529340475,"a":[]}]},{"i":2841510,"f":196218150,"t":"все отправки из Бреста","d":529340490,"a":[],"m":[]},{"i":2841509,"f":196218150,"t":"Архангельск \n      Майер Денис Евгеньевич \n      Гранд Плаза, Троицкий проспект, 20, 163069, Архангельск, Архангельская область, 0 этаж\n      89502527738","d":529340475,"a":[],"m":[]},{"i":2841507,"f":196218150,"t":"Там пуховик отправляться будет","d":529340388,"a":[],"m":[]},{"i":2841506,"f":196218150,"t":"Сейчас скину для первой","d":529340376,"a":[],"m":[]},{"i":2841505,"f":196218150,"t":"3 шт","d":529340370,"a":[],"m":[]},{"i":2841504,"f":15267753,"t":"Приа давай","d":529340365,"a":[],"m":[]},{"i":2841503,"f":196218150,"t":"Привет, нужна накладная СДЭК, сделаешь?","d":529340354,"a":[],"m":[]},{"i":2734899,"f":15267753,"t":"обращайся!","d":522108624,"a":[],"m":[]},{"i":2734898,"f":196218150,"t":"Спасибо","d":522108618,"a":[],"m":[]},{"i":2734897,"f":15267753,"t":"+","d":522108610,"a":[],"m":[]},{"i":2734896,"f":196218150,"t":"","d":522108605,"a":[{"t":0,"s":{"m":"https://sun9-15.userapi.com/impg/xJ1c9pDmGI0Q7HtTK0F07oOTfhAn1e2vncpEdQ/4LtaXVdLUbo.jpg?size=510x900&quality=95&crop=0,0,720,1271&sign=647a35d1b299079c585dc4d5574c10e7&c_uniq_tag=kLmhT4W_OlVhsZAqu9u-2EEwReivvfQYPs9URzrozAs&type=album","s":"https://sun9-15.userapi.com/impg/xJ1c9pDmGI0Q7HtTK0F07oOTfhAn1e2vncpEdQ/4LtaXVdLUbo.jpg?size=200x444&quality=95&sign=ab3ed7eb5f4098a09b6cb3b16c955b50&c_uniq_tag=eZyKpjQGsr-7949wZDa0jlf71Itoe_SC7mUFAfJ7LGo&type=album","n":"https://sun9-15.userapi.com/impg/xJ1c9pDmGI0Q7HtTK0F07oOTfhAn1e2vncpEdQ/4LtaXVdLUbo.jpg?size=720x1600&quality=95&sign=4ac5aff8c63edfd07d0eb07ef0ed4590&c_uniq_tag=WyDVrXkQntByqPXfcOCi6DPiRkcH-MU5CCv-Z_3Bjx0&type=album","o":"https://sun9-15.userapi.com/impg/xJ1c9pDmGI0Q7HtTK0F07oOTfhAn1e2vncpEdQ/4LtaXVdLUbo.jpg?size=486x1080&quality=95&sign=fd8af9ac36599d585abe124ccf7281c8&c_uniq_tag=DyofIyQhfjr-QKxXu0HMyVJXH4fqBQKjek606UsZluU&type=album","t":"https://sun9-15.userapi.com/impg/xJ1c9pDmGI0Q7HtTK0F07oOTfhAn1e2vncpEdQ/4LtaXVdLUbo.jpg?size=272x604&quality=95&sign=2f1249778378716427cdc944f6d6ad95&c_uniq_tag=F75R4r6Gyu2Y9S2GcQpcE_t6GuCLzmEF62wAzEcabRE&type=album"},"z":"","q":0,"w":0,"o":196218150,"i":457246718,"d":522108605}],"m":[]},{"i":2734894,"f":15267753,"t":"89059515168 сбер","d":522108551,"a":[],"m":[]},{"i":2734893,"f":15267753,"t":"Накладная успешно создана с номером: 1355433573\n350","d":522108547,"a":[],"m":[]},{"i":2734884,"f":196218150,"t":"Г. Выкса \nГабариты: 20×18×20\nВес: 500г","d":522107974,"a":[],"m":[]},{"i":2734883,"f":15267753,"t":"откуда и габарит вес","d":522107847,"a":[],"m":[]},{"i":2734877,"f":196218150,"t":"СДЭК","d":522107588,"a":[],"m":[]},{"i":2734876,"f":196218150,"t":"Голованов Никита Витальевич\nСПБ\nБогатырский проспект 35к1\n+79600228868","d":522107586,"a":[],"m":[]},{"i":2734875,"f":15267753,"t":"привет,, давай","d":522107567,"a":[],"m":[]},{"i":2734872,"f":196218150,"t":"Привет, накладную сможешь сделать?","d":522107438,"a":[],"m":[]}]}