{"meta":{"v":"1.2","p":277355002,"a":15267753,"t":"Матвей Пименов","d":1691415956},"data":[{"i":2763341,"f":277355002,"t":"хорошо","d":524430629,"a":[],"m":[]},{"i":2763336,"f":15267753,"t":"сами звоните, я то тут причем","d":524430519,"a":[],"m":[]},{"i":2763332,"f":277355002,"t":"и сказал","d":524430485,"a":[],"m":[]},{"i":2763331,"f":277355002,"t":"видимо","d":524430483,"a":[],"m":[]},{"i":2763330,"f":277355002,"t":"надо чтобы ты позвонил курьеру","d":524430477,"a":[],"m":[]},{"i":2763329,"f":277355002,"t":"я не знаю","d":524430471,"a":[],"m":[]},{"i":2763325,"f":15267753,"t":"там указано примечание","d":524430385,"a":[{"t":0,"s":{"m":"https://sun9-35.userapi.com/impg/M1qE3woQt0MyAtRgdwmFf8DKcgH3sGJLjrLasQ/kHS4EJ62yfg.jpg?size=589x279&quality=96&sign=3ca0c8a483a98f2b22031f48c936932a&c_uniq_tag=FPEnpmAMBs_4gmr09bn5MhDYp3Zfelsb625iI792Q5c&type=album","s":"https://sun9-35.userapi.com/impg/M1qE3woQt0MyAtRgdwmFf8DKcgH3sGJLjrLasQ/kHS4EJ62yfg.jpg?size=510x279&quality=96&crop=39,0,510,279&sign=260847fdc18f2493a2c051cd756f03a9&c_uniq_tag=6WmDn6sPjZ_yQAlyS-xpNu1Xh82gBPCFNRyHhMil9ww&type=album","n":"https://sun9-35.userapi.com/impg/M1qE3woQt0MyAtRgdwmFf8DKcgH3sGJLjrLasQ/kHS4EJ62yfg.jpg?size=320x213&quality=96&crop=85,0,419,279&sign=b337620e9d54ec6e27b207b011e0c64c&c_uniq_tag=r8LdSW9iBSk8eYlFIL0bqTbf4cYMaESOYtAXioNNKCs&type=album","o":"https://sun9-35.userapi.com/impg/M1qE3woQt0MyAtRgdwmFf8DKcgH3sGJLjrLasQ/kHS4EJ62yfg.jpg?size=200x133&quality=96&crop=84,0,420,279&sign=b1586baf49105f12cd83d91bd1098608&c_uniq_tag=f79X6YhQpD4M_Wj8rrhssJiXirJoc4WEyXVcosyRLTI&type=album","t":"https://sun9-35.userapi.com/impg/M1qE3woQt0MyAtRgdwmFf8DKcgH3sGJLjrLasQ/kHS4EJ62yfg.jpg?size=130x87&quality=96&crop=86,0,417,279&sign=9d02e64f6224f9a8e70f6ea4b2f5ef6c&c_uniq_tag=6HkZ-JSS3H6nByWg3r8Br11UtOE1HYMlU3jNEFmSawk&type=album"},"z":"","q":0,"w":0,"o":15267753,"i":457258852,"d":524430375}],"m":[]},{"i":2763322,"f":277355002,"t":"","d":524430354,"a":[],"m":[{"f":293367369,"t":"","d":524430195,"a":[{"t":3,"o":293367369,"i":648601508,"n":"audio_msg.opus","e":"ogg","s":27155,"url":"https://vk.com/doc293367369_648601508?hash=cGCyOIefpnSqiN7xE5ebqfAUoNH9D5uMWaXuZFSGEBX&dl=BzLU33he6SpXvbfmZUxmHzs73MPBUtX7wwsz7zJDevD&api=1&no_preview=1"}]}]},{"i":2763310,"f":277355002,"t":"","d":524429931,"a":[{"t":0,"s":{"m":"https://sun9-28.userapi.com/impg/tEgWj9gD1mmr4m_kcU953pclKfL6vcUZtP6wTA/HCBK4w0GO3U.jpg?size=510x900&quality=95&crop=0,0,640,1129&sign=9c8e7338d5f9987ee177cf4467c77e48&c_uniq_tag=kmdlFYBPEXcG-BKN-E2k0-xMzaBysO-arGi9QXPndMc&type=album","s":"https://sun9-28.userapi.com/impg/tEgWj9gD1mmr4m_kcU953pclKfL6vcUZtP6wTA/HCBK4w0GO3U.jpg?size=200x433&quality=95&sign=845039fd64d717e210ed072ae49cc926&c_uniq_tag=zeUHjc_25rrNohza3D7lV2g3_CLmJzcAumhY2XzNnQ4&type=album","n":"https://sun9-28.userapi.com/impg/tEgWj9gD1mmr4m_kcU953pclKfL6vcUZtP6wTA/HCBK4w0GO3U.jpg?size=640x1386&quality=95&sign=18e6d31b478deba20ba577946a1802b3&c_uniq_tag=NIIwPo_ewPif2NRy1HorH7wKgrQYx77bI72wssLFUNo&type=album","o":"https://sun9-28.userapi.com/impg/tEgWj9gD1mmr4m_kcU953pclKfL6vcUZtP6wTA/HCBK4w0GO3U.jpg?size=499x1080&quality=95&sign=c8550dbc25890de6080fb7f0f6569fd0&c_uniq_tag=6SNgivMvcmoIUJ4HTc8xEkl3vVNl8DS6C8oGEGe0czg&type=album","t":"https://sun9-28.userapi.com/impg/tEgWj9gD1mmr4m_kcU953pclKfL6vcUZtP6wTA/HCBK4w0GO3U.jpg?size=279x604&quality=95&sign=52f41b43a39b6cea6fa5f9351f5e9d83&c_uniq_tag=46vwp_eG8uFMYYB7ZkD2Yy4BIbI939Hcv9XIcKPGWlU&type=album"},"z":"","q":0,"w":0,"o":277355002,"i":457253878,"d":524429931}],"m":[]},{"i":2762819,"f":277355002,"t":"в сдеке стоит 13 число","d":524401046,"a":[],"m":[]},{"i":2762818,"f":277355002,"t":"что набрать","d":524401033,"a":[],"m":[]},{"i":2762817,"f":15267753,"t":"наберите узнайте )","d":524401023,"a":[],"m":[]},{"i":2762816,"f":15267753,"t":"да я то откуда знаю","d":524401019,"a":[],"m":[]},{"i":2762815,"f":277355002,"t":"или когда?","d":524400994,"a":[],"m":[]},{"i":2762814,"f":277355002,"t":"заберет сегодня","d":524400992,"a":[],"m":[]},{"i":2762813,"f":277355002,"t":"курьер","d":524400989,"a":[],"m":[]},{"i":2762373,"f":15267753,"t":"","d":524347326,"a":[{"t":0,"s":{"m":"https://sun9-3.userapi.com/impg/MW883lQws1NIHCT8g7guELBBa3fYyNKL3UJSBw/O7rZyw4YBFY.jpg?size=513x122&quality=96&sign=b87d71f76ab867cddf83525f6099e2bb&c_uniq_tag=Q6IQ80JsmpVyZaejVahPuR_iu1OvUX4rjEy9BB7Dde0&type=album","s":"https://sun9-3.userapi.com/impg/MW883lQws1NIHCT8g7guELBBa3fYyNKL3UJSBw/O7rZyw4YBFY.jpg?size=510x122&quality=96&crop=1,0,510,122&sign=db0a68f4e292a8903733def0d564cafc&c_uniq_tag=ky8JHZsI9CxVWvDRxCLNtyJAXerkBhLtEo55xHyznBY&type=album","n":"https://sun9-3.userapi.com/impg/MW883lQws1NIHCT8g7guELBBa3fYyNKL3UJSBw/O7rZyw4YBFY.jpg?size=320x122&quality=96&crop=96,0,320,122&sign=c0966bb1f4a7755dc3ee3a246e70a16a&c_uniq_tag=ri-mt1vy02O1r6sGR4cdryf75hLBQ_QcurWX3D-BSW4&type=album","o":"https://sun9-3.userapi.com/impg/MW883lQws1NIHCT8g7guELBBa3fYyNKL3UJSBw/O7rZyw4YBFY.jpg?size=200x122&quality=96&crop=156,0,200,122&sign=f47a2b22c9d3acc33326512756999137&c_uniq_tag=aV4838KmDkCMVOHxVf2ymUPEl7t8r8yKi8ehCCyWzdQ&type=album","t":"https://sun9-3.userapi.com/impg/MW883lQws1NIHCT8g7guELBBa3fYyNKL3UJSBw/O7rZyw4YBFY.jpg?size=130x87&quality=96&crop=165,0,182,122&sign=e09991d60d3c7d67d913bf80a937440b&c_uniq_tag=jskdnUWfBWdHIyEtj_pNHnhrze5LjCAOiiLBPWLU16U&type=album"},"z":"","q":0,"w":0,"o":15267753,"i":457258850,"d":524347325}],"m":[]},{"i":2762370,"f":277355002,"t":"1361162664","d":524347268,"a":[],"m":[]},{"i":2762362,"f":15267753,"t":"трек напиши","d":524347065,"a":[],"m":[]},{"i":2762264,"f":277355002,"t":"","d":524341123,"a":[{"t":0,"s":{"m":"https://sun9-17.userapi.com/impg/mqvpKpt5eZiiF1mjJfpew9mXxvxd04qoFWZyZw/FVtQLMozN9o.jpg?size=510x900&quality=95&crop=0,0,640,1129&sign=75fbee1266e6102390fa9625c7966f99&c_uniq_tag=-1yE36K2svIk2KHYr5pyKg1DLEWh4iafCUR8jQnilvk&type=album","s":"https://sun9-17.userapi.com/impg/mqvpKpt5eZiiF1mjJfpew9mXxvxd04qoFWZyZw/FVtQLMozN9o.jpg?size=200x433&quality=95&sign=62a27783c60a4c3d65a1c46da4d911fb&c_uniq_tag=BvJmBI1yhdJZYngeGsUuBG6ARD4pkj4EU9QQWJmDoBE&type=album","n":"https://sun9-17.userapi.com/impg/mqvpKpt5eZiiF1mjJfpew9mXxvxd04qoFWZyZw/FVtQLMozN9o.jpg?size=640x1386&quality=95&sign=31cf6878416400517e32c68bd6d66245&c_uniq_tag=nrF0Y935MuXmpmp3PViFPX7llODJ14isrZul-GFcMcg&type=album","o":"https://sun9-17.userapi.com/impg/mqvpKpt5eZiiF1mjJfpew9mXxvxd04qoFWZyZw/FVtQLMozN9o.jpg?size=499x1080&quality=95&sign=7dbb6f98692f3d96e6c1d000089061cd&c_uniq_tag=8inJbI61Ni1gjAN1ZisqeJzBCOKj7OVfEUsJfVy2QlM&type=album","t":"https://sun9-17.userapi.com/impg/mqvpKpt5eZiiF1mjJfpew9mXxvxd04qoFWZyZw/FVtQLMozN9o.jpg?size=279x604&quality=95&sign=cd506997c9b85add0b7d3426b6aeec5b&c_uniq_tag=wZwVmIkTEeuh1bw02NjE5P1Tt5oqTbskRtqzTVHShGk&type=album"},"z":"","q":0,"w":0,"o":277355002,"i":457253875,"d":524341122}],"m":[]},{"i":2762263,"f":277355002,"t":"","d":524341119,"a":[],"m":[{"f":293367369,"t":"","d":524341024,"a":[],"m":[{"f":293367369,"t":"+79263010302","d":524257634,"a":[]}]},{"f":293367369,"t":"","d":524341034,"a":[{"t":3,"o":293367369,"i":648515005,"n":"audio_msg.opus","e":"ogg","s":19937,"url":"https://vk.com/doc293367369_648515005?hash=sPmDqovWiP6RgrfxkUxrmlSq4TK1YYSFMYIrhzwZFEc&dl=xuU7wh7dN7lYJbGF49WbCe1UDwHZx69LhWup2XCzCZg&api=1&no_preview=1"}]}]},{"i":2762262,"f":277355002,"t":"привет","d":524341100,"a":[],"m":[]}]}