{"meta":{"v":"1.2","p":544822921,"a":15267753,"t":"Миша Сидоров","d":1691415846},"data":[{"i":2838886,"f":15267753,"t":"ок","d":529168844,"a":[],"m":[]},{"i":2838885,"f":544822921,"t":"","d":529168831,"a":[{"t":3,"o":544822921,"i":647491410,"n":"audio_msg.opus","e":"ogg","s":9786,"url":"https://vk.com/doc544822921_647491410?hash=FEEg6nph7IEkfMOcaqmAKmH6yrWnl2tEsVaYw0vPqo0&dl=ezrBIPVi3u9mg8Ivx12zKo9p1fcuCeDW2Y3bNrqZ0FT&api=1&no_preview=1"}],"m":[]},{"i":2838884,"f":15267753,"t":"так нельзя","d":529168822,"a":[],"m":[]},{"i":2838883,"f":544822921,"t":"","d":529168807,"a":[{"t":3,"o":544822921,"i":647491382,"n":"audio_msg.opus","e":"ogg","s":11050,"url":"https://vk.com/doc544822921_647491382?hash=Am6AtK4Qm9mDcplui6SM01ofUUJISD64xr9B74Ykvys&dl=v6yQOP2ilQ6XZfF56VsU19ejRjQ5M3wFf1dBYezj9so&api=1&no_preview=1"}],"m":[]},{"i":2838881,"f":15267753,"t":"+","d":529168737,"a":[],"m":[]},{"i":2838880,"f":544822921,"t":"","d":529168723,"a":[{"t":0,"s":{"m":"https://sun9-21.userapi.com/impg/ToyHmgaOL1e4ICXDDvHngi1w9YMV7Gg0HxSMRw/n2MJbdPymZw.jpg?size=510x900&quality=95&crop=0,0,885,1562&sign=85bd3c99011d23a4b28e3e6436eb181b&c_uniq_tag=3KkXW0mbrTTG2CQuCwsKTp6HnAz4Em7oyOfHL6dJkO0&type=album","s":"https://sun9-21.userapi.com/impg/ToyHmgaOL1e4ICXDDvHngi1w9YMV7Gg0HxSMRw/n2MJbdPymZw.jpg?size=200x434&quality=95&sign=c4c72695ff769e2e50e454544b02a75a&c_uniq_tag=nCnUtu3CiPggOEkdcvuQ0VD_e6CgvL4_FmmisdiZtMc&type=album","n":"https://sun9-21.userapi.com/impg/ToyHmgaOL1e4ICXDDvHngi1w9YMV7Gg0HxSMRw/n2MJbdPymZw.jpg?size=885x1920&quality=95&sign=6657718fc89395837c265e2862607904&c_uniq_tag=V1Yj_uy3qAPOpSVjBMXQQcWhS59XuNUYU0l63YoUAwA&type=album","o":"https://sun9-21.userapi.com/impg/ToyHmgaOL1e4ICXDDvHngi1w9YMV7Gg0HxSMRw/n2MJbdPymZw.jpg?size=498x1080&quality=95&sign=ab4ea4193d51db983fc61fe21b1cc83d&c_uniq_tag=5HLZRjkJUaqkvmvFWS75QloeuErOYyLrYn7Twzp4sZ0&type=album","t":"https://sun9-21.userapi.com/impg/ToyHmgaOL1e4ICXDDvHngi1w9YMV7Gg0HxSMRw/n2MJbdPymZw.jpg?size=278x604&quality=95&sign=e56d3e149e7b09bd6c3d7bb6ff1b35f9&c_uniq_tag=o9-4-1jeNNg1n44G6liEMZgnvrHOJ0OmdknGpj4PLu0&type=album"},"z":"","q":0,"w":0,"o":544822921,"i":457257270,"d":529168723}],"m":[]},{"i":2838876,"f":15267753,"t":"3","d":529168686,"a":[],"m":[{"f":15267753,"t":"89059515168 сбер","d":524062053,"a":[]}]},{"i":2838874,"f":544822921,"t":"Куда деньгу тебе","d":529168673,"a":[],"m":[]},{"i":2838873,"f":544822921,"t":"Челу","d":529168668,"a":[],"m":[]},{"i":2838872,"f":544822921,"t":"Ща напишу","d":529168667,"a":[],"m":[]},{"i":2838871,"f":15267753,"t":"3 ччаса должно бюыть","d":529168650,"a":[],"m":[]},{"i":2838870,"f":15267753,"t":"с 17 до 18 нельщзя","d":529168644,"a":[],"m":[]},{"i":2838869,"f":15267753,"t":"курьер до 18 ездит","d":529168641,"a":[],"m":[]},{"i":2838868,"f":544822921,"t":"Да","d":529168605,"a":[],"m":[]},{"i":2838867,"f":15267753,"t":"до 21?","d":529168600,"a":[],"m":[]},{"i":2838866,"f":544822921,"t":"Илья там склад с 5 работает","d":529168589,"a":[],"m":[]},{"i":2838864,"f":15267753,"t":"Номер заявки для курьера\n40006786","d":529168587,"a":[],"m":[]},{"i":2838863,"f":15267753,"t":"Номер заказа СДЭК 1376024943\n700","d":529168574,"a":[],"m":[{"f":544822921,"t":"Курьер - склад\n\n5й Монетчиковский пер 3с1 \nЦентральный вход в Бизнес Центр \n2-й Этаж\n214 кабинет\nДаниил Бабаев\n+7(964)722-22-34\nС 17:00-21:00\nКурьеру указать: Что забрать майки Vlone звонить ЧИРКО!!!!\n11 футболок и 3 худи Vlone\n\nСидоров Михаил Витальевич \n89105686885 \nРязань Первомайский пр., 7","d":529164563,"a":[]}]},{"i":2838861,"f":544822921,"t":"Тогда на завтра","d":529168411,"a":[],"m":[]},{"i":2838860,"f":15267753,"t":"на сегодня уже не","d":529168390,"a":[],"m":[]},{"i":2838859,"f":544822921,"t":"","d":529168371,"a":[{"t":3,"o":544822921,"i":647490866,"n":"audio_msg.opus","e":"ogg","s":11429,"url":"https://vk.com/doc544822921_647490866?hash=V1Ulp6dNmF9UzDX8zRDzbszIV2baN3noBIOBH7fRuyX&dl=aecah87qAZdJ89hJz5b3wBGv7073SVnX305QWSOaCMT&api=1&no_preview=1"}],"m":[]},{"i":2838858,"f":544822921,"t":".","d":529168336,"a":[],"m":[{"f":544822921,"t":"50 25 25","d":524061607,"a":[]}]},{"i":2838857,"f":15267753,"t":"габариты нужны упакованноый посылки","d":529168301,"a":[],"m":[]},{"i":2838856,"f":15267753,"t":"привет","d":529168295,"a":[],"m":[]},{"i":2838852,"f":544822921,"t":"Илья","d":529168228,"a":[],"m":[]},{"i":2838802,"f":544822921,"t":"Курьер - склад\n\n5й Монетчиковский пер 3с1 \nЦентральный вход в Бизнес Центр \n2-й Этаж\n214 кабинет\nДаниил Бабаев\n+7(964)722-22-34\nС 17:00-21:00\nКурьеру указать: Что забрать майки Vlone звонить ЧИРКО!!!!\n11 футболок и 3 худи Vlone\n\nСидоров Михаил Витальевич \n89105686885 \nРязань Первомайский пр., 7","d":529164563,"a":[],"m":[]},{"i":2838786,"f":544822921,"t":"Можно сделать","d":529163853,"a":[],"m":[]},{"i":2838785,"f":544822921,"t":"Привет","d":529163850,"a":[],"m":[]},{"i":2758985,"f":15267753,"t":"нет выхи","d":524074496,"a":[],"m":[]},{"i":2758758,"f":544822921,"t":"На сегодня-завтра никак ?","d":524062776,"a":[],"m":[]},{"i":2758757,"f":544822921,"t":"Я про число","d":524062768,"a":[],"m":[]},{"i":2758756,"f":544822921,"t":"Не","d":524062766,"a":[],"m":[]},{"i":2758755,"f":15267753,"t":"Там утром тока","d":524062754,"a":[],"m":[]},{"i":2758753,"f":544822921,"t":"Илья а раньше 12 никак ?","d":524062333,"a":[],"m":[]},{"i":2758752,"f":544822921,"t":"А это курьер только 12 числа заберёт их правильно ?","d":524062266,"a":[{"t":0,"s":{"m":"https://sun9-45.userapi.com/impg/szuO5UJ7ISUQ3r26TWGN8P0Sueky0HJBpH3bLg/Je0RmnklNJk.jpg?size=510x900&quality=95&crop=0,0,750,1324&sign=d2e76b19137909efdbbdf30f2b6b7ed6&c_uniq_tag=loNH8d8soqYPsS9uxPH74tByezmTU6R7aj5hMQfe9Ug&type=album","s":"https://sun9-45.userapi.com/impg/szuO5UJ7ISUQ3r26TWGN8P0Sueky0HJBpH3bLg/Je0RmnklNJk.jpg?size=200x433&quality=95&sign=d1dd50d000cefbf5a47905fac87e61a8&c_uniq_tag=ugj9q8S5YnYA9ZnB_Yv0llQou3P2yApulPiCjZKmDQc&type=album","n":"https://sun9-45.userapi.com/impg/szuO5UJ7ISUQ3r26TWGN8P0Sueky0HJBpH3bLg/Je0RmnklNJk.jpg?size=750x1624&quality=95&sign=2d534debc8e7d530cdd031052a9ed3e0&c_uniq_tag=iU2S-RvEXMnDXywHia4wR9mb2wpFWncxBOAhQL8AQt8&type=album","o":"https://sun9-45.userapi.com/impg/szuO5UJ7ISUQ3r26TWGN8P0Sueky0HJBpH3bLg/Je0RmnklNJk.jpg?size=499x1080&quality=95&sign=0473a26c0a8af2e29a1a72461c58eea5&c_uniq_tag=A9VQXUt3Hti2wkuBmI4fD_iDPLnXdwbBgerwIu28PYo&type=album","t":"https://sun9-45.userapi.com/impg/szuO5UJ7ISUQ3r26TWGN8P0Sueky0HJBpH3bLg/Je0RmnklNJk.jpg?size=279x604&quality=95&sign=a606c4c8579f4969bc3ead5e8ff53120&c_uniq_tag=Cjt4qpxTAaT6XhvGxb40ZltHRyOxgJnYYHQDoPyZK3o&type=album"},"z":"","q":0,"w":0,"o":544822921,"i":457256552,"d":524062249}],"m":[]},{"i":2758751,"f":15267753,"t":"+","d":524062224,"a":[],"m":[]},{"i":2758749,"f":544822921,"t":"","d":524062127,"a":[{"t":0,"s":{"m":"https://sun9-6.userapi.com/impg/4qnLw6mZOJ-jxQ1CV4cK7EYcqwLPqB1XK4T6vA/8ogcrL45GY8.jpg?size=510x900&quality=95&crop=0,0,750,1324&sign=c24b95e3a53ef21d5dc7462bdd361e7f&c_uniq_tag=PeV8NMCFz8qfHfPe5Ro5o6ph-yoFVV6hyeCilGIqayY&type=album","s":"https://sun9-6.userapi.com/impg/4qnLw6mZOJ-jxQ1CV4cK7EYcqwLPqB1XK4T6vA/8ogcrL45GY8.jpg?size=200x433&quality=95&sign=943d527f69f6c39aec9f165b23cf333e&c_uniq_tag=KAvhOHk6dQUmgiEsOV7qMrPgZP383O5Vos0WhPDKYRg&type=album","n":"https://sun9-6.userapi.com/impg/4qnLw6mZOJ-jxQ1CV4cK7EYcqwLPqB1XK4T6vA/8ogcrL45GY8.jpg?size=750x1624&quality=95&sign=edfa80586e35462b412c5d96bb3c83e5&c_uniq_tag=_KRYMXQI1NyUMPMIhKzUGIZPVMm_gyRzGc_YPypl6Zc&type=album","o":"https://sun9-6.userapi.com/impg/4qnLw6mZOJ-jxQ1CV4cK7EYcqwLPqB1XK4T6vA/8ogcrL45GY8.jpg?size=499x1080&quality=95&sign=eaa9f03c3975ade9df2a99bdd3027052&c_uniq_tag=vJf84pvotSqwt_VvymnRf8JRt3yVXkZ4geygFJgpbbY&type=album","t":"https://sun9-6.userapi.com/impg/4qnLw6mZOJ-jxQ1CV4cK7EYcqwLPqB1XK4T6vA/8ogcrL45GY8.jpg?size=279x604&quality=95&sign=397d5b01762b79caf2b9ec757e3e3543&c_uniq_tag=Nct_XFy9Ia3mQIxv2aNSdng2ccks3weuHUE5md_-P-c&type=album"},"z":"","q":0,"w":0,"o":544822921,"i":457256551,"d":524062126}],"m":[]},{"i":2758748,"f":15267753,"t":"89059515168 сбер","d":524062053,"a":[],"m":[]},{"i":2758747,"f":15267753,"t":"Номер заказа\n1360831196\n\nНомер заявки для курьера\n38721162","d":524062050,"a":[],"m":[]},{"i":2758746,"f":15267753,"t":"Номер заказа СДЭК 1360831196\n700","d":524062034,"a":[],"m":[{"f":544822921,"t":"Курьер - склад \n\nМосква\n5-й Монетчиковский переулок, 3с1\n89692812400\n\nСидоров Михаил Витальевич \n89105686885\nРязань Первомайский пр., 7\n\nКурьеру указать: 24 футболки Vlone","d":524051991,"a":[]}]},{"i":2758741,"f":544822921,"t":"50 25 25","d":524061607,"a":[],"m":[]},{"i":2758718,"f":15267753,"t":"Цифры нужны","d":524060852,"a":[],"m":[]},{"i":2758717,"f":544822921,"t":"Сможем так как нибудь ?","d":524060840,"a":[],"m":[]},{"i":2758709,"f":544822921,"t":"Вот так только можем","d":524060485,"a":[],"m":[]},{"i":2758704,"f":544822921,"t":"","d":524060337,"a":[],"m":[{"f":293367369,"t":"","d":524060314,"a":[{"t":3,"o":293367369,"i":648246098,"n":"audio_msg.opus","e":"ogg","s":30770,"url":"https://vk.com/doc293367369_648246098?hash=7XBFDaRJKcNUrQ4TkIkp2jhZsW5JRu0MWmY5B6m9GcD&dl=9GSf0LBbk64FcuVc0BfvEQ0pc9RocgEidEkzmE2f0ew&api=1&no_preview=1"}]}]},{"i":2758701,"f":544822921,"t":"","d":524060278,"a":[],"m":[{"f":293367369,"t":"","d":524060232,"a":[{"t":3,"o":293367369,"i":648245993,"n":"audio_msg.opus","e":"ogg","s":38125,"url":"https://vk.com/doc293367369_648245993?hash=Z2SRGFsjWHGhrgzYzQTVFySjHc1jwYOUw64kKrquTX8&dl=9It6yJHUkMm1qAmjKrrr04hIJUBWgz6stziy9HtN420&api=1&no_preview=1"}]},{"f":293367369,"t":"","d":524060238,"a":[{"t":3,"o":293367369,"i":648246001,"n":"audio_msg.opus","e":"ogg","s":9148,"url":"https://vk.com/doc293367369_648246001?hash=TS9pandQzwzG3Q7sWUOwLDvF5fe13CdyUucDgxhcot0&dl=lysol4zHI94fZY664csBS6x5Uea69rwpDSDuyPfXPYX&api=1&no_preview=1"}]}]},{"i":2758696,"f":15267753,"t":"в см нада","d":524060139,"a":[],"m":[]},{"i":2758693,"f":544822921,"t":"","d":524060062,"a":[],"m":[{"f":293367369,"t":"скажи, ну в конверте помещается","d":524060049,"a":[]},{"f":293367369,"t":"В самом большем","d":524060052,"a":[]}]},{"i":2758691,"f":15267753,"t":"нада померять габарит посылки","d":524060004,"a":[],"m":[]},{"i":2758689,"f":15267753,"t":"приветь","d":524059995,"a":[],"m":[]},{"i":2758580,"f":544822921,"t":"Курьер - склад \n\nМосква\n5-й Монетчиковский переулок, 3с1\n89692812400\n\nСидоров Михаил Витальевич \n89105686885\nРязань Первомайский пр., 7\n\nКурьеру указать: 24 футболки Vlone","d":524051991,"a":[],"m":[]},{"i":2758579,"f":544822921,"t":"Бро здорова","d":524051869,"a":[],"m":[]}]}