{"meta":{"v":"1.2","p":346743042,"a":15267753,"t":"Настя Настюша","d":1691415569},"data":[{"i":3017492,"f":15267753,"t":"+","d":541207897,"a":[],"m":[]},{"i":3017487,"f":346743042,"t":"","d":541207796,"a":[{"t":0,"s":{"m":"https://sun9-49.userapi.com/impg/m2xuUEmwj3IUWzOwMS0t5DM5XjCbqneuuT5afA/hCQyXJEaVqg.jpg?size=510x900&quality=95&crop=0,0,1170,2065&sign=18cddd2964a2a269e1e1609a055c96ea&c_uniq_tag=KoLFBX5cYkh6pUOwzT9n9A56UAQL64-V_6wI26OHrX0&type=album","s":"https://sun9-49.userapi.com/impg/m2xuUEmwj3IUWzOwMS0t5DM5XjCbqneuuT5afA/hCQyXJEaVqg.jpg?size=200x433&quality=95&sign=a7555dd2ec2a4c43353c47fc4ee0cfe2&c_uniq_tag=5rY-YzfEl2N0rsUi1sFER5Nu492XDRPAOAiQ025TRtA&type=album","n":"https://sun9-49.userapi.com/impg/m2xuUEmwj3IUWzOwMS0t5DM5XjCbqneuuT5afA/hCQyXJEaVqg.jpg?size=998x2160&quality=95&sign=96a2bfe41ec036dd1b91b3f6628a3790&c_uniq_tag=jJ5F8N3xRCtlFRgYnxdO85NwF5EirxaedVBrciaxEZ8&type=album","o":"https://sun9-49.userapi.com/impg/m2xuUEmwj3IUWzOwMS0t5DM5XjCbqneuuT5afA/hCQyXJEaVqg.jpg?size=499x1080&quality=95&sign=c71d6b8e5de11933525b84e68b33d9fb&c_uniq_tag=_iMNehIJvCpXyAbGZE3mFXIgbpBQvIyXPxfaZ_4inNE&type=album","t":"https://sun9-49.userapi.com/impg/m2xuUEmwj3IUWzOwMS0t5DM5XjCbqneuuT5afA/hCQyXJEaVqg.jpg?size=279x604&quality=95&sign=8d94dbcbc38f8ef154816d94cdeb21ae&c_uniq_tag=Psq00XGkGfumFw-9_KtqaOSgQ0XOWE5vlxaeJjz0oXY&type=album"},"z":"","q":0,"w":0,"o":346743042,"i":457247868,"d":541207795}],"m":[]},{"i":3017486,"f":15267753,"t":"да я раз в две недели чекаю все заказы","d":541207767,"a":[],"m":[]},{"i":3017485,"f":346743042,"t":"Привет) ок, сейчас отправлю \nСтранно как-то, человек давно получил","d":541207741,"a":[],"m":[]},{"i":3017477,"f":15267753,"t":"привет, тут перемеряли или вес поменялся, нужно докинуть 1411958109 110","d":541207639,"a":[],"m":[]},{"i":2996215,"f":346743042,"t":"Спасибо 🙌🏽","d":539995929,"a":[],"m":[]},{"i":2996213,"f":15267753,"t":"+","d":539995926,"a":[],"m":[]},{"i":2996212,"f":346743042,"t":"Готово 👌🏼","d":539995920,"a":[{"t":0,"s":{"m":"https://sun9-79.userapi.com/impg/ACSMIg00NQS28qLf55b1v1G7dxwQkXysQ72Pvw/8otGJ1JKFx0.jpg?size=510x900&quality=95&crop=0,0,1170,2065&sign=46bfed9f7aafff07071deb695b0e0b4f&c_uniq_tag=DAtPIcA6AEUKaZzO-_w9HxV-JBenKmqsbyU0UwLJvUM&type=album","s":"https://sun9-79.userapi.com/impg/ACSMIg00NQS28qLf55b1v1G7dxwQkXysQ72Pvw/8otGJ1JKFx0.jpg?size=200x433&quality=95&sign=b028848689f4146927e346a43d74cb1d&c_uniq_tag=vMuEX6_rv3nSqB9Q8hnO5CfMGkb_KMR6SCK6YFS5JaA&type=album","n":"https://sun9-79.userapi.com/impg/ACSMIg00NQS28qLf55b1v1G7dxwQkXysQ72Pvw/8otGJ1JKFx0.jpg?size=998x2160&quality=95&sign=6f1bf73b5567620e70998eca231e9058&c_uniq_tag=nOLI4cs9oEI-_zWgv7w2l4mf2izQEIYXHixEGa7tBKs&type=album","o":"https://sun9-79.userapi.com/impg/ACSMIg00NQS28qLf55b1v1G7dxwQkXysQ72Pvw/8otGJ1JKFx0.jpg?size=499x1080&quality=95&sign=a60ec3059fafaf6c49ddd57f892ff4c8&c_uniq_tag=mlSvYGdHLyUiiwOES3-J36YOqAsrpA-07248Loo0dFc&type=album","t":"https://sun9-79.userapi.com/impg/ACSMIg00NQS28qLf55b1v1G7dxwQkXysQ72Pvw/8otGJ1JKFx0.jpg?size=279x604&quality=95&sign=6bffa4c0aa43f8319d512d95e5e80a18&c_uniq_tag=aS8FibAyd7iIDEl0MKxlibFOmzKf6SDc16xr3Og2yXE&type=album"},"z":"","q":0,"w":0,"o":346743042,"i":457247849,"d":539995911}],"m":[]},{"i":2996209,"f":15267753,"t":"89059515168 сбер","d":539995860,"a":[],"m":[]},{"i":2996208,"f":15267753,"t":"Номер заказа СДЭК 1411958109\n300","d":539995856,"a":[],"m":[{"f":346743042,"t":"Отлично 😊\n\nОт:\nЛен.обл, Кудрово \n\nКуда:\nМамижева Елизавета Валерьевна\n8-999-829-01-21\nМытищи, пункт выдачи сдек\nСелезнева 33","d":539995556,"a":[]}]},{"i":2996181,"f":346743042,"t":"Длина: 35 см\nШирина: 26 см \nВысота: 10 см \nВес: 1,1кг","d":539995611,"a":[],"m":[]},{"i":2996176,"f":15267753,"t":"и вес габарит еще","d":539995576,"a":[],"m":[]},{"i":2996173,"f":346743042,"t":"Отлично 😊\n\nОт:\nЛен.обл, Кудрово \n\nКуда:\nМамижева Елизавета Валерьевна\n8-999-829-01-21\nМытищи, пункт выдачи сдек\nСелезнева 33","d":539995556,"a":[],"m":[]},{"i":2996145,"f":15267753,"t":"так точно )","d":539995419,"a":[],"m":[]},{"i":2996144,"f":15267753,"t":"привет","d":539995418,"a":[],"m":[]},{"i":2996140,"f":346743042,"t":"Привет! Я от Никиты Теска)\nНикита сказал, что можно через тебя СДЭК отправлять","d":539995394,"a":[],"m":[]}]}