{"meta":{"v":"1.2","p":2170885,"a":15267753,"t":"Виктор Матавкин","d":1691415346},"data":[{"i":3101607,"f":2170885,"t":"Спасибо, денежку перевёл ✌🏼","d":548467489,"a":[],"m":[]},{"i":3101606,"f":15267753,"t":"Номер заказа СДЭК 1440471464\n300","d":548467431,"a":[],"m":[{"f":2170885,"t":"Приветствую, оформите пожалуйста ✌🏼\n423 г , 23х20х7\nС Вологды \nДо Проспект стачек 146 ,спб \nИбрагимов Элвин Мехман оглы \n89219103339","d":548466793,"a":[]}]},{"i":3101602,"f":2170885,"t":"Приветствую, оформите пожалуйста ✌🏼\n423 г , 23х20х7\nС Вологды \nДо Проспект стачек 146 ,спб \nИбрагимов Элвин Мехман оглы \n89219103339","d":548466793,"a":[],"m":[]},{"i":3101601,"f":15267753,"t":"Привет пиши данные","d":548466774,"a":[],"m":[{"f":2170885,"t":"Добрый вечер, можете сейчас оформить сдэк?","d":548466750,"a":[]}]},{"i":3101600,"f":2170885,"t":"Добрый вечер, можете сейчас оформить сдэк?","d":548466750,"a":[],"m":[]},{"i":2983362,"f":15267753,"t":"+","d":539218329,"a":[],"m":[]},{"i":2983311,"f":2170885,"t":"Спасибо, перевёл✌🏼","d":539216201,"a":[],"m":[{"f":15267753,"t":"Номер заказа СДЭК 1409468915 \n400","d":539216146,"a":[]}]},{"i":2983308,"f":15267753,"t":"Номер заказа СДЭК 1409468915 \n400","d":539216146,"a":[],"m":[{"f":2170885,"t":"Приветствую, оформите пожалуйста ✌🏼\n680г , 30х28х7\nС Вологды \nДо Г.Симферополь \nПроспект победы 175 \nБезролный Александр Викторович \n+79786153940","d":539215699,"a":[]}]},{"i":2983307,"f":15267753,"t":"привет","d":539216087,"a":[],"m":[]},{"i":2983302,"f":2170885,"t":"Приветствую, оформите пожалуйста ✌🏼\n680г , 30х28х7\nС Вологды \nДо Г.Симферополь \nПроспект победы 175 \nБезролный Александр Викторович \n+79786153940","d":539215699,"a":[],"m":[]},{"i":2959547,"f":2170885,"t":"Спасибо, перевел ✌🏼","d":537481573,"a":[],"m":[]},{"i":2959546,"f":15267753,"t":"+","d":537481572,"a":[],"m":[]},{"i":2959544,"f":15267753,"t":"Номер заказа СДЭК 1403587150 \n400","d":537481530,"a":[],"m":[{"f":2170885,"t":"Приветствую, оформите пожалуйста ✌🏼\n615 г , 30х28х7\nС Вологды \nДо Тришин Александр Александрович \nРеспублика Крым город Симферополь Ул. Крылова 19/ул. Караимская 21\n89785241133","d":537481421,"a":[]}]},{"i":2959543,"f":15267753,"t":"Првиет","d":537481446,"a":[],"m":[]},{"i":2959542,"f":2170885,"t":"Приветствую, оформите пожалуйста ✌🏼\n615 г , 30х28х7\nС Вологды \nДо Тришин Александр Александрович \nРеспублика Крым город Симферополь Ул. Крылова 19/ул. Караимская 21\n89785241133","d":537481421,"a":[],"m":[]},{"i":2957768,"f":2170885,"t":"Спасибо, перевёл ✌🏼","d":537315290,"a":[],"m":[]},{"i":2957762,"f":15267753,"t":"Номер заказа СДЭК 1403275243\n450","d":537315190,"a":[],"m":[{"f":2170885,"t":"Приветствую, оформите пожалуйста ✌🏼\n1150 г , 30х28х7\nС Вологды \nДо Респ Крым, Красногвардейский р-н, пгт. Красногвардейское, ул. Энгельса 38\n+79788358575\n\nРудаков Кирилл Сергеевич\n+79785173477","d":537314520,"a":[]}]},{"i":2957758,"f":15267753,"t":"привет","d":537315120,"a":[],"m":[]},{"i":2957742,"f":2170885,"t":"Приветствую, оформите пожалуйста ✌🏼\n1150 г , 30х28х7\nС Вологды \nДо Респ Крым, Красногвардейский р-н, пгт. Красногвардейское, ул. Энгельса 38\n+79788358575\n\nРудаков Кирилл Сергеевич\n+79785173477","d":537314520,"a":[],"m":[]},{"i":2950955,"f":15267753,"t":"+","d":536790275,"a":[],"m":[]},{"i":2950952,"f":2170885,"t":"Перевел, спасибо ✌🏼","d":536790231,"a":[],"m":[{"f":15267753,"t":"Номер заказа СДЭК 1401422880\n350","d":536790181,"a":[]}]},{"i":2950950,"f":15267753,"t":"Номер заказа СДЭК 1401422880\n350","d":536790181,"a":[],"m":[{"f":2170885,"t":"Приветствую, оформите пожалуйста ✌🏼\n570 г , 30х28х5\nС Вологды \nДо Крым, г. Севастополь ул. Народных Ополченцев, 6\nПолитов Павел Юрьевич +79782900081","d":536788581,"a":[]}]},{"i":2950949,"f":15267753,"t":"привет","d":536790136,"a":[],"m":[]},{"i":2950930,"f":2170885,"t":"Приветствую, оформите пожалуйста ✌🏼\n570 г , 30х28х5\nС Вологды \nДо Крым, г. Севастополь ул. Народных Ополченцев, 6\nПолитов Павел Юрьевич +79782900081","d":536788581,"a":[],"m":[]},{"i":2927643,"f":15267753,"t":"+","d":535371185,"a":[],"m":[]},{"i":2927628,"f":2170885,"t":"Спасибо, закинул ✌🏼","d":535369931,"a":[],"m":[]},{"i":2927626,"f":15267753,"t":"Номер заказа СДЭК 1396896339 \n450","d":535369886,"a":[],"m":[{"f":2170885,"t":"Приветствую, оформите пожалуйста ✌🏼\n675 г , 30х28х7\nС Вологды \nДо Крым, г. Бахчисарай ул. Фрунзе, 28 \nАлехин Тихон Андреевич +79785954560","d":535332018,"a":[]}]},{"i":2927624,"f":15267753,"t":"Привет","d":535369790,"a":[],"m":[]},{"i":2927623,"f":2170885,"t":"Очень срочно надо(( пожалуйста","d":535369782,"a":[],"m":[]},{"i":2927494,"f":2170885,"t":"Приветствую, оформите пожалуйста ✌🏼\n675 г , 30х28х7\nС Вологды \nДо Крым, г. Бахчисарай ул. Фрунзе, 28 \nАлехин Тихон Андреевич +79785954560","d":535332018,"a":[],"m":[]},{"i":2915993,"f":15267753,"t":"+++","d":534636992,"a":[],"m":[]},{"i":2915992,"f":2170885,"t":"Спасибо, перевёл)","d":534636983,"a":[],"m":[]},{"i":2915987,"f":15267753,"t":"Номер заказа СДЭК 1394548034\n350","d":534636931,"a":[],"m":[{"f":2170885,"t":"Приветствую, оформите пожалуйста ✌🏼\n730 г , 30х28х10\nС Вологды \nДо Г.Москва г.Зеленоград\nПункт Сдэк: г.Зеленоград 18 район корпус 1812\nПолучатель: Абдеев Эльдар Рафаилевич\n8-985-482-55-79","d":534634440,"a":[]}]},{"i":2915982,"f":15267753,"t":"привет","d":534636855,"a":[],"m":[]},{"i":2915771,"f":2170885,"t":"Приветствую, оформите пожалуйста ✌🏼\n730 г , 30х28х10\nС Вологды \nДо Г.Москва г.Зеленоград\nПункт Сдэк: г.Зеленоград 18 район корпус 1812\nПолучатель: Абдеев Эльдар Рафаилевич\n8-985-482-55-79","d":534634440,"a":[],"m":[]},{"i":2866946,"f":15267753,"t":"+","d":531189862,"a":[],"m":[]},{"i":2866936,"f":2170885,"t":"Спасибо, перевёл ✌🏼","d":531188579,"a":[],"m":[]},{"i":2866935,"f":15267753,"t":"Номер заказа СДЭК 1383686720\n300","d":531188525,"a":[],"m":[{"f":2170885,"t":"Доброго вечера, оформите пожалуйста✌🏼\n30х23х7  675г\nСамара, Ташкентская 137 , Мишин Ефим Владиславович \n+79967429397","d":531186142,"a":[]}]},{"i":2866929,"f":15267753,"t":"привет","d":531188361,"a":[],"m":[]},{"i":2866860,"f":2170885,"t":"С Вологды","d":531186152,"a":[],"m":[]},{"i":2866859,"f":2170885,"t":"Доброго вечера, оформите пожалуйста✌🏼\n30х23х7  675г\nСамара, Ташкентская 137 , Мишин Ефим Владиславович \n+79967429397","d":531186142,"a":[],"m":[]},{"i":2848659,"f":15267753,"t":"+","d":529807111,"a":[],"m":[]},{"i":2848658,"f":2170885,"t":"Спасибо, монету закинул","d":529807094,"a":[],"m":[]},{"i":2848656,"f":15267753,"t":"Номер заказа СДЭК 1378450615\n300","d":529806964,"a":[],"m":[{"f":2170885,"t":"Приветствую)) оформите пожалуйста) \n\n500г\n20х10х5\nС мск до Вологда, ул. Северная 12а, Матавкин Виктор Владимирович , +79052984884","d":529805256,"a":[]}]},{"i":2848653,"f":15267753,"t":"привет","d":529806869,"a":[],"m":[]},{"i":2848632,"f":2170885,"t":"Приветствую)) оформите пожалуйста) \n\n500г\n20х10х5\nС мск до Вологда, ул. Северная 12а, Матавкин Виктор Владимирович , +79052984884","d":529805256,"a":[],"m":[]},{"i":2829332,"f":15267753,"t":"+","d":528507519,"a":[],"m":[]},{"i":2829331,"f":2170885,"t":"Спасибо огромное, перевёл ✌🏼","d":528507505,"a":[],"m":[]},{"i":2829329,"f":15267753,"t":"Номер заказа СДЭК 1373929077\n270","d":528507394,"a":[],"m":[{"f":2170885,"t":"Доброго вечера, оформите пожалуйста с Вологды на этот адрес Г.Москва г.Зеленоград\nПункт Сдэк: г.Зеленоград 18 район корпус 1812\nПолучатель: Абдеев Эльдар Рафаилевич\n8-985-482-55-79\nРазмер 20см-18см-6см вес 305гр","d":528507132,"a":[]}]},{"i":2829328,"f":15267753,"t":"привет","d":528507323,"a":[],"m":[]},{"i":2829317,"f":2170885,"t":"Доброго вечера, оформите пожалуйста с Вологды на этот адрес Г.Москва г.Зеленоград\nПункт Сдэк: г.Зеленоград 18 район корпус 1812\nПолучатель: Абдеев Эльдар Рафаилевич\n8-985-482-55-79\nРазмер 20см-18см-6см вес 305гр","d":528507132,"a":[],"m":[]},{"i":2824118,"f":15267753,"t":"+++","d":528146528,"a":[],"m":[]},{"i":2824117,"f":2170885,"t":"Спасибо огромное, перевёл✌🏼","d":528146520,"a":[],"m":[]},{"i":2824116,"f":15267753,"t":"89059515168 сбер","d":528146438,"a":[],"m":[]},{"i":2824115,"f":15267753,"t":"Номер заказа СДЭК 1373004861 \n350","d":528146435,"a":[],"m":[{"f":2170885,"t":"Доброго вечера. Можно оформить сдэком две пары кроссовок с Москвы до Вологда, ул. Северная 12а, Матавкин Виктор Владимирович , +79052984884","d":528145876,"a":[]}]},{"i":2824112,"f":2170885,"t":"","d":528146062,"a":[],"m":[{"f":421233015,"t":"1кг \n30х20х10","d":528146034,"a":[]}]},{"i":2824111,"f":15267753,"t":"привет, нужен габарит и вес упакованной посылки","d":528145948,"a":[],"m":[]},{"i":2824108,"f":2170885,"t":"Сколько и куда скинуть?)","d":528145883,"a":[],"m":[]},{"i":2824107,"f":2170885,"t":"Доброго вечера. Можно оформить сдэком две пары кроссовок с Москвы до Вологда, ул. Северная 12а, Матавкин Виктор Владимирович , +79052984884","d":528145876,"a":[],"m":[]},{"i":2726684,"f":2170885,"t":"Спасибо, отличного дня ✌🏼","d":521563706,"a":[],"m":[]},{"i":2726683,"f":15267753,"t":"да, конечно","d":521563692,"a":[],"m":[]},{"i":2726682,"f":2170885,"t":"Окей. Могу тогда к тебе за этим обращаться?","d":521563667,"a":[],"m":[]},{"i":2726680,"f":15267753,"t":"скидываешь мне деньги","d":521563647,"a":[],"m":[]},{"i":2726679,"f":15267753,"t":"я делаю","d":521563644,"a":[],"m":[]},{"i":2726678,"f":15267753,"t":"мне данные пишешь","d":521563643,"a":[],"m":[]},{"i":2726677,"f":15267753,"t":"меряешь","d":521563641,"a":[],"m":[]},{"i":2726676,"f":15267753,"t":"взвешьваешь","d":521563639,"a":[],"m":[]},{"i":2726675,"f":15267753,"t":"сам упаковываешь","d":521563637,"a":[],"m":[]},{"i":2726674,"f":15267753,"t":"я сразу делаю по готовым данным накладную","d":521563632,"a":[],"m":[]},{"i":2726673,"f":2170885,"t":"Закинул за доставку. То есть я просто скидываю тебе данные на отправку, прихожу в сдэк, они всё взвешивают и оформляют, с тебя монета списывается и я тебе потом закидываю на карту?","d":521563615,"a":[],"m":[]},{"i":2726672,"f":15267753,"t":"+","d":521563615,"a":[],"m":[]},{"i":2726668,"f":15267753,"t":"Да процентов на 30-50 от маршрута зависит","d":521563305,"a":[],"m":[]},{"i":2726665,"f":2170885,"t":"Дешевле получается как я понимаю?","d":521563074,"a":[],"m":[{"f":15267753,"t":"да просто пишешь мне данные для сдека я делаю накл, в сдеке говоришь отправить по готовой","d":521563018,"a":[]}]},{"i":2726664,"f":15267753,"t":"да просто пишешь мне данные для сдека я делаю накл, в сдеке говоришь отправить по готовой","d":521563018,"a":[],"m":[]},{"i":2726663,"f":15267753,"t":"89059515168 сбер","d":521562995,"a":[],"m":[]},{"i":2726662,"f":15267753,"t":"привет","d":521562991,"a":[],"m":[]},{"i":2726642,"f":2170885,"t":"Илья, привет, Артур Колесников сказал закинуть тебе 350 за сдэк. Куда перевести? И как попасть в секту сдэка? Помню ты писал в дх об этом, но я чёт упустил момент ✌🏼","d":521561536,"a":[],"m":[]}]}