{"meta":{"v":"1.2","p":265361626,"a":15267753,"t":"Doppelganger Juxtapose","d":1691415897},"data":[{"i":2790958,"f":15267753,"t":"обращайся!","d":526054586,"a":[],"m":[]},{"i":2790957,"f":15267753,"t":"+","d":526054583,"a":[],"m":[]},{"i":2790805,"f":265361626,"t":"Друг","d":526050215,"a":[],"m":[]},{"i":2790804,"f":265361626,"t":"Спасибо тебе","d":526050214,"a":[],"m":[]},{"i":2790803,"f":265361626,"t":"","d":526050207,"a":[{"t":0,"s":{"m":"https://sun9-16.userapi.com/impg/L1hECzDmrVKM7N5Xv317jFmMEkfYb8VD_qB3Cw/Srn4MT3ZyDI.jpg?size=510x900&quality=95&crop=0,0,750,1324&sign=726b4a1b47dd9544cceec22cf097a75f&c_uniq_tag=QjCYN-pO9Q0ifHQ5JReRbrb2PUEtI1QmjI71M2te8QY&type=album","s":"https://sun9-16.userapi.com/impg/L1hECzDmrVKM7N5Xv317jFmMEkfYb8VD_qB3Cw/Srn4MT3ZyDI.jpg?size=200x356&quality=95&sign=d3799e96149570a5a9d1b598a49ce2d6&c_uniq_tag=5UT-V04HDU4ruB_g9R8Q0v3L9j7_tIzd6ximbTQzgUs&type=album","n":"https://sun9-16.userapi.com/impg/L1hECzDmrVKM7N5Xv317jFmMEkfYb8VD_qB3Cw/Srn4MT3ZyDI.jpg?size=750x1334&quality=95&sign=dda5b3f018ac2230da29aa76140451e9&c_uniq_tag=dx13gxGox-S61LOa_pnMoSmMqtWQ9STi9m6e-mQZ9W0&type=album","o":"https://sun9-16.userapi.com/impg/L1hECzDmrVKM7N5Xv317jFmMEkfYb8VD_qB3Cw/Srn4MT3ZyDI.jpg?size=607x1080&quality=95&sign=e5c75138a03ea885cf6e87e03b058fc0&c_uniq_tag=_x9zpfDtVveITc5L4HQovUOQgfMFhgKS7JLDXfY-Q1I&type=album","t":"https://sun9-16.userapi.com/impg/L1hECzDmrVKM7N5Xv317jFmMEkfYb8VD_qB3Cw/Srn4MT3ZyDI.jpg?size=340x604&quality=95&sign=c79fca41076c05dae1b0c058b5172216&c_uniq_tag=7vk0z3JaeN1liHov-rVgl50yF5kpGZThnp67y-8dAdc&type=album"},"z":"","q":0,"w":0,"o":265361626,"i":457312821,"d":526049866}],"m":[]},{"i":2790607,"f":265361626,"t":"Спасибо","d":526031489,"a":[],"m":[]},{"i":2790392,"f":15267753,"t":"или могу мир сбер дать","d":525999923,"a":[],"m":[]},{"i":2790391,"f":15267753,"t":"89059515168 сбер","d":525999916,"a":[],"m":[]},{"i":2790390,"f":15267753,"t":"Накладная успешно создана с номером: 1366490638\n350","d":525999909,"a":[],"m":[{"f":265361626,"t":"Город отправителя: Гродно\nГород получателя:Подольск\nПВЗ получателя: \nмикрорайон, 1, Железнодорожный, Московская обл., 142181\nФИО получателя: Петров Михаил Васильевич\nТелефон получателя:  \n89776262083\n1 пара nb 9 us сделаешь накладную пожалуйста?","d":525992914,"a":[]}]},{"i":2790368,"f":15267753,"t":"сейчас","d":525999323,"a":[],"m":[]},{"i":2790367,"f":15267753,"t":"привет","d":525999319,"a":[],"m":[]},{"i":2790240,"f":265361626,"t":"Город отправителя: Гродно\nГород получателя:Подольск\nПВЗ получателя: \nмикрорайон, 1, Железнодорожный, Московская обл., 142181\nФИО получателя: Петров Михаил Васильевич\nТелефон получателя:  \n89776262083\n1 пара nb 9 us сделаешь накладную пожалуйста?","d":525992914,"a":[],"m":[]},{"i":2790239,"f":265361626,"t":"Салют","d":525992872,"a":[],"m":[]}]}