{"meta":{"v":"1.2","p":680606342,"a":15267753,"t":"Mr Fox","d":1691416177},"data":[{"i":2532064,"f":15267753,"t":"черные ушли уже","d":509829380,"a":[],"m":[]},{"i":2532063,"f":15267753,"t":"привет","d":509829377,"a":[],"m":[]},{"i":2532060,"f":680606342,"t":"vk.com/wall-156599426_22476","d":509829324,"a":[],"m":[]},{"i":2532058,"f":680606342,"t":"Добрый вечер, подскажите пожалуйста случайно не остались чёрные?","d":509829301,"a":[],"m":[]}]}