{"meta":{"v":"1.2","p":70190841,"a":15267753,"t":"Эелдэр Бадмажапов","d":1691415752},"data":[{"i":2885278,"f":70190841,"t":"Привет","d":532536894,"a":[],"m":[]},{"i":672558,"f":70190841,"t":"Да у меня там запара с преподом","d":357036589,"a":[],"m":[]},{"i":672557,"f":15267753,"t":"там за пару дней можно самому все сдать","d":357036549,"a":[],"m":[]},{"i":672556,"f":15267753,"t":"но вроде он не делается","d":357036525,"a":[],"m":[]},{"i":672555,"f":15267753,"t":"я хз","d":357036518,"a":[],"m":[]},{"i":672554,"f":15267753,"t":"привепт","d":357036515,"a":[],"m":[]},{"i":672551,"f":70190841,"t":"Здарова,не в курсе через кого можно договорится по поводу английского?","d":357036007,"a":[],"m":[]},{"i":671701,"f":70190841,"t":"Спасибо","d":356989219,"a":[],"m":[]},{"i":671696,"f":15267753,"t":"вот короч. в екселе расчеты последние","d":356989183,"a":[{"t":3,"o":15267753,"i":445848992,"n":"Kurs_EMS_Andreev.docx","e":"docx","s":1076040,"url":"https://vk.com/doc15267753_445848992?hash=wDoVFDZLTtF2djzZ5ihLzeoZzfu2DYKaaRqHgf81O1L&dl=BqC5PlnLEIWXFsNXzY775V8Dk2w0phhBeYhGHqvhXeP&api=1&no_preview=1"},{"t":3,"o":15267753,"i":445848993,"n":"Расчет.xlsx","e":"xlsx","s":18882,"url":"https://vk.com/doc15267753_445848993?hash=yaR6Se1bW9u7gjbwLjfouqZYn2mFSTXxZ8BQZrbzrEz&dl=3OSeYaySc4y8OS3X5dpafZhqAu0actvOapeXDlTgoHP&api=1&no_preview=1"}],"m":[]},{"i":671692,"f":70190841,"t":"Спасибо","d":356980935,"a":[],"m":[]},{"i":671691,"f":70190841,"t":"Ок","d":356980928,"a":[],"m":[]},{"i":671690,"f":15267753,"t":"Ну у меня есть кго, могу скинуть вечером)","d":356980916,"a":[],"m":[]},{"i":671689,"f":15267753,"t":"А он по старому делал курсак","d":356980907,"a":[],"m":[]},{"i":671688,"f":15267753,"t":"И новый список","d":356980900,"a":[],"m":[]},{"i":671687,"f":15267753,"t":"Его выкинули","d":356980890,"a":[],"m":[]},{"i":671686,"f":15267753,"t":"Там видимо был кто то 1","d":356980888,"a":[],"m":[]},{"i":671685,"f":15267753,"t":"У нас журнал был раньше старый","d":356980883,"a":[],"m":[]},{"i":671684,"f":15267753,"t":"Хз тогда","d":356980876,"a":[],"m":[]},{"i":671683,"f":15267753,"t":"Чета","d":356980869,"a":[],"m":[]},{"i":671681,"f":15267753,"t":"Привет","d":356980856,"a":[],"m":[]},{"i":671677,"f":70190841,"t":"А 2","d":356980815,"a":[],"m":[]},{"i":671676,"f":70190841,"t":"Привет ещё раз,чёт Андреев ваш не первый вариант оказался))","d":356980803,"a":[],"m":[]}]}