{"meta":{"v":"1.2","p":243971009,"a":15267753,"t":"Никита Донцов","d":1691415573},"data":[{"i":3014578,"f":243971009,"t":"Закинул","d":541009776,"a":[],"m":[]},{"i":3014577,"f":243971009,"t":"Спасибо","d":541009770,"a":[],"m":[]},{"i":3014152,"f":15267753,"t":"Номер заказа СДЭК 1415572429 \n450","d":540995985,"a":[],"m":[{"f":243971009,"t":"Привет, можешь сделать накладную.\nОткуда: Санкт-Петербург \nКуда: Нсо г.Искитим ул чкалова 3 \nДонцов Никита Алексеевич \n89139577881","d":540990813,"a":[]}]},{"i":3014139,"f":15267753,"t":"Привки","d":540995907,"a":[],"m":[]},{"i":3013964,"f":243971009,"t":"Две куртки габариты","d":540990861,"a":[],"m":[]},{"i":3013961,"f":243971009,"t":"Привет, можешь сделать накладную.\nОткуда: Санкт-Петербург \nКуда: Нсо г.Искитим ул чкалова 3 \nДонцов Никита Алексеевич \n89139577881","d":540990813,"a":[],"m":[]},{"i":2839008,"f":15267753,"t":"+","d":529172236,"a":[],"m":[]},{"i":2838996,"f":15267753,"t":"Номер заказа СДЭК 1376051733\n400","d":529172021,"a":[],"m":[{"f":243971009,"t":"Надо сделать накладную \nОт куда: Санкт Петербург \nКуда: Новосибирск выборная 89/2 \n\n+7 905 957-00-81","d":529144940,"a":[]}]},{"i":2838963,"f":243971009,"t":"Грушин Илья Александрович","d":529170979,"a":[],"m":[]},{"i":2838926,"f":15267753,"t":"и фио получ","d":529169685,"a":[],"m":[]},{"i":2838914,"f":243971009,"t":"Пара одна кросс","d":529169347,"a":[],"m":[]},{"i":2838909,"f":15267753,"t":"габарит каокй","d":529169268,"a":[],"m":[]},{"i":2838908,"f":15267753,"t":"приве","d":529169266,"a":[],"m":[]},{"i":2838551,"f":243971009,"t":"Надо сделать накладную \nОт куда: Санкт Петербург \nКуда: Новосибирск выборная 89/2 \n\n+7 905 957-00-81","d":529144940,"a":[],"m":[]},{"i":2838550,"f":243971009,"t":"Привет","d":529144861,"a":[],"m":[]},{"i":2818982,"f":15267753,"t":"ok","d":527857454,"a":[],"m":[]},{"i":2818832,"f":243971009,"t":"Отказался клиент","d":527843542,"a":[],"m":[]},{"i":2818831,"f":243971009,"t":"Она не потребовалась","d":527843536,"a":[],"m":[]},{"i":2818823,"f":243971009,"t":"Да","d":527829473,"a":[],"m":[]},{"i":2818809,"f":15267753,"t":"закидывал сдек?","d":527824780,"a":[],"m":[]},{"i":2807528,"f":15267753,"t":"Накладная успешно создана с номером: 1369831597\n400","d":527105872,"a":[],"m":[{"f":243971009,"t":"Соколов Арсений Андреевич \n111675\nМосква\nРудневка 23 кв122","d":527020245,"a":[]}]},{"i":2807527,"f":243971009,"t":"Рудневка 14","d":527105831,"a":[],"m":[]},{"i":2807525,"f":243971009,"t":"Выберет","d":527105787,"a":[],"m":[]},{"i":2807523,"f":243971009,"t":"Щас пункт","d":527105775,"a":[],"m":[]},{"i":2807522,"f":243971009,"t":"8-901-190-56-61","d":527105728,"a":[],"m":[]},{"i":2807520,"f":15267753,"t":"и пункт","d":527105655,"a":[],"m":[]},{"i":2807519,"f":15267753,"t":"тел","d":527105654,"a":[],"m":[]},{"i":2807202,"f":243971009,"t":"Давай обычную сделаем","d":527089565,"a":[],"m":[]},{"i":2806699,"f":15267753,"t":"1700 1","d":527045559,"a":[],"m":[]},{"i":2806698,"f":15267753,"t":"850 2-3","d":527045551,"a":[],"m":[]},{"i":2806697,"f":15267753,"t":"400 4-6","d":527045541,"a":[],"m":[]},{"i":2806333,"f":243971009,"t":"Из Новосибирска","d":527020249,"a":[],"m":[]},{"i":2806332,"f":243971009,"t":"Соколов Арсений Андреевич \n111675\nМосква\nРудневка 23 кв122","d":527020245,"a":[],"m":[]},{"i":2806331,"f":243971009,"t":"Сколько будет стоить быстрой доставкой отправить пару","d":527020243,"a":[],"m":[]},{"i":2806330,"f":243971009,"t":"Скажи пожалуйста","d":527020230,"a":[],"m":[]},{"i":2806329,"f":243971009,"t":"Привет","d":527020226,"a":[],"m":[]},{"i":2762997,"f":15267753,"t":"+","d":524414385,"a":[],"m":[]},{"i":2762983,"f":243971009,"t":"Закинул","d":524413356,"a":[],"m":[]},{"i":2762978,"f":243971009,"t":"Сейчас переведу","d":524413139,"a":[],"m":[]},{"i":2762968,"f":15267753,"t":"Номер заказа СДЭК 1361799225\n400","d":524412308,"a":[],"m":[{"f":243971009,"t":"От куда: Искитим \nКуда: Улица 9мая 8А , Химки , Московская Область \nАперян Нарек Лерникович \nКонтактный номер телефона \n+7 (925) 187-12-16","d":524412075,"a":[]}]},{"i":2762960,"f":243971009,"t":"Пара","d":524412235,"a":[],"m":[]},{"i":2762957,"f":15267753,"t":"габарит?","d":524412227,"a":[],"m":[]},{"i":2762954,"f":243971009,"t":"От куда: Искитим \nКуда: Улица 9мая 8А , Химки , Московская Область \nАперян Нарек Лерникович \nКонтактный номер телефона \n+7 (925) 187-12-16","d":524412075,"a":[],"m":[]},{"i":2762953,"f":15267753,"t":"Прив давай","d":524412045,"a":[],"m":[]},{"i":2762952,"f":243971009,"t":"Привет, можешь накладную сделать ?)","d":524412029,"a":[],"m":[]},{"i":2750827,"f":15267753,"t":"+++","d":523458868,"a":[],"m":[]},{"i":2750826,"f":243971009,"t":"Перевёл","d":523458857,"a":[],"m":[]},{"i":2750821,"f":15267753,"t":"сюда если че","d":523458722,"a":[],"m":[{"f":15267753,"t":"89059515168\nСбер","d":491758010,"a":[]}]},{"i":2750781,"f":15267753,"t":"Накладная успешно создана с номером: 1359121416\n400","d":523458185,"a":[],"m":[{"f":243971009,"t":"Илья привет) можешь сделать накладную ?\nОтправка: Санкт Петербург \nПолучать: Искитим чкалова 3 \nДонцов Никита Алексеевич \n89139577881","d":523457975,"a":[]}]},{"i":2750775,"f":15267753,"t":"привет","d":523458121,"a":[],"m":[]},{"i":2750774,"f":243971009,"t":"Одна пара кроссовок","d":523457994,"a":[],"m":[]},{"i":2750772,"f":243971009,"t":"Илья привет) можешь сделать накладную ?\nОтправка: Санкт Петербург \nПолучать: Искитим чкалова 3 \nДонцов Никита Алексеевич \n89139577881","d":523457975,"a":[],"m":[]},{"i":2472229,"f":243971009,"t":"Ок","d":507225646,"a":[],"m":[]},{"i":2472227,"f":15267753,"t":"оки, прост пиши что закинул, в сбере пуши не всегда приходят","d":507225633,"a":[],"m":[]},{"i":2472184,"f":243971009,"t":"На след день","d":507225115,"a":[],"m":[]},{"i":2472146,"f":243971009,"t":"Я тебе отправил","d":507224575,"a":[],"m":[]},{"i":2472145,"f":15267753,"t":"привет, закинь сегодня, пожалуйста за сдек. мне нужно завтра оплатить все.","d":507224523,"a":[],"m":[]},{"i":2462683,"f":15267753,"t":"ты ток закидывать не забывай за них деньги )","d":506791583,"a":[],"m":[]},{"i":2462634,"f":15267753,"t":"Накладная успешно создана с номером: 1318203817\n300","d":506789812,"a":[],"m":[{"f":243971009,"t":"Получатель: грушин Илья Александрович \nГород Новосибирск выборная 89/2","d":506789742,"a":[]}]},{"i":2462629,"f":243971009,"t":"89059570081","d":506789760,"a":[],"m":[]},{"i":2462626,"f":243971009,"t":"Получатель: грушин Илья Александрович \nГород Новосибирск выборная 89/2","d":506789742,"a":[],"m":[]},{"i":2462618,"f":243971009,"t":"С Кемерово","d":506789688,"a":[],"m":[]},{"i":2462617,"f":15267753,"t":"давй","d":506789686,"a":[],"m":[]},{"i":2462616,"f":243971009,"t":"Пара","d":506789684,"a":[],"m":[]},{"i":2462615,"f":15267753,"t":"привет","d":506789682,"a":[],"m":[]},{"i":2462614,"f":243971009,"t":"Можешь седелать накладную","d":506789682,"a":[],"m":[]},{"i":2462613,"f":243971009,"t":"Илья привет","d":506789675,"a":[],"m":[]},{"i":2411274,"f":15267753,"t":"Накладная успешно создана с номером: 1307524727\n\n350","d":503581902,"a":[],"m":[]},{"i":2411272,"f":243971009,"t":"Да","d":503581570,"a":[],"m":[]},{"i":2411271,"f":15267753,"t":"Пара?","d":503581545,"a":[],"m":[]},{"i":2411270,"f":15267753,"t":"Привет","d":503581541,"a":[],"m":[]},{"i":2411266,"f":243971009,"t":"Адрес отправки: г.Киров, ул.Заводская, 51А\nПолучатель:Искитим, Чкалова 3\nКисляков Артем Александрович\n89232313111","d":503581231,"a":[],"m":[]},{"i":2411264,"f":243971009,"t":"Можешь накладную сделать","d":503581216,"a":[],"m":[]},{"i":2411263,"f":243971009,"t":"Никит, привет","d":503581210,"a":[],"m":[]},{"i":2405551,"f":15267753,"t":"+","d":503156761,"a":[],"m":[]},{"i":2405548,"f":15267753,"t":"Накладная успешно создана с номером: 1306233838\n350","d":503156387,"a":[],"m":[]},{"i":2405547,"f":15267753,"t":"этот","d":503156369,"a":[{"t":0,"s":{"m":"https://sun9-41.userapi.com/impg/6mlj0OJITa3iGFh0ngsbxSzJfehpqMso6BhLwA/O7YYHb8g5zI.jpg?size=388x128&quality=96&sign=20f49098fa717e12b55370108c3fe00d&c_uniq_tag=3IXGSQoC8yemijBFBkrGQFxhRyaw2cPR2EGfGFqGqwo&type=album","s":"https://sun9-41.userapi.com/impg/6mlj0OJITa3iGFh0ngsbxSzJfehpqMso6BhLwA/O7YYHb8g5zI.jpg?size=388x128&quality=96&sign=20f49098fa717e12b55370108c3fe00d&c_uniq_tag=3IXGSQoC8yemijBFBkrGQFxhRyaw2cPR2EGfGFqGqwo&type=album","n":"https://sun9-41.userapi.com/impg/6mlj0OJITa3iGFh0ngsbxSzJfehpqMso6BhLwA/O7YYHb8g5zI.jpg?size=320x128&quality=96&crop=34,0,320,128&sign=337fa4db7e7b951422db9fd8d8abd641&c_uniq_tag=Pg5hRUH1arGgRyrfOcGlQY-W-Oa1A6FUA4OzrbAh4rM&type=album","o":"https://sun9-41.userapi.com/impg/6mlj0OJITa3iGFh0ngsbxSzJfehpqMso6BhLwA/O7YYHb8g5zI.jpg?size=200x128&quality=96&crop=94,0,200,128&sign=4264dae833b9590e91240bf486a27b8d&c_uniq_tag=c62HfLwZf_dylorntwjviQ4Np8RL-E2CLJpv1uBTPIg&type=album","t":"https://sun9-41.userapi.com/impg/6mlj0OJITa3iGFh0ngsbxSzJfehpqMso6BhLwA/O7YYHb8g5zI.jpg?size=130x87&quality=96&crop=98,0,191,128&sign=bee0b65af59c48056f0b9636ce9d5486&c_uniq_tag=Ae9BanjXjR3xpbc9hr8ICUd-SsFLtQjGA8nU5lXsbgg&type=album"},"z":"","q":0,"w":0,"o":15267753,"i":457258036,"d":503156367}],"m":[]},{"i":2405545,"f":243971009,"t":"","d":503156287,"a":[{"t":0,"s":{"m":"https://sun9-38.userapi.com/impg/vq6hnuuRteedV3sIF44et_dRq6gisx0Rsf8Vbw/nITVL1GP5zc.jpg?size=810x1080&quality=96&sign=8c7957601cf5f2faae6677eec780407c&c_uniq_tag=4caRNnccBSeNtTRq868CqHpmZq9E5hNM11iucO7SBCQ&type=album","s":"https://sun9-38.userapi.com/impg/vq6hnuuRteedV3sIF44et_dRq6gisx0Rsf8Vbw/nITVL1GP5zc.jpg?size=453x604&quality=96&sign=913b6c58890b0aa3187d6d52144ab2d8&c_uniq_tag=yJt959RY8l3qs__qkRbTGFHa6bFD3W4CCWX2zdIZtqQ&type=album","n":"https://sun9-38.userapi.com/impg/vq6hnuuRteedV3sIF44et_dRq6gisx0Rsf8Vbw/nITVL1GP5zc.jpg?size=56x75&quality=96&sign=027a5e00719a48288eb24af15461e5b1&c_uniq_tag=cQ59z9DZYZJmBcG_6phZsTA9uQ5XubEvtUi4YMj4vUU&type=album","o":"https://sun9-38.userapi.com/impg/vq6hnuuRteedV3sIF44et_dRq6gisx0Rsf8Vbw/nITVL1GP5zc.jpg?size=510x680&quality=96&sign=0ab72a6abab9ae6b68f7f7939ab346aa&c_uniq_tag=rBDQLALdTWdB59_rI2aFLmL5Qov5AIdzmeqyJKH13dw&type=album","t":"https://sun9-38.userapi.com/impg/vq6hnuuRteedV3sIF44et_dRq6gisx0Rsf8Vbw/nITVL1GP5zc.jpg?size=200x267&quality=96&sign=1a31092695670ee1aff5ca10e5466221&c_uniq_tag=AlXGEhDEB4iWvUrF9l7wlnN-Z5Ck0OfUrIItXvEBVTc&type=album"},"z":"","q":0,"w":0,"o":243971009,"i":457247216,"d":503156287}],"m":[]},{"i":2405544,"f":243971009,"t":"Пуховик","d":503156249,"a":[],"m":[]},{"i":2405543,"f":243971009,"t":"Из екб","d":503156246,"a":[],"m":[]},{"i":2405542,"f":15267753,"t":"из нск?","d":503156240,"a":[],"m":[]},{"i":2405541,"f":15267753,"t":"пара?","d":503156234,"a":[],"m":[]},{"i":2405540,"f":15267753,"t":"привет","d":503156233,"a":[],"m":[]},{"i":2405531,"f":243971009,"t":"Шоев Искандер Ниматович\nГород Рязань \nАдрес мервинская 9\nНомер : 79254152143","d":503155699,"a":[],"m":[]},{"i":2405529,"f":243971009,"t":"Привет, нужно накладную сделать ))","d":503155647,"a":[],"m":[]},{"i":2346188,"f":15267753,"t":"+","d":498585510,"a":[],"m":[]},{"i":2346107,"f":243971009,"t":"Хорошо скину","d":498582782,"a":[],"m":[]},{"i":2346106,"f":243971009,"t":"Привет","d":498582779,"a":[],"m":[]},{"i":2345851,"f":15267753,"t":"привет, тут за упаковку прилетело в накдладную 100р","d":498576999,"a":[{"t":0,"s":{"m":"https://sun9-70.userapi.com/impg/Oy91DjIWtJyTMLt3XSLg1KsJPrxaxA8MN2IkQg/MalFKY8_Uhc.jpg?size=713x52&quality=96&sign=f385feaafa8f53ebf2e1f62c60760271&c_uniq_tag=OyZ9nTPds-meG4zMeu_ly3UNDYHZNT4ApsqCOS1rahI&type=album","s":"https://sun9-70.userapi.com/impg/Oy91DjIWtJyTMLt3XSLg1KsJPrxaxA8MN2IkQg/MalFKY8_Uhc.jpg?size=75x5&quality=96&sign=b9e543aa213cc38848f4a95d0f9b1583&c_uniq_tag=5b22udwvLe2zgUJub6sye6jDUrX_YWF7c8JmZHZCx8k&type=album","n":"https://sun9-70.userapi.com/impg/Oy91DjIWtJyTMLt3XSLg1KsJPrxaxA8MN2IkQg/MalFKY8_Uhc.jpg?size=510x52&quality=96&crop=101,0,510,52&sign=44d2109fb4a5f9c077351a43310a4782&c_uniq_tag=wBBJYE5cTR0N3r68HYr38kH4odd6jGFVjXlVyWKfAAY&type=album","o":"https://sun9-70.userapi.com/impg/Oy91DjIWtJyTMLt3XSLg1KsJPrxaxA8MN2IkQg/MalFKY8_Uhc.jpg?size=320x52&quality=96&crop=196,0,320,52&sign=b37854afa8d53ac54a29bf3c29a2e421&c_uniq_tag=pu0ZiVvmqD_X0KuuaBqWjbPCQIdB1Yp48ywduer-Np8&type=album","t":"https://sun9-70.userapi.com/impg/Oy91DjIWtJyTMLt3XSLg1KsJPrxaxA8MN2IkQg/MalFKY8_Uhc.jpg?size=130x52&quality=96&crop=291,0,130,52&sign=da708d101bf59a33605199ec88dee36b&c_uniq_tag=GH9IIDcCuF-tlzYHU6pgWc0YggbzJjZaPjBjO33tO-U&type=album"},"z":"","q":0,"w":0,"o":15267753,"i":457257898,"d":498576988}],"m":[{"f":15267753,"t":"Накладная успешно создана с номером: 1285279476\n450","d":496520424,"a":[]}]},{"i":2323753,"f":15267753,"t":"+","d":497291354,"a":[],"m":[]},{"i":2323743,"f":15267753,"t":".","d":497291216,"a":[],"m":[{"f":15267753,"t":"89059515168\nСбер","d":491758010,"a":[]}]},{"i":2323737,"f":243971009,"t":"Напомни номер","d":497291193,"a":[],"m":[]},{"i":2323714,"f":15267753,"t":"400","d":497289957,"a":[],"m":[]},{"i":2323713,"f":15267753,"t":"Накладная успешно создана с номером: 1287429499","d":497289957,"a":[],"m":[]},{"i":2323681,"f":243971009,"t":"Ну там пункт он указал","d":497289056,"a":[],"m":[]},{"i":2323680,"f":243971009,"t":"Керчь","d":497289048,"a":[],"m":[]},{"i":2323679,"f":15267753,"t":"А город какой","d":497289039,"a":[],"m":[{"f":243971009,"t":"Прусаков Виктор Григорьевич\nKRCH5 \n +7 978 993‑86‑32","d":497288778,"a":[]}]},{"i":2323678,"f":243971009,"t":"Маленький пакетик","d":497288965,"a":[],"m":[]},{"i":2323677,"f":243971009,"t":"Повязки","d":497288959,"a":[],"m":[]},{"i":2323676,"f":243971009,"t":"Нет","d":497288954,"a":[],"m":[]},{"i":2323675,"f":15267753,"t":"Пара?","d":497288948,"a":[],"m":[]},{"i":2323673,"f":243971009,"t":"Поедет с искитима","d":497288789,"a":[],"m":[]},{"i":2323672,"f":243971009,"t":"Прусаков Виктор Григорьевич\nKRCH5 \n +7 978 993‑86‑32","d":497288778,"a":[],"m":[]},{"i":2323418,"f":15267753,"t":"Привет давай)","d":497276614,"a":[],"m":[]},{"i":2323357,"f":243971009,"t":"Илюх привет можешь накладную сделать ?","d":497268509,"a":[],"m":[]},{"i":2312231,"f":243971009,"t":"Перевёл","d":496520497,"a":[],"m":[]},{"i":2312230,"f":15267753,"t":"+","d":496520496,"a":[],"m":[]},{"i":2312229,"f":243971009,"t":"Переел","d":496520492,"a":[],"m":[]},{"i":2312228,"f":15267753,"t":"Накладная успешно создана с номером: 1285279476\n450","d":496520424,"a":[],"m":[]},{"i":2312227,"f":243971009,"t":"Да","d":496520338,"a":[],"m":[]},{"i":2312226,"f":15267753,"t":"Пара?","d":496520330,"a":[],"m":[]},{"i":2312225,"f":243971009,"t":"!","d":496520046,"a":[],"m":[{"f":243971009,"t":"Получатель: Новосибирск ул Кропоткина 271\nДонцов Никита Алексеевич","d":492281044,"a":[]}]},{"i":2312224,"f":243971009,"t":"Отправка Симферополь","d":496520038,"a":[],"m":[]},{"i":2312223,"f":15267753,"t":"Да","d":496519999,"a":[],"m":[]},{"i":2312222,"f":15267753,"t":"Привет","d":496519998,"a":[],"m":[]},{"i":2312221,"f":243971009,"t":"Сможешь накладную сделать ?","d":496519990,"a":[],"m":[]},{"i":2312220,"f":243971009,"t":"Илюх привет","d":496519977,"a":[],"m":[]},{"i":2240940,"f":15267753,"t":"+++","d":492286806,"a":[],"m":[]},{"i":2240939,"f":243971009,"t":"Перевёл","d":492286796,"a":[],"m":[]},{"i":2240847,"f":15267753,"t":"300","d":492281158,"a":[],"m":[]},{"i":2240846,"f":15267753,"t":"Накладная успешно создана с номером: 1273872092","d":492281157,"a":[],"m":[]},{"i":2240833,"f":243971009,"t":"Полубокс с кроссами","d":492281053,"a":[],"m":[]},{"i":2240831,"f":243971009,"t":"Получатель: Новосибирск ул Кропоткина 271\nДонцов Никита Алексеевич","d":492281044,"a":[],"m":[]},{"i":2240828,"f":243971009,"t":"Получатель","d":492280994,"a":[],"m":[]},{"i":2240826,"f":243971009,"t":"Отправка с Москвы","d":492280955,"a":[],"m":[]},{"i":2240821,"f":15267753,"t":"давай данные )","d":492280859,"a":[],"m":[]},{"i":2240820,"f":15267753,"t":"привет","d":492280854,"a":[],"m":[]},{"i":2240760,"f":243971009,"t":"Можешь накладную создать ?","d":492277920,"a":[],"m":[]},{"i":2240759,"f":243971009,"t":"Илюх привет","d":492277913,"a":[],"m":[]},{"i":2237216,"f":15267753,"t":"++","d":492010695,"a":[],"m":[]},{"i":2237196,"f":15267753,"t":"Пункт этот сделал спроси какой если че поменяем","d":492008315,"a":[{"t":0,"s":{"m":"https://sun9-19.userapi.com/impg/yyOWd4QORu6khx3OUy_WYmzG8LxkUJxeVLTaCA/r8wwJYnwEz4.jpg?size=1125x844&quality=96&sign=0d7caa2830f4b54e3fb61fe677c241cf&c_uniq_tag=LsykoWocW-sdWFz1rzBUIVkK2StqKg8cEgKg3vmO2yw&type=album","s":"https://sun9-19.userapi.com/impg/yyOWd4QORu6khx3OUy_WYmzG8LxkUJxeVLTaCA/r8wwJYnwEz4.jpg?size=604x453&quality=96&sign=9e44c1a0326d5704a2d8d73785d7f177&c_uniq_tag=3DfGeDNW1gf9_87h9Kz0X18WGu2kfFt41wRCpcy6xTA&type=album","n":"https://sun9-19.userapi.com/impg/yyOWd4QORu6khx3OUy_WYmzG8LxkUJxeVLTaCA/r8wwJYnwEz4.jpg?size=510x383&quality=96&sign=b2118ce1511917532a68f3cb8f69f54f&c_uniq_tag=KFR1ZTya71z2RgFtK8DQ-a7fnk7Y0U92cJL3bDgvAMw&type=album","o":"https://sun9-19.userapi.com/impg/yyOWd4QORu6khx3OUy_WYmzG8LxkUJxeVLTaCA/r8wwJYnwEz4.jpg?size=320x240&quality=96&sign=87db7c59ba891bb465ef6e3e77e57b1e&c_uniq_tag=ZPfbJWoETYvlvDSxRPx9BDVxk_B8sxXYvHVXGQYE82s&type=album","t":"https://sun9-19.userapi.com/impg/yyOWd4QORu6khx3OUy_WYmzG8LxkUJxeVLTaCA/r8wwJYnwEz4.jpg?size=130x98&quality=96&sign=a1a734a463ca1986185f36b34091b798&c_uniq_tag=mKowQFGD2ur1q01feSjqSuOaB8J2rNhrNnN-kDUC2Oc&type=album"},"z":"","q":0,"w":0,"o":15267753,"i":457257600,"d":492008310}],"m":[]},{"i":2237194,"f":15267753,"t":"380","d":492008274,"a":[],"m":[]},{"i":2237193,"f":15267753,"t":"Накладная успешно создана с номером: 1273193102","d":492008273,"a":[],"m":[]},{"i":2237188,"f":243971009,"t":"89374039092","d":492008065,"a":[],"m":[]},{"i":2237187,"f":15267753,"t":"Спроси)","d":492007992,"a":[],"m":[]},{"i":2237186,"f":243971009,"t":"Она не написала","d":492007984,"a":[],"m":[]},{"i":2237185,"f":243971009,"t":"Блин","d":492007979,"a":[],"m":[]},{"i":2237184,"f":243971009,"t":"Да","d":492007968,"a":[],"m":[]},{"i":2237183,"f":15267753,"t":"Из нск?","d":492007963,"a":[],"m":[]},{"i":2237182,"f":15267753,"t":"Номер тел","d":492007961,"a":[],"m":[]},{"i":2237181,"f":243971009,"t":"Конверт s","d":492007950,"a":[],"m":[]},{"i":2237180,"f":243971009,"t":"Данные для отправки: \nг. Пенза \nул. Пархоменко 9а кв. 1 \nФио получателя: Паранюшкина Дарья Романовна","d":492007938,"a":[],"m":[]},{"i":2237179,"f":15267753,"t":"Да","d":492007892,"a":[],"m":[]},{"i":2237178,"f":15267753,"t":"Привет ла","d":492007891,"a":[],"m":[]},{"i":2237177,"f":243971009,"t":"Привет можешь сделать накладную?","d":492007883,"a":[],"m":[]},{"i":2232356,"f":15267753,"t":"+++","d":491758275,"a":[],"m":[]},{"i":2232355,"f":243971009,"t":"Перевёл","d":491758171,"a":[],"m":[]},{"i":2232352,"f":15267753,"t":"89059515168\nСбер","d":491758010,"a":[],"m":[]},{"i":2232351,"f":243971009,"t":"Напомни номер","d":491757955,"a":[],"m":[]},{"i":2232350,"f":243971009,"t":"Ок","d":491757951,"a":[],"m":[]},{"i":2232346,"f":15267753,"t":"380","d":491757936,"a":[],"m":[]},{"i":2232345,"f":15267753,"t":"Накладная успешно создана с номером: 1272541289","d":491757934,"a":[],"m":[]},{"i":2232339,"f":243971009,"t":"Да","d":491757781,"a":[],"m":[]},{"i":2232338,"f":15267753,"t":"Из нск?","d":491757776,"a":[],"m":[]},{"i":2232334,"f":243971009,"t":"Конверт S","d":491757728,"a":[],"m":[]},{"i":2232332,"f":243971009,"t":"Размер посылки","d":491757722,"a":[],"m":[]},{"i":2232331,"f":243971009,"t":"Ларионова Татьяна Вячеславовна\nГ. Долгопрудный ул Циолковского д34\n141700\n89167700013","d":491757706,"a":[],"m":[]},{"i":2232330,"f":15267753,"t":"Пиши все сразу","d":491757624,"a":[],"m":[]},{"i":2232328,"f":15267753,"t":"Привет да","d":491757617,"a":[],"m":[]},{"i":2232326,"f":243971009,"t":"Привет можешь накладную сделать","d":491757607,"a":[],"m":[]},{"i":2180890,"f":243971009,"t":"Спасибо )","d":488648336,"a":[],"m":[]},{"i":2180886,"f":15267753,"t":"+++","d":488648219,"a":[],"m":[]},{"i":2180859,"f":15267753,"t":"350","d":488647679,"a":[],"m":[]},{"i":2180857,"f":15267753,"t":"Накладная успешно создана с номером: 1264933666","d":488647675,"a":[],"m":[]},{"i":2180847,"f":243971009,"t":"Размер пакет S","d":488647560,"a":[],"m":[]},{"i":2180845,"f":243971009,"t":"89139577881","d":488647554,"a":[],"m":[]},{"i":2180843,"f":243971009,"t":"Отправитель Самара\nПолучатель: Новосибирск ул Кропоткина 271\nДонцов Никита Алексеевич","d":488647545,"a":[],"m":[]},{"i":2180840,"f":15267753,"t":"Да","d":488647442,"a":[],"m":[]},{"i":2180839,"f":15267753,"t":"Привет","d":488647441,"a":[],"m":[]},{"i":2180838,"f":243971009,"t":"Илья привет, можешь сделать накладную ?","d":488647430,"a":[],"m":[]},{"i":2135902,"f":15267753,"t":"+","d":486232764,"a":[],"m":[]},{"i":2135892,"f":243971009,"t":"Щас закину","d":486232586,"a":[],"m":[]},{"i":2135891,"f":15267753,"t":"Накладная успешно создана с номером: 1259442947\n400","d":486232564,"a":[],"m":[]},{"i":2135890,"f":243971009,"t":"Полубокс","d":486232519,"a":[],"m":[]},{"i":2135889,"f":243971009,"t":"Да","d":486232515,"a":[],"m":[]},{"i":2135888,"f":15267753,"t":"Пара?","d":486232448,"a":[],"m":[]},{"i":2135887,"f":15267753,"t":"Привет да","d":486232445,"a":[],"m":[]},{"i":2135885,"f":243971009,"t":"Отправитель Казань \nПолучатель Новосибирск Крылова 7/1 \nДонцов Никита Алексеевич\n89139577881","d":486232410,"a":[],"m":[]},{"i":2135884,"f":243971009,"t":"Илюх, привет можешь сделать накладную пожалуйста?)","d":486232327,"a":[],"m":[]},{"i":2122658,"f":243971009,"t":"Да в почте не успел","d":485275750,"a":[],"m":[]},{"i":2122657,"f":15267753,"t":"пара самое оптимальное","d":485275738,"a":[],"m":[]},{"i":2122656,"f":15267753,"t":"мелкие не оч выгодно шипать вещи","d":485275734,"a":[],"m":[]},{"i":2122655,"f":243971009,"t":"Щас скину","d":485275723,"a":[],"m":[]},{"i":2122654,"f":243971009,"t":"Ок","d":485275720,"a":[],"m":[]},{"i":2122653,"f":15267753,"t":"300","d":485275705,"a":[],"m":[]},{"i":2122652,"f":15267753,"t":"Накладная успешно создана с номером: 1257339268","d":485275703,"a":[],"m":[]},{"i":2122631,"f":243971009,"t":"Туда","d":485275088,"a":[],"m":[]},{"i":2122630,"f":243971009,"t":"Пермь мира 9","d":485275082,"a":[],"m":[]},{"i":2122623,"f":15267753,"t":"Пункт сдек нужен","d":485274506,"a":[],"m":[]},{"i":2122622,"f":243971009,"t":"Новосибирск \nПолучатель: Бергер Екатерина Марковна\n614022 Пермский край г.Пермь ул.Танкистов д.10 кв.24\n+79323346935","d":485274437,"a":[],"m":[]},{"i":2122620,"f":15267753,"t":"Откуда куда город\nФио номер тел пунк получателя","d":485274400,"a":[],"m":[]},{"i":2122619,"f":243971009,"t":"Какие мне данные сказать ?","d":485274381,"a":[],"m":[]},{"i":2122618,"f":243971009,"t":"Резинки эти","d":485274375,"a":[{"t":0,"s":{"m":"https://sun9-65.userapi.com/impg/g9mtIIntXTwJ0Y-8CXs-mrz2CVzxP2xAWMgaBw/DSf6Ws1TQRc.jpg?size=810x1080&quality=96&sign=207663e51c83afe858016b4675e2018a&c_uniq_tag=x48_qkCFBw0KQ6jefwQrFR64AhfshSehc-wfhATAzSo&type=album","s":"https://sun9-65.userapi.com/impg/g9mtIIntXTwJ0Y-8CXs-mrz2CVzxP2xAWMgaBw/DSf6Ws1TQRc.jpg?size=453x604&quality=96&sign=edf6be2d77797827e7ae788acf138dc7&c_uniq_tag=HXLrdfAmuavc4Wm25x7rz4SR312PBiAVCPWKU3JCtIo&type=album","n":"https://sun9-65.userapi.com/impg/g9mtIIntXTwJ0Y-8CXs-mrz2CVzxP2xAWMgaBw/DSf6Ws1TQRc.jpg?size=56x75&quality=96&sign=ee801aa9a4aeca83cefbf22231c28bde&c_uniq_tag=jHaf7yBF6WbXZnqSDT7Hf_1xuCxhn5MMU9Va8656kqA&type=album","o":"https://sun9-65.userapi.com/impg/g9mtIIntXTwJ0Y-8CXs-mrz2CVzxP2xAWMgaBw/DSf6Ws1TQRc.jpg?size=510x680&quality=96&sign=d4e20d885cd33ff5679acf5f8e8327be&c_uniq_tag=6uEHqXfDAWMpwISFJrKF7vl4SIWXLnM4ml6uNpeiWEE&type=album","t":"https://sun9-65.userapi.com/impg/g9mtIIntXTwJ0Y-8CXs-mrz2CVzxP2xAWMgaBw/DSf6Ws1TQRc.jpg?size=200x267&quality=96&sign=9309f25b80b9bdedd126618f44d5f393&c_uniq_tag=wO_PFaNjS8XgPVvfYmBs4NZYOoIgc_1tCjOFdyqA8H0&type=album"},"z":"","q":0,"w":0,"o":243971009,"i":457246513,"d":485274369}],"m":[]},{"i":2122616,"f":15267753,"t":"Ла","d":485274354,"a":[],"m":[]},{"i":2122615,"f":15267753,"t":"Привет","d":485274353,"a":[],"m":[]},{"i":2122614,"f":243971009,"t":"Можешь сделать накладную ?","d":485274352,"a":[],"m":[]},{"i":2122612,"f":243971009,"t":"Илья привет","d":485274345,"a":[],"m":[]},{"i":2117538,"f":15267753,"t":"+","d":484947056,"a":[],"m":[]},{"i":2117536,"f":243971009,"t":"Ок","d":484946982,"a":[],"m":[]},{"i":2117535,"f":15267753,"t":"Сбп же","d":484946978,"a":[],"m":[]},{"i":2117534,"f":15267753,"t":"А у меня нет тинька","d":484946975,"a":[],"m":[]},{"i":2117533,"f":243971009,"t":"На Тиньков можно","d":484946963,"a":[],"m":[]},{"i":2117518,"f":15267753,"t":"400","d":484946608,"a":[],"m":[]},{"i":2117517,"f":15267753,"t":"Накладная успешно создана с номером: 1256410750","d":484946607,"a":[],"m":[]},{"i":2117268,"f":243971009,"t":"Новосиб","d":484936519,"a":[],"m":[]},{"i":2117267,"f":15267753,"t":"С спб?","d":484936483,"a":[],"m":[]},{"i":2117265,"f":15267753,"t":"Привет","d":484936473,"a":[],"m":[]},{"i":2117218,"f":243971009,"t":"Вес грамм 300-400","d":484934054,"a":[],"m":[]},{"i":2117217,"f":243971009,"t":"Рюкзак","d":484934046,"a":[],"m":[]},{"i":2117216,"f":243971009,"t":"45x35","d":484934041,"a":[],"m":[]},{"i":2117213,"f":243971009,"t":"Габариты щас скину","d":484934001,"a":[],"m":[]},{"i":2117210,"f":243971009,"t":"Петровская Галина Николаевна. Город Краснодар,ул.Атарбекова, 9. Тел 89180269533","d":484933923,"a":[],"m":[]},{"i":2117207,"f":243971009,"t":"Привет, можешь сделать накладную ?","d":484933908,"a":[],"m":[]},{"i":2101181,"f":243971009,"t":"Спасибо )","d":483991832,"a":[],"m":[]},{"i":2101180,"f":15267753,"t":"+","d":483991820,"a":[],"m":[]},{"i":2101147,"f":243971009,"t":"Перевёл","d":483989771,"a":[],"m":[]},{"i":2101145,"f":243971009,"t":"Щас переведу","d":483989725,"a":[],"m":[]},{"i":2101144,"f":15267753,"t":"Накладная успешно создана с номером: 1254395768\n350","d":483989706,"a":[],"m":[]},{"i":2101132,"f":243971009,"t":"Одни кроссы по габаритам хз","d":483989451,"a":[],"m":[{"f":243971009,"t":"С Питера \nОдна коробка \nДо Новосибирска \n\nДонцов Никита Алексеевич \n89139577881\n\nКропоткина 271","d":483989432,"a":[]}]},{"i":2101131,"f":243971009,"t":"С Питера \nОдна коробка \nДо Новосибирска \n\nДонцов Никита Алексеевич \n89139577881\n\nКропоткина 271","d":483989432,"a":[],"m":[]},{"i":2101113,"f":15267753,"t":"Привет да","d":483988185,"a":[],"m":[]},{"i":2100991,"f":243971009,"t":"Привет, можешь замутить накладную ?)","d":483985734,"a":[],"m":[]},{"i":2073318,"f":243971009,"t":"Четко","d":482766924,"a":[],"m":[]},{"i":2073315,"f":15267753,"t":"Да","d":482766917,"a":[],"m":[]},{"i":2073314,"f":243971009,"t":"Илюх, а это все вместе 350 ?","d":482766912,"a":[],"m":[]},{"i":2073222,"f":15267753,"t":"+","d":482766153,"a":[],"m":[]},{"i":2073221,"f":243971009,"t":"Все перевёл","d":482766149,"a":[],"m":[]},{"i":2073219,"f":243971009,"t":"Щас переведу","d":482766099,"a":[],"m":[]},{"i":2073218,"f":243971009,"t":"От души))","d":482766096,"a":[],"m":[]},{"i":2073210,"f":15267753,"t":"89059515168 сбер","d":482766028,"a":[],"m":[]},{"i":2073209,"f":15267753,"t":"350","d":482766020,"a":[],"m":[]},{"i":2073207,"f":15267753,"t":"Накладная успешно создана с номером: 1251332402","d":482766019,"a":[],"m":[]},{"i":2073205,"f":243971009,"t":"Кропоткина 271","d":482765977,"a":[],"m":[]},{"i":2073204,"f":243971009,"t":"Донцов Никита Алексеевич \n89139577881","d":482765938,"a":[],"m":[]},{"i":2073203,"f":15267753,"t":"Отправка тока город нужна","d":482765926,"a":[],"m":[]},{"i":2073202,"f":15267753,"t":"Фио номер и пункт сдек","d":482765922,"a":[],"m":[]},{"i":2073201,"f":243971009,"t":"Я не знаю какие данные нужны","d":482765917,"a":[],"m":[]},{"i":2073200,"f":15267753,"t":"Данные давай свои","d":482765916,"a":[],"m":[]},{"i":2073199,"f":243971009,"t":"В Новосибирск","d":482765902,"a":[],"m":[]},{"i":2073198,"f":243971009,"t":"Одна коробка с кроссами","d":482765892,"a":[],"m":[]},{"i":2073197,"f":243971009,"t":"Смотри заказ с Питера","d":482765881,"a":[],"m":[]},{"i":2073196,"f":15267753,"t":"Привет","d":482765871,"a":[],"m":[]},{"i":2073195,"f":243971009,"t":"Илюх привет)","d":482765866,"a":[],"m":[]}]}