{"meta":{"v":"1.2","p":13867075,"a":15267753,"t":"Полина Цюзик","d":1691415875},"data":[{"i":2795150,"f":15267753,"t":"спасибо, Полина!","d":526325247,"a":[],"m":[]},{"i":2793256,"f":13867075,"t":"Привет)с днем рождения ) желаю всего самого хорошего","d":526220185,"a":[],"m":[]},{"i":778524,"f":15267753,"t":"Но уже поздно(","d":372607393,"a":[],"m":[]},{"i":778523,"f":15267753,"t":"Ну мало ли)","d":372607387,"a":[],"m":[]},{"i":778522,"f":13867075,"t":"Я живу здесь 😂😂😂","d":372607371,"a":[],"m":[]},{"i":778521,"f":13867075,"t":"Привет ) конечно","d":372607364,"a":[],"m":[]},{"i":777273,"f":15267753,"t":"привет\nты в нск?)","d":372536378,"a":[],"m":[]},{"i":753421,"f":15267753,"t":"Спасибоо, Полин!","d":368487796,"a":[],"m":[]},{"i":753399,"f":13867075,"t":"Всех Благ 😽","d":368483844,"a":[],"m":[]},{"i":753398,"f":13867075,"t":"Я опоздала е мае","d":368483835,"a":[],"m":[]},{"i":753397,"f":13867075,"t":"С днём рожденияяяяяяяяя","d":368483823,"a":[],"m":[]},{"i":435143,"f":13867075,"t":"Так ему и передай","d":317234516,"a":[],"m":[]},{"i":435141,"f":13867075,"t":"Он вообще со мной не здоровается","d":317234516,"a":[],"m":[]},{"i":435140,"f":13867075,"t":"В полном шоке","d":317234512,"a":[],"m":[]},{"i":435139,"f":15267753,"t":"да че такое то?)","d":317234512,"a":[],"m":[]},{"i":435136,"f":13867075,"t":"Я в шоке нафиг","d":317234496,"a":[],"m":[]},{"i":435134,"f":13867075,"t":"Блин капец вообще","d":317234488,"a":[],"m":[]},{"i":435104,"f":15267753,"t":"потом вместе стали хах","d":317234008,"a":[],"m":[]},{"i":435103,"f":15267753,"t":"конкурентом был","d":317234004,"a":[],"m":[]},{"i":435096,"f":13867075,"t":"🙈🙈🙈🙈","d":317233964,"a":[],"m":[]},{"i":435088,"f":15267753,"t":"да как то кросовки вместе продавать стали","d":317233860,"a":[],"m":[]},{"i":435083,"f":13867075,"t":"Как вас жизнь свела ?","d":317233720,"a":[],"m":[]},{"i":435070,"f":15267753,"t":"да я тож немношек","d":317233596,"a":[],"m":[]},{"i":435069,"f":13867075,"t":"Я в шоке","d":317233564,"a":[],"m":[]},{"i":435067,"f":13867075,"t":"Охереть","d":317233560,"a":[],"m":[]},{"i":435065,"f":15267753,"t":"думаю знаешь такого","d":317233542,"a":[],"m":[]},{"i":435064,"f":15267753,"t":"Дима Балуев","d":317233538,"a":[],"m":[]},{"i":435063,"f":13867075,"t":"С кем ?","d":317233528,"a":[],"m":[]},{"i":435062,"f":13867075,"t":"Что?","d":317233524,"a":[],"m":[]},{"i":435061,"f":15267753,"t":"Мы с Балуевым вещи делаем😄","d":317233504,"a":[{"t":0,"s":{"m":"https://sun9-68.userapi.com/impf/c627924/v627924753/40232/CbPsJp6DDxA.jpg?size=960x720&quality=96&sign=d8073a6c46b34815bbdd88182cffedc6&c_uniq_tag=PxEZX31TQSQTBznV6-icoK_0yHLFK5vjwyzClCcSX1g&type=album","s":"https://sun9-68.userapi.com/impf/c627924/v627924753/40232/CbPsJp6DDxA.jpg?size=604x453&quality=96&sign=ba029b5301e319d055ebceda19e1e9a2&c_uniq_tag=7GVCpecFZWATJ0RszHYSbClYBVJNBZelMk32Pyn3vKw&type=album","n":"https://sun9-68.userapi.com/impf/c627924/v627924753/40232/CbPsJp6DDxA.jpg?size=510x382&quality=96&sign=e4d03645e532645f05f06beb4dc65481&c_uniq_tag=BvaGg09doEozB6OySSRF6wqb0--U-eKRYBxppHY7hw0&type=album","o":"https://sun9-68.userapi.com/impf/c627924/v627924753/40232/CbPsJp6DDxA.jpg?size=320x240&quality=96&sign=f2e4e5e988755ff4fd4be1c8c1a135d5&c_uniq_tag=PXSSqcf1ock0ZflWvOS7lur5TWrb4fyPgfb1GvuNRCY&type=album","t":"https://sun9-68.userapi.com/impf/c627924/v627924753/40232/CbPsJp6DDxA.jpg?size=130x97&quality=96&sign=439df405b0268730c5cbca628c2a52f7&c_uniq_tag=-H6I63ja5DQ1o6VACuTQNh2k6pqDFaetJuIB-VGT-GQ&type=album"},"z":"","q":55.029805,"w":82.917235,"o":15267753,"i":402340071,"d":317233499}],"m":[]},{"i":435049,"f":15267753,"t":"😔","d":317233404,"a":[],"m":[]},{"i":435048,"f":13867075,"t":"Все мы с тобой в контрах","d":317233384,"a":[],"m":[]},{"i":435043,"f":15267753,"t":"правда дело срочное неотложное (","d":317233292,"a":[],"m":[]},{"i":435042,"f":15267753,"t":"привет всем передавай","d":317233288,"a":[],"m":[]},{"i":435041,"f":15267753,"t":"кто там у вас?","d":317233284,"a":[],"m":[]},{"i":435040,"f":15267753,"t":"дЫ","d":317233272,"a":[],"m":[]},{"i":435036,"f":13867075,"t":"Совсем совсем ?","d":317233228,"a":[],"m":[]},{"i":435035,"f":13867075,"t":"Ты капец","d":317233224,"a":[],"m":[]},{"i":435024,"f":15267753,"t":"я чет ваще не успеваю блин по времени (","d":317232840,"a":[],"m":[]},{"i":435023,"f":15267753,"t":"ПРивет","d":317232832,"a":[],"m":[]},{"i":435022,"f":15267753,"t":"Полин","d":317232828,"a":[],"m":[]},{"i":435021,"f":15267753,"t":"Gjkby","d":317232828,"a":[],"m":[]},{"i":435020,"f":13867075,"t":"Мы тут сидим в перчини","d":317232516,"a":[],"m":[]},{"i":435019,"f":13867075,"t":"Вы придёте ?","d":317232504,"a":[],"m":[]},{"i":435018,"f":13867075,"t":"Илья","d":317232500,"a":[],"m":[]},{"i":435017,"f":13867075,"t":"Ильч","d":317232500,"a":[],"m":[]},{"i":384286,"f":15267753,"t":"Спасибоо⚡️","d":305383260,"a":[],"m":[]},{"i":384168,"f":13867075,"t":"С днём рождения )всего самого классного )","d":305325087,"a":[],"m":[]},{"i":373521,"f":13867075,"t":"Да там на самолете лететь надо или на поезде ,но говорят вещи там копейки стоят","d":300983576,"a":[],"m":[]},{"i":373515,"f":15267753,"t":"Сайгон оч далеко вроде","d":300982804,"a":[],"m":[]},{"i":373514,"f":13867075,"t":"Не, не поехали , туда тур стоит 59$ на один день , мы не захотели, а в Сайгон дорого че то 250 на одного человека что ли","d":300982440,"a":[],"m":[]},{"i":373513,"f":15267753,"t":"В далате не были?","d":300982380,"a":[],"m":[]},{"i":373512,"f":13867075,"t":"Повезло) но мы за 11 уже домой хотим, сил нет 😂😂😂😂","d":300982048,"a":[],"m":[]},{"i":373511,"f":15267753,"t":"8 вроде лететь","d":300982032,"a":[],"m":[]},{"i":373510,"f":15267753,"t":"12 дней","d":300982028,"a":[],"m":[]},{"i":373509,"f":13867075,"t":"На сколько дней ?) нифига себе ,а от туда сколько лететь?","d":300981888,"a":[],"m":[]},{"i":373447,"f":15267753,"t":"Из барнаула на 10к дешевле","d":300979080,"a":[],"m":[]},{"i":373446,"f":13867075,"t":"Оо это далеко , но много кафешек рядом","d":300979068,"a":[],"m":[]},{"i":373445,"f":13867075,"t":"Мв завтра в Нск уже будем","d":300979056,"a":[],"m":[]},{"i":373444,"f":13867075,"t":"Нифига себе из Барнаула","d":300979052,"a":[],"m":[]},{"i":373442,"f":15267753,"t":"Вы в нск скоро уже?","d":300978540,"a":[],"m":[]},{"i":373441,"f":15267753,"t":"Из барнаула","d":300978532,"a":[],"m":[]},{"i":373440,"f":15267753,"t":"20","d":300978528,"a":[],"m":[]},{"i":373439,"f":15267753,"t":"Ханой голд 2 вроде","d":300978528,"a":[],"m":[]},{"i":373437,"f":13867075,"t":"Круто) а какой отель ?)","d":300978496,"a":[],"m":[]},{"i":373435,"f":15267753,"t":"74 тоесть)","d":300978324,"a":[],"m":[]},{"i":373434,"f":15267753,"t":"73","d":300978320,"a":[],"m":[]},{"i":373428,"f":15267753,"t":"Мы взялии","d":300978012,"a":[],"m":[]},{"i":372539,"f":13867075,"t":"Мы тоже долго искали и на долларе лоханулись дико ,могли в июне купить по 54. В итоге купили по 60, щас то вообще 64 что ли","d":300642676,"a":[],"m":[]},{"i":372535,"f":15267753,"t":"Я надеюсь мы улетим, а то чет ппц","d":300641904,"a":[],"m":[]},{"i":372534,"f":13867075,"t":"Не за что","d":300641868,"a":[],"m":[]},{"i":372533,"f":15267753,"t":"Лан, спасиб:)","d":300641844,"a":[],"m":[]},{"i":372527,"f":13867075,"t":"А потом уже везде","d":300641636,"a":[],"m":[]},{"i":372526,"f":13867075,"t":"Утром главное уехать и в аквапарк успеть он до 6","d":300641628,"a":[],"m":[]},{"i":372525,"f":13867075,"t":"Не норм","d":300641616,"a":[],"m":[]},{"i":372524,"f":15267753,"t":"Дык там наверн дня мало будет?","d":300641600,"a":[],"m":[]},{"i":372523,"f":13867075,"t":"Ну Мб","d":300641580,"a":[],"m":[]},{"i":372522,"f":13867075,"t":"Океанариум","d":300641576,"a":[],"m":[]},{"i":372521,"f":13867075,"t":"Дельфин шоу","d":300641572,"a":[],"m":[]},{"i":372520,"f":15267753,"t":"Ласвегас чтолм?)","d":300641564,"a":[],"m":[]},{"i":372519,"f":13867075,"t":"Пляж белый","d":300641560,"a":[],"m":[]},{"i":372518,"f":13867075,"t":"Карусельки немного","d":300641556,"a":[],"m":[]},{"i":372517,"f":13867075,"t":"Игровые автоматы","d":300641544,"a":[],"m":[]},{"i":372516,"f":13867075,"t":"Аквапарк","d":300641540,"a":[],"m":[]},{"i":372515,"f":13867075,"t":"Остров развлечений","d":300641536,"a":[],"m":[]},{"i":372514,"f":15267753,"t":"А я не смотрел даже что это","d":300641532,"a":[],"m":[]},{"i":372513,"f":15267753,"t":"Че такое винперл? Все говорят чета","d":300641528,"a":[],"m":[]},{"i":372512,"f":13867075,"t":"Ну в принципи здесь и больше некуда ездить то, по островам , в грязи и винперл и усе","d":300641512,"a":[],"m":[]},{"i":372511,"f":13867075,"t":"😂","d":300641488,"a":[],"m":[]},{"i":372510,"f":13867075,"t":"Ваще пипец","d":300641484,"a":[],"m":[]},{"i":372509,"f":15267753,"t":"Пока хз еще","d":300641484,"a":[],"m":[]},{"i":372508,"f":13867075,"t":"За скок ?","d":300641472,"a":[],"m":[]},{"i":372507,"f":15267753,"t":"Курс щас чет ваще ппц","d":300641472,"a":[],"m":[]},{"i":372506,"f":15267753,"t":"Раньше нету:(","d":300641468,"a":[],"m":[]},{"i":372505,"f":15267753,"t":"Отель не помню","d":300641464,"a":[],"m":[]},{"i":372504,"f":15267753,"t":"На 20","d":300641452,"a":[],"m":[]},{"i":372503,"f":13867075,"t":"На когда ? И че за отель выбрали ?","d":300641444,"a":[],"m":[]},{"i":372500,"f":15267753,"t":"Завтра пойдем за ними)","d":300641428,"a":[],"m":[]},{"i":372497,"f":13867075,"t":"Взяли билеты ?","d":300641324,"a":[],"m":[]},{"i":372496,"f":13867075,"t":"Пепси в основном по 13 пиво если не в магазинах 20-25 умножить на 3 , у магазинах хайникен 17 умножить на 3","d":300641300,"a":[],"m":[]},{"i":372495,"f":13867075,"t":"Напитки 13-25 тысяч донг это надо умножить на 3","d":300641272,"a":[],"m":[]},{"i":372494,"f":13867075,"t":"Шведский стол, где все морепродукты 1300 на набережной находится","d":300641240,"a":[],"m":[]},{"i":372492,"f":13867075,"t":"Одно блюдо 200-300 рублей","d":300641204,"a":[],"m":[]},{"i":372490,"f":13867075,"t":"В магазин заходим где-то рублей 400 оставляем , смотря что брать","d":300641172,"a":[],"m":[]},{"i":372489,"f":13867075,"t":"Еда мы едим как кони, каждый вечер у нас уходит около 1200","d":300641144,"a":[],"m":[]},{"i":372488,"f":13867075,"t":"Оу,ну экскурсии  за двоих 3600 вход в винперл, там покушать рублей 600-800, на остров мв ездили сегодня 55$ с человека , есть острова и по 25$ от уличных торговцев ,на грязи ездили по 20$ с человека , на парашюте кататься с лодки 2200-2700 за двоих, скутер пол часа 1200-1500,больше мы нигде не были","d":300641124,"a":[],"m":[]},{"i":372113,"f":15267753,"t":"Раскажи скок денег на еду и на экскурсии надаа","d":300542924,"a":[],"m":[]},{"i":372112,"f":15267753,"t":"Полииинааа","d":300542908,"a":[],"m":[]},{"i":370848,"f":13867075,"t":"На корал тревел бибило глобус у туроператоров короче смотри путевки","d":300201947,"a":[],"m":[]},{"i":370847,"f":13867075,"t":"Она работает в тур агенстве на потанинской где -то находится , у меня Влад за билетами ездил, тебе надо посмотреть билеты на сайте анекс тура, на пегасе или вообще в личку ей напиши и что тебе нужно и по какой цене ,может она подберет что-нибудь )","d":300201920,"a":[],"m":[]},{"i":370833,"f":15267753,"t":"Я чет так и не догнал че эта за девущка","d":300201424,"a":[],"m":[]},{"i":370816,"f":13867075,"t":"Дешевле чем у туроператоров нет, в агентствах дороже","d":300201164,"a":[],"m":[]},{"i":370815,"f":13867075,"t":"Мы так и делали , зашли на Анекс тур и потом ей сказали какой отель хотим , она сказала сколько стоит","d":300201152,"a":[],"m":[]},{"i":370812,"f":13867075,"t":"Потом ей написать и сказать мы хотим сюда","d":300201124,"a":[],"m":[]},{"i":370809,"f":13867075,"t":"Проще зайти на Анекс тур и смотреть там","d":300201116,"a":[],"m":[]},{"i":370807,"f":13867075,"t":"У них сайта нет","d":300201100,"a":[],"m":[]},{"i":370805,"f":15267753,"t":"Давай где брали, посмотрим)","d":300201092,"a":[],"m":[]},{"i":370803,"f":13867075,"t":"http://vk.com/id19454401","d":300201088,"a":[],"m":[]},{"i":370802,"f":15267753,"t":"Да нам похер на отель, денег не особо","d":300201084,"a":[],"m":[]},{"i":370801,"f":13867075,"t":"Да есть и за 70-80, но отели нам не понравились , может выберете чего нибудь","d":300201060,"a":[],"m":[]},{"i":370797,"f":15267753,"t":"За 72 была, но мы чета проебланили","d":300201036,"a":[],"m":[]},{"i":370796,"f":15267753,"t":"Давай, но за 90 мы не готовы лететь","d":300201024,"a":[],"m":[]},{"i":370795,"f":13867075,"t":"С вещами тут ни как в Китае , не дешево вообще","d":300200952,"a":[],"m":[]},{"i":370794,"f":13867075,"t":"Могу еще дать ссылку от кого мы ехали , она напрямую от туроператора нам взяла путевку ,она ко мне ногти ходит делать 😂😂😂","d":300200936,"a":[],"m":[]},{"i":370793,"f":13867075,"t":"А в Пегасе дорого","d":300200896,"a":[],"m":[]},{"i":370792,"f":13867075,"t":"Ну да , сейчас Аннекс снизил на туры билеты сюда","d":300200888,"a":[],"m":[]},{"i":370791,"f":15267753,"t":"Понятно, есть чем занятся:)) нам осталось прилететь только и всего)","d":300200852,"a":[],"m":[]},{"i":370788,"f":13867075,"t":"Хотим еще найти типо полета на параплане и еще че нибудь","d":300200812,"a":[],"m":[]},{"i":370785,"f":13867075,"t":"И от Аннекс тура","d":300200796,"a":[{"t":0,"s":{"m":"https://sun9-16.userapi.com/impf/c629310/v629310075/c5c3/q5lhqYmZfPA.jpg?size=719x960&quality=96&sign=72dfd89889f8de7d6639a27fd47b4124&c_uniq_tag=ZAsq-mRoJh6TO3Fhuiu30XwlJMWxTXbXtPXwruGoaTM&type=album","s":"https://sun9-16.userapi.com/impf/c629310/v629310075/c5c3/q5lhqYmZfPA.jpg?size=452x604&quality=96&sign=99c0beb631acf38525b6435c83cfd9e9&c_uniq_tag=lhnEZMqYBQgQTBH5VSY9_YP1yVG5o0PK-HT846WgXx4&type=album","n":"https://sun9-16.userapi.com/impf/c629310/v629310075/c5c3/q5lhqYmZfPA.jpg?size=510x681&quality=96&sign=2a9b4a04bf2e30525534ed5b9c7fc543&c_uniq_tag=AdUJHr_yy018eC1Qi7TX69qtcAU30Tje9zGQl3qd3Cs&type=album","o":"https://sun9-16.userapi.com/impf/c629310/v629310075/c5c3/q5lhqYmZfPA.jpg?size=320x427&quality=96&sign=c377bbcc6129065127c18f92b6005301&c_uniq_tag=BEphHfGKG8TTkl4PTeKeuUOD43nT7xn458ifxJ4KRz8&type=album","t":"https://sun9-16.userapi.com/impf/c629310/v629310075/c5c3/q5lhqYmZfPA.jpg?size=130x174&quality=96&sign=0aea5f9e9f4b87defecb1a049296a52b&c_uniq_tag=I8Q6pr7aBdTE-NUAsQcg6PdaQNQyee-Ers2rb62wF4U&type=album"},"z":"","q":0,"w":0,"o":13867075,"i":377388024,"d":300200776},{"t":0,"s":{"m":"https://sun9-2.userapi.com/impf/c629310/v629310075/c5cc/sNLT5ufJjqA.jpg?size=719x960&quality=96&sign=89f08f9412dc0cb9feffab3085b92e87&c_uniq_tag=AQWKVnMQHRIKJTGuZrTwTi8OP29b3kuaE6nlsqC1884&type=album","s":"https://sun9-2.userapi.com/impf/c629310/v629310075/c5cc/sNLT5ufJjqA.jpg?size=452x604&quality=96&sign=04870adb85b1349d0726d5b42b9252ab&c_uniq_tag=o81ByM6whZj65PEtoQAiSnP8fLGcALK0J3lHBkOmaok&type=album","n":"https://sun9-2.userapi.com/impf/c629310/v629310075/c5cc/sNLT5ufJjqA.jpg?size=510x681&quality=96&sign=5a8329de0a25a7200de4f5537e9a372c&c_uniq_tag=5-3zBWQcdiHy6emAbv7I_ARpBB2zDmP0mYCjpesh5ow&type=album","o":"https://sun9-2.userapi.com/impf/c629310/v629310075/c5cc/sNLT5ufJjqA.jpg?size=320x427&quality=96&sign=01ef9772401bfda254d5789fa51ea5b9&c_uniq_tag=C7xC6tmi2AZZYTNqGyPfdJV7knge1LM-57XExUe2upQ&type=album","t":"https://sun9-2.userapi.com/impf/c629310/v629310075/c5cc/sNLT5ufJjqA.jpg?size=130x174&quality=96&sign=7371cf4105858c2844e8cd4c66805bfb&c_uniq_tag=18C0O8c1PTYRntuVu474QgaY_JmXmDaZ-4-kQDEWbqc&type=album"},"z":"","q":0,"w":0,"o":13867075,"i":377388035,"d":300200789}],"m":[]},{"i":370780,"f":13867075,"t":"Вот нам дали экскурсии","d":300200740,"a":[{"t":0,"s":{"m":"https://sun9-1.userapi.com/impf/c629310/v629310075/c5ba/5Ma0lA6WNMw.jpg?size=719x960&quality=96&sign=62d2e3e9bde6ae1e01c5b8c9b74d005f&c_uniq_tag=3d25E6wKEP_ZLbwo-cAUPVV32taVVaP5XFZmNFhvgLY&type=album","s":"https://sun9-1.userapi.com/impf/c629310/v629310075/c5ba/5Ma0lA6WNMw.jpg?size=452x604&quality=96&sign=02311683ab64927a26994a42dccac134&c_uniq_tag=Tu-NbRRUUjrRJ-t8x2xSGAcYnYJVJSPirRg4kKgTMLo&type=album","n":"https://sun9-1.userapi.com/impf/c629310/v629310075/c5ba/5Ma0lA6WNMw.jpg?size=510x681&quality=96&sign=ad0001661902563df9b6e1d2bc230a6b&c_uniq_tag=gQGlULGgFrxXa7lPPeIXftlEnIkmNMbIqMrGZ7bJB7M&type=album","o":"https://sun9-1.userapi.com/impf/c629310/v629310075/c5ba/5Ma0lA6WNMw.jpg?size=320x427&quality=96&sign=32aeeaef47820adf213a88649c087e93&c_uniq_tag=mSlQ4xg72iz4xj2d2pOA6wsre-TPF8ytp0e-5CA52dI&type=album","t":"https://sun9-1.userapi.com/impf/c629310/v629310075/c5ba/5Ma0lA6WNMw.jpg?size=130x174&quality=96&sign=94150cf0998ccd33101384fdc55adeb6&c_uniq_tag=Nk51RzqRed3s1I6PuI6CT2z15pfrdKRnKCSSaeog5_I&type=album"},"z":"","q":0,"w":0,"o":13867075,"i":377387966,"d":300200725}],"m":[]},{"i":370775,"f":13867075,"t":"Завтра обзорка будет , еще в какой -то день на остров поедем , типо там как в Баунти , еще на грязи поедем ,там источники и грязи и винперл,  больше пока не знаем, дайвинг тут есть","d":300200672,"a":[],"m":[]},{"i":370774,"f":15267753,"t":"че там делаете? кроме моря пива и еды?)","d":300200608,"a":[],"m":[]},{"i":370773,"f":13867075,"t":"Спрашивай еще че,расскажу )","d":300200428,"a":[],"m":[]},{"i":370771,"f":15267753,"t":"Окей)","d":300200312,"a":[],"m":[]},{"i":370770,"f":13867075,"t":"Здесь кстати безумно жарко , говорят, что бархатный сезон , море теплое-теплое, винперл стоит 1800 на человека , остров 60 $, сказали еще место недорогой еды но 50000-60000 донгов за блюдо, короче сюда стоит ехать ) так что приезжайте , затусим😂😂😂","d":300200260,"a":[],"m":[]},{"i":370715,"f":15267753,"t":"Даа","d":300185496,"a":[],"m":[]},{"i":370714,"f":13867075,"t":"Вы вдвоем собираетесь ?","d":300185408,"a":[],"m":[]},{"i":370708,"f":15267753,"t":"Хахах, окей:) спасыб","d":300184128,"a":[],"m":[]},{"i":370704,"f":13867075,"t":"Мв только вчера прилетели , путевка не дешевая вышла ,но отель нормальный , vien dong на 11 ночей 95 ,еда 250-300 рублей блюдо рис с морепродуктами или лапша с морепродуктами ,порции не маленькие ,мы наедаемся ,пиво 0,33 30-40 рублей ,пока ниче сказать больше не могу 😂😂😂","d":300182716,"a":[],"m":[]},{"i":370409,"f":15267753,"t":"Прывет. Расскажи про вьетнам, собираемся тож на днях в ньячанг) где брали и сколько вышло если не сикрет?))","d":300135348,"a":[],"m":[]},{"i":281311,"f":15267753,"t":"Спасибо, Полин:))⚡️","d":273766964,"a":[],"m":[]},{"i":281307,"f":13867075,"t":"Триишин) привет ) с днем рождения тебя хочу поздравить я 😄 всего тебе самого хорошего )","d":273762012,"a":[],"m":[]},{"i":226256,"f":13867075,"t":"Я тоже такой версии придерживаюсь","d":258580096,"a":[],"m":[]},{"i":226254,"f":15267753,"t":"типа маленькаие","d":258580068,"a":[],"m":[]},{"i":226252,"f":15267753,"t":"мама говорит нас не взяли )","d":258580064,"a":[],"m":[]},{"i":226249,"f":13867075,"t":"Мама говорит что мы вроде летали ,в я такого не помню","d":258580036,"a":[],"m":[]},{"i":226246,"f":15267753,"t":"вроде такого не было","d":258580016,"a":[],"m":[]},{"i":226245,"f":15267753,"t":"здравствуй (:","d":258580012,"a":[],"m":[]},{"i":226236,"f":13867075,"t":"Или только родаки летали ?","d":258578876,"a":[],"m":[]},{"i":226235,"f":13867075,"t":"Мы летали там на воздушном шаре ?","d":258578864,"a":[],"m":[]},{"i":226234,"f":13867075,"t":"Помнишь в Анапе мы были мелкие","d":258578856,"a":[],"m":[]},{"i":226233,"f":13867075,"t":"Слушай","d":258578848,"a":[],"m":[]},{"i":226232,"f":13867075,"t":"Привет","d":258578848,"a":[],"m":[]},{"i":226231,"f":13867075,"t":"Илья","d":258578844,"a":[],"m":[]},{"i":219920,"f":15267753,"t":"Ну и как то подзабил","d":256422336,"a":[],"m":[]},{"i":219919,"f":13867075,"t":"Типо к тебе родители приезжали , жили у тебя","d":256422331,"a":[],"m":[]},{"i":219918,"f":15267753,"t":"Но не нашел варианта нормального","d":256422332,"a":[],"m":[]},{"i":219917,"f":15267753,"t":"Хотел","d":256422320,"a":[],"m":[]},{"i":219916,"f":15267753,"t":"Лол","d":256422316,"a":[],"m":[]},{"i":219915,"f":15267753,"t":"Ухах","d":256422316,"a":[],"m":[]},{"i":219914,"f":13867075,"t":"Сарафанное радио","d":256422303,"a":[],"m":[]},{"i":219912,"f":13867075,"t":"Все как обычно 😄😄😄","d":256422299,"a":[],"m":[]},{"i":219911,"f":13867075,"t":"Хз","d":256422291,"a":[],"m":[]},{"i":219909,"f":13867075,"t":"Кто то говорил что ты квартиру снимаешь","d":256422287,"a":[],"m":[]},{"i":219905,"f":15267753,"t":"тут","d":256422040,"a":[],"m":[]},{"i":219904,"f":15267753,"t":"чалюсь","d":256422040,"a":[],"m":[]},{"i":219903,"f":15267753,"t":"угумс","d":256422024,"a":[],"m":[]},{"i":219899,"f":13867075,"t":"Оки) а ты в общаге живешь или не?","d":256421972,"a":[],"m":[]},{"i":219889,"f":15267753,"t":"всякая активность","d":256421880,"a":[],"m":[]},{"i":219888,"f":15267753,"t":"происходит","d":256421868,"a":[],"m":[]},{"i":219887,"f":15267753,"t":"обычно","d":256421864,"a":[],"m":[]},{"i":219886,"f":15267753,"t":"а то у меня внезапно бывает","d":256421860,"a":[],"m":[]},{"i":219885,"f":15267753,"t":"ну короч ближе к свободным денькам пиши","d":256421856,"a":[],"m":[]},{"i":219884,"f":15267753,"t":"оуу","d":256421844,"a":[],"m":[]},{"i":219882,"f":13867075,"t":"Или на выходных на следующих )","d":256421636,"a":[],"m":[]},{"i":219881,"f":13867075,"t":"21 короче","d":256421328,"a":[],"m":[]},{"i":219880,"f":13867075,"t":"Велькович приезжает","d":256421325,"a":[],"m":[]},{"i":219879,"f":13867075,"t":"Кстати","d":256421314,"a":[],"m":[]},{"i":219878,"f":13867075,"t":"У меня эта неделя какая -то активная слишком 😄😄","d":256421298,"a":[],"m":[]},{"i":219875,"f":13867075,"t":"На след недели в среду как тебе ?)","d":256421270,"a":[],"m":[]},{"i":219872,"f":15267753,"t":"когд врем есть","d":256421212,"a":[],"m":[]},{"i":219871,"f":15267753,"t":"в одном городе ж живем :)","d":256421208,"a":[],"m":[]},{"i":219870,"f":15267753,"t":"а то чего то наши дорожки разошлись немного","d":256421192,"a":[],"m":[]},{"i":219869,"f":13867075,"t":"Ахах","d":256421183,"a":[],"m":[]},{"i":219868,"f":13867075,"t":"Надо","d":256421179,"a":[],"m":[]},{"i":219867,"f":15267753,"t":"там встретимся","d":256421176,"a":[],"m":[]},{"i":219866,"f":13867075,"t":"Не говори","d":256421175,"a":[],"m":[]},{"i":219865,"f":15267753,"t":"как нить","d":256421176,"a":[],"m":[]},{"i":219864,"f":15267753,"t":"мб че нить","d":256421172,"a":[],"m":[]},{"i":219863,"f":15267753,"t":"эт","d":256421172,"a":[],"m":[]},{"i":219862,"f":15267753,"t":"слыыш","d":256421168,"a":[],"m":[]},{"i":219861,"f":15267753,"t":"спасибо","d":256421168,"a":[],"m":[]},{"i":219860,"f":15267753,"t":"забавные )","d":256421164,"a":[],"m":[]},{"i":219852,"f":13867075,"t":"Выбирай ахаха","d":256420860,"a":[{"t":0,"s":{"m":"https://sun9-6.userapi.com/impf/2VN4cL4ajqQCiHT5cqWWhUAUWvD954ToEwJBfg/nrNmCb7LWAA.jpg?size=720x960&quality=96&sign=510bb2de3086d7fcc02648a971ac4f1a&c_uniq_tag=hpj-N4xXMZWNdafXKi2SerYn8xe_yKlTymG8x6cRTyc&type=album","s":"https://sun9-6.userapi.com/impf/2VN4cL4ajqQCiHT5cqWWhUAUWvD954ToEwJBfg/nrNmCb7LWAA.jpg?size=453x604&quality=96&sign=9cc113d1fc3c97d4f5d41c52d10747d9&c_uniq_tag=aolHr7J5epiF8aaQ8aG8gJQYSyouosbkoH1oRHMgyFg&type=album","n":"https://sun9-6.userapi.com/impf/2VN4cL4ajqQCiHT5cqWWhUAUWvD954ToEwJBfg/nrNmCb7LWAA.jpg?size=510x680&quality=96&sign=16e52e1f5f238c0a163d23d00d7384ad&c_uniq_tag=p9od187w1UBIQlqjCYMhl0HJB4uWJOYO82MvTPhdJQQ&type=album","o":"https://sun9-6.userapi.com/impf/2VN4cL4ajqQCiHT5cqWWhUAUWvD954ToEwJBfg/nrNmCb7LWAA.jpg?size=320x427&quality=96&sign=b351838c45c70d5d885c300cfe0b6229&c_uniq_tag=3raAtT59v1FPw2iq0rBPte-mO42MWgxg98Vk3ODMEF8&type=album","t":"https://sun9-6.userapi.com/impf/2VN4cL4ajqQCiHT5cqWWhUAUWvD954ToEwJBfg/nrNmCb7LWAA.jpg?size=130x173&quality=96&sign=355bfb748b6baffb8fd7ec910d131d3b&c_uniq_tag=x6UczDW6ubt5UEsgL6UcgmYaO8m2vDZnps35dJVfZAs&type=album"},"z":"","q":0,"w":0,"o":13867075,"i":326198515,"d":256420671},{"t":0,"s":{"m":"https://sun9-62.userapi.com/impf/Acvy5Jid2-tNgmEQudGhKqamq8QYPKzATrppqA/e23N_w-oumQ.jpg?size=720x960&quality=96&sign=0fb9488898888cf5a4dc600260be1274&c_uniq_tag=0zWXzndtpAnLyt3Vm2slNLJkUpXkrD-CdAI9JBJm7fE&type=album","s":"https://sun9-62.userapi.com/impf/Acvy5Jid2-tNgmEQudGhKqamq8QYPKzATrppqA/e23N_w-oumQ.jpg?size=453x604&quality=96&sign=18fc9d0a3914172754a9180ad3f2773b&c_uniq_tag=5kk_Ik-awUK1P-ywCLi6xfK9AATR362Gk-vy1lKqVeI&type=album","n":"https://sun9-62.userapi.com/impf/Acvy5Jid2-tNgmEQudGhKqamq8QYPKzATrppqA/e23N_w-oumQ.jpg?size=510x680&quality=96&sign=d06290d0141c6ee138076393c63b554e&c_uniq_tag=7hzwXWKpFUjNTsd0V9nKYkEJrfZp5l1JTLun2Qctpg8&type=album","o":"https://sun9-62.userapi.com/impf/Acvy5Jid2-tNgmEQudGhKqamq8QYPKzATrppqA/e23N_w-oumQ.jpg?size=320x427&quality=96&sign=e37204e8b6a45f90a871a2274c1e05a6&c_uniq_tag=j1gbQ_sXO2huUW9yiGIXUeG9AtnAVBubAsRnYFn2rsw&type=album","t":"https://sun9-62.userapi.com/impf/Acvy5Jid2-tNgmEQudGhKqamq8QYPKzATrppqA/e23N_w-oumQ.jpg?size=130x173&quality=96&sign=6537d23dcf70008ca70555480627e584&c_uniq_tag=LuRIgeUqb9tW03X-2yvSLTEJllu2RPQCQUG4Om9AKhY&type=album"},"z":"","q":0,"w":0,"o":13867075,"i":326198556,"d":256420696},{"t":0,"s":{"m":"https://sun9-56.userapi.com/impf/kjx8Ml-cuxgmXxoAaAvcwLDWgQM8FYdSa0iomw/I5Jn2C8MIWY.jpg?size=720x960&quality=96&sign=2be28476f07c823edaeea26b5286e85c&c_uniq_tag=WjiNJcI9lRJtXE4Wj8hN-FQ1ZZsITp_57KSrS-z4Y_Q&type=album","s":"https://sun9-56.userapi.com/impf/kjx8Ml-cuxgmXxoAaAvcwLDWgQM8FYdSa0iomw/I5Jn2C8MIWY.jpg?size=453x604&quality=96&sign=60f43850d756a2c7dab2ff17942ec079&c_uniq_tag=AuH_39I50VxHhW1BSF7nTS7XnsiqsS4FrFuEGK-ITeM&type=album","n":"https://sun9-56.userapi.com/impf/kjx8Ml-cuxgmXxoAaAvcwLDWgQM8FYdSa0iomw/I5Jn2C8MIWY.jpg?size=510x680&quality=96&sign=932e29c3b252e3be414e1763c0c33ba2&c_uniq_tag=tbCBUfVTjRgx9PFjWbkZDfQEVjBGDlZOT75bVgwSOgc&type=album","o":"https://sun9-56.userapi.com/impf/kjx8Ml-cuxgmXxoAaAvcwLDWgQM8FYdSa0iomw/I5Jn2C8MIWY.jpg?size=320x427&quality=96&sign=61ed8ac11cb21ff6b8315bf0655b2fe5&c_uniq_tag=yfeI9yD0GzGYplDe12zOJ5coCxnhxf4TDxQTscijiew&type=album","t":"https://sun9-56.userapi.com/impf/kjx8Ml-cuxgmXxoAaAvcwLDWgQM8FYdSa0iomw/I5Jn2C8MIWY.jpg?size=130x173&quality=96&sign=b1408db2f67ecd78d63c7c909bc15281&c_uniq_tag=U8IX-isixCm-_IM39Tel5PIlWBLChZzEbpMAGclMvCA&type=album"},"z":"","q":0,"w":0,"o":13867075,"i":326198652,"d":256420753},{"t":0,"s":{"m":"https://sun9-10.userapi.com/impf/Ofn1q2qW1h9Qz4n-4aw21fPA5UAt06KpkDZyhA/QaLt1LKeh98.jpg?size=720x960&quality=96&sign=7e56f0cf74a47da4a1d83161b757a53d&c_uniq_tag=h3Szy742a6fUlNFo0T_2vY3RuIm_9NLNCx-TmNj_rAY&type=album","s":"https://sun9-10.userapi.com/impf/Ofn1q2qW1h9Qz4n-4aw21fPA5UAt06KpkDZyhA/QaLt1LKeh98.jpg?size=453x604&quality=96&sign=236df6cdd7eabb1592c5bf263e263bca&c_uniq_tag=x4e8Lfd242gXDaYE6c3wY-p3vwqD4_DarvFm_67rgx0&type=album","n":"https://sun9-10.userapi.com/impf/Ofn1q2qW1h9Qz4n-4aw21fPA5UAt06KpkDZyhA/QaLt1LKeh98.jpg?size=510x680&quality=96&sign=ce541152cea102e755b1a1dc6494c6b2&c_uniq_tag=5IbUa4Bw1gh2GDZli07xW2oRydrS8W-MCML99EqFJP8&type=album","o":"https://sun9-10.userapi.com/impf/Ofn1q2qW1h9Qz4n-4aw21fPA5UAt06KpkDZyhA/QaLt1LKeh98.jpg?size=320x427&quality=96&sign=dc529b2db1433ffe9dcc1982d79c0a11&c_uniq_tag=J4bCWyLJ8w8bQukj3revBmOaNXwjE9Bq9_04rvG8W6s&type=album","t":"https://sun9-10.userapi.com/impf/Ofn1q2qW1h9Qz4n-4aw21fPA5UAt06KpkDZyhA/QaLt1LKeh98.jpg?size=130x173&quality=96&sign=fd08b2ad9cf869f3a2c4f70f0bab0245&c_uniq_tag=QU4Eq1MBdImE50YmlKsRRqtpNR4kE36no01MSvCmK9c&type=album"},"z":"","q":0,"w":0,"o":13867075,"i":326198719,"d":256420791},{"t":0,"s":{"m":"https://sun9-5.userapi.com/impf/EU4JcCRtmd7NJmy-GIzMPuuV-kwp1EE-GmQYGQ/kxFLjBvVUmE.jpg?size=720x960&quality=96&sign=ba3a983555839a25ff71f721730f9922&c_uniq_tag=ajP_X1FRVvDOUQltMKVZhPRIQSUgb9njsUzck91OX8w&type=album","s":"https://sun9-5.userapi.com/impf/EU4JcCRtmd7NJmy-GIzMPuuV-kwp1EE-GmQYGQ/kxFLjBvVUmE.jpg?size=453x604&quality=96&sign=16493601d7f9af611f322114a5505cfd&c_uniq_tag=eptm4yL0_v7N5sYvPgiz6PMTOwaey5Kl8jaq2ZWia20&type=album","n":"https://sun9-5.userapi.com/impf/EU4JcCRtmd7NJmy-GIzMPuuV-kwp1EE-GmQYGQ/kxFLjBvVUmE.jpg?size=510x680&quality=96&sign=d933f6b7d3ebaa0ca6be47ee33465c09&c_uniq_tag=uikBbzADWjbFUIBhppYymdT6nd4IgijNQ-_7ylaRPAQ&type=album","o":"https://sun9-5.userapi.com/impf/EU4JcCRtmd7NJmy-GIzMPuuV-kwp1EE-GmQYGQ/kxFLjBvVUmE.jpg?size=320x427&quality=96&sign=16a32c975a400de5e3dcc0b3487c23d7&c_uniq_tag=K04UQL9SOHqjxfxsjJ7lP4zJEeRpVcNtN-P99GSsStI&type=album","t":"https://sun9-5.userapi.com/impf/EU4JcCRtmd7NJmy-GIzMPuuV-kwp1EE-GmQYGQ/kxFLjBvVUmE.jpg?size=130x173&quality=96&sign=3ca02bd94fc35e680c3ae25c97f5cbef&c_uniq_tag=8zFXXFKaPgC5OtzGZOMnX3ge8nUcdTLOPtFYziz3d1E&type=album"},"z":"","q":0,"w":0,"o":13867075,"i":326198749,"d":256420806},{"t":0,"s":{"m":"https://sun9-38.userapi.com/impf/JD6CP5bxvIJLrtmPXe6cO2Yvc7rgaI4fqfJhzw/vOcLcpoJd8Y.jpg?size=720x960&quality=96&sign=0deb99b83d1f54764e4fa6111a68f0bc&c_uniq_tag=n3N8nEFD_GmzwH3NP_UI8IZJto_0_lD2bg56oF4qGLo&type=album","s":"https://sun9-38.userapi.com/impf/JD6CP5bxvIJLrtmPXe6cO2Yvc7rgaI4fqfJhzw/vOcLcpoJd8Y.jpg?size=453x604&quality=96&sign=49385fd866e998a1b99fd744d929e960&c_uniq_tag=J2Y_nEyutKvjscqYXiCs400Mzqxzs5hvjAKXiyEzAKM&type=album","n":"https://sun9-38.userapi.com/impf/JD6CP5bxvIJLrtmPXe6cO2Yvc7rgaI4fqfJhzw/vOcLcpoJd8Y.jpg?size=510x680&quality=96&sign=7c4e03addea77a2154250d8b87e2dad0&c_uniq_tag=HlYtIwB0ZiH9ZZ2Vobr-StaxdHmi42ald3a10VixPbg&type=album","o":"https://sun9-38.userapi.com/impf/JD6CP5bxvIJLrtmPXe6cO2Yvc7rgaI4fqfJhzw/vOcLcpoJd8Y.jpg?size=320x427&quality=96&sign=cd94a6cc78d959ffea1fe7738e63fd04&c_uniq_tag=wMx0a-qd7-kvwQh5L5AF-Fi8E19LfFFwWMCHjCHGdPQ&type=album","t":"https://sun9-38.userapi.com/impf/JD6CP5bxvIJLrtmPXe6cO2Yvc7rgaI4fqfJhzw/vOcLcpoJd8Y.jpg?size=130x173&quality=96&sign=27aa601a0ee03009f19166e9a7889f59&c_uniq_tag=TbgpRMlKhSrl9rCMqHwFHXNUXwMXPiyzsefnH438kDk&type=album"},"z":"","q":0,"w":0,"o":13867075,"i":326198779,"d":256420824},{"t":0,"s":{"m":"https://sun9-67.userapi.com/impf/L08ZNa-3C1dNMm52Ex6-VzFOrzKhyWtdhQOiQA/UVAW8ndBAfU.jpg?size=720x960&quality=96&sign=94765a8bb4103f19fe344c9fdb9877a9&c_uniq_tag=Lf5k_TpjrOIKQq8jb3t4e1wKhTFkLwCY_0Z1uDE4mdU&type=album","s":"https://sun9-67.userapi.com/impf/L08ZNa-3C1dNMm52Ex6-VzFOrzKhyWtdhQOiQA/UVAW8ndBAfU.jpg?size=453x604&quality=96&sign=85862854787bcddf8f6c086e4e84bc79&c_uniq_tag=xSqYZEGu1JUwMarHQ_XLZqkZUWUGKf6JaHzPprnkbD0&type=album","n":"https://sun9-67.userapi.com/impf/L08ZNa-3C1dNMm52Ex6-VzFOrzKhyWtdhQOiQA/UVAW8ndBAfU.jpg?size=510x680&quality=96&sign=a6051ee22c59fd770752406a16a11b94&c_uniq_tag=NKbKJYF-OcpXWTXEoAVqUiPMmDGlC7e2yOWInAsgLJg&type=album","o":"https://sun9-67.userapi.com/impf/L08ZNa-3C1dNMm52Ex6-VzFOrzKhyWtdhQOiQA/UVAW8ndBAfU.jpg?size=320x427&quality=96&sign=4beddb272e9c87b514ca8884baca2bb3&c_uniq_tag=zKBUEqM00Zf-hQk2iExEnfyS_WEY9Y9qUjJTP6Jkiek&type=album","t":"https://sun9-67.userapi.com/impf/L08ZNa-3C1dNMm52Ex6-VzFOrzKhyWtdhQOiQA/UVAW8ndBAfU.jpg?size=130x173&quality=96&sign=edd95c719e7ea2c36ef5bc65f39dbbae&c_uniq_tag=IfmvhCZJ2bkkNcydFiMpGDd9GXydLTlNzoG7olFn_Y4&type=album"},"z":"","q":0,"w":0,"o":13867075,"i":326198837,"d":256420859}],"m":[]},{"i":155512,"f":15267753,"t":"ох, спасибо, Полин. ах, это славное время :) 😔","d":242171356,"a":[],"m":[]},{"i":155469,"f":13867075,"t":"Трииииишин,ты уже совсем старпер ) с днем рождения тебя ,дружочек 😉🎉🎁 я еще 19 лет так назад носила тебе тапочки на горшок )","d":242167248,"a":[],"m":[]},{"i":118355,"f":13867075,"t":"Бля","d":229014000,"a":[],"m":[]},{"i":118354,"f":15267753,"t":"аага","d":229013996,"a":[],"m":[]},{"i":118353,"f":13867075,"t":"Он с Ерофеевым двоем уехал ?","d":229013988,"a":[],"m":[]},{"i":118352,"f":13867075,"t":"Да в вк он не заходит","d":229013952,"a":[],"m":[]},{"i":118351,"f":13867075,"t":"Капец","d":229013944,"a":[],"m":[]},{"i":118350,"f":15267753,"t":"вк","d":229013944,"a":[],"m":[]},{"i":118349,"f":15267753,"t":"хз","d":229013940,"a":[],"m":[]},{"i":118348,"f":15267753,"t":"так давно уже","d":229013940,"a":[],"m":[]},{"i":118347,"f":13867075,"t":"Как его еще можно найти ?","d":229013936,"a":[],"m":[]},{"i":118346,"f":13867075,"t":"Выключен","d":229013920,"a":[],"m":[]},{"i":118345,"f":13867075,"t":"Он не выключил его","d":229013908,"a":[],"m":[]},{"i":118344,"f":15267753,"t":"когда позвонишь, скажешь мне, включил он его или нет","d":229013552,"a":[],"m":[]},{"i":118343,"f":15267753,"t":"rjulf gjpdjybim crf;tim vyt? drk.xbk tuj jy bkb ytn","d":229013540,"a":[],"m":[]},{"i":118342,"f":13867075,"t":"Спасибо","d":229013420,"a":[],"m":[]},{"i":118341,"f":15267753,"t":"89515792904","d":229013308,"a":[],"m":[]},{"i":118339,"f":13867075,"t":"Йоу, скажи мне номер Вельковича, пожалуйста","d":228987044,"a":[],"m":[]},{"i":110094,"f":13867075,"t":"пока я наберу все сеты разберут ахаха я канешн понимаю,что наебон,а вдруг","d":222206572,"a":[],"m":[]},{"i":110083,"f":15267753,"t":"ды наберешь епт","d":222206524,"a":[],"m":[]},{"i":110081,"f":13867075,"t":"набрать бы аха","d":222206516,"a":[],"m":[]},{"i":110079,"f":13867075,"t":"оо спасибо брат ахах","d":222206512,"a":[],"m":[]},{"i":110077,"f":15267753,"t":"ближе к 30 будет тогда сделаю","d":222206495,"a":[],"m":[]},{"i":110065,"f":13867075,"t":"Тришин,лайкани и сделай репостр плиз на стеночке,мб повезет ахах","d":222205748,"a":[],"m":[]},{"i":108281,"f":13867075,"t":"А все не слушай","d":220877564,"a":[],"m":[]},{"i":108280,"f":13867075,"t":"Слушай","d":220877552,"a":[],"m":[]},{"i":108279,"f":15267753,"t":"прив. нвкз","d":220877000,"a":[],"m":[]},{"i":108278,"f":13867075,"t":"Ты где?нск Нвкз?","d":220872252,"a":[],"m":[]},{"i":108277,"f":13867075,"t":"Привет","d":220872248,"a":[],"m":[]},{"i":106297,"f":13867075,"t":"да это самая жопа","d":219689632,"a":[],"m":[]},{"i":106296,"f":15267753,"t":"воу, химимя","d":219689624,"a":[],"m":[]},{"i":106295,"f":13867075,"t":"нормас,один экзамен остался по химии((","d":219689536,"a":[],"m":[]},{"i":106294,"f":15267753,"t":"ну лан, как учебка то?","d":219689516,"a":[],"m":[]},{"i":106293,"f":13867075,"t":"да","d":219689508,"a":[],"m":[]},{"i":106292,"f":13867075,"t":"да","d":219689504,"a":[],"m":[]},{"i":106291,"f":15267753,"t":"цифровой которй? за 30?","d":219689496,"a":[],"m":[]},{"i":106290,"f":13867075,"t":"привет,в белом ветре в меге","d":219689476,"a":[],"m":[]},{"i":106289,"f":15267753,"t":"прив. ты где тел покупала?","d":219689444,"a":[],"m":[]},{"i":74618,"f":13867075,"t":"Мой 89137063527","d":207685576,"a":[],"m":[]},{"i":74617,"f":13867075,"t":"Ахах окей","d":207685568,"a":[],"m":[]},{"i":74616,"f":15267753,"t":"завтрчасов в 13 позвони","d":207685532,"a":[],"m":[]},{"i":74615,"f":13867075,"t":"Окей","d":207685084,"a":[],"m":[]},{"i":74614,"f":15267753,"t":"нск, внимательно смотри","d":207685052,"a":[],"m":[]},{"i":74612,"f":13867075,"t":"Это нвкз номер","d":207684944,"a":[],"m":[]},{"i":74611,"f":15267753,"t":"89059515168","d":207684884,"a":[],"m":[]},{"i":74610,"f":13867075,"t":"Привет)когда мы гулять пойдем?я соскучилась)","d":207607000,"a":[],"m":[]},{"i":64140,"f":15267753,"t":"Привези тойоту","d":204915676,"a":[],"m":[]},{"i":64139,"f":13867075,"t":"да","d":204915620,"a":[],"m":[]},{"i":64132,"f":15267753,"t":"Ты во воладе?","d":204914836,"a":[],"m":[]},{"i":64131,"f":13867075,"t":"дома","d":204914788,"a":[],"m":[]},{"i":64130,"f":13867075,"t":"нет","d":204914768,"a":[],"m":[]},{"i":64129,"f":13867075,"t":"это механико-тех","d":204914764,"a":[],"m":[]},{"i":64128,"f":15267753,"t":"В общаге жить будешь? :D","d":204914760,"a":[],"m":[]},{"i":64127,"f":13867075,"t":"он летательный завод","d":204914752,"a":[],"m":[]},{"i":64126,"f":13867075,"t":"я на чкаловце работать просто буду","d":204914744,"a":[],"m":[]},{"i":64125,"f":15267753,"t":"Эт че","d":204914736,"a":[],"m":[]},{"i":64124,"f":13867075,"t":"хуйня какая-то","d":204914728,"a":[],"m":[]},{"i":64123,"f":13867075,"t":"я на мтф подавала и поступила","d":204914724,"a":[],"m":[]},{"i":64122,"f":15267753,"t":"Хз кто то говорил вроде","d":204914716,"a":[],"m":[]},{"i":64121,"f":13867075,"t":"почему фла?","d":204914700,"a":[],"m":[]},{"i":64120,"f":15267753,"t":"Фла?","d":204914692,"a":[],"m":[]},{"i":64119,"f":13867075,"t":"нгту","d":204914528,"a":[],"m":[]},{"i":64116,"f":15267753,"t":"А ты?","d":204913736,"a":[],"m":[]},{"i":64115,"f":13867075,"t":"молодец)","d":204913604,"a":[],"m":[]},{"i":64065,"f":15267753,"t":"Сибгути ага","d":204912800,"a":[],"m":[]},{"i":64064,"f":13867075,"t":"списки призеров и целевиков вывешали,ты куда подавал?поступил?","d":204909400,"a":[],"m":[]},{"i":59815,"f":15267753,"t":"сибгути нгу нгту","d":203164372,"a":[],"m":[]},{"i":59814,"f":13867075,"t":"Куда?","d":203164340,"a":[],"m":[]},{"i":59813,"f":15267753,"t":"ага","d":203164212,"a":[],"m":[]},{"i":59812,"f":13867075,"t":"Съездил?подал документы?","d":203109920,"a":[],"m":[]},{"i":59664,"f":13867075,"t":"Ахах модный","d":203018628,"a":[],"m":[]},{"i":59663,"f":13867075,"t":"Нее это когда было то ахах","d":203018624,"a":[],"m":[]},{"i":59662,"f":15267753,"t":"У меня в сибгиу есть целевое)","d":203018616,"a":[],"m":[]},{"i":59661,"f":15267753,"t":"Ну тыж хотела там вроде давно учится во владе","d":203018604,"a":[],"m":[]},{"i":59660,"f":13867075,"t":"Я уже целевое взяла, подала документы","d":203018600,"a":[],"m":[]},{"i":59659,"f":13867075,"t":"Да","d":203018584,"a":[],"m":[]},{"i":59658,"f":13867075,"t":"Азах не","d":203018580,"a":[],"m":[]},{"i":59657,"f":15267753,"t":"А планируешь нгту?","d":203018576,"a":[],"m":[]},{"i":59656,"f":15267753,"t":"Я думал учится ))","d":203018564,"a":[],"m":[]},{"i":59655,"f":15267753,"t":"Аааа","d":203018552,"a":[],"m":[]},{"i":59654,"f":13867075,"t":"Не,куражится","d":203018540,"a":[],"m":[]},{"i":59653,"f":15267753,"t":"И во влад? Учиц","d":203018500,"a":[],"m":[]},{"i":59652,"f":13867075,"t":"Я на мтф в нгту подала","d":203018452,"a":[],"m":[]},{"i":59651,"f":15267753,"t":"Ага","d":203018412,"a":[],"m":[]},{"i":59650,"f":13867075,"t":"Оо жеско","d":203018392,"a":[],"m":[]},{"i":59649,"f":15267753,"t":"Нгу физика информаьика","d":203018380,"a":[],"m":[]},{"i":59648,"f":15267753,"t":"Нгту хз нет наверн","d":203018372,"a":[],"m":[]},{"i":59647,"f":13867075,"t":"На фэн подавать будешь?","d":203018352,"a":[],"m":[]},{"i":59646,"f":15267753,"t":"С отцом","d":203018332,"a":[],"m":[]},{"i":59645,"f":15267753,"t":"Нет наверн","d":203018332,"a":[],"m":[]},{"i":59644,"f":13867075,"t":"С кем?","d":203018328,"a":[],"m":[]},{"i":59643,"f":13867075,"t":"Ты кста едешь во Владик?","d":203018320,"a":[],"m":[]},{"i":59642,"f":15267753,"t":"Да я на машине до инст и обратно","d":203018312,"a":[],"m":[]},{"i":59641,"f":13867075,"t":"Я в нгту пойду завтра сертификат донесу","d":203018296,"a":[],"m":[]},{"i":59640,"f":15267753,"t":"Оо","d":203018292,"a":[],"m":[]},{"i":59639,"f":13867075,"t":"89137063527","d":203018276,"a":[],"m":[]},{"i":59638,"f":13867075,"t":"Звони,словимся","d":203018268,"a":[],"m":[]},{"i":59637,"f":13867075,"t":"В пятницу","d":203018260,"a":[],"m":[]},{"i":59636,"f":13867075,"t":"Во Владик","d":203018252,"a":[],"m":[]},{"i":59635,"f":15267753,"t":"ты куда собралась? \nя завтро в сиб )","d":203018124,"a":[],"m":[]},{"i":57222,"f":15267753,"t":"ока","d":201905568,"a":[],"m":[]},{"i":57215,"f":13867075,"t":"документы когда поедешь подавать сюда,писани мне","d":201905532,"a":[],"m":[]},{"i":57213,"f":13867075,"t":"ахах","d":201905520,"a":[],"m":[]},{"i":57210,"f":15267753,"t":":(","d":201905500,"a":[],"m":[]},{"i":57209,"f":15267753,"t":"блятьт","d":201905496,"a":[],"m":[]},{"i":57208,"f":15267753,"t":"я итальянец епт","d":201905496,"a":[],"m":[]},{"i":57207,"f":13867075,"t":"ахах","d":201905472,"a":[],"m":[]},{"i":57206,"f":15267753,"t":"я не знаю","d":201905468,"a":[],"m":[]},{"i":57205,"f":15267753,"t":"или чотам","d":201905468,"a":[],"m":[]},{"i":57204,"f":15267753,"t":"аривидерчи","d":201905464,"a":[],"m":[]},{"i":57203,"f":15267753,"t":"давайдавай","d":201905456,"a":[],"m":[]},{"i":57202,"f":13867075,"t":"чао","d":201905452,"a":[],"m":[]},{"i":57201,"f":13867075,"t":"я спать,чоа","d":201905448,"a":[],"m":[]},{"i":57200,"f":15267753,"t":"ну","d":201905332,"a":[],"m":[]},{"i":57199,"f":13867075,"t":"я не могу","d":201905312,"a":[],"m":[]},{"i":57198,"f":13867075,"t":"это дико смешно ахаха","d":201905308,"a":[],"m":[]},{"i":57197,"f":13867075,"t":"ну ты же и туда и туда подавать будешь","d":201905256,"a":[],"m":[]},{"i":57196,"f":13867075,"t":"ахах","d":201905248,"a":[],"m":[]},{"i":57195,"f":13867075,"t":"давай сюда","d":201905240,"a":[],"m":[]},{"i":57194,"f":13867075,"t":"фу,не","d":201905240,"a":[],"m":[]},{"i":57193,"f":15267753,"t":"томс","d":201905236,"a":[],"m":[]},{"i":57192,"f":15267753,"t":"вышки строить обслуживть","d":201905232,"a":[],"m":[]},{"i":57191,"f":13867075,"t":"это где такое","d":201905228,"a":[],"m":[]},{"i":57190,"f":15267753,"t":"нефтегазоое дело","d":201905224,"a":[],"m":[]},{"i":57189,"f":13867075,"t":"ЭТО ЕЩЕ ЧТО","d":201905216,"a":[],"m":[]},{"i":57188,"f":15267753,"t":"думал еще на нефтьгаз","d":201905208,"a":[],"m":[]},{"i":57187,"f":13867075,"t":"Я","d":201905196,"a":[],"m":[]},{"i":57186,"f":13867075,"t":"И","d":201905196,"a":[],"m":[]},{"i":57185,"f":15267753,"t":"))","d":201905196,"a":[],"m":[]},{"i":57184,"f":13867075,"t":"серьезно7","d":201905196,"a":[],"m":[]},{"i":57183,"f":13867075,"t":"бляьб","d":201905192,"a":[],"m":[]},{"i":57182,"f":15267753,"t":"тепло","d":201905188,"a":[],"m":[]},{"i":57181,"f":13867075,"t":"а ты на электроэнерегтику или теплоэнергетику собрался?","d":201905180,"a":[],"m":[]},{"i":57180,"f":13867075,"t":"все давай в нск,,в томске делать нечего","d":201905168,"a":[],"m":[]},{"i":57179,"f":15267753,"t":")","d":201905140,"a":[],"m":[]},{"i":57178,"f":13867075,"t":"куда я без тебя:D","d":201905016,"a":[],"m":[]},{"i":57177,"f":13867075,"t":"и все,кроме как учиться так делать нечего","d":201905008,"a":[],"m":[]},{"i":57176,"f":15267753,"t":"окау","d":201905004,"a":[],"m":[]},{"i":57175,"f":13867075,"t":"я тебя ждуууууу","d":201905000,"a":[],"m":[]},{"i":57174,"f":15267753,"t":"))","d":201904996,"a":[],"m":[]},{"i":57173,"f":15267753,"t":"учица","d":201904996,"a":[],"m":[]},{"i":57172,"f":13867075,"t":"так конечно едь в сиб,че в томске делать","d":201904988,"a":[],"m":[]},{"i":57171,"f":15267753,"t":"сказали даже можно без результатов егэ приходить )","d":201904968,"a":[],"m":[]},{"i":57170,"f":13867075,"t":"а блин,точно,я что-то забыла","d":201904964,"a":[],"m":[]},{"i":57169,"f":15267753,"t":"там без экзм меня берут прикол в чем","d":201904948,"a":[],"m":[]},{"i":57168,"f":13867075,"t":"ну 225 нормально,шансы есть да не плохие)","d":201904928,"a":[],"m":[]},{"i":57167,"f":15267753,"t":"125 (","d":201904908,"a":[],"m":[]},{"i":57166,"f":13867075,"t":"а за два экзамена сколько?","d":201904880,"a":[],"m":[]},{"i":57165,"f":15267753,"t":"будущее сбр","d":201904876,"a":[],"m":[]},{"i":57164,"f":15267753,"t":"да","d":201904868,"a":[],"m":[]},{"i":57163,"f":13867075,"t":"физика?","d":201904864,"a":[],"m":[]},{"i":57162,"f":15267753,"t":"олимпиада у меня","d":201904856,"a":[],"m":[]},{"i":57161,"f":13867075,"t":"у тебя баллов хватает?там же побднебесные баллы:Dx","d":201904840,"a":[],"m":[]},{"i":57160,"f":13867075,"t":"внатури","d":201904828,"a":[],"m":[]},{"i":57159,"f":15267753,"t":"судьба блять","d":201904824,"a":[],"m":[]},{"i":57158,"f":13867075,"t":"аха","d":201904816,"a":[],"m":[]},{"i":57157,"f":15267753,"t":"я туда же )","d":201904812,"a":[],"m":[]},{"i":57156,"f":13867075,"t":"всм","d":201904812,"a":[],"m":[]},{"i":57155,"f":15267753,"t":"не угарай так","d":201904808,"a":[],"m":[]},{"i":57154,"f":15267753,"t":"епт","d":201904804,"a":[],"m":[]},{"i":57153,"f":13867075,"t":"ес,на фэн","d":201904736,"a":[],"m":[]},{"i":57152,"f":15267753,"t":"ты куда пойдешь? в нгту7","d":201904732,"a":[],"m":[]},{"i":57151,"f":13867075,"t":"а петров?","d":201904728,"a":[],"m":[]},{"i":57150,"f":13867075,"t":"ого.крут","d":201904720,"a":[],"m":[]},{"i":57149,"f":15267753,"t":"макей на 72 написал оО","d":201904712,"a":[],"m":[]},{"i":57148,"f":15267753,"t":"тока в с 2 3 из 3","d":201904704,"a":[],"m":[]},{"i":57147,"f":13867075,"t":"в с 4 один","d":201904700,"a":[],"m":[]},{"i":57146,"f":13867075,"t":"у меня по три и два","d":201904696,"a":[],"m":[]},{"i":57145,"f":15267753,"t":"у меня в с везде по 1 )","d":201904684,"a":[],"m":[]},{"i":57144,"f":13867075,"t":"по физике 61,я облажалась в а части дико,с ц нормально","d":201904676,"a":[],"m":[]},{"i":57143,"f":15267753,"t":"решаю с городом покка","d":201904660,"a":[],"m":[]},{"i":57142,"f":15267753,"t":"тпу / нгту","d":201904656,"a":[],"m":[]},{"i":57141,"f":13867075,"t":"куда поступать собрался?","d":201904648,"a":[],"m":[]},{"i":57140,"f":15267753,"t":"у тя скок?","d":201904644,"a":[],"m":[]},{"i":57139,"f":13867075,"t":"оО нормас","d":201904632,"a":[],"m":[]},{"i":57138,"f":15267753,"t":"70","d":201904628,"a":[],"m":[]},{"i":57137,"f":13867075,"t":"и как?","d":201904624,"a":[],"m":[]},{"i":57136,"f":15267753,"t":"инф","d":201904620,"a":[],"m":[]},{"i":57135,"f":13867075,"t":"а ты еще какой-нибудь экзамен сдавал?","d":201904616,"a":[],"m":[]},{"i":57134,"f":15267753,"t":"58","d":201904608,"a":[],"m":[]},{"i":57133,"f":13867075,"t":"ну сколько","d":201904608,"a":[],"m":[]},{"i":57132,"f":15267753,"t":"маловато, но я ее и не учил","d":201904596,"a":[],"m":[]},{"i":57130,"f":13867075,"t":"как физика?","d":201902164,"a":[],"m":[]},{"i":56618,"f":13867075,"t":"Стремнее,поверь","d":201641736,"a":[],"m":[]},{"i":56617,"f":15267753,"t":"не стремнеее меня )","d":201641592,"a":[],"m":[]},{"i":56616,"f":15267753,"t":"даааа нуу","d":201641588,"a":[],"m":[]},{"i":56615,"f":13867075,"t":"Да я стремно написала русский с математикоц","d":201641496,"a":[],"m":[]},{"i":56614,"f":15267753,"t":"по всему","d":201641476,"a":[],"m":[]},{"i":56613,"f":13867075,"t":"нет","d":201641472,"a":[],"m":[]},{"i":56612,"f":13867075,"t":"По физике?","d":201641472,"a":[],"m":[]},{"i":56611,"f":15267753,"t":"ну чеее\nузнала результаты?","d":201641448,"a":[],"m":[]},{"i":54853,"f":13867075,"t":"Спасибо))я надеюсь не огорчат)","d":201136168,"a":[],"m":[]},{"i":54825,"f":15267753,"t":"и у меня опять нету твоего телефон (\nПолина, с днем рожденья!\nжелаю провести его отлично, и чтобы результаты не огорчили егэшечки","d":201111304,"a":[],"m":[]},{"i":54009,"f":15267753,"t":"Будем","d":200830552,"a":[],"m":[]},{"i":54007,"f":13867075,"t":"Будем надеятся на лучшее","d":200830448,"a":[],"m":[]},{"i":54006,"f":13867075,"t":"Ну это понятно)","d":200830436,"a":[],"m":[]},{"i":54005,"f":15267753,"t":"Ну не факт","d":200830416,"a":[],"m":[]},{"i":54004,"f":13867075,"t":"Ого,молодец)","d":200830404,"a":[],"m":[]},{"i":54003,"f":15267753,"t":"Норм, все решил :D","d":200830388,"a":[],"m":[]},{"i":54002,"f":13867075,"t":"Оо ему тоже)","d":200830344,"a":[],"m":[]},{"i":54001,"f":13867075,"t":"?","d":200830332,"a":[],"m":[]},{"i":54000,"f":13867075,"t":"а у тебя как успеха!","d":200830332,"a":[],"m":[]},{"i":53999,"f":13867075,"t":"Все легко и просто,только а23 не знала как сделать)","d":200830328,"a":[],"m":[]},{"i":53998,"f":15267753,"t":"Тебе привет от кошкина соскучевшегося","d":200830308,"a":[],"m":[]},{"i":53997,"f":15267753,"t":"А часть как?","d":200830292,"a":[],"m":[]},{"i":53996,"f":15267753,"t":"Грустно","d":200830288,"a":[],"m":[]},{"i":53995,"f":13867075,"t":"Я решила  из не решила только с3,5, с 5 протупила так обидно,когда вышла понялп как решать,я скорость нашла,а куда ее дальше засунуть не знала(","d":200830072,"a":[],"m":[]},{"i":53993,"f":15267753,"t":"Ну как?","d":200829860,"a":[],"m":[]},{"i":53777,"f":13867075,"t":"Да,конечно,я все решаю по физике,на физику вся надежда","d":200762872,"a":[],"m":[]},{"i":53776,"f":15267753,"t":"физку то сдаешь? :D","d":200762784,"a":[],"m":[]},{"i":53775,"f":15267753,"t":"69 у меня =/","d":200762772,"a":[],"m":[]},{"i":53774,"f":15267753,"t":"у меня","d":200762772,"a":[],"m":[]},{"i":53773,"f":15267753,"t":"а у меня","d":200762768,"a":[],"m":[]},{"i":53772,"f":13867075,"t":"А у тебя как?","d":200762588,"a":[],"m":[]},{"i":53771,"f":13867075,"t":"Завтра скажут","d":200762580,"a":[],"m":[]},{"i":53770,"f":15267753,"t":"че, как русский?","d":200761960,"a":[],"m":[]},{"i":39873,"f":15267753,"t":"Да ваше","d":191444036,"a":[],"m":[]},{"i":39872,"f":13867075,"t":"бля","d":191443920,"a":[],"m":[]},{"i":39871,"f":13867075,"t":"ахаа","d":191443920,"a":[],"m":[]},{"i":39870,"f":15267753,"t":"Ммммзэх","d":191443872,"a":[],"m":[]},{"i":39869,"f":13867075,"t":"мм","d":191443852,"a":[],"m":[]},{"i":39868,"f":15267753,"t":"В коронеж","d":191443852,"a":[],"m":[]},{"i":39867,"f":15267753,"t":"Нету\nЩ","d":191443848,"a":[],"m":[]},{"i":39866,"f":15267753,"t":"Алиса щ","d":191443848,"a":[],"m":[]},{"i":39865,"f":13867075,"t":"почему на хату не пошли?","d":191443732,"a":[],"m":[]},{"i":39864,"f":15267753,"t":"Зхх","d":191443732,"a":[],"m":[]},{"i":39863,"f":15267753,"t":"Славно","d":191443728,"a":[],"m":[]},{"i":39862,"f":15267753,"t":"Я дома","d":191443716,"a":[],"m":[]},{"i":39861,"f":13867075,"t":"отлично","d":191443704,"a":[],"m":[]},{"i":39860,"f":15267753,"t":"Как никогда з","d":191443700,"a":[],"m":[]},{"i":39859,"f":13867075,"t":"круто справили по-моему.да?","d":191443688,"a":[],"m":[]},{"i":39858,"f":13867075,"t":"ахах","d":191443684,"a":[],"m":[]},{"i":39857,"f":15267753,"t":"Да","d":191443680,"a":[],"m":[]},{"i":39856,"f":13867075,"t":"пьяный?","d":191443668,"a":[],"m":[]},{"i":39855,"f":15267753,"t":"'блинщ","d":191443664,"a":[],"m":[]},{"i":39854,"f":15267753,"t":"Л","d":191443652,"a":[],"m":[]},{"i":39853,"f":15267753,"t":"' немогуз","d":191443648,"a":[],"m":[]},{"i":39852,"f":13867075,"t":"с днюзой его","d":191443644,"a":[],"m":[]},{"i":39851,"f":13867075,"t":"у меня в другах то его нет","d":191443640,"a":[],"m":[]},{"i":39850,"f":13867075,"t":"оО","d":191443636,"a":[],"m":[]},{"i":39849,"f":15267753,"t":"Семащ","d":191443620,"a":[],"m":[]},{"i":39848,"f":13867075,"t":"окт","d":191443612,"a":[],"m":[]},{"i":39847,"f":13867075,"t":"у тебя др 5 кот","d":191443608,"a":[],"m":[]},{"i":39846,"f":13867075,"t":"по-русски пжл","d":191443604,"a":[],"m":[]},{"i":39845,"f":15267753,"t":"До","d":191443596,"a":[],"m":[]},{"i":39844,"f":13867075,"t":"я?","d":191443588,"a":[],"m":[]},{"i":39843,"f":13867075,"t":"напился?","d":191443584,"a":[],"m":[]},{"i":39842,"f":15267753,"t":"Т","d":191443584,"a":[],"m":[]},{"i":39841,"f":13867075,"t":"ты?","d":191443584,"a":[],"m":[]},{"i":39840,"f":15267753,"t":"Неадеква","d":191443576,"a":[],"m":[]},{"i":39839,"f":13867075,"t":"у кого","d":191443572,"a":[],"m":[]},{"i":39838,"f":15267753,"t":"Др","d":191443564,"a":[],"m":[]},{"i":39837,"f":13867075,"t":"что такое","d":191443540,"a":[],"m":[]},{"i":39836,"f":15267753,"t":"Пфф(99","d":191443528,"a":[],"m":[]},{"i":39522,"f":13867075,"t":"бцдет ахах","d":191352548,"a":[],"m":[]},{"i":39520,"f":15267753,"t":"егэ то будет?","d":191352540,"a":[],"m":[]},{"i":39517,"f":13867075,"t":"не,не было","d":191352532,"a":[],"m":[]},{"i":39516,"f":15267753,"t":"ну я про него","d":191352524,"a":[],"m":[]},{"i":39515,"f":13867075,"t":"ну всмысле я думала ты про пробник","d":191352512,"a":[],"m":[]},{"i":39512,"f":15267753,"t":"http://vk.com/wall15267753_6343\nЛАЙКАЙ D:","d":191352308,"a":[],"m":[]},{"i":39511,"f":15267753,"t":"как","d":191352304,"a":[],"m":[]},{"i":39510,"f":15267753,"t":"оО","d":191352304,"a":[],"m":[]},{"i":39509,"f":13867075,"t":"привет\nа у меня нет егэ.","d":191352300,"a":[],"m":[]},{"i":39420,"f":15267753,"t":"привет )","d":191351536,"a":[],"m":[]},{"i":39419,"f":15267753,"t":"как егэшэчка?","d":191351536,"a":[],"m":[]},{"i":36135,"f":13867075,"t":"Неа","d":190024684,"a":[],"m":[]},{"i":36128,"f":15267753,"t":"Ку, ты в нвкз не собираешься?","d":190023344,"a":[],"m":[]},{"i":32251,"f":15267753,"t":"ага","d":189196752,"a":[],"m":[]},{"i":32250,"f":13867075,"t":"аааа","d":189196748,"a":[],"m":[]},{"i":32249,"f":15267753,"t":"да там купить в сибе над коеч","d":189196728,"a":[],"m":[]},{"i":32248,"f":13867075,"t":"а че","d":189196688,"a":[],"m":[]},{"i":32247,"f":15267753,"t":"блеа (","d":189196684,"a":[],"m":[]},{"i":32246,"f":13867075,"t":"я только вчера приехала","d":189196672,"a":[],"m":[]},{"i":32245,"f":15267753,"t":"привет)\nты в нвкз когда собираешься?","d":189196664,"a":[],"m":[]},{"i":22743,"f":15267753,"t":"все ок","d":181400068,"a":[],"m":[]},{"i":22742,"f":13867075,"t":"че с глазом у тебя?","d":181336156,"a":[],"m":[]},{"i":21716,"f":13867075,"t":"аха","d":180472636,"a":[],"m":[]},{"i":21715,"f":15267753,"t":"ну просто понравилась, ахахахаха","d":180472628,"a":[],"m":[]},{"i":21714,"f":13867075,"t":"нахрен вам картинку эту надо?","d":180472616,"a":[],"m":[]},{"i":21713,"f":15267753,"t":"ага","d":180472608,"a":[],"m":[]},{"i":21712,"f":13867075,"t":"так-то нормально","d":180472596,"a":[],"m":[]},{"i":21711,"f":15267753,"t":"ну а чо","d":180472584,"a":[],"m":[]},{"i":21710,"f":13867075,"t":"тогда он совсем ку ку тра ля ля","d":180472560,"a":[],"m":[]},{"i":21709,"f":13867075,"t":"ааахах","d":180472544,"a":[],"m":[]},{"i":21708,"f":15267753,"t":"я думаю он )","d":180472540,"a":[],"m":[]},{"i":21707,"f":13867075,"t":"ну типо подруга аха\nмы ж не общались\nмне интересно кто там умный такой спррашивает про него","d":180472528,"a":[],"m":[]},{"i":21706,"f":15267753,"t":"?","d":180472428,"a":[],"m":[]},{"i":21705,"f":13867075,"t":"ааааааааахахах","d":180472376,"a":[],"m":[]},{"i":21704,"f":15267753,"t":")","d":180472340,"a":[],"m":[]},{"i":21703,"f":13867075,"t":"тришин.ты меня запутал","d":180472336,"a":[],"m":[]},{"i":21702,"f":15267753,"t":"а тебе с ним вообще охотно общаться ? \n да,я хочу возообновить наше общение.я причины не общаться не вижу \n7 дней назад\nне поняла ,а почему не общаетесь ? \n я не в курси,меня обошли стороной по поводу этого вопроса,спросите лучше у него,а потом мне сообщите \n7 дней назад\nв каких отношениях с Яном Дубровских ? \n ни в каких,мы не общаемся","d":180472336,"a":[],"m":[]},{"i":21701,"f":13867075,"t":"какая подруга?","d":180472312,"a":[],"m":[]},{"i":21700,"f":15267753,"t":"не?","d":180472300,"a":[],"m":[]},{"i":21699,"f":15267753,"t":"ну этож очевидно","d":180472300,"a":[],"m":[]},{"i":21698,"f":15267753,"t":"типа подруга)","d":180472296,"a":[],"m":[]},{"i":21697,"f":15267753,"t":"ну внизу","d":180472292,"a":[],"m":[]},{"i":21696,"f":15267753,"t":"блин","d":180472288,"a":[],"m":[]},{"i":21695,"f":13867075,"t":"а что*?","d":180472264,"a":[],"m":[]},{"i":21694,"f":13867075,"t":"я уж испугалас","d":180472264,"a":[],"m":[]},{"i":21693,"f":13867075,"t":"вообще не палитс","d":180472256,"a":[],"m":[]},{"i":21692,"f":13867075,"t":"что?ааа ян то да аха","d":180472252,"a":[],"m":[]},{"i":21691,"f":15267753,"t":"блин","d":180472244,"a":[],"m":[]},{"i":21690,"f":13867075,"t":"установки,виджеты","d":180472224,"a":[],"m":[]},{"i":21689,"f":15267753,"t":"на аскфм","d":180472188,"a":[],"m":[]},{"i":21688,"f":15267753,"t":"фоновая","d":180472184,"a":[],"m":[]},{"i":21687,"f":13867075,"t":"привет,че?какая картинка?причем тут яН?","d":180472172,"a":[],"m":[]},{"i":21686,"f":15267753,"t":"там кстати ян не палится вапще)","d":180472148,"a":[],"m":[]},{"i":21685,"f":15267753,"t":"у тебя есть картинка фоновая, которая на аске у тебя?","d":180472144,"a":[],"m":[]},{"i":21684,"f":15267753,"t":")","d":180472128,"a":[],"m":[]},{"i":21683,"f":15267753,"t":"привет т.е.","d":180472128,"a":[],"m":[]},{"i":21682,"f":15267753,"t":"куку","d":180472128,"a":[],"m":[]},{"i":21681,"f":15267753,"t":"эгегей","d":180472124,"a":[],"m":[]},{"i":20155,"f":13867075,"t":"это да","d":179087552,"a":[],"m":[]},{"i":20154,"f":15267753,"t":"ну это же яяяян","d":179087544,"a":[],"m":[]},{"i":20153,"f":13867075,"t":"он как обычно отличился","d":179087532,"a":[],"m":[]},{"i":20152,"f":15267753,"t":")","d":179087468,"a":[],"m":[]},{"i":20151,"f":13867075,"t":"да он че то сначало мне втирал как я сильно ему нравлюсь,что хочется встречатся,потом ч поставила как с вадиком ян психнул и стал встречаься со светкой","d":179087400,"a":[],"m":[]},{"i":20150,"f":15267753,"t":"да пздц )","d":179087356,"a":[],"m":[]},{"i":20147,"f":13867075,"t":"Ахах я представляю как вам весело было","d":179087328,"a":[],"m":[]},{"i":20144,"f":15267753,"t":"ну как всегда, чо","d":179087324,"a":[],"m":[]},{"i":20143,"f":13867075,"t":"у меня яна в друзья нет,он залупился на меня","d":179087312,"a":[],"m":[]},{"i":20138,"f":15267753,"t":"саша снимал )","d":179087272,"a":[],"m":[]},{"i":20137,"f":15267753,"t":"и сербский рэп","d":179087268,"a":[],"m":[]},{"i":20136,"f":15267753,"t":"фоточки щас папалишь хаах если ян выложит","d":179087264,"a":[],"m":[]},{"i":20135,"f":13867075,"t":"аха ну да","d":179087228,"a":[],"m":[]},{"i":20134,"f":15267753,"t":"ну видимо не была в нвкз давно )","d":179087176,"a":[],"m":[]},{"i":20034,"f":13867075,"t":"Ахаха хорошо ты думаешь о женском поле однако","d":179006100,"a":[],"m":[]},{"i":20033,"f":15267753,"t":"СПАСИБО :)","d":179005348,"a":[],"m":[]},{"i":20032,"f":15267753,"t":"да какую девушку, вокруг одни ванильные бляди)","d":179005332,"a":[],"m":[]},{"i":20031,"f":13867075,"t":"триишин,через 20минут будет 5октября,я правда не помню времени во сколько ты родился,и ты постареешь еще на год,бля,будет уже восемнаха,сильно не бухай,тачку покупай и приезжай)))всего тебе наилучшегоо)девушку себе уже наконец найдите)","d":179005276,"a":[],"m":[]},{"i":16530,"f":15267753,"t":"ок","d":176836772,"a":[],"m":[]},{"i":16529,"f":13867075,"t":"мама приедет в конце месяца,заберет или можешь занести домой ко мне,если не трудно,отдать т.гале)","d":176836244,"a":[],"m":[]},{"i":16528,"f":15267753,"t":"привет)","d":176835708,"a":[],"m":[]},{"i":16527,"f":15267753,"t":"ага","d":176835704,"a":[],"m":[]},{"i":16526,"f":13867075,"t":"привет,тебе леша деньги отдал?","d":176835548,"a":[],"m":[]},{"i":12883,"f":13867075,"t":":)","d":169476428,"a":[],"m":[]},{"i":12882,"f":15267753,"t":"ээ, ну ладна","d":169476248,"a":[],"m":[]},{"i":12881,"f":13867075,"t":"Спасибо,неа,в сибе)","d":169476184,"a":[],"m":[]},{"i":12880,"f":15267753,"t":"С днем рожденья! Ты в новокузнецке?","d":169475468,"a":[],"m":[]},{"i":12498,"f":13867075,"t":"не за  что","d":167068944,"a":[],"m":[]},{"i":12497,"f":15267753,"t":"спс","d":167068924,"a":[],"m":[]},{"i":12496,"f":13867075,"t":"http://shizego.narod.ru/history/4.0/","d":167068688,"a":[],"m":[]},{"i":12469,"f":15267753,"t":"дай ссылку на ответыы, аа","d":167048904,"a":[],"m":[]},{"i":12315,"f":15267753,"t":"ага","d":166738640,"a":[],"m":[]},{"i":12314,"f":13867075,"t":"какашка","d":166738632,"a":[],"m":[]},{"i":12313,"f":15267753,"t":"ну я не помню уже.....","d":166738624,"a":[],"m":[]},{"i":12312,"f":13867075,"t":"капец\nа уклонись?","d":166738604,"a":[],"m":[]},{"i":12311,"f":15267753,"t":"к","d":166738464,"a":[],"m":[]},{"i":12310,"f":15267753,"t":"капсло","d":166738464,"a":[],"m":[]},{"i":12309,"f":15267753,"t":"аа","d":166738464,"a":[],"m":[]},{"i":12308,"f":15267753,"t":"ээ? поподробнее","d":166738460,"a":[],"m":[]},{"i":12307,"f":13867075,"t":"переключи свет че сделать надо?","d":166738184,"a":[],"m":[]},{"i":12306,"f":15267753,"t":"охохохо","d":166737840,"a":[],"m":[]},{"i":12305,"f":13867075,"t":"в 9 конс по алгебре","d":166737832,"a":[],"m":[]},{"i":12304,"f":15267753,"t":"завтро нада в лицей?","d":166737816,"a":[],"m":[]},{"i":11415,"f":13867075,"t":"Indefini.Магазин молодежной одежды)","d":157026716,"a":[],"m":[]},{"i":11278,"f":15267753,"t":"О, спасибо)","d":155940652,"a":[],"m":[]},{"i":11277,"f":13867075,"t":"привет\nво вторник первого урока нет,потом общество и две литературы","d":155934952,"a":[],"m":[]},{"i":11241,"f":13867075,"t":"оО\nну значит 14 идем","d":155485916,"a":[],"m":[]},{"i":11240,"f":15267753,"t":"завтр оО\nмне сказала 14","d":155481072,"a":[],"m":[]},{"i":11239,"f":13867075,"t":"завтра во сколько приходить то пересдавать?","d":155480572,"a":[],"m":[]},{"i":11238,"f":15267753,"t":"нее","d":155479956,"a":[],"m":[]},{"i":11237,"f":13867075,"t":"ты сдал физику?","d":155477900,"a":[],"m":[]},{"i":10981,"f":15267753,"t":"явкурсе","d":154720796,"a":[],"m":[]},{"i":10980,"f":13867075,"t":"завтра физика будет после алгебры","d":154720752,"a":[],"m":[]},{"i":9151,"f":15267753,"t":"хаха, просто фирму вводи в писк и все","d":148668512,"a":[],"m":[]},{"i":9150,"f":13867075,"t":"мда\nнапряг у меня с английским","d":148668368,"a":[],"m":[]},{"i":9149,"f":15267753,"t":"http://www.ebay.com/","d":148667660,"a":[],"m":[]},{"i":9148,"f":13867075,"t":"ссылку на дешевые борды","d":148667496,"a":[],"m":[]},{"i":8882,"f":15267753,"t":"да","d":147529356,"a":[],"m":[]},{"i":8879,"f":13867075,"t":"дубровских чо ли?\nахах я кароче половину не знаю\nа настя качалкова?","d":147529156,"a":[],"m":[]},{"i":8878,"f":15267753,"t":"давай","d":147529088,"a":[],"m":[]},{"i":8877,"f":15267753,"t":"эм, \nстас, ян, настя, сережа, арина, костя, эмм... еще кто то","d":147529076,"a":[],"m":[]},{"i":8876,"f":13867075,"t":"мне надо в 5 около луны\nну я давай попозже подойду,ок?","d":147529048,"a":[],"m":[]},{"i":8875,"f":13867075,"t":"кто будет то?\nя блин не успеваю прост","d":147529024,"a":[],"m":[]},{"i":8874,"f":15267753,"t":"денег нетуууууууууууууу! \nчего не придиошь то?(","d":147529016,"a":[],"m":[]},{"i":8873,"f":13867075,"t":"даааа","d":147529004,"a":[],"m":[]},{"i":8872,"f":13867075,"t":"тришин блин ты че на смс не отвечаешь мне","d":147528988,"a":[],"m":[]},{"i":8871,"f":15267753,"t":"эм.. 1221 твой номер?","d":147528960,"a":[],"m":[]},{"i":6111,"f":15267753,"t":"нет","d":131630064,"a":[],"m":[]},{"i":6109,"f":13867075,"t":"ты зачет написал?","d":131625016,"a":[],"m":[]},{"i":5274,"f":15267753,"t":"3","d":129831100,"a":[],"m":[]},{"i":5273,"f":13867075,"t":"у тебя какой вариант по физикеф7","d":129826388,"a":[],"m":[]},{"i":3994,"f":13867075,"t":"блиииин\nты вообщеделали мих?","d":127064128,"a":[],"m":[]},{"i":3993,"f":15267753,"t":"хз","d":127064056,"a":[],"m":[]},{"i":3992,"f":13867075,"t":"оО\nмэн\nахах\nкак первую задачу решать?","d":127063912,"a":[],"m":[]},{"i":3991,"f":15267753,"t":"2","d":127063816,"a":[],"m":[]},{"i":3990,"f":13867075,"t":"слушай\nа информатику где делать:?\nи какой вариант у тебя по физиек:?","d":127063756,"a":[],"m":[]},{"i":3638,"f":15267753,"t":"так ж","d":125087792,"a":[],"m":[]},{"i":3637,"f":13867075,"t":"ну щас грит минус 31\nа зара блять минус 32","d":125087756,"a":[],"m":[]},{"i":3636,"f":15267753,"t":"ну ии скока?","d":125087672,"a":[],"m":[]},{"i":3635,"f":13867075,"t":"гисметео правду грит","d":125087652,"a":[],"m":[]},{"i":3634,"f":15267753,"t":"чо:?","d":125087604,"a":[],"m":[]},{"i":3632,"f":13867075,"t":"эй\nне не \nне катит","d":125086824,"a":[],"m":[]},{"i":3631,"f":15267753,"t":"гис метио пиздиттт очень на много","d":125086684,"a":[],"m":[]},{"i":3629,"f":13867075,"t":"ща ща\nа ты гис метео","d":125086620,"a":[],"m":[]},{"i":3628,"f":15267753,"t":"хаха яндекс пасари.","d":125086588,"a":[],"m":[]},{"i":3625,"f":13867075,"t":"эй\nне над -35","d":125086264,"a":[],"m":[]},{"i":3624,"f":15267753,"t":"ха... -30 буиитт..","d":125086208,"a":[],"m":[]},{"i":3623,"f":13867075,"t":"ахах\nзавтра тож не идем\nахах","d":125086192,"a":[],"m":[]},{"i":3622,"f":15267753,"t":"хахах...\nпосморим...\nзавтр нулевкоо...\nв 7 должно еще холодно...","d":125086132,"a":[],"m":[]},{"i":3621,"f":13867075,"t":"ахах\nзавтра утром скажешь падешь нет..ок7","d":125086068,"a":[],"m":[]},{"i":3619,"f":15267753,"t":"нееа...\nнах надо в -32 в шк..","d":125086040,"a":[],"m":[]},{"i":3617,"f":13867075,"t":"ты тож не был?\nахах","d":125086012,"a":[],"m":[]},{"i":3615,"f":15267753,"t":"завтро тож холоднооо?\nмне сказали почти все были ... Оо.. долбаепы..","d":125085992,"a":[],"m":[]},{"i":3613,"f":13867075,"t":"ахах\nхоладна","d":125085820,"a":[],"m":[]},{"i":3610,"f":15267753,"t":"че в школе не была7 аахахха","d":125085776,"a":[],"m":[]},{"i":2733,"f":15267753,"t":"50","d":121115073,"a":[],"m":[]},{"i":2732,"f":13867075,"t":"высота штатива...ты мерил..скажи мне теперь","d":121115034,"a":[],"m":[]},{"i":2730,"f":15267753,"t":"где?","d":121115001,"a":[],"m":[]},{"i":2729,"f":13867075,"t":"каккая там высота","d":121114319,"a":[],"m":[]},{"i":2666,"f":15267753,"t":"videosaver","d":120574481,"a":[],"m":[]},{"i":2665,"f":13867075,"t":"как сачать видео из контакта?","d":120574256,"a":[],"m":[]},{"i":257,"f":13867075,"t":"ааа...ясно...))","d":106686553,"a":[],"m":[]},{"i":256,"f":15267753,"t":"эт марк за витю...","d":106686526,"a":[],"m":[]}]}