{"meta":{"v":"1.2","p":668077839,"a":15267753,"t":"Issey Miyake","d":1691416185},"data":[{"i":2524194,"f":668077839,"t":"","d":509439697,"a":[{"t":0,"s":{"m":"https://sun9-34.userapi.com/impg/k4G_fHnukSht8C754w0R_vvWAG7ZtB5Fmt_CWg/uqgtWKcaAGg.jpg?size=510x150&quality=95&crop=142,0,510,150&sign=5227a216f62a1f49f8ee09af10fbf08f&c_uniq_tag=wGlijNljeGwZitAq463LMY7fdWK6mvTCQh0VadvyY_I&type=album","s":"https://sun9-34.userapi.com/impg/k4G_fHnukSht8C754w0R_vvWAG7ZtB5Fmt_CWg/uqgtWKcaAGg.jpg?size=200x133&quality=95&crop=284,0,226,150&sign=d2ae7ae0d17aadefbdc44b927b912bfd&c_uniq_tag=ZYyuzxw9v5y2Hf9PZ0hYhzNcqLDFXCGOlR1UajoLIMY&type=album","n":"https://sun9-34.userapi.com/impg/k4G_fHnukSht8C754w0R_vvWAG7ZtB5Fmt_CWg/uqgtWKcaAGg.jpg?size=130x87&quality=95&crop=285,0,224,150&sign=d67863702b40f5236a27bc0244d626aa&c_uniq_tag=Z5y4ZU6kvC3d9-i3ijDnBcOqxF_SiD_3Xq4BV2u1QtM&type=album","o":"https://sun9-34.userapi.com/impg/k4G_fHnukSht8C754w0R_vvWAG7ZtB5Fmt_CWg/uqgtWKcaAGg.jpg?size=794x150&quality=95&sign=ca296e4da932f6611485e2ca51c59264&c_uniq_tag=R6y5018mE4bqsbiwKb9ZX1mmPrrnMKexitluyWnrsec&type=album","t":"https://sun9-34.userapi.com/impg/k4G_fHnukSht8C754w0R_vvWAG7ZtB5Fmt_CWg/uqgtWKcaAGg.jpg?size=130x25&quality=95&sign=e8b8ad3b3ffee3c5dc023b4c67bb7a00&c_uniq_tag=oNHTpKJyH8ID3fSZImV1r138mzRndPMWYdM9IGJMfm8&type=album"},"z":"","q":0,"w":0,"o":668077839,"i":457239566,"d":509439691}],"m":[]},{"i":2524018,"f":15267753,"t":"+","d":509417978,"a":[],"m":[]},{"i":2523691,"f":15267753,"t":"Оки","d":509411571,"a":[],"m":[]},{"i":2523547,"f":668077839,"t":"Спасибо! Прошу скинуть деньги","d":509408972,"a":[],"m":[]},{"i":2523447,"f":15267753,"t":"Накладная успешно создана с номером: 1325219017\n400","d":509406769,"a":[],"m":[{"f":668077839,"t":"Москва Минск \n\nДайпле Брайт Мозесович\n\n+375 (29) 638-06-51\n\nг. Минск, улица Центральная,6","d":509404855,"a":[]}]},{"i":2523439,"f":15267753,"t":"привет","d":509406721,"a":[],"m":[]},{"i":2523377,"f":668077839,"t":"1 пара convers \n42 размер","d":509404903,"a":[],"m":[]},{"i":2523374,"f":668077839,"t":"Москва Минск \n\nДайпле Брайт Мозесович\n\n+375 (29) 638-06-51\n\nг. Минск, улица Центральная,6","d":509404855,"a":[],"m":[]},{"i":2523373,"f":668077839,"t":"Привет, можно плиз накладную","d":509404814,"a":[],"m":[]},{"i":2427659,"f":668077839,"t":"Отлично😌","d":504539953,"a":[],"m":[]},{"i":2427655,"f":15267753,"t":"+++","d":504539797,"a":[],"m":[]},{"i":2427653,"f":668077839,"t":"Пришли?","d":504539701,"a":[],"m":[]},{"i":2427652,"f":668077839,"t":"","d":504539696,"a":[{"t":0,"s":{"m":"https://sun9-31.userapi.com/impg/oWAgE84KN6Dd0XyZrBDfhb9fj3EZMGDeKKyKmQ/sYT8NPo80oM.jpg?size=510x900&quality=95&crop=0,0,750,1324&sign=7d84229f4b7ae0de0c81625e34be9958&c_uniq_tag=29abGq-xY1YgQbXomKOoHzkD83zafCQPut2a5Ww8Uak&type=album","s":"https://sun9-31.userapi.com/impg/oWAgE84KN6Dd0XyZrBDfhb9fj3EZMGDeKKyKmQ/sYT8NPo80oM.jpg?size=200x433&quality=95&sign=801a8643e15ada089174fbd10d5fb2b0&c_uniq_tag=eNhQJ8gcR2tPIYpMI_4TBDeIpTgVgHom4b45LY4WpAY&type=album","n":"https://sun9-31.userapi.com/impg/oWAgE84KN6Dd0XyZrBDfhb9fj3EZMGDeKKyKmQ/sYT8NPo80oM.jpg?size=750x1624&quality=95&sign=80317ce758b4db9c67bcd40653496449&c_uniq_tag=lhlZyaYwpF6IQtyhaLBgS80wPNfyIC3F2WU_Xs2d9kg&type=album","o":"https://sun9-31.userapi.com/impg/oWAgE84KN6Dd0XyZrBDfhb9fj3EZMGDeKKyKmQ/sYT8NPo80oM.jpg?size=499x1080&quality=95&sign=4598a6fd4c77db4b5f2a17c152e31dd5&c_uniq_tag=Cx30NhAans_EG_BOP-C-l_bQjrrimAy63H9fl9XYT8Y&type=album","t":"https://sun9-31.userapi.com/impg/oWAgE84KN6Dd0XyZrBDfhb9fj3EZMGDeKKyKmQ/sYT8NPo80oM.jpg?size=279x604&quality=95&sign=e8a9a3867d2415748e82fb4a822cabbc&c_uniq_tag=kb2stkj4OM9UWQr4J7ZLaD30vSkfYPRigxbLcRcyhPs&type=album"},"z":"","q":0,"w":0,"o":668077839,"i":457239409,"d":504539696}],"m":[]},{"i":2427641,"f":668077839,"t":"Сейчас деньги отправлю","d":504539604,"a":[],"m":[]},{"i":2427640,"f":668077839,"t":"Спасибо большое","d":504539600,"a":[],"m":[]},{"i":2427635,"f":15267753,"t":"Накладная успешно создана с номером: 1310734205\n350","d":504539413,"a":[],"m":[]},{"i":2427623,"f":668077839,"t":"Москва Молодечно\n\nРемень + поясная сумка\n\nДайпле Брайт Мозесович\n\n+375 (29) 638-06-51\n\nг. Молодечно,улица Виленская 13А","d":504538149,"a":[],"m":[]},{"i":2427622,"f":15267753,"t":"Привет давай","d":504538102,"a":[],"m":[]},{"i":2427621,"f":668077839,"t":"Привет, можно накладную?","d":504538081,"a":[],"m":[]},{"i":2425376,"f":15267753,"t":"+","d":504386568,"a":[],"m":[]},{"i":2425375,"f":15267753,"t":"оке","d":504386567,"a":[],"m":[]},{"i":2425148,"f":668077839,"t":"","d":504374394,"a":[{"t":0,"s":{"m":"https://sun9-71.userapi.com/impg/VmhBPQPU1RDwkVb9hmHBV2-XqRyjR7zKjnAb7Q/bO-NJMBgvrY.jpg?size=510x900&quality=95&crop=0,0,591,1043&sign=9bbb6faa011b8bf93d0088b2f15d53e3&c_uniq_tag=2zTAEfZJ0v9zn-LIZ4cuyqG2ZmjaGZr3vu7L2VWohSw&type=album","s":"https://sun9-71.userapi.com/impg/VmhBPQPU1RDwkVb9hmHBV2-XqRyjR7zKjnAb7Q/bO-NJMBgvrY.jpg?size=200x433&quality=95&sign=f53c66fcc8a8e38999c2690803c2db10&c_uniq_tag=_tcDD0JjN11q0xNDYM_YwvCSF3SeQ_yhtbAVux2T0g4&type=album","n":"https://sun9-71.userapi.com/impg/VmhBPQPU1RDwkVb9hmHBV2-XqRyjR7zKjnAb7Q/bO-NJMBgvrY.jpg?size=591x1280&quality=95&sign=7d39020c7661fca8b1b26cccf23ed70e&c_uniq_tag=OAW5H123qyb4i82YFDNu7IH5D_9n_LexSoDHVi3E2dE&type=album","o":"https://sun9-71.userapi.com/impg/VmhBPQPU1RDwkVb9hmHBV2-XqRyjR7zKjnAb7Q/bO-NJMBgvrY.jpg?size=499x1080&quality=95&sign=c0bd05617231d20a3760aa12c6a1d873&c_uniq_tag=p5PkLawcm_devLZ93Lm6xyOWLxekXu9GLQUOfFmNpPU&type=album","t":"https://sun9-71.userapi.com/impg/VmhBPQPU1RDwkVb9hmHBV2-XqRyjR7zKjnAb7Q/bO-NJMBgvrY.jpg?size=279x604&quality=95&sign=54e5de82a83e9e320388a4c8386f8dca&c_uniq_tag=nDWO_L7uBGE2yKP-PN6F9GW1nRKu3tKXUeQtMP6UfVA&type=album"},"z":"","q":0,"w":0,"o":668077839,"i":457239383,"d":504374393}],"m":[]},{"i":2425057,"f":668077839,"t":"Он отправлял в районе 2:30","d":504371870,"a":[],"m":[]},{"i":2425056,"f":668077839,"t":"Там сильно много переводов по 450₽?😬 просто, он че то не скидывает","d":504371855,"a":[],"m":[]},{"i":2425043,"f":668077839,"t":"Попросил","d":504370403,"a":[],"m":[]},{"i":2425026,"f":15267753,"t":"а скрин кинешь а то много переводов","d":504370298,"a":[],"m":[]},{"i":2425022,"f":668077839,"t":"Пришли?","d":504370237,"a":[],"m":[]},{"i":2423265,"f":668077839,"t":"Спасибо! Попросил, чтобы перевели","d":504278629,"a":[],"m":[]},{"i":2423263,"f":15267753,"t":"Накладная успешно создана с номером: 1309716238\n450","d":504278597,"a":[],"m":[]},{"i":2423261,"f":668077839,"t":"Кроссовки 1 пара \nNike vapormax EVO","d":504278569,"a":[],"m":[]},{"i":2423260,"f":15267753,"t":"пара?","d":504278564,"a":[],"m":[]},{"i":2423259,"f":668077839,"t":"Самара Минск \n\nДайпле Брайт Мозесович\n\n+375 (29) 638-06-51\n\nг. Минск, улица Центральная,6","d":504278546,"a":[],"m":[]},{"i":2423258,"f":15267753,"t":"давай","d":504278527,"a":[],"m":[]},{"i":2423257,"f":15267753,"t":"привет","d":504278526,"a":[],"m":[]},{"i":2423256,"f":668077839,"t":"Привет, можно ещё одну накладную?😅","d":504278520,"a":[],"m":[]},{"i":2421444,"f":668077839,"t":"Отлично😌","d":504134487,"a":[],"m":[]},{"i":2421423,"f":15267753,"t":"Угу вижу","d":504133110,"a":[],"m":[]},{"i":2421373,"f":668077839,"t":"","d":504128824,"a":[{"t":0,"s":{"m":"https://sun9-73.userapi.com/impg/AIw1NfH6dtb3_0HmE24r0U47cceIkVdTsw7iXA/73IyeZhYVIY.jpg?size=510x900&quality=95&crop=0,0,591,1043&sign=583f0d0eae8318be061fd2714331dc7d&c_uniq_tag=mIi4Io2xzfm4ZMOqkcB5__FaliWAf63u2cAWK_GA65k&type=album","s":"https://sun9-73.userapi.com/impg/AIw1NfH6dtb3_0HmE24r0U47cceIkVdTsw7iXA/73IyeZhYVIY.jpg?size=200x433&quality=95&sign=2c7b16f4258bcd0fb90fbfaab36a5b66&c_uniq_tag=a679UErH6YolGQ6lYS3u25_8F1LgcoBhGhrA1925OLc&type=album","n":"https://sun9-73.userapi.com/impg/AIw1NfH6dtb3_0HmE24r0U47cceIkVdTsw7iXA/73IyeZhYVIY.jpg?size=591x1280&quality=95&sign=7800e90fa1b4740c3df0512d8bebf515&c_uniq_tag=yv5bf2Wck0o3kcqpyeiUq3kXFurXh45I-0PeEx47gc4&type=album","o":"https://sun9-73.userapi.com/impg/AIw1NfH6dtb3_0HmE24r0U47cceIkVdTsw7iXA/73IyeZhYVIY.jpg?size=499x1080&quality=95&sign=ac8075b7e83e0c3cae21373e3a21d155&c_uniq_tag=rwl5yTvpICYSPOUQleA7OQP914s1FhC_mAr5ohjJkrs&type=album","t":"https://sun9-73.userapi.com/impg/AIw1NfH6dtb3_0HmE24r0U47cceIkVdTsw7iXA/73IyeZhYVIY.jpg?size=279x604&quality=95&sign=fd3efd07ee5919898e2305e7458cd28f&c_uniq_tag=1YMEI9cQwshhxuzinYcZSHszaR1cASwJxy8aqed4qtc&type=album"},"z":"","q":0,"w":0,"o":668077839,"i":457239377,"d":504128824}],"m":[]},{"i":2421368,"f":15267753,"t":"Ну попроси скрин)","d":504128556,"a":[],"m":[]},{"i":2421348,"f":668077839,"t":"Может даже раньше","d":504127545,"a":[],"m":[]},{"i":2421347,"f":668077839,"t":"Где то в 5-6","d":504127539,"a":[],"m":[]},{"i":2421346,"f":668077839,"t":"Но он давно отправил","d":504127535,"a":[],"m":[]},{"i":2421345,"f":668077839,"t":"Карты отправляет","d":504127524,"a":[],"m":[]},{"i":2421344,"f":668077839,"t":"Или белорусской","d":504127520,"a":[],"m":[]},{"i":2421343,"f":668077839,"t":"Там чел с российской","d":504127517,"a":[],"m":[]},{"i":2421342,"f":668077839,"t":"Я просто не знаю","d":504127510,"a":[],"m":[]},{"i":2421341,"f":15267753,"t":"Да обычно сразу приходит)","d":504127477,"a":[],"m":[]},{"i":2421334,"f":668077839,"t":"Ещё","d":504126682,"a":[],"m":[]},{"i":2421333,"f":668077839,"t":"Нужно будет подождать","d":504126678,"a":[],"m":[]},{"i":2421332,"f":668077839,"t":"Попрошу скрин(","d":504126673,"a":[],"m":[]},{"i":2421331,"f":15267753,"t":"Не виду чета(","d":504126656,"a":[],"m":[]},{"i":2421330,"f":668077839,"t":"Сейчас попрошу скрины","d":504126642,"a":[],"m":[]},{"i":2421326,"f":668077839,"t":"Да","d":504126616,"a":[],"m":[]},{"i":2421311,"f":15267753,"t":"С рб?","d":504126406,"a":[],"m":[]},{"i":2421310,"f":668077839,"t":"Пришли?","d":504126312,"a":[],"m":[]},{"i":2421051,"f":668077839,"t":"Скоро скрин скину","d":504117683,"a":[],"m":[]},{"i":2421050,"f":668077839,"t":"Сори, был занят","d":504117679,"a":[],"m":[]},{"i":2420018,"f":15267753,"t":"угу","d":504056762,"a":[],"m":[]},{"i":2420016,"f":668077839,"t":"Спасибо большое!","d":504056723,"a":[],"m":[]},{"i":2420015,"f":668077839,"t":"Сейчас отпишу, чтоб отправили тебе деньги","d":504056718,"a":[],"m":[]},{"i":2420014,"f":15267753,"t":"Накладная успешно создана с номером: 1309225373\n350","d":504056687,"a":[],"m":[]},{"i":2419846,"f":668077839,"t":"Поясная","d":504049513,"a":[],"m":[]},{"i":2419844,"f":668077839,"t":"Сумка","d":504049507,"a":[],"m":[]},{"i":2419843,"f":15267753,"t":"Пара?","d":504049492,"a":[],"m":[]},{"i":2419840,"f":668077839,"t":"Спасибо","d":504049441,"a":[],"m":[{"f":15267753,"t":"Пиши чуть позже сделаю","d":504049230,"a":[]}]},{"i":2419839,"f":668077839,"t":"Москва Минск \n\nДайпле Брайт Мозесович\n\n+375 (29) 638-06-51\n\nг. Минск, улица Центральная,6","d":504049431,"a":[],"m":[]},{"i":2419829,"f":15267753,"t":"Пиши чуть позже сделаю","d":504049230,"a":[],"m":[]},{"i":2419828,"f":15267753,"t":"Привет","d":504049224,"a":[],"m":[]},{"i":2419827,"f":668077839,"t":"Оформишь накладную?","d":504049203,"a":[],"m":[]},{"i":2419826,"f":668077839,"t":"Привет","d":504049197,"a":[],"m":[]},{"i":2393180,"f":668077839,"t":"Отлично😌","d":502023397,"a":[],"m":[]},{"i":2393178,"f":15267753,"t":"+","d":502023325,"a":[],"m":[]},{"i":2392962,"f":668077839,"t":"","d":501973209,"a":[{"t":0,"s":{"m":"https://sun9-12.userapi.com/impg/4eizePbIJqYiqe5MMw-GSTWWUf_MShnQ8ri3bQ/aKF8aj7kCGc.jpg?size=498x1080&quality=96&sign=d432b48ebbf8733bf42b221d8b4654ce&c_uniq_tag=PojvRi1OrKTuFGZZv0iMX4qM3oIwZZzHO9aXBvGkMNs&type=album","s":"https://sun9-12.userapi.com/impg/4eizePbIJqYiqe5MMw-GSTWWUf_MShnQ8ri3bQ/aKF8aj7kCGc.jpg?size=279x604&quality=96&sign=d17d1845ab1fc03e08ad4a7185919c4e&c_uniq_tag=UGOObZOL6ibtsR1Zv0V_7qUoHQjLgmaYDkyUyk0M--o&type=album","n":"https://sun9-12.userapi.com/impg/4eizePbIJqYiqe5MMw-GSTWWUf_MShnQ8ri3bQ/aKF8aj7kCGc.jpg?size=35x75&quality=96&sign=ee230f7e9b6b056c515fd3ec0b8c0e34&c_uniq_tag=xQGyNMYXPxi17Dmvy-k9WLJHjB6AYQSbddP4v8qLaB8&type=album","o":"https://sun9-12.userapi.com/impg/4eizePbIJqYiqe5MMw-GSTWWUf_MShnQ8ri3bQ/aKF8aj7kCGc.jpg?size=510x900&quality=96&crop=0,0,738,1302&sign=0b4c1e45277cafbf0df254e68de53c16&c_uniq_tag=iTRTWBTBCO7PN4C5QqZ7_Nytd-yUEtvdESZbvn3tXxE&type=album","t":"https://sun9-12.userapi.com/impg/4eizePbIJqYiqe5MMw-GSTWWUf_MShnQ8ri3bQ/aKF8aj7kCGc.jpg?size=200x434&quality=96&sign=265de04be6a464a5760186c6bbdc6801&c_uniq_tag=Oj3dFLi6GYnn4jXf-Q1FIHXuxPMZ3UMKxCcnA4HPcag&type=album"},"z":"","q":0,"w":0,"o":668077839,"i":457239334,"d":501973209}],"m":[]},{"i":2392961,"f":668077839,"t":"Пришли?","d":501973190,"a":[],"m":[]},{"i":2392407,"f":15267753,"t":"оке","d":501950611,"a":[],"m":[]},{"i":2392402,"f":668077839,"t":"Жду, пока чел скинет","d":501950560,"a":[],"m":[]},{"i":2392386,"f":668077839,"t":"Сейчас скину","d":501949721,"a":[],"m":[]},{"i":2392385,"f":668077839,"t":"Отлично","d":501949717,"a":[],"m":[]},{"i":2392384,"f":15267753,"t":"Накладная успешно создана с номером: 1303893724\n400","d":501949701,"a":[],"m":[]},{"i":2392383,"f":668077839,"t":"О, отлично😌\n\n1 сумка найк\n\nГор Сыктывкар-Молодечно\nТрусевич Филипп Вячеславович\nПвз СДЭК по адресу:\nГ.Молодечно, ул. Виленская 13А\n+375292084610","d":501949643,"a":[],"m":[]},{"i":2392360,"f":15267753,"t":"привет да","d":501949121,"a":[],"m":[]},{"i":2392343,"f":668077839,"t":"Привет, сделаешь накладную?","d":501948579,"a":[],"m":[]},{"i":2282125,"f":15267753,"t":"посибо!","d":494704786,"a":[],"m":[]},{"i":2282123,"f":668077839,"t":"с днём рождения","d":494704774,"a":[],"m":[]},{"i":2268433,"f":15267753,"t":"Привет, ой, даже не знаю","d":493904015,"a":[],"m":[]},{"i":2268391,"f":668077839,"t":"может ты в курсе, бывают ли пуховики тнф по типу 700-ых с черным лого тнф??? а то я обыскался и не смог найтие","d":493898728,"a":[],"m":[]},{"i":2268389,"f":668077839,"t":"Привет","d":493898694,"a":[],"m":[]},{"i":2261447,"f":668077839,"t":"загнались","d":493468976,"a":[],"m":[]},{"i":2261446,"f":15267753,"t":"а оке а то сдек чет пишет срок хранения истек","d":493468964,"a":[],"m":[]},{"i":2261426,"f":668077839,"t":"дааа!","d":493468720,"a":[],"m":[]},{"i":2261424,"f":15267753,"t":"ты забрал ее?","d":493468699,"a":[],"m":[{"f":15267753,"t":"Накладная успешно создана с номером: 1272744833","d":491836823,"a":[]}]},{"i":2260537,"f":15267753,"t":"+","d":493403022,"a":[],"m":[]},{"i":2260528,"f":668077839,"t":"","d":493402909,"a":[{"t":0,"s":{"m":"https://sun9-70.userapi.com/impg/PjPmCb55HfynAmU9CI3w4AncipppdfmTCEuBUA/GOLElbS_2Tg.jpg?size=499x1080&quality=96&sign=a92c13f74b25700af4feb50cf7f48678&c_uniq_tag=EwqJzA0-WQJErMrwnZEpdG5tj5gYPH8w36P0XcY40Nc&type=album","s":"https://sun9-70.userapi.com/impg/PjPmCb55HfynAmU9CI3w4AncipppdfmTCEuBUA/GOLElbS_2Tg.jpg?size=279x604&quality=96&sign=d6a7bf3ea9662a17bc333125dd5852c1&c_uniq_tag=SEANsgwQPDCC8hgVvhVj7fpj5lVKxad3R0qBWADHz30&type=album","n":"https://sun9-70.userapi.com/impg/PjPmCb55HfynAmU9CI3w4AncipppdfmTCEuBUA/GOLElbS_2Tg.jpg?size=35x75&quality=96&sign=5f365d4795d546d0be36d68a932fed7b&c_uniq_tag=ns0VyISMuU0xwbmeWRUkIuiKI7A0kybrS_kwYGqC5ag&type=album","o":"https://sun9-70.userapi.com/impg/PjPmCb55HfynAmU9CI3w4AncipppdfmTCEuBUA/GOLElbS_2Tg.jpg?size=510x900&quality=96&crop=0,0,750,1324&sign=9035f4a0f53f8488f14b09d5766d34fb&c_uniq_tag=GXYKP_u4sl3D6D_FtWOJpAXUfnVifzvGpHSOOXkYrE8&type=album","t":"https://sun9-70.userapi.com/impg/PjPmCb55HfynAmU9CI3w4AncipppdfmTCEuBUA/GOLElbS_2Tg.jpg?size=200x433&quality=96&sign=b715cd552fd7dc55d310aa144e5a69ea&c_uniq_tag=d8d-wOu72z-BpZfg5NxYQW3BuvuXT-yP402BMywotFA&type=album"},"z":"","q":0,"w":0,"o":668077839,"i":457239118,"d":493402909}],"m":[]},{"i":2260522,"f":15267753,"t":"350","d":493402817,"a":[],"m":[]},{"i":2260521,"f":15267753,"t":"Накладная успешно создана с номером: 1276775185","d":493402816,"a":[],"m":[]},{"i":2260479,"f":668077839,"t":"Москва-Молодечно\n\n1 бокс найк 9юс\n\nДайпле Халев Мозесович\nпвз СДЭК по адресу:\nг. Молодечно, ул. Виленская 13А\n+375259018607","d":493401300,"a":[],"m":[]},{"i":2260238,"f":15267753,"t":"++++","d":493391511,"a":[],"m":[]},{"i":2260236,"f":668077839,"t":"","d":493391496,"a":[{"t":0,"s":{"m":"https://sun9-4.userapi.com/impg/vWzQW4lCmJp1PIlDAr3D6jBHCv61lvFFCYYqzQ/9vE3Zw-x8o4.jpg?size=499x1080&quality=96&sign=dfe801fcef94226251d4ce64c6a1b8e4&c_uniq_tag=pxKftNQmW2kmDn6NN7-CRwDiX5I3JugeceIgViwgPV8&type=album","s":"https://sun9-4.userapi.com/impg/vWzQW4lCmJp1PIlDAr3D6jBHCv61lvFFCYYqzQ/9vE3Zw-x8o4.jpg?size=279x604&quality=96&sign=647efc0e0a67acb345c2d3acb5d951e3&c_uniq_tag=7Kq3QWIVix9AxMtb8Ka2bxhGuSFNZDNCTNVhwi7rJ-s&type=album","n":"https://sun9-4.userapi.com/impg/vWzQW4lCmJp1PIlDAr3D6jBHCv61lvFFCYYqzQ/9vE3Zw-x8o4.jpg?size=35x75&quality=96&sign=16315481204dbbd3769c351453d7e007&c_uniq_tag=S-Dm4kbMXt6rdxvja1-Mhkgtz7pnriNR5Idt5uZe4Ew&type=album","o":"https://sun9-4.userapi.com/impg/vWzQW4lCmJp1PIlDAr3D6jBHCv61lvFFCYYqzQ/9vE3Zw-x8o4.jpg?size=510x900&quality=96&crop=0,0,750,1324&sign=a3b98cd32f9d83ef6a816af0954148b9&c_uniq_tag=jRU80Qz-DTkwGB9d9-6bM_a5rThxRGwJL503uudhmyk&type=album","t":"https://sun9-4.userapi.com/impg/vWzQW4lCmJp1PIlDAr3D6jBHCv61lvFFCYYqzQ/9vE3Zw-x8o4.jpg?size=200x433&quality=96&sign=62880731a19f7180beaf19916221023f&c_uniq_tag=yPJ9EsleVfFp2P9t77s_MQL6tXJYUbPXXLofjum58lg&type=album"},"z":"","q":0,"w":0,"o":668077839,"i":457239113,"d":493391496}],"m":[]},{"i":2260229,"f":668077839,"t":"щя закину","d":493391217,"a":[],"m":[]},{"i":2260228,"f":668077839,"t":"спс","d":493391216,"a":[],"m":[]},{"i":2260227,"f":15267753,"t":"450","d":493391119,"a":[],"m":[]},{"i":2260226,"f":15267753,"t":"Накладная успешно создана с номером: 1276692604","d":493391118,"a":[],"m":[]},{"i":2260225,"f":15267753,"t":"ща сделаю","d":493391061,"a":[],"m":[]},{"i":2260224,"f":15267753,"t":"шип дороже носков будет )","d":493391033,"a":[],"m":[]},{"i":2260223,"f":15267753,"t":"привет","d":493391026,"a":[],"m":[]},{"i":2260222,"f":668077839,"t":"Новосибирск - Молодечно\n\nДайпле Халев Мозесович\nпвз СДЭК по адресу:\nг. Молодечно, ул. Виленская 13А\n+375259018607","d":493391006,"a":[],"m":[]},{"i":2260220,"f":668077839,"t":"привет) на такие носочки сделай накладную","d":493390998,"a":[{"t":0,"s":{"m":"https://sun9-64.userapi.com/impg/xEbyJYtbSLJVh_L30bbafsq9yE-qTQ3_4HlCZQ/5w4wNCJEfDg.jpg?size=800x800&quality=96&sign=67e59de363fcd208eb57db9dc3a14367&c_uniq_tag=D48HOYpH4jJx1vQ4QK1ApE_HgkFjhT6KIw3YP9fx7cs&type=album","s":"https://sun9-64.userapi.com/impg/xEbyJYtbSLJVh_L30bbafsq9yE-qTQ3_4HlCZQ/5w4wNCJEfDg.jpg?size=75x75&quality=96&sign=aa164673a1520a3f55d6796d50ba8493&c_uniq_tag=FNErcltjuv9ZWGyc5J0WsTCQZKITodnmoFTm_OpleYA&type=album","n":"https://sun9-64.userapi.com/impg/xEbyJYtbSLJVh_L30bbafsq9yE-qTQ3_4HlCZQ/5w4wNCJEfDg.jpg?size=510x510&quality=96&sign=40bd7cd4a735c4ff3329b41708f08497&c_uniq_tag=QN469fw0s2RylrA6MUoQN4yF6g2CzsfUBj2GMzzBD9U&type=album","o":"https://sun9-64.userapi.com/impg/xEbyJYtbSLJVh_L30bbafsq9yE-qTQ3_4HlCZQ/5w4wNCJEfDg.jpg?size=320x320&quality=96&sign=0b165111121193f4632710fc9cfdc85e&c_uniq_tag=QoOAY3P8Xj-Sf8CBGri0SVhlrjnirsXhCGN6yE8HFho&type=album","t":"https://sun9-64.userapi.com/impg/xEbyJYtbSLJVh_L30bbafsq9yE-qTQ3_4HlCZQ/5w4wNCJEfDg.jpg?size=130x130&quality=96&sign=44e345fdc84a0a2a9149fcc0ddc3fda2&c_uniq_tag=0jdGmlPHe9FF3dBIjaQAwfGaz7HrqZGKHIvT5zDQfSM&type=album"},"z":"","q":0,"w":0,"o":668077839,"i":457239110,"d":493390769}],"m":[]},{"i":2258499,"f":15267753,"t":"+","d":493255302,"a":[],"m":[]},{"i":2258492,"f":668077839,"t":"","d":493254107,"a":[{"t":0,"s":{"m":"https://sun9-54.userapi.com/impg/4KSrLVbxxH-0-XANYEmtaTGJmmUVUm6vrHl-1Q/PCSYzLNjWkI.jpg?size=499x1080&quality=96&sign=db68ce46670e231a964ef8f2ebe47511&c_uniq_tag=FerGVoFIOsrEFApLersmYXotuta-kL7PZp-FDSazuwo&type=album","s":"https://sun9-54.userapi.com/impg/4KSrLVbxxH-0-XANYEmtaTGJmmUVUm6vrHl-1Q/PCSYzLNjWkI.jpg?size=279x604&quality=96&sign=2ba63e5d87084c777369ed6db2dc1830&c_uniq_tag=eh8jwMlmhPseLFXefFqbU9Secj8_BMwwIyGgyMkBHV4&type=album","n":"https://sun9-54.userapi.com/impg/4KSrLVbxxH-0-XANYEmtaTGJmmUVUm6vrHl-1Q/PCSYzLNjWkI.jpg?size=35x75&quality=96&sign=80e07ed396f55cd75c5f6c360ada95ad&c_uniq_tag=wPv6h5NTiZF7hQwoh9tyu6qJV23FRBEjbfMyYHhq5L8&type=album","o":"https://sun9-54.userapi.com/impg/4KSrLVbxxH-0-XANYEmtaTGJmmUVUm6vrHl-1Q/PCSYzLNjWkI.jpg?size=510x900&quality=96&crop=0,0,750,1324&sign=b163d6fe572c084977054f514a66bd86&c_uniq_tag=mFO3ePtkK5zs2Leht9BVHbN7xnLDGKKUQVZ4IZEiNnE&type=album","t":"https://sun9-54.userapi.com/impg/4KSrLVbxxH-0-XANYEmtaTGJmmUVUm6vrHl-1Q/PCSYzLNjWkI.jpg?size=200x433&quality=96&sign=61d04369153be224b9cbca57e5bdaaee&c_uniq_tag=_m4sDEjQj6TGVNiZeNfbl6OsRfGoSqjNkyBkTi_fPPE&type=album"},"z":"","q":0,"w":0,"o":668077839,"i":457239103,"d":493254107}],"m":[]},{"i":2258491,"f":668077839,"t":"ле, подорожало","d":493253979,"a":[],"m":[]},{"i":2258480,"f":15267753,"t":"550","d":493252753,"a":[],"m":[]},{"i":2258479,"f":15267753,"t":"Накладная успешно создана с номером: 1276441639","d":493252753,"a":[],"m":[]},{"i":2258265,"f":668077839,"t":"хорошо)","d":493238585,"a":[],"m":[]},{"i":2258264,"f":15267753,"t":"Да чуть позже","d":493238580,"a":[],"m":[]},{"i":2258263,"f":15267753,"t":"Привел","d":493238571,"a":[],"m":[]},{"i":2258261,"f":668077839,"t":"Новосибирск - Молодечно\n\nДайпле Халев Мозесович\nпвз СДЭК по адресу:\nг. Молодечно, ул. Виленская 13А\n+375259018607\n\n1 бокс адидас 9юс","d":493238534,"a":[],"m":[]},{"i":2258257,"f":668077839,"t":"йо\nнакладную сделаешь?","d":493238325,"a":[],"m":[]},{"i":2237884,"f":15267753,"t":"+++","d":492093481,"a":[],"m":[]},{"i":2237882,"f":668077839,"t":"перевёл","d":492093212,"a":[],"m":[]},{"i":2237848,"f":668077839,"t":"ок!","d":492089881,"a":[],"m":[]},{"i":2237847,"f":15267753,"t":"А то могу не увидеть пуш","d":492089881,"a":[],"m":[]},{"i":2237846,"f":15267753,"t":"Ну напишешь тож","d":492089874,"a":[],"m":[]},{"i":2237845,"f":15267753,"t":"Оке","d":492089865,"a":[],"m":[]},{"i":2237844,"f":668077839,"t":"как зайдёт)","d":492089855,"a":[],"m":[]},{"i":2237843,"f":668077839,"t":"написал теме, он скинет","d":492089851,"a":[],"m":[]},{"i":2237840,"f":15267753,"t":"Кроссовки\n\nНакладная успешно создана с номером: 1273296147\n350","d":492089476,"a":[],"m":[]},{"i":2237839,"f":15267753,"t":"Футболка\nНакладная успешно создана с номером: 1273295846\n350","d":492089327,"a":[],"m":[]},{"i":2237836,"f":15267753,"t":"Ща","d":492088770,"a":[],"m":[]},{"i":2237835,"f":668077839,"t":"нужно две накладные из москвы\n\nмосква-молодечно \n\nДайпле Халев Мозесович\nг. Молодечно, ул. Виленская 13А\n+375259018607\n(футболка одна С)\n\nи ещё такая же, только на кроссовки","d":492088616,"a":[],"m":[]},{"i":2233977,"f":15267753,"t":"окей))","d":491852012,"a":[],"m":[]},{"i":2233956,"f":668077839,"t":"работаем здесь теперь","d":491850762,"a":[],"m":[]},{"i":2233955,"f":668077839,"t":"ахаха","d":491850758,"a":[],"m":[]},{"i":2233954,"f":668077839,"t":"да","d":491850751,"a":[],"m":[]},{"i":2233477,"f":15267753,"t":"+++","d":491837077,"a":[],"m":[]},{"i":2233476,"f":15267753,"t":"У тебя стр новая чтоли)))","d":491837075,"a":[],"m":[]},{"i":2233475,"f":15267753,"t":"","d":491837074,"a":[{"t":0,"s":{"m":"https://sun9-51.userapi.com/impg/HurJ9TpwC00mcHERtNh2XMEsnYOXje3mnH9aBg/UH8m7we8X6Y.jpg?size=499x1080&quality=96&sign=10b63b2c3193aa33570b993252a541f2&c_uniq_tag=hX71Eb5J5qsmEL6cI8CwFaInLVYQJt8mMwD0L4jKA4c&type=album","s":"https://sun9-51.userapi.com/impg/HurJ9TpwC00mcHERtNh2XMEsnYOXje3mnH9aBg/UH8m7we8X6Y.jpg?size=279x604&quality=96&sign=0f2458842692205d1d31dd4cdd3c8bb7&c_uniq_tag=_gpDcXjKf26T5uMWzhsXHE_hp6XWKc7KvyPHyPatFuc&type=album","n":"https://sun9-51.userapi.com/impg/HurJ9TpwC00mcHERtNh2XMEsnYOXje3mnH9aBg/UH8m7we8X6Y.jpg?size=35x75&quality=96&sign=9f7d55e145edb027aa1e03b2d643add7&c_uniq_tag=EZB2Q3p8C8JcSv5WdcPDtACtvUwLbIQQnqcTDKV6hVI&type=album","o":"https://sun9-51.userapi.com/impg/HurJ9TpwC00mcHERtNh2XMEsnYOXje3mnH9aBg/UH8m7we8X6Y.jpg?size=510x900&quality=96&crop=0,0,750,1324&sign=dd3bc35d179eb0935dcee18605258f3e&c_uniq_tag=n0df2VnLio8QqycMEZzfQ0nY6atbmZsTPMpkvpdKpzA&type=album","t":"https://sun9-51.userapi.com/impg/HurJ9TpwC00mcHERtNh2XMEsnYOXje3mnH9aBg/UH8m7we8X6Y.jpg?size=200x433&quality=96&sign=f393e7fbb04ab7521ee9ab7bb8192100&c_uniq_tag=cD00L3MhUfLWn6B_NO0zXCiGS9YfViXV9OBuRQN4eJ0&type=album"},"z":"","q":0,"w":0,"o":15267753,"i":457257577,"d":491837074}],"m":[]},{"i":2233465,"f":668077839,"t":"сколько пришло?","d":491836953,"a":[],"m":[]},{"i":2233464,"f":668077839,"t":"","d":491836948,"a":[{"t":0,"s":{"m":"https://sun9-14.userapi.com/impg/tO0t2dJqfcu6E-QW0sbEpwyvUVaINMHKsF40Nw/vVEJ8T_tVow.jpg?size=499x1080&quality=96&sign=abf905e5e3d8ee9b25a578c3162fd412&c_uniq_tag=DjOqZeQcpyk199mBbuJvkVq95-gXB2U1xeElP7Njofw&type=album","s":"https://sun9-14.userapi.com/impg/tO0t2dJqfcu6E-QW0sbEpwyvUVaINMHKsF40Nw/vVEJ8T_tVow.jpg?size=279x604&quality=96&sign=d275f6590dd2858f4f7a8d33c9ebefd3&c_uniq_tag=NCjy51N4XDpTYH6GP4-LBy_Fm85zcUabSAKphRxjh4I&type=album","n":"https://sun9-14.userapi.com/impg/tO0t2dJqfcu6E-QW0sbEpwyvUVaINMHKsF40Nw/vVEJ8T_tVow.jpg?size=35x75&quality=96&sign=c72ad9b182f592f93233d6e9767ea684&c_uniq_tag=DK_XHgof9I6GugGx6ZW1z7GrIAnBPzFQG_ZOLFBUA_g&type=album","o":"https://sun9-14.userapi.com/impg/tO0t2dJqfcu6E-QW0sbEpwyvUVaINMHKsF40Nw/vVEJ8T_tVow.jpg?size=510x900&quality=96&crop=0,0,750,1324&sign=283ad9b71770999f4bc48a1691459c65&c_uniq_tag=K-iNScwMqZoTTS41gqqGKDXNHyFuIPcOc_fa0r_uIlw&type=album","t":"https://sun9-14.userapi.com/impg/tO0t2dJqfcu6E-QW0sbEpwyvUVaINMHKsF40Nw/vVEJ8T_tVow.jpg?size=200x433&quality=96&sign=2f472a81828df0b091e420379aa9bc6f&c_uniq_tag=u-KMaVv31sxJ3tZFD5yII40NMOwTYVxcY_aDA3uzYqo&type=album"},"z":"","q":0,"w":0,"o":668077839,"i":457239083,"d":491836948}],"m":[]},{"i":2233462,"f":15267753,"t":"","d":491836864,"a":[],"m":[{"f":15267753,"t":"4276441235123937\n02/23\nIlya Trishin","d":491036455,"a":[]}]},{"i":2233461,"f":668077839,"t":"скинь плиз","d":491836840,"a":[],"m":[]},{"i":2233459,"f":668077839,"t":"номер карты и срок действия","d":491836838,"a":[],"m":[]},{"i":2233457,"f":15267753,"t":"380","d":491836824,"a":[],"m":[]},{"i":2233456,"f":15267753,"t":"Накладная успешно создана с номером: 1272744833","d":491836823,"a":[],"m":[]},{"i":2233448,"f":668077839,"t":"одна кофта такая\nL","d":491836631,"a":[],"m":[]},{"i":2233444,"f":668077839,"t":"","d":491836622,"a":[{"t":0,"s":{"m":"https://sun9-78.userapi.com/impg/RqjlkMwyKbKpQ0CZx5F5woA4zBcyhDdo5T4Cjg/ynb_qUjv_MI.jpg?size=497x1080&quality=96&sign=acb3f0bba3c6084792de876c9f82643f&c_uniq_tag=ettR-esVGuSiFD6kd5DgSwTdbUSNjDkef0ZcG-brLj8&type=album","s":"https://sun9-78.userapi.com/impg/RqjlkMwyKbKpQ0CZx5F5woA4zBcyhDdo5T4Cjg/ynb_qUjv_MI.jpg?size=278x604&quality=96&sign=e5b99829c072f5e60c3472799b75c261&c_uniq_tag=E6GRROcAai94epE0xp6Gk6HUm9p5w5GHpMdqZLqmM6s&type=album","n":"https://sun9-78.userapi.com/impg/RqjlkMwyKbKpQ0CZx5F5woA4zBcyhDdo5T4Cjg/ynb_qUjv_MI.jpg?size=497x900&quality=96&crop=0,0,497,900&sign=2c76627ac5790d64fb5fee9214425dcf&c_uniq_tag=0UrJBGn8zQPp7D2N-nvRGueRgOTiq0WxgNwym3IUTC0&type=album","o":"https://sun9-78.userapi.com/impg/RqjlkMwyKbKpQ0CZx5F5woA4zBcyhDdo5T4Cjg/ynb_qUjv_MI.jpg?size=320x695&quality=96&sign=e92ead819bb18a66e8200097ebec2d1d&c_uniq_tag=LqFF9y23dr6uvNhx6vGA0YNlOK2Q2tlj4JbvYsyJE6o&type=album","t":"https://sun9-78.userapi.com/impg/RqjlkMwyKbKpQ0CZx5F5woA4zBcyhDdo5T4Cjg/ynb_qUjv_MI.jpg?size=130x282&quality=96&sign=2beacdcb5d5d301f80f1db8465c49142&c_uniq_tag=gZFn7f3tmgj33vJaU85UaAFKG_xN1oN-9LqgT6AnWec&type=album"},"z":"","q":0,"w":0,"o":668077839,"i":457239082,"d":491836622}],"m":[]},{"i":2233443,"f":668077839,"t":"Перьм","d":491836614,"a":[],"m":[]},{"i":2233439,"f":15267753,"t":"Откуда и габариты","d":491836598,"a":[],"m":[]},{"i":2233435,"f":668077839,"t":"Дубяго Максим Валентинович\nпвз сдэк:\nг. Молодечно, ул. Виленская 13/А\n+375259018607","d":491836473,"a":[],"m":[]},{"i":2233290,"f":15267753,"t":"Давай","d":491832800,"a":[],"m":[]},{"i":2233289,"f":15267753,"t":"Привет","d":491832798,"a":[],"m":[]},{"i":2233266,"f":668077839,"t":"привет \nнакладную сделаешь?","d":491831891,"a":[],"m":[]}]}