{"meta":{"v":"1.2","p":58718101,"a":15267753,"t":"Никита Ким","d":1691416299},"data":[{"i":2364473,"f":58718101,"t":"Привет, нужны чёрные","d":499972784,"a":[],"m":[]},{"i":2364435,"f":15267753,"t":"Такие новые зеленые есть, Л сайз, 16к","d":499970820,"a":[{"t":0,"s":{"m":"https://sun9-15.userapi.com/impg/GoHghKdIqw44eEJ75quOuC0GLhEw9mFSjr41eg/upr0W1TT1u0.jpg?size=1024x1024&quality=96&sign=b5d0ac80340c90d4bc1986c5513a7001&c_uniq_tag=lWURxoTo_YurO53iRupIe4r930RDjsuSS_YPTEc5_xY&type=album","s":"https://sun9-15.userapi.com/impg/GoHghKdIqw44eEJ75quOuC0GLhEw9mFSjr41eg/upr0W1TT1u0.jpg?size=604x604&quality=96&sign=63fbf54f7c69960a4d58bd4e820e9680&c_uniq_tag=j5Aa8-63mInH_pVEeAYHLUB6cfVTDbLaVjG8Mz7Xxoc&type=album","n":"https://sun9-15.userapi.com/impg/GoHghKdIqw44eEJ75quOuC0GLhEw9mFSjr41eg/upr0W1TT1u0.jpg?size=510x510&quality=96&sign=13efa957832d32d68691c4c7304d775f&c_uniq_tag=LpuXm2H-RoILRcoppVRg2_hKq4f81DByN33r0KWta8Y&type=album","o":"https://sun9-15.userapi.com/impg/GoHghKdIqw44eEJ75quOuC0GLhEw9mFSjr41eg/upr0W1TT1u0.jpg?size=320x320&quality=96&sign=1cf658baea3bcce66f2ec5169f27c849&c_uniq_tag=bYrcWbFT_oTxd0u9X_UAmsxXPvVFq4oOnTjbUKwcqfM&type=album","t":"https://sun9-15.userapi.com/impg/GoHghKdIqw44eEJ75quOuC0GLhEw9mFSjr41eg/upr0W1TT1u0.jpg?size=130x130&quality=96&sign=b65e7a3040e220f715803d96a708d332&c_uniq_tag=pIgf4AKfbT4NTewB2YoUoEiJaeicGWS0-ibGS4z2Das&type=album"},"z":"","q":0,"w":0,"o":15267753,"i":457257928,"d":499970820}],"m":[]},{"i":2364434,"f":15267753,"t":"Привет","d":499970801,"a":[],"m":[]}]}