{"meta":{"v":"1.2","p":4267501,"a":15267753,"t":"Tony Toy","d":1691416147},"data":[{"i":2572783,"f":4267501,"t":"Понял.\nСпасибо за ответ👋🏻","d":511963222,"a":[],"m":[]},{"i":2572780,"f":15267753,"t":"Остались только акроним х найк из последней коллекции","d":511963174,"a":[],"m":[]},{"i":2572778,"f":15267753,"t":"Привет","d":511963163,"a":[],"m":[]},{"i":2572763,"f":4267501,"t":"Привет\nПомню ты продавал брюки ACG.\nПроданы?","d":511962751,"a":[],"m":[]}]}