{"meta":{"v":"1.2","p":135005515,"a":15267753,"t":"Сергей Замайский","d":1691415070},"data":[{"i":3136981,"f":135005515,"t":"+","d":552134926,"a":[],"m":[]},{"i":3136980,"f":135005515,"t":"Ое","d":552134692,"a":[],"m":[]},{"i":3136849,"f":15267753,"t":"1448960036 95","d":552097216,"a":[],"m":[]},{"i":3136847,"f":15267753,"t":"прив тут перемер докинуть","d":552097210,"a":[],"m":[]},{"i":3135320,"f":135005515,"t":"+","d":551969998,"a":[],"m":[]},{"i":3135279,"f":15267753,"t":"Номер заказа СДЭК 1451897036\n350","d":551967405,"a":[],"m":[{"f":135005515,"t":"8 (925) 242-53-00\nЗарубин Кирилл Романович \nХимки Пожарского 7\nС спб без коробки\nПосчитай М \nБез коробки \nС спб","d":551965895,"a":[]}]},{"i":3135266,"f":135005515,"t":"8 (925) 242-53-00\nЗарубин Кирилл Романович \nХимки Пожарского 7\nС спб без коробки\nПосчитай М \nБез коробки \nС спб","d":551965895,"a":[],"m":[]},{"i":3128634,"f":135005515,"t":"+","d":551366282,"a":[],"m":[]},{"i":3128562,"f":15267753,"t":"Номер заказа СДЭК 1449954335\n300","d":551361759,"a":[],"m":[{"f":135005515,"t":"Пенза. СДЕК ул. Калинина 97 . Получатель : Терёхин Владимир Евгеньевич. \n\n89022051962","d":551352609,"a":[]}]},{"i":3128535,"f":135005515,"t":"С спб размер эска\nБез коробки","d":551352630,"a":[],"m":[]},{"i":3128534,"f":135005515,"t":"Пенза. СДЕК ул. Калинина 97 . Получатель : Терёхин Владимир Евгеньевич. \n\n89022051962","d":551352609,"a":[],"m":[]},{"i":3125400,"f":15267753,"t":"+","d":551024441,"a":[],"m":[]},{"i":3125397,"f":135005515,"t":"Ушло","d":551024139,"a":[],"m":[]},{"i":3125385,"f":15267753,"t":"Номер заказа СДЭК 1448960036\n350","d":551023405,"a":[],"m":[{"f":135005515,"t":"Брянская область, г Дятьково , ул. Крупской, 20 \n\nДавыдов Владимир Ильич\n+7 980 330-00-83","d":551021703,"a":[]}]},{"i":3125379,"f":135005515,"t":"С химок","d":551023267,"a":[],"m":[]},{"i":3125376,"f":15267753,"t":"город откуда","d":551023254,"a":[],"m":[]},{"i":3125360,"f":135005515,"t":"С Московской области \nS без коробки","d":551021714,"a":[],"m":[]},{"i":3125359,"f":135005515,"t":"Брянская область, г Дятьково , ул. Крупской, 20 \n\nДавыдов Владимир Ильич\n+7 980 330-00-83","d":551021703,"a":[],"m":[]},{"i":3101587,"f":15267753,"t":"ок\\","d":548465474,"a":[],"m":[]},{"i":3101160,"f":135005515,"t":"300 должен еше","d":548436407,"a":[],"m":[]},{"i":3101159,"f":135005515,"t":"не поедет(","d":548436396,"a":[],"m":[{"f":15267753,"t":"Номер заказа СДЭК 1439930699 \n1700","d":548271755,"a":[]}]},{"i":3099811,"f":15267753,"t":"Номер заказа СДЭК 1439930699 \n1700","d":548271755,"a":[],"m":[{"f":135005515,"t":"Прохоров Алексей Николаевич, Южно-Сахалинск, пвз Комсомольская 153,89147635953","d":548257379,"a":[]}]},{"i":3099809,"f":135005515,"t":"Пусть будет \nЩас узнаю по почте","d":548271711,"a":[],"m":[]},{"i":3099808,"f":135005515,"t":"Добро\nСоздавай","d":548271674,"a":[],"m":[]},{"i":3099807,"f":15267753,"t":"1700 5-6","d":548271614,"a":[],"m":[]},{"i":3099805,"f":135005515,"t":"Мне отправить надо","d":548271525,"a":[],"m":[]},{"i":3099804,"f":135005515,"t":"Илья посчитай сколько будет экспресс стоит и сколько ехать","d":548271522,"a":[],"m":[]},{"i":3099747,"f":135005515,"t":"Илья","d":548265314,"a":[],"m":[]},{"i":3099734,"f":135005515,"t":"","d":548263238,"a":[{"t":3,"o":135005515,"i":667294536,"n":"audio_msg.opus","e":"ogg","s":12252,"url":"https://vk.com/doc135005515_667294536?hash=sKd2UULd6k0OYK1OOqUWzukT0rFkuN90PdlQYWIkpt8&dl=lVbx08QeLZP8Sf6sG4E9UzrsBpyp6C6DYHW6gi0paok&api=1&no_preview=1"}],"m":[]},{"i":3099733,"f":135005515,"t":"Sку посчитай пож","d":548263226,"a":[],"m":[]},{"i":3099730,"f":135005515,"t":"","d":548263102,"a":[{"t":3,"o":135005515,"i":667294426,"n":"audio_msg.opus","e":"ogg","s":22246,"url":"https://vk.com/doc135005515_667294426?hash=ORtpHgnBcOpCZrZqLcv8D9j8OpEGHAOGaZZKa5ZLzFX&dl=2dz42QQr702S6PmVHuDZQRqybXeeppjO9h421CvRsdz&api=1&no_preview=1"}],"m":[]},{"i":3099723,"f":135005515,"t":"Добро","d":548262864,"a":[],"m":[]},{"i":3099722,"f":15267753,"t":"Почта быстрей и дешевле всегда доезжает","d":548262836,"a":[],"m":[]},{"i":3099721,"f":15267753,"t":"Туда дорого очень","d":548262828,"a":[],"m":[]},{"i":3099720,"f":15267753,"t":"Привет","d":548262825,"a":[],"m":[]},{"i":3099681,"f":135005515,"t":"Сделаешь?","d":548261898,"a":[],"m":[]},{"i":3099603,"f":135005515,"t":"Самолет там вроде есть","d":548257433,"a":[],"m":[]},{"i":3099601,"f":135005515,"t":"С спб без коробки \nИнтересует самый быстрый вариант из возможных","d":548257397,"a":[],"m":[]},{"i":3099600,"f":135005515,"t":"Прохоров Алексей Николаевич, Южно-Сахалинск, пвз Комсомольская 153,89147635953","d":548257379,"a":[],"m":[]},{"i":3098423,"f":15267753,"t":"Номер заказа СДЭК 1439401047\n300","d":548101459,"a":[],"m":[{"f":135005515,"t":"Отправляю отсюда \n\nАлов Всеволод Валериевич\n89308946581\nТула, Макаренко 1А\n\nПолучатель Осипов Дмитрий Андреевич \n+7 931 963-11-28\nСанкт Петербург тележная 9","d":548101241,"a":[]}]},{"i":3098421,"f":135005515,"t":"S без коробки","d":548101252,"a":[],"m":[]},{"i":3098420,"f":135005515,"t":"Отправляю отсюда \n\nАлов Всеволод Валериевич\n89308946581\nТула, Макаренко 1А\n\nПолучатель Осипов Дмитрий Андреевич \n+7 931 963-11-28\nСанкт Петербург тележная 9","d":548101241,"a":[],"m":[]},{"i":3092275,"f":15267753,"t":"Задай вопрос по другому)","d":547478047,"a":[],"m":[]},{"i":3092274,"f":15267753,"t":"Для чего?","d":547478011,"a":[],"m":[]},{"i":3092273,"f":135005515,"t":"Ну ндс включён или нет? Не знаешь?","d":547477982,"a":[],"m":[]},{"i":3092269,"f":15267753,"t":"Что это значит","d":547477803,"a":[],"m":[]},{"i":3092268,"f":15267753,"t":"Привет","d":547477801,"a":[],"m":[]},{"i":3092267,"f":135005515,"t":"Здарова\nУ тебя договор сдек с ндс?","d":547477785,"a":[],"m":[]},{"i":3090847,"f":135005515,"t":"+","d":547326077,"a":[],"m":[]},{"i":3090568,"f":15267753,"t":"Номер заказа СДЭК 1436731238\n300","d":547309921,"a":[],"m":[{"f":135005515,"t":"МО, г. Дедовск, улица Победы 4\nКузнецов Виктор Александрович\n+79037148049","d":547305354,"a":[]}]},{"i":3090493,"f":135005515,"t":"С спб без коробки экса","d":547305362,"a":[],"m":[]},{"i":3090492,"f":135005515,"t":"МО, г. Дедовск, улица Победы 4\nКузнецов Виктор Александрович\n+79037148049","d":547305354,"a":[],"m":[]},{"i":3089255,"f":135005515,"t":"+","d":547208481,"a":[],"m":[]},{"i":3089246,"f":135005515,"t":"Ок","d":547207380,"a":[],"m":[]},{"i":3089117,"f":15267753,"t":"без оплаты получателем","d":547176261,"a":[],"m":[]},{"i":3089116,"f":15267753,"t":"Номер заказа СДЭК 1436153083\n300","d":547176257,"a":[],"m":[{"f":135005515,"t":"СДЭКом по адресу: город Пенза, улица Центральная 1, корпус 3 (пункт выдачи) - оплату за счёт получателя.\nПолучатель: Авдонина Оксана Петровна\n89965600058","d":547170868,"a":[]}]},{"i":3089090,"f":135005515,"t":"С спб. Без коробки эска","d":547170877,"a":[],"m":[]},{"i":3089089,"f":135005515,"t":"СДЭКом по адресу: город Пенза, улица Центральная 1, корпус 3 (пункт выдачи) - оплату за счёт получателя.\nПолучатель: Авдонина Оксана Петровна\n89965600058","d":547170868,"a":[],"m":[]},{"i":3087052,"f":135005515,"t":"+","d":546955303,"a":[],"m":[]},{"i":3086984,"f":15267753,"t":"Номер заказа СДЭК 1435583080\n250","d":546946477,"a":[],"m":[{"f":135005515,"t":"Саянская 7к1  Москва \n\nСоловьев Олег Александрович\n\n+7 926 172-20-90\n\nС химок без коробки Эска","d":546945608,"a":[]}]},{"i":3086980,"f":135005515,"t":"Саянская 7к1  Москва \n\nСоловьев Олег Александрович\n\n+7 926 172-20-90\n\nС химок без коробки Эска","d":546945608,"a":[],"m":[]},{"i":3083831,"f":15267753,"t":"да","d":546605976,"a":[],"m":[]},{"i":3083822,"f":135005515,"t":"В Новодвинске вообще нет?","d":546605457,"a":[],"m":[]},{"i":3083820,"f":15267753,"t":"а там нет сдек","d":546605384,"a":[],"m":[]},{"i":3083808,"f":135005515,"t":"М без коробки","d":546604575,"a":[],"m":[]},{"i":3083807,"f":135005515,"t":"С спб","d":546604572,"a":[],"m":[]},{"i":3083806,"f":135005515,"t":"Новодвинск, ул.3-й Пятилетки, 8","d":546604569,"a":[],"m":[]},{"i":3083805,"f":135005515,"t":"Закусов Симон Павлович 89021927211","d":546604561,"a":[],"m":[]},{"i":3080935,"f":135005515,"t":"+","d":546280775,"a":[],"m":[]},{"i":3080568,"f":15267753,"t":"Номер заказа СДЭК 1433347241\n350","d":546267773,"a":[],"m":[]},{"i":3080450,"f":135005515,"t":"С спб М \nБез коробки","d":546261680,"a":[],"m":[{"f":135005515,"t":"8 (925) 242-53-00\nЗарубин Кирилл Романович \nХимки Пожарского 7\nС спб без коробки\nПосчитай М и Л пожалуйста сколько будет","d":535744044,"a":[]}]},{"i":3077153,"f":135005515,"t":"+","d":546011857,"a":[],"m":[]},{"i":3077145,"f":15267753,"t":"Номер заказа СДЭК 1432312364\n350","d":546011512,"a":[],"m":[{"f":135005515,"t":"","d":546010334,"a":[],"m":[{"f":352756697,"t":"Зайцев Евгений Александрович, красноярский край, город Ачинск, микрорайон 7, дом 6. Номер 89504287777","d":546010298,"a":[]}]}]},{"i":3077119,"f":135005515,"t":"","d":546010344,"a":[{"t":3,"o":135005515,"i":665820016,"n":"audio_msg.opus","e":"ogg","s":18453,"url":"https://vk.com/doc135005515_665820016?hash=nZxdnTHg9upKVY8B9Xf7KhLyylsqLk0Z5Ek1bjRmumk&dl=DmsBvYdzH2PmFPZt1DrTh8H1U2MbE7gmNV9WFOHojXP&api=1&no_preview=1"}],"m":[]},{"i":3077118,"f":135005515,"t":"","d":546010334,"a":[],"m":[{"f":352756697,"t":"Зайцев Евгений Александрович, красноярский край, город Ачинск, микрорайон 7, дом 6. Номер 89504287777","d":546010298,"a":[]}]},{"i":3068127,"f":135005515,"t":"Ушло","d":545141549,"a":[],"m":[]},{"i":3068125,"f":135005515,"t":"от души","d":545141318,"a":[],"m":[]},{"i":3068123,"f":15267753,"t":"Номер заказа СДЭК 1429443523 \n350","d":545141104,"a":[],"m":[]},{"i":3068121,"f":135005515,"t":"?","d":545140828,"a":[],"m":[]},{"i":3068082,"f":135005515,"t":"Сюда с спб М без коробки","d":545138516,"a":[],"m":[{"f":135005515,"t":"8 (925) 242-53-00\nЗарубин Кирилл Романович \nХимки Пожарского 7\nС спб без коробки\nПосчитай М и Л пожалуйста сколько будет","d":535744044,"a":[]}]},{"i":3067986,"f":15267753,"t":"Номер заказа СДЭК 1429377284 \n400","d":545133953,"a":[],"m":[{"f":135005515,"t":"Сургут\nАщепков Вадим Романович\nЭнтузиастов 47/1\n+79993700895","d":545095758,"a":[]}]},{"i":3067754,"f":135005515,"t":".","d":545095762,"a":[],"m":[{"f":135005515,"t":"С спб экса без коробки","d":544974323,"a":[]}]},{"i":3067753,"f":135005515,"t":"Сургут\nАщепков Вадим Романович\nЭнтузиастов 47/1\n+79993700895","d":545095758,"a":[],"m":[]},{"i":3065959,"f":135005515,"t":"+","d":544975880,"a":[],"m":[]},{"i":3065910,"f":15267753,"t":"Номер заказа СДЭК 1428757479 \n400","d":544974596,"a":[],"m":[{"f":135005515,"t":"Галимшин Тимур Альбертович\n89226547212\nэнтузиастов 47/1 Сургут","d":544973858,"a":[]}]},{"i":3065904,"f":135005515,"t":"С спб экса без коробки","d":544974323,"a":[],"m":[]},{"i":3065902,"f":15267753,"t":"откуда и габарит","d":544974305,"a":[],"m":[]},{"i":3065901,"f":15267753,"t":"привет","d":544974302,"a":[],"m":[]},{"i":3065881,"f":135005515,"t":"Галимшин Тимур Альбертович\n89226547212\nэнтузиастов 47/1 Сургут","d":544973858,"a":[],"m":[]},{"i":3063918,"f":135005515,"t":"+","d":544712385,"a":[],"m":[]},{"i":3063869,"f":15267753,"t":"Номер заказа СДЭК 1428178965 \n400","d":544708555,"a":[],"m":[{"f":135005515,"t":"Бояркин Евгений Викторович, 89519925951\nадрес город Сургут ул. Энтузиастов, 47/1 ТЦ Снежинка  СДЭК","d":544708220,"a":[]}]},{"i":3063868,"f":135005515,"t":"Без коробки S","d":544708265,"a":[],"m":[]},{"i":3063867,"f":135005515,"t":"С спб","d":544708253,"a":[],"m":[]},{"i":3063866,"f":135005515,"t":"Бояркин Евгений Викторович, 89519925951\nадрес город Сургут ул. Энтузиастов, 47/1 ТЦ Снежинка  СДЭК","d":544708220,"a":[],"m":[]},{"i":3061919,"f":135005515,"t":"150 докину","d":544491502,"a":[],"m":[]},{"i":3061911,"f":15267753,"t":"Номер заказа СДЭК 1427623096\n350","d":544490778,"a":[],"m":[{"f":135005515,"t":"Фомичев Константин Владимирович\n\n+7 (910) 346-89-36","d":544489571,"a":[]}]},{"i":3061894,"f":135005515,"t":"С спб без коробки\nS","d":544489879,"a":[],"m":[]},{"i":3061893,"f":135005515,"t":"Г. Нововоронеж, ул. Ленина, д. 8","d":544489873,"a":[],"m":[]},{"i":3061868,"f":135005515,"t":"Фомичев Константин Владимирович\n\n+7 (910) 346-89-36","d":544489571,"a":[],"m":[]},{"i":3056615,"f":135005515,"t":"Остаток депозит 200","d":543975779,"a":[],"m":[]},{"i":3056423,"f":15267753,"t":"Накладная успешно создана с номером: 1426093097\n350","d":543962051,"a":[],"m":[]},{"i":3056371,"f":135005515,"t":"М","d":543957707,"a":[],"m":[{"f":135005515,"t":"8 (925) 242-53-00\nЗарубин Кирилл Романович \nХимки Пожарского 7\nС спб без коробки\nПосчитай М и Л пожалуйста сколько будет","d":535744044,"a":[]}]},{"i":3056366,"f":15267753,"t":"скопирую просто накадную","d":543957319,"a":[],"m":[]},{"i":3056365,"f":15267753,"t":"покажи какой трек делали","d":543957315,"a":[],"m":[]},{"i":3056329,"f":135005515,"t":"Только Мку","d":543956277,"a":[],"m":[]},{"i":3056328,"f":135005515,"t":"","d":543956263,"a":[{"t":3,"o":135005515,"i":664513873,"n":"audio_msg.opus","e":"ogg","s":30490,"url":"https://vk.com/doc135005515_664513873?hash=ZKSJGAuUQRNGGz0sDoO72n1CImtXQwRV7dX46U5nCEo&dl=SOCIxqEGZjwf9hBRtzyhaPdhySFAwvt6PkPTfLAQX1c&api=1&no_preview=1"}],"m":[]},{"i":3052881,"f":135005515,"t":"+","d":543701787,"a":[],"m":[]},{"i":3052732,"f":15267753,"t":"Номер заказа СДЭК 1425027751\n350","d":543696893,"a":[],"m":[{"f":135005515,"t":"Сдек. Свердловская область г. Верхняя Пышма проспект Успенский 129\nКокорин Павел Васильевич","d":543683713,"a":[]}]},{"i":3052670,"f":135005515,"t":"Замутим?","d":543694988,"a":[],"m":[]},{"i":3052501,"f":135005515,"t":"Без коробки S","d":543683769,"a":[],"m":[]},{"i":3052500,"f":135005515,"t":"С спб","d":543683764,"a":[],"m":[]},{"i":3052499,"f":135005515,"t":"+7 929 222-22-94","d":543683763,"a":[],"m":[]},{"i":3052496,"f":135005515,"t":"Сдек. Свердловская область г. Верхняя Пышма проспект Успенский 129\nКокорин Павел Васильевич","d":543683713,"a":[],"m":[]},{"i":3051228,"f":15267753,"t":"оке","d":543597929,"a":[],"m":[]},{"i":3050851,"f":135005515,"t":"Вот это сдек не поедет \nТам у них дорог нет \n\nПусть у тебя будет депозитом 550 на след заказ\nДобро?","d":543575852,"a":[],"m":[{"f":15267753,"t":"Номер заказа СДЭК 1424287032\n550","d":543540615,"a":[]}]},{"i":3050704,"f":15267753,"t":"+","d":543541047,"a":[],"m":[]},{"i":3050702,"f":135005515,"t":"+","d":543541039,"a":[],"m":[]},{"i":3050696,"f":135005515,"t":"Ок","d":543540961,"a":[],"m":[]},{"i":3050695,"f":135005515,"t":"Вижу да","d":543540960,"a":[],"m":[{"f":15267753,"t":"Номер заказа СДЭК 1420428085 \n350","d":542407656,"a":[]}]},{"i":3050693,"f":135005515,"t":"А это мой трек?","d":543540953,"a":[],"m":[]},{"i":3050688,"f":15267753,"t":"габюарит или вес или чета еще добавили туда на 70р дороже стала соответсвенно еще 70р закинуть за нее","d":543540855,"a":[],"m":[]},{"i":3050682,"f":135005515,"t":"Это кто?","d":543540765,"a":[],"m":[]},{"i":3050681,"f":15267753,"t":"и вот ету перемеряли еще докинуть нужн","d":543540747,"a":[],"m":[]},{"i":3050680,"f":15267753,"t":"1420428085 70","d":543540740,"a":[],"m":[]},{"i":3050678,"f":15267753,"t":"Номер заказа СДЭК 1424287032\n550","d":543540615,"a":[],"m":[{"f":135005515,"t":"Сделай плиз S с спб самый дешевый без коробки","d":543526869,"a":[]}]},{"i":3050674,"f":135005515,"t":"Делаем!","d":543540552,"a":[],"m":[]},{"i":3050542,"f":15267753,"t":"сдек 550","d":543532876,"a":[],"m":[]},{"i":3050541,"f":15267753,"t":"туда наверно почта намного дешевле будет","d":543532874,"a":[],"m":[]},{"i":3050454,"f":135005515,"t":"Сделай плиз S с спб самый дешевый без коробки","d":543526869,"a":[],"m":[{"f":12267686,"t":"https://www.cdek.ru/ru/offices/view/nrm2-na-polyarnoy-ul-polyarnaya-16","d":543490726,"a":[{"t":6,"v":"https://www.cdek.ru/ru/offices/view/nrm2-na-polyarnoy-ul-polyarnaya-16"}]},{"f":12267686,"t":"Инд.166000 Ненецкий АО г.Нарьян-Мар ул авиаторов 6 кв12 Радюшин Дмитрий Леонидович","d":543492680,"a":[]},{"f":12267686,"t":"89115757269","d":543493059,"a":[]}]},{"i":3046768,"f":135005515,"t":"+","d":543236147,"a":[],"m":[]},{"i":3046745,"f":15267753,"t":"Накладная успешно создана с номером: 1423371783\n450","d":543234549,"a":[],"m":[]},{"i":3046729,"f":135005515,"t":"Да","d":543233944,"a":[],"m":[]},{"i":3046728,"f":15267753,"t":"Такую же получается точно","d":543233926,"a":[],"m":[{"f":15267753,"t":"Накладная успешно создана с номером: 1422018150\n450","d":542826495,"a":[]}]},{"i":3046726,"f":135005515,"t":"На Кирилла сделай пожалуйста в Москву еще одну такую же","d":543233786,"a":[],"m":[{"f":135005515,"t":"Вот это еще раз","d":542810346,"a":[]}]},{"i":3046725,"f":135005515,"t":"Привет","d":543233771,"a":[],"m":[]},{"i":3043117,"f":135005515,"t":"+","d":542983815,"a":[],"m":[]},{"i":3043093,"f":15267753,"t":"Номер заказа СДЭК 1422352823 \n250","d":542983148,"a":[],"m":[{"f":135005515,"t":"Волчков Павел\nГ.Москва 26ти Бакинских комиссаров д14 \n+7 (925) 003-03-96","d":542933366,"a":[]}]},{"i":3042700,"f":135005515,"t":"Без коробки С","d":542933372,"a":[],"m":[]},{"i":3042699,"f":135005515,"t":"С спб","d":542933367,"a":[],"m":[]},{"i":3042698,"f":135005515,"t":"Волчков Павел\nГ.Москва 26ти Бакинских комиссаров д14 \n+7 (925) 003-03-96","d":542933366,"a":[],"m":[]},{"i":3041411,"f":135005515,"t":"+","d":542827668,"a":[],"m":[]},{"i":3041406,"f":135005515,"t":"От души","d":542827485,"a":[],"m":[]},{"i":3041388,"f":15267753,"t":"Накладная успешно создана с номером: 1422018150\n450","d":542826495,"a":[],"m":[]},{"i":3041384,"f":135005515,"t":"Ждём","d":542826338,"a":[],"m":[]},{"i":3041361,"f":15267753,"t":"Сек","d":542825206,"a":[],"m":[{"f":135005515,"t":"Илич сделай накладные если не занят","d":542825196,"a":[]}]},{"i":3041358,"f":135005515,"t":"Илич сделай накладные если не занят","d":542825196,"a":[],"m":[]},{"i":3041232,"f":135005515,"t":"?","d":542819198,"a":[],"m":[]},{"i":3041052,"f":135005515,"t":"Вот это еще раз","d":542810346,"a":[],"m":[{"f":135005515,"t":"Еще одна нужна \nС спб без коробки L\nСюда \nРазом скину","d":542415984,"a":[]}]},{"i":3036222,"f":135005515,"t":"За обе +","d":542496875,"a":[],"m":[]},{"i":3034951,"f":15267753,"t":"Накладная успешно создана с номером: 1420442702\n450","d":542417560,"a":[],"m":[]},{"i":3034936,"f":135005515,"t":"Еще одна нужна \nС спб без коробки L\nСюда \nРазом скину","d":542415984,"a":[],"m":[{"f":135005515,"t":"8 (925) 242-53-00\nЗарубин Кирилл Романович \nХимки Пожарского 7\nС спб без коробки\nПосчитай М и Л пожалуйста сколько будет","d":535744044,"a":[]}]},{"i":3034825,"f":135005515,"t":"От души\nПопозже оплачу","d":542407679,"a":[],"m":[]},{"i":3034824,"f":15267753,"t":"Номер заказа СДЭК 1420428085 \n350","d":542407656,"a":[],"m":[{"f":135005515,"t":"Бутово, ЮЗАО, ул. Куликовская, 22\nЯзыков Алексей Викторович\n89197741766","d":542405139,"a":[]}]},{"i":3034819,"f":15267753,"t":"ща сек сделаю","d":542406434,"a":[],"m":[]},{"i":3034803,"f":135005515,"t":"Вот на эту тогда надо бы","d":542405510,"a":[],"m":[{"f":135005515,"t":"Бутово, ЮЗАО, ул. Куликовская, 22\nЯзыков Алексей Викторович\n89197741766","d":542405139,"a":[]}]},{"i":3034800,"f":135005515,"t":"От души!","d":542405343,"a":[],"m":[]},{"i":3034798,"f":15267753,"t":"просто горо откуда, габарит\nи куда город данные и все ок","d":542405312,"a":[],"m":[]},{"i":3034797,"f":15267753,"t":"да конечно","d":542405296,"a":[],"m":[]},{"i":3034796,"f":15267753,"t":"ахаха","d":542405292,"a":[],"m":[]},{"i":3034794,"f":135005515,"t":"Бро\nМожно я каждый раз не буду писать привет пожалуйста 😁\nСугубо деловой разговор","d":542405168,"a":[],"m":[]},{"i":3034792,"f":135005515,"t":"С спб без коробки посылка M","d":542405147,"a":[],"m":[]},{"i":3034791,"f":135005515,"t":"Бутово, ЮЗАО, ул. Куликовская, 22\nЯзыков Алексей Викторович\n89197741766","d":542405139,"a":[],"m":[]},{"i":3034211,"f":135005515,"t":"+","d":542371935,"a":[],"m":[]},{"i":3033885,"f":15267753,"t":"Номер заказа СДЭК 1420050786\n300","d":542326368,"a":[],"m":[{"f":135005515,"t":"ТК СДЭК, 182113, Псковская область, г. Великие Луки, пр-кт Октябрьский 7, пом. 1001,\n\nБерилов Евгений .Евгеньевич . т. 8-951-751-53-57","d":542323895,"a":[]}]},{"i":3033884,"f":15267753,"t":"прив","d":542326324,"a":[],"m":[]},{"i":3033850,"f":135005515,"t":"S","d":542323906,"a":[],"m":[]},{"i":3033849,"f":135005515,"t":"Здарова","d":542323903,"a":[],"m":[]},{"i":3033848,"f":135005515,"t":"С спб без коробки","d":542323898,"a":[],"m":[]},{"i":3033847,"f":135005515,"t":"ТК СДЭК, 182113, Псковская область, г. Великие Луки, пр-кт Октябрьский 7, пом. 1001,\n\nБерилов Евгений .Евгеньевич . т. 8-951-751-53-57","d":542323895,"a":[],"m":[]},{"i":3018092,"f":15267753,"t":"+","d":541262461,"a":[],"m":[]},{"i":3018081,"f":135005515,"t":"+","d":541262216,"a":[],"m":[{"f":15267753,"t":"Номер заказа СДЭК 1416368837\n300","d":541254221,"a":[]}]},{"i":3017868,"f":15267753,"t":"Номер заказа СДЭК 1416368837\n300","d":541254221,"a":[],"m":[{"f":135005515,"t":"Майрушкин Сергей Александрович\nТел. 8 977 766-21-95\nАдрес CDEK:\nУл. Граничная, 32, микрорайон Ольгино, Балашиха, Московская область, 143983","d":541254065,"a":[]}]},{"i":3017866,"f":15267753,"t":"прив","d":541254147,"a":[],"m":[]},{"i":3017862,"f":135005515,"t":"Из спб коробки не надо\nS","d":541254075,"a":[],"m":[]},{"i":3017861,"f":135005515,"t":"Майрушкин Сергей Александрович\nТел. 8 977 766-21-95\nАдрес CDEK:\nУл. Граничная, 32, микрорайон Ольгино, Балашиха, Московская область, 143983","d":541254065,"a":[],"m":[]},{"i":3017860,"f":135005515,"t":"Hi","d":541254063,"a":[],"m":[]},{"i":2996540,"f":135005515,"t":"Ушло","d":540032670,"a":[],"m":[]},{"i":2996426,"f":15267753,"t":"89059515168 сбер","d":540000789,"a":[],"m":[]},{"i":2995824,"f":135005515,"t":"Куда оплата","d":539985526,"a":[],"m":[]},{"i":2995815,"f":135005515,"t":"От души","d":539985166,"a":[],"m":[]},{"i":2995812,"f":15267753,"t":"Накладная успешно создана с номером: 1411937119\n450","d":539985113,"a":[],"m":[]},{"i":2995811,"f":15267753,"t":"прив","d":539985077,"a":[],"m":[]},{"i":2995810,"f":135005515,"t":"Хочу сегодня успеть","d":539985075,"a":[],"m":[]},{"i":2995808,"f":135005515,"t":"Можешь сразу сделать?","d":539985063,"a":[],"m":[]},{"i":2995807,"f":135005515,"t":"М","d":539985032,"a":[],"m":[]},{"i":2995806,"f":135005515,"t":"Сюда с спб","d":539985008,"a":[],"m":[{"f":135005515,"t":"8 (925) 242-53-00\nЗарубин Кирилл Романович \nХимки Пожарского 7\nС спб без коробки\nПосчитай М и Л пожалуйста сколько будет","d":535744044,"a":[]}]},{"i":2995805,"f":135005515,"t":"Привет","d":539984973,"a":[],"m":[]},{"i":2979084,"f":15267753,"t":"+","d":538921303,"a":[],"m":[]},{"i":2979081,"f":135005515,"t":"Ушло","d":538920943,"a":[],"m":[]},{"i":2979079,"f":135005515,"t":"Щас закину","d":538920741,"a":[],"m":[]},{"i":2979022,"f":15267753,"t":"Дда","d":538917660,"a":[],"m":[]},{"i":2978958,"f":135005515,"t":"По этому могу как отправить?","d":538911455,"a":[],"m":[{"f":135005515,"t":"Трек сдек","d":537082635,"a":[],"m":[{"f":15267753,"t":"Номер заказа СДЭК 1402294503\n350","d":537062508,"a":[],"m":[{"f":135005515,"t":"С спб без коробки эска","d":537060046,"a":[]}]}]}]},{"i":2967081,"f":135005515,"t":"","d":538121764,"a":[{"t":0,"s":{"m":"https://sun9-79.userapi.com/impg/ZYVHlm_hc6QUnKWIjSW0WIdH7z1Ena1hAka0eA/c4qvcCqwd4w.jpg?size=510x900&quality=95&crop=0,0,1183,2088&sign=9f546dba8d2507b2089cc13f2fac7326&c_uniq_tag=k9FHOfK_g7EecX4Y1DeoC9L2WIr3kh_eQT90PW5ex6w&type=album","s":"https://sun9-79.userapi.com/impg/ZYVHlm_hc6QUnKWIjSW0WIdH7z1Ena1hAka0eA/c4qvcCqwd4w.jpg?size=200x433&quality=95&sign=b69fe2146838065a508a93dbb9366e0b&c_uniq_tag=tvIVzweq6cgOILZ46OzJE8tKDeBqN_IXa7vTmTyVn8g&type=album","n":"https://sun9-79.userapi.com/impg/ZYVHlm_hc6QUnKWIjSW0WIdH7z1Ena1hAka0eA/c4qvcCqwd4w.jpg?size=998x2160&quality=95&sign=7ec31939dafa24b985faf70005a76a7a&c_uniq_tag=7aFvs2WTegKUnUhjgzh7btjMAcbVVqFtzKTHE2To-D4&type=album","o":"https://sun9-79.userapi.com/impg/ZYVHlm_hc6QUnKWIjSW0WIdH7z1Ena1hAka0eA/c4qvcCqwd4w.jpg?size=499x1080&quality=95&sign=95cd49a6ea9bcb37c07872aa931f5068&c_uniq_tag=W01h9wAwIYT_xmdXQWt_quBLEiPu0LqzloDdod6tJlg&type=album","t":"https://sun9-79.userapi.com/impg/ZYVHlm_hc6QUnKWIjSW0WIdH7z1Ena1hAka0eA/c4qvcCqwd4w.jpg?size=279x604&quality=95&sign=b4cffc2d1b6644366ec3fad3fcd6c4aa&c_uniq_tag=tIHbCAhHk3tJup3wa70w__qSni2EgzmVSPUgh_3Y4DY&type=album"},"z":"","q":0,"w":0,"o":135005515,"i":457264544,"d":538121764}],"m":[]},{"i":2967080,"f":135005515,"t":"Скинул же","d":538121727,"a":[],"m":[]},{"i":2967064,"f":15267753,"t":"оч жду за сдек","d":538108177,"a":[],"m":[]},{"i":2965398,"f":135005515,"t":"Ок\nПопозже закину чутка","d":537964940,"a":[],"m":[]},{"i":2965390,"f":15267753,"t":"Номер заказа СДЭК 1405417322 \n400","d":537963890,"a":[],"m":[{"f":135005515,"t":"Мельников Александр Геннадиевич Республика Башкортостан г.Уфа ул Дорофеева, 3/2 пункт СДЭК","d":537961677,"a":[]}]},{"i":2965389,"f":15267753,"t":"Да","d":537963777,"a":[],"m":[]},{"i":2965387,"f":135005515,"t":"Эта еще актуальная?","d":537963656,"a":[],"m":[{"f":135005515,"t":"Трек сдек","d":537082635,"a":[],"m":[{"f":15267753,"t":"Номер заказа СДЭК 1402294503\n350","d":537062508,"a":[],"m":[{"f":135005515,"t":"С спб без коробки эска","d":537060046,"a":[]}]}]}]},{"i":2965381,"f":135005515,"t":"Размер М","d":537961694,"a":[],"m":[]},{"i":2965380,"f":135005515,"t":"Без коробки","d":537961692,"a":[],"m":[]},{"i":2965379,"f":135005515,"t":"89083599999","d":537961690,"a":[],"m":[]},{"i":2965378,"f":135005515,"t":"С спб","d":537961680,"a":[],"m":[]},{"i":2965377,"f":135005515,"t":"Мельников Александр Геннадиевич Республика Башкортостан г.Уфа ул Дорофеева, 3/2 пункт СДЭК","d":537961677,"a":[],"m":[]},{"i":2954508,"f":15267753,"t":"Номер заказа СДЭК 1402294503\n350","d":537062508,"a":[],"m":[{"f":135005515,"t":"С спб без коробки эска","d":537060046,"a":[]}]},{"i":2954503,"f":135005515,"t":"С спб без коробки эска","d":537060046,"a":[],"m":[{"f":112743792,"t":"Конарев Сергей Александрович, 89041019578, Сыктывкар, сдек- ул. Покровский бульвар 9","d":537058481,"a":[]}]},{"i":2954335,"f":15267753,"t":"+","d":537040537,"a":[],"m":[]},{"i":2954332,"f":135005515,"t":"Скинул","d":537040331,"a":[],"m":[]},{"i":2954325,"f":15267753,"t":"Номер заказа СДЭК 1402234929\n300","d":537039400,"a":[],"m":[{"f":135005515,"t":"Богмацера Светлана Николаевна, 89081924643, Ростовская область, г. Азов, Сдэк на ул. Измайлова, 55","d":537038217,"a":[]}]},{"i":2954324,"f":15267753,"t":"прив","d":537039338,"a":[],"m":[]},{"i":2954310,"f":135005515,"t":"Без коробки","d":537038223,"a":[],"m":[]},{"i":2954309,"f":135005515,"t":"S","d":537038219,"a":[],"m":[]},{"i":2954308,"f":135005515,"t":"Богмацера Светлана Николаевна, 89081924643, Ростовская область, г. Азов, Сдэк на ул. Измайлова, 55","d":537038217,"a":[],"m":[]},{"i":2954307,"f":135005515,"t":"С спб","d":537038184,"a":[],"m":[]},{"i":2954306,"f":135005515,"t":"Здарова","d":537038183,"a":[],"m":[]},{"i":2943985,"f":135005515,"t":"+","d":536349677,"a":[],"m":[]},{"i":2943714,"f":15267753,"t":"Накладная успешно создана с номером: 1399828597\n450","d":536344676,"a":[],"m":[]},{"i":2943711,"f":15267753,"t":"прив","d":536344642,"a":[],"m":[]},{"i":2943633,"f":135005515,"t":"С спб \nл \nБез коробки","d":536342113,"a":[],"m":[{"f":135005515,"t":"8 (925) 242-53-00\nЗарубин Кирилл Романович \nХимки Пожарского 7\nС спб без коробки\nПосчитай М и Л пожалуйста сколько будет","d":535744044,"a":[]}]},{"i":2943631,"f":135005515,"t":"Привет","d":536342106,"a":[],"m":[]},{"i":2934827,"f":135005515,"t":"+","d":535746216,"a":[],"m":[]},{"i":2934826,"f":135005515,"t":"=","d":535746213,"a":[],"m":[]},{"i":2934801,"f":15267753,"t":"Номер заказа СДЭК 1397995392\n450","d":535745700,"a":[],"m":[{"f":135005515,"t":"8 (925) 242-53-00\nЗарубин Кирилл Романович \nХимки Пожарского 7\nС спб без коробки\nПосчитай М и Л пожалуйста сколько будет","d":535744044,"a":[]}]},{"i":2934799,"f":135005515,"t":"Сделай Л","d":535745633,"a":[],"m":[]},{"i":2934784,"f":15267753,"t":"я могу сделать мелкую если в нее не влезит там сами поменяют","d":535745484,"a":[],"m":[]},{"i":2934782,"f":15267753,"t":"прив да там разница будет рубелй 50-100","d":535745428,"a":[],"m":[]},{"i":2934750,"f":135005515,"t":"8 (925) 242-53-00\nЗарубин Кирилл Романович \nХимки Пожарского 7\nС спб без коробки\nПосчитай М и Л пожалуйста сколько будет","d":535744044,"a":[],"m":[]},{"i":2934748,"f":135005515,"t":"Здарова","d":535744019,"a":[],"m":[]},{"i":2927015,"f":15267753,"t":"+","d":535309092,"a":[],"m":[]},{"i":2927014,"f":135005515,"t":"+","d":535309086,"a":[],"m":[]},{"i":2926999,"f":135005515,"t":"От души","d":535308429,"a":[],"m":[]},{"i":2926998,"f":15267753,"t":"Номер заказа СДЭК 1396774654\n750","d":535308392,"a":[],"m":[{"f":135005515,"t":"В лен область \nЛодейное поле улица Урицкого \nЗарубин Олег Игоревич \nЧтобы по коду получить \n89992606164","d":535308316,"a":[]}]},{"i":2926996,"f":135005515,"t":"Примерно такой \nЖелательно посылочку чтобы подешевле было","d":535308345,"a":[],"m":[]},{"i":2926995,"f":135005515,"t":"43х32х36см","d":535308334,"a":[],"m":[]},{"i":2926993,"f":15267753,"t":"гаабрит?","d":535308328,"a":[],"m":[]},{"i":2926991,"f":135005515,"t":"15кг","d":535308319,"a":[],"m":[]},{"i":2926990,"f":135005515,"t":"В лен область \nЛодейное поле улица Урицкого \nЗарубин Олег Игоревич \nЧтобы по коду получить \n89992606164","d":535308316,"a":[],"m":[]},{"i":2926989,"f":135005515,"t":"С спб","d":535308285,"a":[],"m":[]},{"i":2926988,"f":15267753,"t":"прив","d":535308285,"a":[],"m":[]},{"i":2926987,"f":15267753,"t":"ghbd","d":535308283,"a":[],"m":[]},{"i":2926986,"f":135005515,"t":"Срочно","d":535308273,"a":[],"m":[]},{"i":2926985,"f":135005515,"t":"Можем сделать","d":535308271,"a":[],"m":[]},{"i":2926984,"f":135005515,"t":"Здарова тут?","d":535308269,"a":[],"m":[]},{"i":2925425,"f":15267753,"t":"+","d":535213750,"a":[],"m":[]},{"i":2925424,"f":135005515,"t":"+","d":535213714,"a":[],"m":[]},{"i":2925423,"f":15267753,"t":"Номер заказа СДЭК 1396374754\n250","d":535213647,"a":[],"m":[{"f":135005515,"t":"Чеботков Иван Михайлович\n+79856403786\nМосква, мячковский бульвар, дом 11","d":535211921,"a":[]}]},{"i":2925308,"f":135005515,"t":".","d":535211925,"a":[],"m":[{"f":135005515,"t":"С спб без коробки эска","d":535143277,"a":[]}]},{"i":2925307,"f":135005515,"t":"Чеботков Иван Михайлович\n+79856403786\nМосква, мячковский бульвар, дом 11","d":535211921,"a":[],"m":[]},{"i":2924539,"f":135005515,"t":"+","d":535143970,"a":[],"m":[]},{"i":2924534,"f":15267753,"t":"89059515168 сбер","d":535143727,"a":[],"m":[]},{"i":2924533,"f":135005515,"t":"Куда оплата напомни","d":535143711,"a":[],"m":[]},{"i":2924528,"f":15267753,"t":"Номер заказа СДЭК 1396144717\n300","d":535143436,"a":[],"m":[{"f":135005515,"t":"г. Ярославль, Ленинградский просп., 47, 150052\nЗарубина Анастасия Игоревна \n\n89116880787","d":535143272,"a":[]}]},{"i":2924526,"f":135005515,"t":"С спб без коробки эска","d":535143277,"a":[],"m":[]},{"i":2924525,"f":135005515,"t":"г. Ярославль, Ленинградский просп., 47, 150052\nЗарубина Анастасия Игоревна \n\n89116880787","d":535143272,"a":[],"m":[]},{"i":2919773,"f":135005515,"t":"+","d":534799528,"a":[],"m":[]},{"i":2919772,"f":135005515,"t":"От души\nЩас закину","d":534799450,"a":[],"m":[]},{"i":2919770,"f":15267753,"t":"Номер заказа СДЭК 1395180550 \n300","d":534799420,"a":[],"m":[{"f":135005515,"t":"8 (925) 242-53-00\nЗарубин Кирилл Романович \nХимки Пожарского 7\nС спб без коробки S","d":534799256,"a":[]}]},{"i":2919767,"f":135005515,"t":"8 (925) 242-53-00\nЗарубин Кирилл Романович \nХимки Пожарского 7\nС спб без коробки S","d":534799256,"a":[],"m":[]},{"i":2919766,"f":15267753,"t":"Данные","d":534799136,"a":[],"m":[]},{"i":2919765,"f":15267753,"t":"Прив","d":534799134,"a":[],"m":[]},{"i":2919764,"f":135005515,"t":"Срочно нужна одна","d":534799128,"a":[],"m":[]},{"i":2919763,"f":135005515,"t":"Привет тут?","d":534799126,"a":[],"m":[]},{"i":2917518,"f":15267753,"t":"+","d":534705861,"a":[],"m":[]},{"i":2917514,"f":135005515,"t":"","d":534705570,"a":[],"m":[{"f":19202750,"t":"","d":534705513,"a":[{"t":3,"o":19202750,"i":656212479,"n":"Документ-2023-01-11-171815.pdf","e":"pdf","s":52122,"url":"https://vk.com/doc19202750_656212479?hash=2ijWLXIjDVZc7Jlu2FsmNyLvCi66MVR8k26OV5RxfrH&dl=MYsPdzBHHexZCzuC4kZdz3jf0Q38pMMZlyoq5VDCKb8&api=1&no_preview=1"}]}]},{"i":2917409,"f":135005515,"t":"","d":534701243,"a":[],"m":[{"f":466784243,"t":"Готово","d":534701158,"a":[{"t":0,"s":{"m":"https://sun9-42.userapi.com/impg/I2ylzY36bZdaBbBIb5N52Du-fvClpYIgxXXWgA/W1xVUXm705c.jpg?size=510x900&quality=95&crop=0,0,750,1324&sign=55db64daa980ce01d773bbcc239a3273&c_uniq_tag=9IbVBALRJas5fL91tQVOEg6fg3KG-WTITxk0zBoPQto&type=album","s":"https://sun9-42.userapi.com/impg/I2ylzY36bZdaBbBIb5N52Du-fvClpYIgxXXWgA/W1xVUXm705c.jpg?size=200x433&quality=95&sign=c3ddbe710bca08b4756958c76af36ad0&c_uniq_tag=EhoQYxl8bx42MHmgKwY_FG3HcNv3OUYJAtN8m05xbhs&type=album","n":"https://sun9-42.userapi.com/impg/I2ylzY36bZdaBbBIb5N52Du-fvClpYIgxXXWgA/W1xVUXm705c.jpg?size=750x1624&quality=95&sign=9d2bb121a6793e48193f6c423bfb0ede&c_uniq_tag=H0E1Mz0hLFtwdVjXYzHdFVSG8MEk9xgqDnYTtGHzekE&type=album","o":"https://sun9-42.userapi.com/impg/I2ylzY36bZdaBbBIb5N52Du-fvClpYIgxXXWgA/W1xVUXm705c.jpg?size=499x1080&quality=95&sign=28453e9feaac3f59d23050cc9be9a6bf&c_uniq_tag=FaNqGYM_qyri5g3fEZCtA60_Igwf-dckyMoLeiC_tC0&type=album","t":"https://sun9-42.userapi.com/impg/I2ylzY36bZdaBbBIb5N52Du-fvClpYIgxXXWgA/W1xVUXm705c.jpg?size=279x604&quality=95&sign=5051360ce64d632a1835ebe8e4c94bfd&c_uniq_tag=28klVHVyOIuJ0E1OGQW19dtZgzEyFLGOYB7CMIHt1Ds&type=album"},"z":"","q":0,"w":0,"o":466784243,"i":457398136,"d":534701156}]}]},{"i":2917371,"f":15267753,"t":"Номер заказа СДЭК 1394786901\n350","d":534700815,"a":[],"m":[{"f":135005515,"t":"Это вторая s без коробки с спб","d":534700153,"a":[]}]},{"i":2917369,"f":15267753,"t":"Номер заказа СДЭК 1394786397\n450","d":534700740,"a":[],"m":[{"f":135005515,"t":"С спб без коробки s","d":534700006,"a":[]}]},{"i":2917346,"f":135005515,"t":"Это вторая s без коробки с спб","d":534700153,"a":[],"m":[{"f":19202750,"t":"СДЭК 162602 Вологодская область, г. Череповец, Московский пр., 49А, Голубева Оксана Викторовна, +79216020288","d":534700119,"a":[]}]},{"i":2917338,"f":135005515,"t":"С спб без коробки s","d":534700006,"a":[],"m":[{"f":466784243,"t":"Хорошо. Уваров Александр Анатольевич \n89522905586\nМурманская область. Полярные зори улица Пушкина 4б","d":534699583,"a":[]}]},{"i":2903428,"f":135005515,"t":"+","d":533728093,"a":[],"m":[]},{"i":2903423,"f":15267753,"t":"Номер заказа СДЭК 1392926784 \n350","d":533726548,"a":[],"m":[{"f":135005515,"t":"Г. Альметьевск, Ленина 104б , \n\nПетров Владислав Максимович, 89063235685","d":533726386,"a":[]}]},{"i":2903420,"f":135005515,"t":".","d":533726395,"a":[],"m":[{"f":135005515,"t":"Эска без коробки с спб","d":533387383,"a":[]}]},{"i":2903419,"f":135005515,"t":"Г. Альметьевск, Ленина 104б , \n\nПетров Владислав Максимович, 89063235685","d":533726386,"a":[],"m":[]},{"i":2899098,"f":135005515,"t":"Рассчете","d":533473544,"a":[],"m":[]},{"i":2899097,"f":135005515,"t":"Мы за все в рассвете","d":533473541,"a":[],"m":[]},{"i":2899096,"f":135005515,"t":"+","d":533473537,"a":[],"m":[]},{"i":2899063,"f":15267753,"t":"Номер заказа СДЭК 1392205160 \n250","d":533472991,"a":[],"m":[{"f":135005515,"t":"Москва Новокузнецкая, д 9 стр 1\nЛялькин Андрей Владимирович\n89169834590","d":533470455,"a":[]}]},{"i":2899037,"f":135005515,"t":"Отмена \nИ новую нужно сразу оплачу","d":533472795,"a":[],"m":[]},{"i":2899035,"f":15267753,"t":"Да","d":533472781,"a":[],"m":[{"f":135005515,"t":"Вот эта отбой пока\nМорозится тип\nТы можешь отменить?","d":533471853,"a":[]}]},{"i":2899017,"f":135005515,"t":"Вот эта отбой пока\nМорозится тип\nТы можешь отменить?","d":533471853,"a":[],"m":[{"f":15267753,"t":"Номер заказа СДЭК 1391937184 \n650","d":533395147,"a":[]}]},{"i":2899009,"f":135005515,"t":".","d":533470458,"a":[],"m":[{"f":135005515,"t":".","d":533390563,"a":[]}]},{"i":2899008,"f":135005515,"t":"Москва Новокузнецкая, д 9 стр 1\nЛялькин Андрей Владимирович\n89169834590","d":533470455,"a":[],"m":[]},{"i":2898079,"f":135005515,"t":"Завтра оплачу","d":533395937,"a":[],"m":[]},{"i":2898078,"f":135005515,"t":"Ок","d":533395934,"a":[],"m":[]},{"i":2898055,"f":15267753,"t":"Ну ты посмотри где ЮС на карте находиться)","d":533395220,"a":[],"m":[]},{"i":2898054,"f":15267753,"t":"?","d":533395203,"a":[],"m":[]},{"i":2898053,"f":135005515,"t":"Шо так дорого то дядя","d":533395190,"a":[],"m":[]},{"i":2898052,"f":15267753,"t":"Номер заказа СДЭК 1391937184 \n650","d":533395147,"a":[],"m":[{"f":135005515,"t":"+7914О86157О г. Южно Сахалинск СДЕК ул. Институтская 15\n\nЯковец Владимир Владимирович","d":533390560,"a":[]}]},{"i":2897947,"f":135005515,"t":".","d":533390563,"a":[],"m":[{"f":135005515,"t":"Эска без коробки с спб","d":533387383,"a":[]}]},{"i":2897946,"f":135005515,"t":"+7914О86157О г. Южно Сахалинск СДЕК ул. Институтская 15\n\nЯковец Владимир Владимирович","d":533390560,"a":[],"m":[]},{"i":2897891,"f":135005515,"t":"За вторую скинул","d":533387763,"a":[],"m":[]},{"i":2897888,"f":15267753,"t":"Номер заказа СДЭК 1391868410 \n300","d":533387618,"a":[],"m":[{"f":135005515,"t":"Рыжанов Владимир Николаевич \n 89103373790\nПересвета 2а г.Брянск","d":533387378,"a":[]}]},{"i":2897880,"f":135005515,"t":"Эска без коробки с спб","d":533387383,"a":[],"m":[]},{"i":2897878,"f":135005515,"t":"Рыжанов Владимир Николаевич \n 89103373790\nПересвета 2а г.Брянск","d":533387378,"a":[],"m":[]},{"i":2897864,"f":135005515,"t":"Оплата","d":533386778,"a":[],"m":[{"f":15267753,"t":"89059515168 сбер","d":509059232,"a":[]}]},{"i":2897687,"f":15267753,"t":"Номер заказа СДЭК 1391785667 \n250","d":533369491,"a":[],"m":[{"f":135005515,"t":"Москва, Раменки, 17, корп 1\nМарченко Дмитрий Вячеславович\n±79154354128","d":533345659,"a":[]}]},{"i":2897557,"f":135005515,"t":"Москва, Раменки, 17, корп 1\nМарченко Дмитрий Вячеславович\n±79154354128","d":533345659,"a":[],"m":[]},{"i":2897556,"f":135005515,"t":"Эска без коробки","d":533345655,"a":[],"m":[]},{"i":2897555,"f":135005515,"t":"Спб","d":533345647,"a":[],"m":[]},{"i":2897554,"f":135005515,"t":"Хай","d":533345643,"a":[],"m":[]},{"i":2868525,"f":15267753,"t":"+","d":531328666,"a":[],"m":[]},{"i":2868446,"f":135005515,"t":"+","d":531325331,"a":[],"m":[]},{"i":2868055,"f":135005515,"t":"Ок\nОплачу на днях","d":531264390,"a":[],"m":[]},{"i":2868052,"f":15267753,"t":"Номер заказа СДЭК 1384030078\n300","d":531263900,"a":[],"m":[{"f":135005515,"t":"Омск придворный Никита Евгеньевич\nОтделение на заозерной 25\n89139747230","d":531261170,"a":[]}]},{"i":2867973,"f":135005515,"t":"S без коробки","d":531261183,"a":[],"m":[]},{"i":2867972,"f":135005515,"t":"С спб","d":531261172,"a":[],"m":[]},{"i":2867971,"f":135005515,"t":"Омск придворный Никита Евгеньевич\nОтделение на заозерной 25\n89139747230","d":531261170,"a":[],"m":[]},{"i":2855642,"f":15267753,"t":"+","d":530373135,"a":[],"m":[]},{"i":2855639,"f":135005515,"t":"+","d":530373030,"a":[],"m":[]},{"i":2855637,"f":15267753,"t":"Номер заказа СДЭК 1380432120\n250","d":530372953,"a":[],"m":[{"f":135005515,"t":"Шувалов Дмитрий Михайлович\nг. Москва; ул. 9 рота 14\n+7 (916) 344-31-56\n\nЭска без коробки","d":530372383,"a":[]}]},{"i":2855635,"f":135005515,"t":"Спб","d":530372551,"a":[],"m":[]},{"i":2855633,"f":15267753,"t":"откуда","d":530372539,"a":[],"m":[]},{"i":2855632,"f":15267753,"t":"приа","d":530372529,"a":[],"m":[]},{"i":2855631,"f":135005515,"t":"Шувалов Дмитрий Михайлович\nг. Москва; ул. 9 рота 14\n+7 (916) 344-31-56\n\nЭска без коробки","d":530372383,"a":[],"m":[]},{"i":2855630,"f":135005515,"t":"Здарова","d":530372355,"a":[],"m":[]},{"i":2828065,"f":135005515,"t":"Понял","d":528417337,"a":[],"m":[]},{"i":2828061,"f":15267753,"t":"конец месяца)","d":528417280,"a":[],"m":[]},{"i":2828060,"f":15267753,"t":"да хз смотрю где плюсы не ставил","d":528417276,"a":[],"m":[]},{"i":2828057,"f":135005515,"t":"С проверкой","d":528417260,"a":[],"m":[]},{"i":2828056,"f":135005515,"t":"А че вдруг?)","d":528417258,"a":[],"m":[]},{"i":2828055,"f":15267753,"t":"оке","d":528417241,"a":[],"m":[]},{"i":2828054,"f":135005515,"t":"","d":528417236,"a":[{"t":0,"s":{"m":"https://sun9-72.userapi.com/impg/7Y0-xcFPq0QXYvNd3XJsCnf9d6gei3MEtzhePA/FR-Y9pzUrQU.jpg?size=510x900&quality=95&crop=0,0,856,1511&sign=d364446bf3972d377444742a89f2aa11&c_uniq_tag=2m4Z4jJtoBuqjh8b8Nyvw3Om7FrxVeC-s0Dzq4C-g0c&type=album","s":"https://sun9-72.userapi.com/impg/7Y0-xcFPq0QXYvNd3XJsCnf9d6gei3MEtzhePA/FR-Y9pzUrQU.jpg?size=200x433&quality=95&sign=3fd9e71f03622d49c5e3f096ad04ae67&c_uniq_tag=2lPMkOjlDsAARY9aI6kivlBkQst99UDnrb7yzbWhQpw&type=album","n":"https://sun9-72.userapi.com/impg/7Y0-xcFPq0QXYvNd3XJsCnf9d6gei3MEtzhePA/FR-Y9pzUrQU.jpg?size=856x1852&quality=95&sign=f524b144e654b6706fe8d362a139f03f&c_uniq_tag=N4VbQppBi94GewIyLzBIpj7JEEt5BFTIKnV9auoyYBs&type=album","o":"https://sun9-72.userapi.com/impg/7Y0-xcFPq0QXYvNd3XJsCnf9d6gei3MEtzhePA/FR-Y9pzUrQU.jpg?size=499x1080&quality=95&sign=9e43147b09ff617dd4c614e2a897f1f4&c_uniq_tag=CrjgKGf5WaAk0ovCFs5T_A2bYIiDHZq3nPLMab5IMlU&type=album","t":"https://sun9-72.userapi.com/impg/7Y0-xcFPq0QXYvNd3XJsCnf9d6gei3MEtzhePA/FR-Y9pzUrQU.jpg?size=279x604&quality=95&sign=907d607e8178215497afc7f8c7f2704c&c_uniq_tag=rTW-CT9S76UTwuJoPlTmwjjKq9GO3q7bl4--BPvKaXo&type=album"},"z":"","q":0,"w":0,"o":135005515,"i":457263308,"d":528417235}],"m":[]},{"i":2828053,"f":15267753,"t":"ее вручили уже","d":528417172,"a":[],"m":[]},{"i":2828052,"f":135005515,"t":"Она едет уже?","d":528417150,"a":[],"m":[]},{"i":2828051,"f":135005515,"t":"Бля","d":528417144,"a":[],"m":[]},{"i":2828041,"f":15267753,"t":"чекнешь?","d":528417073,"a":[],"m":[]},{"i":2828035,"f":135005515,"t":"Да кидал вроде","d":528417022,"a":[],"m":[{"f":15267753,"t":"Номер заказа СДЭК 1371857915 \n350","d":527859257,"a":[]}]},{"i":2828034,"f":135005515,"t":"Какой","d":528417014,"a":[],"m":[]},{"i":2828033,"f":15267753,"t":"прив, ты кидал сдек?","d":528416988,"a":[],"m":[]},{"i":2819046,"f":15267753,"t":"Номер заказа СДЭК 1371857915 \n350","d":527859257,"a":[],"m":[{"f":135005515,"t":"Подгородецких Александр Андреевич, г. Омск, Перелёта, 27, 89136518287\n\nС спб без коробок пакетов \nS","d":527857292,"a":[]}]},{"i":2818968,"f":135005515,"t":"Подгородецких Александр Андреевич, г. Омск, Перелёта, 27, 89136518287\n\nС спб без коробок пакетов \nS","d":527857292,"a":[],"m":[]},{"i":2817469,"f":15267753,"t":"+","d":527722015,"a":[],"m":[]},{"i":2817460,"f":135005515,"t":"Готово","d":527721777,"a":[],"m":[]},{"i":2817459,"f":135005515,"t":"Оплата","d":527721723,"a":[],"m":[{"f":15267753,"t":"89059515168 сбер или тиньк","d":507925850,"a":[]}]},{"i":2817458,"f":15267753,"t":"Номер заказа СДЭК 1371623562 \n350","d":527721638,"a":[],"m":[{"f":135005515,"t":"С спб без коробок и пакетов \n\nМожаев Сергей Павлович\nГ.Орск Проезд металлургов 6А \n+7 (915) 124-80-40","d":527705274,"a":[]}]},{"i":2817185,"f":15267753,"t":"Позже занят","d":527711601,"a":[],"m":[{"f":135005515,"t":"Сделаешь?","d":527711584,"a":[]}]},{"i":2817184,"f":135005515,"t":"Сделаешь?","d":527711584,"a":[],"m":[]},{"i":2817129,"f":135005515,"t":"S","d":527705278,"a":[],"m":[]},{"i":2817128,"f":135005515,"t":"С спб без коробок и пакетов \n\nМожаев Сергей Павлович\nГ.Орск Проезд металлургов 6А \n+7 (915) 124-80-40","d":527705274,"a":[],"m":[]},{"i":2803273,"f":135005515,"t":"Димон закинул","d":526817152,"a":[],"m":[]},{"i":2802255,"f":15267753,"t":"Накладная успешно создана с номером: 1368700404\n270","d":526747348,"a":[],"m":[{"f":135005515,"t":"Фонин Владимир Сергеевич \n\n89261241473\n\nМосква Троицк калужское шоссе 20","d":526744571,"a":[]}]},{"i":2802207,"f":135005515,"t":"Фонин Владимир Сергеевич \n\n89261241473\n\nМосква Троицк калужское шоссе 20","d":526744571,"a":[],"m":[]},{"i":2802150,"f":15267753,"t":"напиши данные текстом","d":526743223,"a":[],"m":[]},{"i":2802149,"f":15267753,"t":"прив","d":526743219,"a":[],"m":[]},{"i":2802101,"f":135005515,"t":"Без коробки \nРазмер С","d":526741689,"a":[],"m":[]},{"i":2802100,"f":135005515,"t":"Сделай с Питера пожалуцста","d":526741679,"a":[{"t":0,"s":{"m":"https://sun9-79.userapi.com/impg/-XW0nm19RPeqvOBr-_QqOqDbZT-_E9fZH2hAiA/g4gwhIICrjY.jpg?size=510x900&quality=95&crop=0,0,739,1304&sign=72e5f571d9cc494d75c5864e84c08a98&c_uniq_tag=VfCIUtLK92QtndVYSOsoAPNHq3kOhtJmaaCobnfMmdE&type=album","s":"https://sun9-79.userapi.com/impg/-XW0nm19RPeqvOBr-_QqOqDbZT-_E9fZH2hAiA/g4gwhIICrjY.jpg?size=200x433&quality=95&sign=04d0ed03e29df1c060254db422532925&c_uniq_tag=OfdX--cDeTCxJ0oVqrSWePHSiXdRt6OVQrSnvOpFB_M&type=album","n":"https://sun9-79.userapi.com/impg/-XW0nm19RPeqvOBr-_QqOqDbZT-_E9fZH2hAiA/g4gwhIICrjY.jpg?size=739x1600&quality=95&sign=1bef527250211f268ed39b091238bb9e&c_uniq_tag=-wX6F8GW0VG_lJG0l8xpxLNT33ez5x80Q1Hat_bQCrU&type=album","o":"https://sun9-79.userapi.com/impg/-XW0nm19RPeqvOBr-_QqOqDbZT-_E9fZH2hAiA/g4gwhIICrjY.jpg?size=499x1080&quality=95&sign=b2f335d6df03e80d5f12afc57365cd11&c_uniq_tag=lfcvSUCxk2SkehU9UGVgC-orC13VIBJx3Hzj3wPmL-8&type=album","t":"https://sun9-79.userapi.com/impg/-XW0nm19RPeqvOBr-_QqOqDbZT-_E9fZH2hAiA/g4gwhIICrjY.jpg?size=279x604&quality=95&sign=91d5c6e4313edaaad034a3b83f8e0a3c&c_uniq_tag=WqZi117fgbGR17BIX9fwdM54ZqwSlVzIRTZ80W7jI6g&type=album"},"z":"","q":0,"w":0,"o":135005515,"i":457263121,"d":526741676}],"m":[]},{"i":2802099,"f":135005515,"t":"Привет","d":526741672,"a":[],"m":[]},{"i":2793649,"f":135005515,"t":"+","d":526231662,"a":[],"m":[]},{"i":2793349,"f":15267753,"t":"Накладная успешно создана с номером: 1367226118\n500","d":526222628,"a":[],"m":[{"f":135005515,"t":"Протасов Игорь Иннокентьевич\n\n+79242870835\nИнститутская ул., 15, Южно-Сахалинск, Сахалинская обл., 693010-пункт выдачи сдэк.","d":526207805,"a":[]}]},{"i":2793348,"f":15267753,"t":"прив","d":526222573,"a":[],"m":[]},{"i":2793014,"f":135005515,"t":"S","d":526207817,"a":[],"m":[]},{"i":2793013,"f":135005515,"t":"Без коробки \nБез пакета\nРазмер a","d":526207816,"a":[],"m":[]},{"i":2793012,"f":135005515,"t":"С спб","d":526207807,"a":[],"m":[]},{"i":2793011,"f":135005515,"t":"Протасов Игорь Иннокентьевич\n\n+79242870835\nИнститутская ул., 15, Южно-Сахалинск, Сахалинская обл., 693010-пункт выдачи сдэк.","d":526207805,"a":[],"m":[]},{"i":2793010,"f":135005515,"t":"Здаров","d":526207804,"a":[],"m":[]},{"i":2783147,"f":15267753,"t":"+","d":525552166,"a":[],"m":[]},{"i":2783025,"f":135005515,"t":"Ушло","d":525548460,"a":[],"m":[]},{"i":2782893,"f":135005515,"t":"От души","d":525545928,"a":[],"m":[]},{"i":2782890,"f":15267753,"t":"Накладная успешно создана с номером: 1365355098\n500","d":525545834,"a":[],"m":[{"f":135005515,"t":"Величкович Светлана Владимировна. Адрес г. Куйбышев.  Новосибирская  область Ул. Гуляева, 11а\n\n8 9139523892\nС спб без пакета","d":525538257,"a":[]}]},{"i":2782711,"f":135005515,"t":"Величкович Светлана Владимировна. Адрес г. Куйбышев.  Новосибирская  область Ул. Гуляева, 11а\n\n8 9139523892\nС спб без пакета","d":525538257,"a":[],"m":[]},{"i":2774642,"f":15267753,"t":"+","d":525101372,"a":[],"m":[]},{"i":2774232,"f":135005515,"t":"И первую","d":525089491,"a":[],"m":[]},{"i":2774230,"f":135005515,"t":"Вторую тоже оплатил","d":525089482,"a":[],"m":[]},{"i":2773707,"f":135005515,"t":"Спасибо","d":525041610,"a":[],"m":[]},{"i":2773615,"f":15267753,"t":"Накладная успешно создана с номером: 1363658363\n300","d":525039166,"a":[],"m":[{"f":135005515,"t":"Московская область город Руза социалистическая 74В\n\nМарутян Арен Маисович\n\n+7 929 900-96-95","d":525035351,"a":[]}]},{"i":2773610,"f":15267753,"t":"Накладная успешно создана с номером: 1363658283\n320","d":525039100,"a":[],"m":[{"f":135005515,"t":"Краснодар\nВосточно-Кругликовская 30/2\nТомов Сергей Анатольевич\n+7-918-987-01-87","d":525034280,"a":[]}]},{"i":2773608,"f":135005515,"t":"20 на 30","d":525039051,"a":[],"m":[]},{"i":2773607,"f":135005515,"t":"Вторая коробка","d":525039042,"a":[],"m":[]},{"i":2773606,"f":135005515,"t":"Первая s","d":525039039,"a":[],"m":[]},{"i":2773605,"f":135005515,"t":"Так габариты","d":525039035,"a":[],"m":[]},{"i":2773604,"f":15267753,"t":"такие да габариты","d":525039022,"a":[],"m":[]},{"i":2773603,"f":15267753,"t":"пакет S","d":525039017,"a":[],"m":[]},{"i":2773601,"f":135005515,"t":"Здаров!","d":525038873,"a":[],"m":[]},{"i":2773599,"f":15267753,"t":"привет","d":525038831,"a":[],"m":[]},{"i":2773528,"f":135005515,"t":"Без коробки","d":525035370,"a":[],"m":[{"f":135005515,"t":"Московская область город Руза социалистическая 74В\n\nМарутян Арен Маисович\n\n+7 929 900-96-95","d":525035351,"a":[]}]},{"i":2773527,"f":135005515,"t":"Московская область город Руза социалистическая 74В\n\nМарутян Арен Маисович\n\n+7 929 900-96-95","d":525035351,"a":[],"m":[]},{"i":2773526,"f":135005515,"t":"———-","d":525035332,"a":[],"m":[]},{"i":2773492,"f":135005515,"t":"Краснодар\nВосточно-Кругликовская 30/2\nТомов Сергей Анатольевич\n+7-918-987-01-87","d":525034280,"a":[],"m":[]},{"i":2773491,"f":135005515,"t":"С спб\nБез пакета","d":525034278,"a":[],"m":[]},{"i":2769346,"f":135005515,"t":"Оплатил","d":524873674,"a":[],"m":[]},{"i":2769313,"f":15267753,"t":"+","d":524871642,"a":[],"m":[]},{"i":2769305,"f":135005515,"t":"Закину","d":524871222,"a":[],"m":[]},{"i":2769303,"f":15267753,"t":"да","d":524871103,"a":[],"m":[]},{"i":2769302,"f":135005515,"t":"Оплата","d":524871079,"a":[],"m":[{"f":15267753,"t":"89059515168 сбер или тиньк","d":507925850,"a":[]}]},{"i":2769301,"f":15267753,"t":"Да","d":524871068,"a":[],"m":[]},{"i":2769300,"f":135005515,"t":"300?","d":524871043,"a":[],"m":[]},{"i":2769298,"f":15267753,"t":"поменял","d":524870980,"a":[],"m":[]},{"i":2769295,"f":135005515,"t":"Убери пакет пж если можно ещё\nНаверное из за него?","d":524870745,"a":[],"m":[]},{"i":2769294,"f":135005515,"t":"Было 300?","d":524870732,"a":[],"m":[{"f":15267753,"t":"Номер заказа СДЭК 1355610075\n300","d":522169648,"a":[]}]},{"i":2769269,"f":15267753,"t":"Накладная успешно создана с номером: 1363062985\n300","d":524870313,"a":[],"m":[{"f":135005515,"t":"По этим данным , верно?\n\nДоствка СДЭК Рязанская обл., г. Рыбное, ул. Большая, 8Б\nПолучатель Грачев Андрей Анатольевич\n89109026791\n\nС спб пакет S","d":524868488,"a":[]}]},{"i":2769262,"f":135005515,"t":"Da","d":524870236,"a":[],"m":[]},{"i":2769259,"f":15267753,"t":"из спб?","d":524870227,"a":[],"m":[]},{"i":2769202,"f":135005515,"t":"По этим данным , верно?\n\nДоствка СДЭК Рязанская обл., г. Рыбное, ул. Большая, 8Б\nПолучатель Грачев Андрей Анатольевич\n89109026791\n\nС спб пакет S","d":524868488,"a":[],"m":[]},{"i":2762929,"f":15267753,"t":"+","d":524408956,"a":[],"m":[]},{"i":2762899,"f":135005515,"t":"","d":524407406,"a":[],"m":[{"f":651392592,"t":"","d":524405105,"a":[{"t":0,"s":{"m":"https://sun9-6.userapi.com/impg/m0fqqQdCU_GbX6lI5umc1MCuxzT_PALUTIe2jw/eVpmvSI6Ke4.jpg?size=510x900&quality=95&crop=0,0,738,1302&sign=c0b62a19ed5e1b23f5903dd5f4e4f0f3&c_uniq_tag=Yj-AY7sgGrI_rjtuek0iqq5E2vIbL_RecNkhX_sqZwU&type=album","s":"https://sun9-6.userapi.com/impg/m0fqqQdCU_GbX6lI5umc1MCuxzT_PALUTIe2jw/eVpmvSI6Ke4.jpg?size=200x434&quality=95&sign=e4937220744f30f0fd44c88bfdc2da7d&c_uniq_tag=jsY-Rcw4LpePi4aMdJrfrOACbnHV4dptgGKVBIfGGIU&type=album","n":"https://sun9-6.userapi.com/impg/m0fqqQdCU_GbX6lI5umc1MCuxzT_PALUTIe2jw/eVpmvSI6Ke4.jpg?size=738x1600&quality=95&sign=e5563368733607b06ac9bc1eea4187b2&c_uniq_tag=A8HbuULmf5qVc2Ff6deIeha02xsYdO8hF21s_vCaV9U&type=album","o":"https://sun9-6.userapi.com/impg/m0fqqQdCU_GbX6lI5umc1MCuxzT_PALUTIe2jw/eVpmvSI6Ke4.jpg?size=498x1080&quality=95&sign=47959bc83b6b065f09fd90489cd1477c&c_uniq_tag=QqEUYPe6OECHCdURrDar-VT3fMyjP_4-e1mpC681z3I&type=album","t":"https://sun9-6.userapi.com/impg/m0fqqQdCU_GbX6lI5umc1MCuxzT_PALUTIe2jw/eVpmvSI6Ke4.jpg?size=279x604&quality=95&sign=0ed53b8b7a4f200e95acb1dd5d750e18&c_uniq_tag=1WOeNQVmubopTUVdm7PHtYvwkb9iLifFF1ah3cQ8tvU&type=album"},"z":"","q":0,"w":0,"o":651392592,"i":457239534,"d":524405105}]}]},{"i":2762352,"f":15267753,"t":"Номер заказа СДЭК 1361608540\n350","d":524346911,"a":[],"m":[{"f":135005515,"t":"С спб \nПакет S","d":524339303,"a":[]}]},{"i":2762350,"f":15267753,"t":"привет","d":524346829,"a":[],"m":[]},{"i":2762336,"f":135005515,"t":"Хэй бро","d":524346258,"a":[],"m":[]},{"i":2762238,"f":135005515,"t":"С спб \nПакет S","d":524339303,"a":[],"m":[{"f":651392592,"t":"С дек  Бологое. Переулок свободы 8. Кислицын евгений анатольевич.","d":524337970,"a":[]},{"f":651392592,"t":"89157469480","d":524337995,"a":[]},{"f":651392592,"t":"Город","d":524339192,"a":[]}]},{"i":2755330,"f":15267753,"t":"+","d":523817511,"a":[],"m":[]},{"i":2755255,"f":135005515,"t":"Скинул\nЗатупил ток \nДвумя платежами","d":523815989,"a":[],"m":[]},{"i":2753900,"f":15267753,"t":"Номер заказа СДЭК 1359816114\n350","d":523726483,"a":[],"m":[{"f":135005515,"t":"Резаев Александр Андреевич, \n8 927 915 61 87\n, адрес сдэк улица степная 23/1","d":523725328,"a":[]}]},{"i":2753872,"f":135005515,"t":"S без коробки","d":523725352,"a":[],"m":[]},{"i":2753871,"f":135005515,"t":"С спб","d":523725344,"a":[],"m":[]},{"i":2753870,"f":135005515,"t":"Саратовская область город Балаково","d":523725339,"a":[],"m":[]},{"i":2753869,"f":135005515,"t":"Резаев Александр Андреевич, \n8 927 915 61 87\n, адрес сдэк улица степная 23/1","d":523725328,"a":[],"m":[]},{"i":2736037,"f":135005515,"t":"","d":522179186,"a":[{"t":0,"s":{"m":"https://sun9-3.userapi.com/impg/nRVRPjwnnm0468SSmhbkST4SHd0G0WTBIGxT2g/XDpU0gJml3w.jpg?size=510x900&quality=95&crop=0,0,856,1511&sign=14d7304fbd7b88942cab7e0eb3126a91&c_uniq_tag=1iRmU7n9Pt1UMATCi3g39o_h1KwPParymK6DPIM6qWo&type=album","s":"https://sun9-3.userapi.com/impg/nRVRPjwnnm0468SSmhbkST4SHd0G0WTBIGxT2g/XDpU0gJml3w.jpg?size=200x433&quality=95&sign=a59e0b14d4679c3bd38ffddb186858c4&c_uniq_tag=WNE0iKnnR0yD0pLiDHI9rwtWfa_L84RdJRbdlTKN9AY&type=album","n":"https://sun9-3.userapi.com/impg/nRVRPjwnnm0468SSmhbkST4SHd0G0WTBIGxT2g/XDpU0gJml3w.jpg?size=856x1852&quality=95&sign=8268890ff7c17e27303d5ad008915d2c&c_uniq_tag=9tdqEGtCz5um6D7gaSR3PIfedXc8mIKwOGEdDxG7LLI&type=album","o":"https://sun9-3.userapi.com/impg/nRVRPjwnnm0468SSmhbkST4SHd0G0WTBIGxT2g/XDpU0gJml3w.jpg?size=499x1080&quality=95&sign=a7cf27fc264abd526308312c6f7504ff&c_uniq_tag=UwAg3rWEwHemL49JtIJwe7POi0ZVeQugQ1zYRgzso2M&type=album","t":"https://sun9-3.userapi.com/impg/nRVRPjwnnm0468SSmhbkST4SHd0G0WTBIGxT2g/XDpU0gJml3w.jpg?size=279x604&quality=95&sign=61a5d1d55530ce8a26b1f37ac969378d&c_uniq_tag=FegTHtjufDntgOy216MWJHeoIlDnPD_hKo1rEZBMWQU&type=album"},"z":"","q":0,"w":0,"o":135005515,"i":457262716,"d":522179186}],"m":[]},{"i":2735729,"f":15267753,"t":"Номер заказа СДЭК 1355610075\n300","d":522169648,"a":[],"m":[]},{"i":2735727,"f":15267753,"t":"ща","d":522169561,"a":[],"m":[]},{"i":2735691,"f":135005515,"t":"Бро","d":522169068,"a":[],"m":[]},{"i":2735639,"f":135005515,"t":"S пакет с спб","d":522167169,"a":[],"m":[]},{"i":2735637,"f":135005515,"t":"Доствка СДЭК Рязанская обл., г. Рыбное, ул. Большая, 8Б\nПолучатель Грачев Андрей Анатольевич\n+7 910 902-67-91","d":522167163,"a":[],"m":[]},{"i":2727677,"f":135005515,"t":"Да","d":521634246,"a":[],"m":[]},{"i":2727633,"f":15267753,"t":"на сбер закинул?","d":521630824,"a":[],"m":[]},{"i":2727168,"f":135005515,"t":"Есть","d":521577385,"a":[],"m":[]},{"i":2726933,"f":135005515,"t":"Отлично","d":521571482,"a":[],"m":[]},{"i":2726659,"f":15267753,"t":"Накладная успешно создана с номером: 1354052543\n370","d":521562902,"a":[],"m":[{"f":135005515,"t":"","d":521561519,"a":[{"t":0,"s":{"m":"https://sun9-18.userapi.com/impg/-2Yg1kEO5bwCtWJAbby7eK-3shXtVzhFHpkkGQ/ItLfCZxnzGk.jpg?size=510x900&quality=95&crop=0,0,856,1511&sign=71c3cb5d311334f0134eaaa21b4f688f&c_uniq_tag=6X0FQJeI9mlQVs9yqGgaQxWaA1hQWPkJmiYx3OuVhwQ&type=album","s":"https://sun9-18.userapi.com/impg/-2Yg1kEO5bwCtWJAbby7eK-3shXtVzhFHpkkGQ/ItLfCZxnzGk.jpg?size=200x433&quality=95&sign=49ad7406a1f91ae6c7dd898b658297f7&c_uniq_tag=2XD7bqSGvSyWVvrDCzFFODpWetMPAlD0-ZsVgKm_Bec&type=album","n":"https://sun9-18.userapi.com/impg/-2Yg1kEO5bwCtWJAbby7eK-3shXtVzhFHpkkGQ/ItLfCZxnzGk.jpg?size=856x1852&quality=95&sign=47c4275d342ef55889b046fe79e42fbe&c_uniq_tag=x2khqApl5dd3MR7Js4OAcu4EPDg4DA7a6YFuDvcmNMA&type=album","o":"https://sun9-18.userapi.com/impg/-2Yg1kEO5bwCtWJAbby7eK-3shXtVzhFHpkkGQ/ItLfCZxnzGk.jpg?size=499x1080&quality=95&sign=63002bfc18cd718aac631f35b01ca9f1&c_uniq_tag=6XoZIBcX1I1P1qM7eCBbJpNzbZkdxlQJbfnXMvyzXEo&type=album","t":"https://sun9-18.userapi.com/impg/-2Yg1kEO5bwCtWJAbby7eK-3shXtVzhFHpkkGQ/ItLfCZxnzGk.jpg?size=279x604&quality=95&sign=c88d8e55b882025615e8b1bdf4ca8283&c_uniq_tag=4QFuntfclJCaoZwVtEqwikpQ3fmnGvNvxatgtW6JGPI&type=album"},"z":"","q":0,"w":0,"o":135005515,"i":457262671,"d":521561519}]}]},{"i":2726641,"f":135005515,"t":"Отправка спб пакет s","d":521561525,"a":[],"m":[]},{"i":2726640,"f":135005515,"t":"","d":521561519,"a":[{"t":0,"s":{"m":"https://sun9-18.userapi.com/impg/-2Yg1kEO5bwCtWJAbby7eK-3shXtVzhFHpkkGQ/ItLfCZxnzGk.jpg?size=510x900&quality=95&crop=0,0,856,1511&sign=71c3cb5d311334f0134eaaa21b4f688f&c_uniq_tag=6X0FQJeI9mlQVs9yqGgaQxWaA1hQWPkJmiYx3OuVhwQ&type=album","s":"https://sun9-18.userapi.com/impg/-2Yg1kEO5bwCtWJAbby7eK-3shXtVzhFHpkkGQ/ItLfCZxnzGk.jpg?size=200x433&quality=95&sign=49ad7406a1f91ae6c7dd898b658297f7&c_uniq_tag=2XD7bqSGvSyWVvrDCzFFODpWetMPAlD0-ZsVgKm_Bec&type=album","n":"https://sun9-18.userapi.com/impg/-2Yg1kEO5bwCtWJAbby7eK-3shXtVzhFHpkkGQ/ItLfCZxnzGk.jpg?size=856x1852&quality=95&sign=47c4275d342ef55889b046fe79e42fbe&c_uniq_tag=x2khqApl5dd3MR7Js4OAcu4EPDg4DA7a6YFuDvcmNMA&type=album","o":"https://sun9-18.userapi.com/impg/-2Yg1kEO5bwCtWJAbby7eK-3shXtVzhFHpkkGQ/ItLfCZxnzGk.jpg?size=499x1080&quality=95&sign=63002bfc18cd718aac631f35b01ca9f1&c_uniq_tag=6XoZIBcX1I1P1qM7eCBbJpNzbZkdxlQJbfnXMvyzXEo&type=album","t":"https://sun9-18.userapi.com/impg/-2Yg1kEO5bwCtWJAbby7eK-3shXtVzhFHpkkGQ/ItLfCZxnzGk.jpg?size=279x604&quality=95&sign=c88d8e55b882025615e8b1bdf4ca8283&c_uniq_tag=4QFuntfclJCaoZwVtEqwikpQ3fmnGvNvxatgtW6JGPI&type=album"},"z":"","q":0,"w":0,"o":135005515,"i":457262671,"d":521561519}],"m":[]},{"i":2726639,"f":135005515,"t":"Руссу Андрей Кириллович +79029826505","d":521561509,"a":[],"m":[]},{"i":2721312,"f":15267753,"t":"+","d":521243395,"a":[],"m":[]},{"i":2721308,"f":135005515,"t":"я закинул","d":521243244,"a":[],"m":[]},{"i":2721027,"f":15267753,"t":"Накладная успешно создана с номером: 1353060001\n300","d":521226616,"a":[],"m":[{"f":135005515,"t":"Карелия Петрозаводск сдек первомайский 9 Карпович Илья Александрович 89217288926","d":521225840,"a":[]}]},{"i":2721014,"f":135005515,"t":"без коробки","d":521225856,"a":[],"m":[]},{"i":2721013,"f":135005515,"t":"S","d":521225849,"a":[],"m":[]},{"i":2721012,"f":135005515,"t":"с спб","d":521225843,"a":[],"m":[]},{"i":2721011,"f":135005515,"t":"Карелия Петрозаводск сдек первомайский 9 Карпович Илья Александрович 89217288926","d":521225840,"a":[],"m":[]},{"i":2713302,"f":135005515,"t":"Здаров","d":520778055,"a":[],"m":[]},{"i":2713300,"f":15267753,"t":"Накладная успешно создана с номером: 1352014787\n370","d":520778044,"a":[],"m":[{"f":135005515,"t":"Новосибирск Зорге 135\nСворовский Михаил Анатольевич","d":520777932,"a":[]}]},{"i":2713287,"f":15267753,"t":"привет","d":520777992,"a":[],"m":[]},{"i":2713280,"f":135005515,"t":"S","d":520777946,"a":[],"m":[]},{"i":2713279,"f":135005515,"t":"С спб","d":520777944,"a":[],"m":[]},{"i":2713278,"f":135005515,"t":"+7 913 795-40-77","d":520777941,"a":[],"m":[]},{"i":2713275,"f":135005515,"t":"Новосибирск Зорге 135\nСворовский Михаил Анатольевич","d":520777932,"a":[],"m":[]},{"i":2712210,"f":15267753,"t":"370","d":520713071,"a":[],"m":[]},{"i":2712176,"f":135005515,"t":"С спб до Новосиба без коробки s подскажи цену сколько будет","d":520710435,"a":[],"m":[]},{"i":2704159,"f":15267753,"t":"+","d":520200192,"a":[],"m":[]},{"i":2704154,"f":135005515,"t":"Ушло","d":520199951,"a":[],"m":[]},{"i":2704152,"f":135005515,"t":"Оплата","d":520199916,"a":[],"m":[{"f":15267753,"t":"89059515168 сбер или тиньк","d":507925850,"a":[]}]},{"i":2704085,"f":135005515,"t":"Скин попозже","d":520196930,"a":[],"m":[]},{"i":2704084,"f":15267753,"t":"Накладная успешно создана с номером: 1350657412\n300","d":520196882,"a":[],"m":[{"f":135005515,"t":"Михалев Максим Александрович\n89850920185\n\nГ Подольск ул 43 армии д15","d":520196736,"a":[]}]},{"i":2704081,"f":135005515,"t":"Спб","d":520196761,"a":[],"m":[]},{"i":2704080,"f":15267753,"t":"Откуда","d":520196757,"a":[],"m":[]},{"i":2704079,"f":15267753,"t":"Пара?","d":520196750,"a":[],"m":[]},{"i":2704078,"f":135005515,"t":"Спб без коробки","d":520196741,"a":[],"m":[]},{"i":2704077,"f":135005515,"t":"Михалев Максим Александрович\n89850920185\n\nГ Подольск ул 43 армии д15","d":520196736,"a":[],"m":[]},{"i":2692305,"f":15267753,"t":"+","d":519528571,"a":[],"m":[]},{"i":2691775,"f":135005515,"t":"Скинули за доставку?","d":519511068,"a":[],"m":[]},{"i":2691581,"f":135005515,"t":"Спасибо)","d":519503327,"a":[],"m":[]},{"i":2691580,"f":15267753,"t":"Накладная успешно создана с номером: 1348889713\n350","d":519503309,"a":[],"m":[{"f":135005515,"t":"Ценев Олег Юрьевич, 89174071606\n,\nг.Тюмень. СДЭК тихий проезд, 3.","d":519502669,"a":[]}]},{"i":2691573,"f":135005515,"t":"Спасибо","d":519503194,"a":[],"m":[]},{"i":2691571,"f":15267753,"t":"Ок","d":519503191,"a":[],"m":[]},{"i":2691570,"f":15267753,"t":"Срочно?)","d":519503190,"a":[],"m":[]},{"i":2691569,"f":135005515,"t":"Сделай плиз\nСпешу","d":519503188,"a":[],"m":[]},{"i":2691568,"f":135005515,"t":"","d":519503179,"a":[{"t":-1,"s":"call","v":{"type":"call","call":{"initiator_id":135005515,"receiver_id":15267753,"state":"canceled_by_initiator","time":1658244379,"duration":0,"video":false}}}],"m":[]},{"i":2691565,"f":135005515,"t":"С спб s без коробки","d":519502676,"a":[],"m":[]},{"i":2691564,"f":135005515,"t":"Ценев Олег Юрьевич, 89174071606\n,\nг.Тюмень. СДЭК тихий проезд, 3.","d":519502669,"a":[],"m":[]},{"i":2687360,"f":15267753,"t":"+","d":519227753,"a":[],"m":[]},{"i":2687357,"f":135005515,"t":"","d":519227671,"a":[{"t":0,"s":{"m":"https://sun9-15.userapi.com/impg/s8doo4ockR4yL1gOFJUkNlXlajciOXgUI7aMnA/7S8SqTZuHjA.jpg?size=510x900&quality=95&crop=0,0,738,1302&sign=086566e018ffb16067abe0cc384927cc&c_uniq_tag=ZzXwtmGHPobRI4GmbmTTp9ow6FNUofB5XvJdKG8Z5tc&type=album","s":"https://sun9-15.userapi.com/impg/s8doo4ockR4yL1gOFJUkNlXlajciOXgUI7aMnA/7S8SqTZuHjA.jpg?size=200x434&quality=95&sign=912a53ea0fe0264e4b7e6d5f589dba0c&c_uniq_tag=sZp3tKox8hM5t4GJ79dWhw112AWieyftS96fD13I0Eo&type=album","n":"https://sun9-15.userapi.com/impg/s8doo4ockR4yL1gOFJUkNlXlajciOXgUI7aMnA/7S8SqTZuHjA.jpg?size=738x1600&quality=95&sign=a00bf3cd2b53ad1c7b67881e55d84afa&c_uniq_tag=XJWgjgCtWYE_5knsMeI0LSZlfvFUy6GH54DFsYAoXFk&type=album","o":"https://sun9-15.userapi.com/impg/s8doo4ockR4yL1gOFJUkNlXlajciOXgUI7aMnA/7S8SqTZuHjA.jpg?size=498x1080&quality=95&sign=deb69b82593e418dfbf84f21fa2aa278&c_uniq_tag=oE7Ed8i7zpoK-AgcRj-RSDJE6hGrkwQyvMAfXchLHCg&type=album","t":"https://sun9-15.userapi.com/impg/s8doo4ockR4yL1gOFJUkNlXlajciOXgUI7aMnA/7S8SqTZuHjA.jpg?size=279x604&quality=95&sign=3ddedbf79cc5f4085ed31a45a772a74a&c_uniq_tag=2Klfznx6giJDCWqG-YgrsJI-qeGAS7ehEqJCqwIznD8&type=album"},"z":"","q":0,"w":0,"o":135005515,"i":457262463,"d":519227670}],"m":[]},{"i":2687279,"f":15267753,"t":"Накладная успешно создана с номером: 1348235676\n550","d":519226316,"a":[],"m":[{"f":135005515,"t":"Сдэк: г. Владивосток, ул. Русская 2Б. Получатель :Красивский Е. Н. 984 188 03 93","d":519223594,"a":[]}]},{"i":2687244,"f":135005515,"t":"Евгений Николаевич","d":519224636,"a":[],"m":[]},{"i":2687243,"f":135005515,"t":"S","d":519224627,"a":[],"m":[]},{"i":2687226,"f":15267753,"t":"Габарит какой","d":519224073,"a":[],"m":[]},{"i":2687212,"f":135005515,"t":"Спб без коробки","d":519223605,"a":[],"m":[]},{"i":2687211,"f":135005515,"t":"Сдэк: г. Владивосток, ул. Русская 2Б. Получатель :Красивский Е. Н. 984 188 03 93","d":519223594,"a":[],"m":[]},{"i":2682122,"f":15267753,"t":"Селятино","d":518894953,"a":[],"m":[]},{"i":2682121,"f":135005515,"t":"До Москвы? Почему не 300?","d":518894930,"a":[],"m":[]},{"i":2682120,"f":15267753,"t":"Накладная успешно создана с номером: 1347397474\n350","d":518894912,"a":[],"m":[{"f":135005515,"t":"Гутников Александр Владиславович\n\n89254763484\n\nМосковская область, п Селятино, ул. Спортивная, 5","d":518894053,"a":[]}]},{"i":2682047,"f":135005515,"t":"С спб","d":518894054,"a":[],"m":[]},{"i":2682046,"f":135005515,"t":"Гутников Александр Владиславович\n\n89254763484\n\nМосковская область, п Селятино, ул. Спортивная, 5","d":518894053,"a":[],"m":[]},{"i":2682045,"f":135005515,"t":"S","d":518894051,"a":[],"m":[]},{"i":2680970,"f":15267753,"t":"+","d":518822958,"a":[],"m":[]},{"i":2680964,"f":135005515,"t":"Закинул","d":518822180,"a":[],"m":[]},{"i":2680934,"f":15267753,"t":"Накладная успешно создана с номером: 1347167460\n350","d":518820530,"a":[],"m":[{"f":135005515,"t":"Ефремов Александр Сергеевич","d":518819491,"a":[]}]},{"i":2680932,"f":15267753,"t":"этот пункт","d":518820512,"a":[],"m":[]},{"i":2680931,"f":15267753,"t":"[SRP14] На Чернышевского 24/56","d":518820510,"a":[],"m":[]},{"i":2680922,"f":135005515,"t":"Спб","d":518819834,"a":[],"m":[]},{"i":2680921,"f":135005515,"t":"S","d":518819831,"a":[],"m":[]},{"i":2680919,"f":15267753,"t":"Откуда и габарит","d":518819666,"a":[],"m":[]},{"i":2680918,"f":15267753,"t":"А","d":518819659,"a":[],"m":[]},{"i":2680917,"f":15267753,"t":"Скопируешь текст","d":518819654,"a":[],"m":[]},{"i":2680914,"f":135005515,"t":"","d":518819539,"a":[{"t":0,"s":{"m":"https://sun9-78.userapi.com/impg/YrTLN9ira2XqY5N-Ga4bgXaDZVZqx1dK4AZs6Q/8EGvmlX4VgI.jpg?size=510x338&quality=95&crop=387,0,510,338&sign=bebc6c59f542a81325c9562a18658261&c_uniq_tag=BW3xNLunD1GmeOkld4Nh2hSIHBfpXp4PY3KNBcp9mL4&type=album","s":"https://sun9-78.userapi.com/impg/YrTLN9ira2XqY5N-Ga4bgXaDZVZqx1dK4AZs6Q/8EGvmlX4VgI.jpg?size=200x133&quality=95&crop=388,0,508,338&sign=07cbb30a460f6567814911967cf2911f&c_uniq_tag=2_QNMV9pbErO2KBUM3Ai__jCj3sKzKTfVEzD3WiTK-k&type=album","n":"https://sun9-78.userapi.com/impg/YrTLN9ira2XqY5N-Ga4bgXaDZVZqx1dK4AZs6Q/8EGvmlX4VgI.jpg?size=1284x338&quality=95&sign=6bb5acb96e7e66c8dc9f6cdaefc545d2&c_uniq_tag=nvHEbhcm-fpA4Gio_SBqiPz7c8rPIJi-pClyBudku1g&type=album","o":"https://sun9-78.userapi.com/impg/YrTLN9ira2XqY5N-Ga4bgXaDZVZqx1dK4AZs6Q/8EGvmlX4VgI.jpg?size=1280x337&quality=95&sign=6844c92d0eb38a409e24e334d1b3f562&c_uniq_tag=J4CvYqlI7Vdivfe9ghCNg4Mg2zrXPdmrVoNg9cHyTAY&type=album","t":"https://sun9-78.userapi.com/impg/YrTLN9ira2XqY5N-Ga4bgXaDZVZqx1dK4AZs6Q/8EGvmlX4VgI.jpg?size=604x159&quality=95&sign=5bcd9e544c2b7a37852bc4f5d978940b&c_uniq_tag=iJF-ElDZWqVHPsjKEYY90WOEZTJLPtoUgMFOrQ4QKmU&type=album"},"z":"","q":0,"w":0,"o":135005515,"i":457262383,"d":518819539}],"m":[]},{"i":2680913,"f":135005515,"t":"+79161665592","d":518819506,"a":[],"m":[]},{"i":2680912,"f":135005515,"t":"Ефремов Александр Сергеевич","d":518819491,"a":[],"m":[]},{"i":2680911,"f":135005515,"t":"Ещё один","d":518819490,"a":[],"m":[]},{"i":2680895,"f":15267753,"t":"+++","d":518816882,"a":[],"m":[]},{"i":2680866,"f":135005515,"t":"","d":518814153,"a":[{"t":0,"s":{"m":"https://sun9-79.userapi.com/impg/yqs3Xc2FyPP08bWpJzVp-C7bxUnePbxDoYSSiA/Y13OrNDFyAE.jpg?size=510x900&quality=95&crop=0,0,856,1511&sign=1436047e7a6d174c2850a2fff384fd80&c_uniq_tag=q0JqPMS2rN7zm2tFkYbJFYkIjCmUvYMcCmeLnwAn8-o&type=album","s":"https://sun9-79.userapi.com/impg/yqs3Xc2FyPP08bWpJzVp-C7bxUnePbxDoYSSiA/Y13OrNDFyAE.jpg?size=200x433&quality=95&sign=33a03cde53373608a24488dbb4db3417&c_uniq_tag=vMIVE63nNFiDEbVIgsBN5dnQ6TKmY8cBjs-BoYQ-x84&type=album","n":"https://sun9-79.userapi.com/impg/yqs3Xc2FyPP08bWpJzVp-C7bxUnePbxDoYSSiA/Y13OrNDFyAE.jpg?size=856x1852&quality=95&sign=8ebafa4e34b03b7d5f2e28cd14f21e75&c_uniq_tag=fhCpayfbZIVFgtf8nvoJuuZ9W-lHDJ4OMV8TcRn5pSI&type=album","o":"https://sun9-79.userapi.com/impg/yqs3Xc2FyPP08bWpJzVp-C7bxUnePbxDoYSSiA/Y13OrNDFyAE.jpg?size=499x1080&quality=95&sign=3b61932a3f7cdb50faf7dc13c94d60fd&c_uniq_tag=jzA15lgssB1xDnLWivE46ElE2RgOHzlU7EsK8Cm_OlI&type=album","t":"https://sun9-79.userapi.com/impg/yqs3Xc2FyPP08bWpJzVp-C7bxUnePbxDoYSSiA/Y13OrNDFyAE.jpg?size=279x604&quality=95&sign=0107b99fb95d5e4adc666e56a3ce1355&c_uniq_tag=TNNIQwbUje8rvGKV1CCqg_nWM9vSkd02W1C8gvWr5qU&type=album"},"z":"","q":0,"w":0,"o":135005515,"i":457262364,"d":518814152}],"m":[]},{"i":2680819,"f":135005515,"t":"Пришли куда оплатить я чуть позже закину","d":518810776,"a":[],"m":[]},{"i":2680799,"f":15267753,"t":"Накладная успешно создана с номером: 1347135898\n300","d":518809275,"a":[],"m":[{"f":135005515,"t":"","d":518808324,"a":[],"m":[{"f":152134716,"t":"Климок Юлия Валериевна, тел. 89859859296.","d":518808068,"a":[]},{"f":152134716,"t":"СДЭК, г. Москва, ул. Байкальская, 37","d":518808179,"a":[]}]}]},{"i":2680782,"f":135005515,"t":"Коробка s","d":518808350,"a":[],"m":[]},{"i":2680781,"f":135005515,"t":"С спб","d":518808345,"a":[],"m":[]},{"i":2680780,"f":135005515,"t":"","d":518808324,"a":[],"m":[{"f":152134716,"t":"Климок Юлия Валериевна, тел. 89859859296.","d":518808068,"a":[]},{"f":152134716,"t":"СДЭК, г. Москва, ул. Байкальская, 37","d":518808179,"a":[]}]},{"i":2617523,"f":15267753,"t":"+++","d":514998087,"a":[],"m":[]},{"i":2617515,"f":135005515,"t":"","d":514997952,"a":[{"t":0,"s":{"m":"https://sun9-24.userapi.com/impg/Kba3JyOtZj18WiMN9pbQgTTIor9s1BEMvxAtPg/bTtmQTrtSA0.jpg?size=510x900&quality=95&crop=0,0,856,1511&sign=5e8ac74ea16f6cb459dad01fd300b33f&c_uniq_tag=Wd3eYBQ5scfKBT9L_SaPSRpDIpCriXyCAGhagmUk7TY&type=album","s":"https://sun9-24.userapi.com/impg/Kba3JyOtZj18WiMN9pbQgTTIor9s1BEMvxAtPg/bTtmQTrtSA0.jpg?size=200x433&quality=95&sign=8810a55c85704ccf23c08c8b1acf9366&c_uniq_tag=Z-qAdf7kKUUMW8HBNBQpof7AB-RM-kkpbdiBRMX63Ng&type=album","n":"https://sun9-24.userapi.com/impg/Kba3JyOtZj18WiMN9pbQgTTIor9s1BEMvxAtPg/bTtmQTrtSA0.jpg?size=856x1852&quality=95&sign=4a39a6dfc0fbc313fd086ec108dd378f&c_uniq_tag=2sFWpUCQ1ND1fwl368SYzVw9Z1Nl0khDmeL8hO_cXv4&type=album","o":"https://sun9-24.userapi.com/impg/Kba3JyOtZj18WiMN9pbQgTTIor9s1BEMvxAtPg/bTtmQTrtSA0.jpg?size=499x1080&quality=95&sign=67756c3599a48e3505c456f3a40e71b8&c_uniq_tag=uN-HVXo5G2z2TJhIDj3xS401FIBinRw1p9asx4-46U4&type=album","t":"https://sun9-24.userapi.com/impg/Kba3JyOtZj18WiMN9pbQgTTIor9s1BEMvxAtPg/bTtmQTrtSA0.jpg?size=279x604&quality=95&sign=f74694980a8002d5e5aaf306d89efbdd&c_uniq_tag=tQd1MBfwBbj8KeQkyoxyDJMSYWAFdf3JGZonFA60LKE&type=album"},"z":"","q":0,"w":0,"o":135005515,"i":457262086,"d":514997952}],"m":[]},{"i":2617304,"f":135005515,"t":"Закину","d":514990808,"a":[],"m":[]},{"i":2617303,"f":135005515,"t":"Окей","d":514990806,"a":[],"m":[]},{"i":2617293,"f":15267753,"t":"Накладная успешно создана с номером: 1337791888\n350","d":514990287,"a":[],"m":[{"f":135005515,"t":"Привет, без коробки s","d":514985220,"a":[]}]},{"i":2617222,"f":15267753,"t":"Прив","d":514988300,"a":[],"m":[]},{"i":2617105,"f":135005515,"t":"Санкт Петербург","d":514985228,"a":[],"m":[]},{"i":2617104,"f":135005515,"t":"Привет, без коробки s","d":514985220,"a":[],"m":[{"f":34008417,"t":"Оренбург Инякин Никита Алексеевич адрес Сдэк проспект Гагарина 48/1 89228292727","d":514936221,"a":[]}]},{"i":2593608,"f":15267753,"t":"оки","d":513366607,"a":[],"m":[]},{"i":2593602,"f":135005515,"t":"Попозже отпишусь","d":513366462,"a":[],"m":[]},{"i":2593510,"f":15267753,"t":"габарит еще","d":513363675,"a":[],"m":[]},{"i":2593508,"f":15267753,"t":"прив","d":513363668,"a":[],"m":[]},{"i":2593181,"f":135005515,"t":"зарубина анастасия игоревна,89116880787 ленинградский проспект 47 Ярославль \n\nОтправка с Санкт Петербург","d":513346467,"a":[],"m":[]},{"i":2593179,"f":135005515,"t":"Здаров","d":513346458,"a":[],"m":[]},{"i":2543449,"f":15267753,"t":"+++","d":510413198,"a":[],"m":[]},{"i":2543413,"f":135005515,"t":"Скинул","d":510411769,"a":[],"m":[]},{"i":2543398,"f":15267753,"t":"Накладная успешно создана с номером: 1327296939\n300","d":510411127,"a":[],"m":[{"f":135005515,"t":"Кирченков Александр Анатольевич 89109152501","d":510410646,"a":[]}]},{"i":2543386,"f":135005515,"t":"Без коробки","d":510410660,"a":[],"m":[]},{"i":2543385,"f":135005515,"t":"S","d":510410657,"a":[],"m":[]},{"i":2543384,"f":135005515,"t":"","d":510410653,"a":[{"t":0,"s":{"m":"https://sun9-25.userapi.com/impg/vOq71JsPr5-1fjBw3o-fwbf6hJ8eDrKmlhYHYA/MGWRFPV_QUU.jpg?size=499x1080&quality=96&sign=5393086d4b8e98a7994d94f7b95e0fcb&c_uniq_tag=IRVI7ZrMCzTgroh6KP-sZkaz63k5oN3m5Oi0l1uRbFY&type=album","s":"https://sun9-25.userapi.com/impg/vOq71JsPr5-1fjBw3o-fwbf6hJ8eDrKmlhYHYA/MGWRFPV_QUU.jpg?size=279x604&quality=96&sign=34df9f1776a5904ed6d58261e541ea71&c_uniq_tag=0qDXduR8rM5hb4zoIOooejl-8LNIeabSNlvF2klQwj4&type=album","n":"https://sun9-25.userapi.com/impg/vOq71JsPr5-1fjBw3o-fwbf6hJ8eDrKmlhYHYA/MGWRFPV_QUU.jpg?size=35x75&quality=96&sign=2a88f8bf6f44bc5f0eebdc702c0c0355&c_uniq_tag=WYu539H-kDR9lHiKjEjVTjqsT56rvQqFicQYWdUlCiw&type=album","o":"https://sun9-25.userapi.com/impg/vOq71JsPr5-1fjBw3o-fwbf6hJ8eDrKmlhYHYA/MGWRFPV_QUU.jpg?size=510x900&quality=96&crop=0,0,856,1511&sign=9682483ba900e109d74c2d456d03f7f3&c_uniq_tag=7Mb3nlNu4hGrL2BX5PyWhLm8iEm7jpzyHSdH25HcB0E&type=album","t":"https://sun9-25.userapi.com/impg/vOq71JsPr5-1fjBw3o-fwbf6hJ8eDrKmlhYHYA/MGWRFPV_QUU.jpg?size=200x433&quality=96&sign=65e4afa3fe25fec01c509d75c728c463&c_uniq_tag=XyI8MesukeSoe79vySoyysJ0H3-tnSq2SmEzI7fJTnw&type=album"},"z":"","q":0,"w":0,"o":135005515,"i":457261711,"d":510332652}],"m":[]},{"i":2543383,"f":135005515,"t":"Из спб","d":510410648,"a":[],"m":[]},{"i":2543382,"f":135005515,"t":"Кирченков Александр Анатольевич 89109152501","d":510410646,"a":[],"m":[]},{"i":2531290,"f":15267753,"t":"+++","d":509804373,"a":[],"m":[]},{"i":2531265,"f":135005515,"t":"Скинул","d":509804133,"a":[],"m":[]},{"i":2531256,"f":135005515,"t":"Ок","d":509804049,"a":[],"m":[]},{"i":2531254,"f":15267753,"t":"ну далеко наверно","d":509804025,"a":[],"m":[]},{"i":2531253,"f":135005515,"t":"Без коробки","d":509804025,"a":[],"m":[]},{"i":2531252,"f":135005515,"t":"Че так дорого?)","d":509804018,"a":[],"m":[]},{"i":2531250,"f":15267753,"t":"Накладная успешно создана с номером: 1325912476\n450","d":509804007,"a":[],"m":[{"f":135005515,"t":"Мурманская область полярные зори \nСтроителей д13 \n\nКурчавый Юрий Петрович \n89508988282","d":509803322,"a":[]}]},{"i":2531249,"f":135005515,"t":"S","d":509803986,"a":[],"m":[]},{"i":2531246,"f":15267753,"t":"габарит","d":509803967,"a":[],"m":[{"f":135005515,"t":"Что такое пара","d":509803905,"a":[]}]},{"i":2531244,"f":135005515,"t":"Без коробки","d":509803923,"a":[],"m":[]},{"i":2531242,"f":135005515,"t":"Что такое пара","d":509803905,"a":[],"m":[]},{"i":2531241,"f":135005515,"t":"С спб","d":509803899,"a":[],"m":[]},{"i":2531199,"f":15267753,"t":"пара?","d":509803366,"a":[],"m":[]},{"i":2531198,"f":15267753,"t":"с спб?","d":509803365,"a":[],"m":[]},{"i":2531193,"f":135005515,"t":"Мурманская область полярные зори \nСтроителей д13 \n\nКурчавый Юрий Петрович \n89508988282","d":509803322,"a":[],"m":[]},{"i":2514489,"f":15267753,"t":"+","d":509060043,"a":[],"m":[]},{"i":2514480,"f":135005515,"t":"Скинул","d":509059329,"a":[],"m":[]},{"i":2514478,"f":15267753,"t":"89059515168 сбер","d":509059232,"a":[],"m":[]},{"i":2514477,"f":135005515,"t":"Куда","d":509059219,"a":[],"m":[]},{"i":2514472,"f":15267753,"t":"Накладная успешно создана с номером: 1324225647\n300","d":509058998,"a":[],"m":[]},{"i":2514471,"f":15267753,"t":"привет","d":509058956,"a":[],"m":[]},{"i":2514464,"f":135005515,"t":"Сделай накладную пожалуйста \nS\nБез коробки","d":509058542,"a":[],"m":[]},{"i":2514463,"f":135005515,"t":"Отправка Санкт Петербург","d":509058527,"a":[],"m":[]},{"i":2514462,"f":135005515,"t":"г. Александров, владимирская обл. , ул. Институтская , д 10. Мартынов Александр Юрьевич. 8 910 776 82 20.","d":509058522,"a":[],"m":[]},{"i":2514461,"f":135005515,"t":"Привет","d":509058520,"a":[],"m":[]},{"i":2490868,"f":15267753,"t":"Обращайсч)","d":507926115,"a":[],"m":[]},{"i":2490867,"f":135005515,"t":"От души","d":507926101,"a":[],"m":[]},{"i":2490865,"f":15267753,"t":"+","d":507926051,"a":[],"m":[]},{"i":2490861,"f":135005515,"t":"Скинул","d":507925955,"a":[],"m":[]},{"i":2490854,"f":15267753,"t":"89059515168 сбер или тиньк","d":507925850,"a":[],"m":[]},{"i":2490853,"f":15267753,"t":"Накладная успешно создана с номером: 1321457675\n\n300","d":507925844,"a":[],"m":[]},{"i":2490851,"f":135005515,"t":"Нет","d":507925749,"a":[],"m":[]},{"i":2490850,"f":15267753,"t":"?","d":507925742,"a":[],"m":[]},{"i":2490849,"f":15267753,"t":"Коробку нада еще!","d":507925741,"a":[],"m":[]},{"i":2490848,"f":135005515,"t":"89642514144","d":507925740,"a":[],"m":[]},{"i":2490847,"f":135005515,"t":"Город Кирово-Чепецк, Кировская область, адрес Сдэк - ул. Мира, 34. ФИО получателя Рыжков Денис Николаевич","d":507925729,"a":[],"m":[]},{"i":2490846,"f":135005515,"t":"S","d":507925715,"a":[],"m":[]},{"i":2490845,"f":15267753,"t":"И габарит","d":507925696,"a":[],"m":[]},{"i":2490844,"f":15267753,"t":"Кинь текстом","d":507925695,"a":[],"m":[]},{"i":2490843,"f":135005515,"t":"","d":507925682,"a":[{"t":0,"s":{"m":"https://sun9-30.userapi.com/impg/yH4PtwJEfHEWKX-YtJrHQfa0OrOg5UcPW_3OuA/QvliRdYDNH0.jpg?size=1280x688&quality=96&sign=bc8834a605d5f26c3f4621cd6333b8b2&c_uniq_tag=H8LEqQOvcjf89N3X1D9vNXkZ6GNIYd_WNTYsFJI_PNI&type=album","s":"https://sun9-30.userapi.com/impg/yH4PtwJEfHEWKX-YtJrHQfa0OrOg5UcPW_3OuA/QvliRdYDNH0.jpg?size=604x325&quality=96&sign=ae37e21e15654e3a81a61ab2e71347f8&c_uniq_tag=WhLjE4UD2jn5y10mg7HRyq4-CViMCXjYVXobtTqYSZU&type=album","n":"https://sun9-30.userapi.com/impg/yH4PtwJEfHEWKX-YtJrHQfa0OrOg5UcPW_3OuA/QvliRdYDNH0.jpg?size=75x40&quality=96&sign=9bcaccf9e6cc86f263f87528e9677f5f&c_uniq_tag=ZQEmzEYN8McSwxNEaNtfR4Z00J4lFyokan6JJlXnnhI&type=album","o":"https://sun9-30.userapi.com/impg/yH4PtwJEfHEWKX-YtJrHQfa0OrOg5UcPW_3OuA/QvliRdYDNH0.jpg?size=510x340&quality=96&crop=124,0,1035,690&sign=6fc14cb37e7873a844cd296897629189&c_uniq_tag=yehLcOcgz4sxFF8xSN7SeFws2YgbtLKGTgfrdjS4fJo&type=album","t":"https://sun9-30.userapi.com/impg/yH4PtwJEfHEWKX-YtJrHQfa0OrOg5UcPW_3OuA/QvliRdYDNH0.jpg?size=200x133&quality=96&crop=123,0,1038,690&sign=cb4e497d74c83ddf3d1b2d678a99ada6&c_uniq_tag=7geWuV0BJHyQ4unWCF1VZTlyN6bFSfU5exYf7bXGzAQ&type=album"},"z":"","q":0,"w":0,"o":135005515,"i":457261573,"d":507925681}],"m":[]},{"i":2490841,"f":15267753,"t":"Привет","d":507925658,"a":[],"m":[]},{"i":2490838,"f":135005515,"t":"Привет\nЯ от Димы Осипова \nСделай накладную сдек\nОтправить Зарубин Олег Игоревич 89992606164 спб \n\nПолучатель","d":507925643,"a":[],"m":[]}]}