{"meta":{"v":"1.2","p":590350184,"a":15267753,"t":"Egor Polyanskiy","d":1691415575},"data":[{"i":3011814,"f":15267753,"t":"+","d":540847162,"a":[],"m":[]},{"i":3011735,"f":590350184,"t":"","d":540843555,"a":[{"t":0,"s":{"m":"https://sun9-33.userapi.com/impg/fMtxS24zYfrqHOy2dbBQM2xcVcNjoodDhD4yJA/m9ezaesWKn0.jpg?size=510x900&quality=95&crop=0,0,828,1461&sign=e65ac73256919cb0396b13936716fa72&c_uniq_tag=7DvVZetUZaTZYGfesXVExQ0EJGJX8QpaVpjQ0Y9WKeg&type=album","s":"https://sun9-33.userapi.com/impg/fMtxS24zYfrqHOy2dbBQM2xcVcNjoodDhD4yJA/m9ezaesWKn0.jpg?size=200x433&quality=95&sign=b06bea38c2d1cc1fec4fd6bafddffd85&c_uniq_tag=ltApuUa54ZueYv7ujlxWEVEb1EIWkgsuZpxMZ82neXc&type=album","n":"https://sun9-33.userapi.com/impg/fMtxS24zYfrqHOy2dbBQM2xcVcNjoodDhD4yJA/m9ezaesWKn0.jpg?size=828x1792&quality=95&sign=0673b15479c3387a07bbe6b8c72d4416&c_uniq_tag=NkqPa7Figvwoc0rtxBiTMl_zS36lqC2aODyiMEhsyto&type=album","o":"https://sun9-33.userapi.com/impg/fMtxS24zYfrqHOy2dbBQM2xcVcNjoodDhD4yJA/m9ezaesWKn0.jpg?size=499x1080&quality=95&sign=45ab312b4dedc368d3f074f338e9b55b&c_uniq_tag=KMnvys45jXguLYSSRX4MEbxfGTsVhlc4nKpUpI474uY&type=album","t":"https://sun9-33.userapi.com/impg/fMtxS24zYfrqHOy2dbBQM2xcVcNjoodDhD4yJA/m9ezaesWKn0.jpg?size=279x604&quality=95&sign=7f214daeee4aed67e25343a24d73dd76&c_uniq_tag=X3esQOqWce3u39jPXSt8viIsg3sXDTIMPVznRUZj80c&type=album"},"z":"","q":0,"w":0,"o":590350184,"i":457241395,"d":540843555}],"m":[]},{"i":3011724,"f":590350184,"t":"Сейчас оплачу","d":540843173,"a":[],"m":[]},{"i":3011722,"f":590350184,"t":"Понял","d":540843171,"a":[],"m":[]},{"i":3011720,"f":15267753,"t":"Проще новую чем ту менять","d":540843164,"a":[],"m":[]},{"i":3011713,"f":590350184,"t":"Это не поменял?","d":540842810,"a":[],"m":[]},{"i":3011711,"f":15267753,"t":"Номер заказа СДЭК 1415101068 \n450","d":540842728,"a":[],"m":[]},{"i":3011671,"f":590350184,"t":"Какой там","d":540838979,"a":[],"m":[]},{"i":3011670,"f":590350184,"t":"За 70₽","d":540838975,"a":[],"m":[]},{"i":3011669,"f":590350184,"t":"Пакет маленький","d":540838973,"a":[],"m":[]},{"i":3011619,"f":15267753,"t":"габарит","d":540836339,"a":[],"m":[]},{"i":3011498,"f":590350184,"t":"Откуда г видное","d":540831484,"a":[],"m":[]},{"i":3011495,"f":590350184,"t":"Куркин Сергей Викторович \n89537994668\nГ Тогучин  ул. Вокзальная, 44, пом. 40","d":540831362,"a":[],"m":[]},{"i":3011494,"f":590350184,"t":"Вместо этого","d":540831359,"a":[],"m":[]},{"i":3011493,"f":590350184,"t":"Так","d":540831357,"a":[],"m":[{"f":15267753,"t":"Накладная успешно создана с номером: 1365351439\n450","d":525545119,"a":[]}]},{"i":3011491,"f":590350184,"t":"Отлично","d":540831093,"a":[],"m":[]},{"i":3011490,"f":15267753,"t":"привет да все можно","d":540831090,"a":[],"m":[]},{"i":3011488,"f":590350184,"t":"Можно будет там адрес получателя поменять?","d":540831072,"a":[],"m":[]},{"i":3011487,"f":590350184,"t":"Но я так и не отправил ей","d":540831063,"a":[],"m":[]},{"i":3011486,"f":590350184,"t":"Я вот у тебя брал доставку","d":540831060,"a":[],"m":[]},{"i":3011484,"f":590350184,"t":"Хотел спросить","d":540831054,"a":[],"m":[]},{"i":3011483,"f":590350184,"t":"Привет","d":540831051,"a":[],"m":[]},{"i":2943715,"f":590350184,"t":"","d":536344825,"a":[{"t":0,"s":{"m":"https://sun9-67.userapi.com/impg/X5BJ7Ozpz5Z6UJ3FJqhU0QGNLCQ5mq2LWtl-FQ/2a-BnvMC5qI.jpg?size=510x900&quality=95&crop=0,0,828,1461&sign=722c382f9cabf090138e6d40ac7802b6&c_uniq_tag=8iBJ8x-E5oluz75y_qNuQNPTU_fwjHvYuLmPkrLNIYw&type=album","s":"https://sun9-67.userapi.com/impg/X5BJ7Ozpz5Z6UJ3FJqhU0QGNLCQ5mq2LWtl-FQ/2a-BnvMC5qI.jpg?size=200x433&quality=95&sign=4bff94a68bba93341e34f0694f93bedc&c_uniq_tag=HoVi5YADX2Uajj35clf7TjdAIyFGpTVFeuqD3b5C1JA&type=album","n":"https://sun9-67.userapi.com/impg/X5BJ7Ozpz5Z6UJ3FJqhU0QGNLCQ5mq2LWtl-FQ/2a-BnvMC5qI.jpg?size=828x1792&quality=95&sign=b05e1fc3fe2a8125048ba65e2ae17d25&c_uniq_tag=qoTmJ7hqZvRtVAzfZAfSdz4gjCWO0q4zwatbthSeTWQ&type=album","o":"https://sun9-67.userapi.com/impg/X5BJ7Ozpz5Z6UJ3FJqhU0QGNLCQ5mq2LWtl-FQ/2a-BnvMC5qI.jpg?size=499x1080&quality=95&sign=011ceb94ac63ac7cf312ef64798a5c8a&c_uniq_tag=x2ccDd6BaBDeYyRDZqgcjaRK7z8_jzBwnQAQcpfDa9I&type=album","t":"https://sun9-67.userapi.com/impg/X5BJ7Ozpz5Z6UJ3FJqhU0QGNLCQ5mq2LWtl-FQ/2a-BnvMC5qI.jpg?size=279x604&quality=95&sign=400eca49080ac30ec1cad69466ef38c9&c_uniq_tag=NyBcMJgJ3KSqgZ9CwHb2VLYknssU_CQ1MweHRh42qaY&type=album"},"z":"","q":0,"w":0,"o":590350184,"i":457240895,"d":536344824}],"m":[]},{"i":2943707,"f":15267753,"t":"Номер заказа СДЭК 1399828074\n800","d":536344610,"a":[],"m":[{"f":590350184,"t":"Откуда г видное \nКуда Ул Ленина 22,Черняховск , Калининградская область\nПолянский Данила Русланович \n\n+7 (918) 419-23-91","d":536343489,"a":[]}]},{"i":2943693,"f":590350184,"t":"Глуб 15","d":536344238,"a":[],"m":[]},{"i":2943692,"f":15267753,"t":"и треттий","d":536344213,"a":[],"m":[]},{"i":2943680,"f":590350184,"t":"Ширина 39 \nВысота 47","d":536343636,"a":[],"m":[]},{"i":2943677,"f":590350184,"t":"Сейчас","d":536343517,"a":[],"m":[]},{"i":2943676,"f":15267753,"t":"Размеры бокса","d":536343512,"a":[],"m":[]},{"i":2943675,"f":590350184,"t":"Если так норм будет?","d":536343509,"a":[{"t":0,"s":{"m":"https://sun9-70.userapi.com/impg/GZwddYn9hd77wrCH-0AqJEXhjsuB0ZBAEgPirQ/X35j1pLFwHg.jpg?size=510x680&quality=95&sign=09e4995ca3d4da3b13aededfaf581dda&c_uniq_tag=Ld4lzbF-ABTkAlomCejJO1lFOfpJe09DAw8Z4z9zZ_8&type=album","s":"https://sun9-70.userapi.com/impg/GZwddYn9hd77wrCH-0AqJEXhjsuB0ZBAEgPirQ/X35j1pLFwHg.jpg?size=200x267&quality=95&sign=d50f19cac8c2af24c5ecf530009cce74&c_uniq_tag=Q14vNHY-6bT6iMkr6KSLNuqBYHdS_TufWrgaKDIvSsg&type=album","n":"https://sun9-70.userapi.com/impg/GZwddYn9hd77wrCH-0AqJEXhjsuB0ZBAEgPirQ/X35j1pLFwHg.jpg?size=1200x1600&quality=95&sign=a0aa00d97e482bfae32d985485f29876&c_uniq_tag=Kvb5bOqq5hBlaMtygZvNNhQFvMsuwQgFlRODkgLXNPk&type=album","o":"https://sun9-70.userapi.com/impg/GZwddYn9hd77wrCH-0AqJEXhjsuB0ZBAEgPirQ/X35j1pLFwHg.jpg?size=810x1080&quality=95&sign=511498143edb2c418657364ae9eb30e1&c_uniq_tag=2mTkM1I8-f16Oii34_062D-88QgeO7J-abWU-rGqBDg&type=album","t":"https://sun9-70.userapi.com/impg/GZwddYn9hd77wrCH-0AqJEXhjsuB0ZBAEgPirQ/X35j1pLFwHg.jpg?size=453x604&quality=95&sign=13a409f96b7ad52c1359acfe2ec82481&c_uniq_tag=AibhGxj6LsIvaamw4HfCZuRLY0obKbdz3WRdXLzpNGg&type=album"},"z":"","q":0,"w":0,"o":590350184,"i":457240894,"d":536343504}],"m":[]},{"i":2943674,"f":590350184,"t":"До 2,5 кг","d":536343494,"a":[],"m":[]},{"i":2943673,"f":590350184,"t":"Откуда г видное \nКуда Ул Ленина 22,Черняховск , Калининградская область\nПолянский Данила Русланович \n\n+7 (918) 419-23-91","d":536343489,"a":[],"m":[]},{"i":2943672,"f":590350184,"t":"Тогда сейчас адрес дам","d":536343447,"a":[],"m":[]},{"i":2943671,"f":590350184,"t":"Супер","d":536343441,"a":[],"m":[]},{"i":2943670,"f":15267753,"t":"Конечно","d":536343434,"a":[],"m":[]},{"i":2943668,"f":590350184,"t":"Я могу же в ней отправить?","d":536343362,"a":[],"m":[]},{"i":2943667,"f":590350184,"t":"У меня своя коробка","d":536343356,"a":[],"m":[]},{"i":2943666,"f":590350184,"t":"Смотри","d":536343350,"a":[],"m":[]},{"i":2943663,"f":590350184,"t":"Хорошо","d":536343202,"a":[],"m":[]},{"i":2943662,"f":15267753,"t":"Укзать то можно но если разобьют будет вина твоя скажут хуева упаковал","d":536343097,"a":[],"m":[]},{"i":2943661,"f":15267753,"t":"Привет","d":536343081,"a":[],"m":[]},{"i":2943660,"f":590350184,"t":"Можно указать что там хрупкая вещь","d":536343066,"a":[],"m":[]},{"i":2943659,"f":590350184,"t":"Такой еще вопрос","d":536343060,"a":[],"m":[]},{"i":2943658,"f":590350184,"t":"Оформим сдэк?","d":536342935,"a":[],"m":[]},{"i":2943657,"f":590350184,"t":"Привет","d":536342931,"a":[],"m":[]},{"i":2932869,"f":590350184,"t":"","d":535641748,"a":[{"t":0,"s":{"m":"https://sun9-28.userapi.com/impg/9OwQHZpPXd3PJPi-zzxwqdRwTUdQq-dFXBB-DA/B1o0vv7jTf0.jpg?size=510x900&quality=95&crop=0,0,828,1461&sign=38c86daee24a738aa5b537f2f0117eec&c_uniq_tag=i6pghLU9jw159SAd4zzAh7U7LfVyPe2tjB5gi1aEbQo&type=album","s":"https://sun9-28.userapi.com/impg/9OwQHZpPXd3PJPi-zzxwqdRwTUdQq-dFXBB-DA/B1o0vv7jTf0.jpg?size=200x433&quality=95&sign=1970622b5e411a62d2813d4c2ae05a3d&c_uniq_tag=P0xwRiG8VUkibo0L5iRTUu5ZNRHna_XJwtuKN0BGQE0&type=album","n":"https://sun9-28.userapi.com/impg/9OwQHZpPXd3PJPi-zzxwqdRwTUdQq-dFXBB-DA/B1o0vv7jTf0.jpg?size=828x1792&quality=95&sign=3ee1631b040278ce50aa21afe373b0c8&c_uniq_tag=NWC-CW50tao5l0dPgmp1Rss-818D-JYNuejj8ZioYB8&type=album","o":"https://sun9-28.userapi.com/impg/9OwQHZpPXd3PJPi-zzxwqdRwTUdQq-dFXBB-DA/B1o0vv7jTf0.jpg?size=499x1080&quality=95&sign=c7c2f373adbfdb6e4fb118f7b3fd2ffe&c_uniq_tag=PXndGH8UQwm95j3HOYHaOM86pDMsLF0LyHtaMkJrvao&type=album","t":"https://sun9-28.userapi.com/impg/9OwQHZpPXd3PJPi-zzxwqdRwTUdQq-dFXBB-DA/B1o0vv7jTf0.jpg?size=279x604&quality=95&sign=3c31428f0b33f31c4b886640171f501e&c_uniq_tag=QnzxaC2sJEO9ow8AhvAfUu-lIo7BSMRGPwaFw1bUnYc&type=album"},"z":"","q":0,"w":0,"o":590350184,"i":457240808,"d":535641748}],"m":[]},{"i":2932660,"f":15267753,"t":"Номер заказа СДЭК 1397584500\n450","d":535606889,"a":[],"m":[{"f":590350184,"t":"От куда Г Видное \nКуда\n\nУразов Никита Андреевич \nгород Минск Центральная ул., 6\n+375445718795","d":535582981,"a":[]}]},{"i":2932492,"f":590350184,"t":"Ок","d":535583343,"a":[],"m":[]},{"i":2932491,"f":15267753,"t":"А сдек упал, только завьра","d":535583330,"a":[],"m":[]},{"i":2932490,"f":590350184,"t":"Даже думаю 2","d":535583052,"a":[],"m":[]},{"i":2932489,"f":590350184,"t":"До 2,5 кг","d":535583047,"a":[],"m":[]},{"i":2932488,"f":15267753,"t":"Габарит вес посылки","d":535583037,"a":[],"m":[]},{"i":2932487,"f":590350184,"t":"🥲","d":535583032,"a":[],"m":[]},{"i":2932486,"f":590350184,"t":"Прости за вопрос но что значит габарит?","d":535583029,"a":[],"m":[]},{"i":2932485,"f":15267753,"t":"Габарит?","d":535583000,"a":[],"m":[]},{"i":2932484,"f":590350184,"t":"От куда Г Видное \nКуда\n\nУразов Никита Андреевич \nгород Минск Центральная ул., 6\n+375445718795","d":535582981,"a":[],"m":[]},{"i":2932483,"f":15267753,"t":"Прив давай","d":535582964,"a":[],"m":[]},{"i":2932482,"f":590350184,"t":"Накладную сделаем?","d":535582954,"a":[],"m":[]},{"i":2932481,"f":590350184,"t":"Привет","d":535582938,"a":[],"m":[]},{"i":2926310,"f":15267753,"t":"+","d":535246216,"a":[],"m":[]},{"i":2926261,"f":590350184,"t":"","d":535244189,"a":[{"t":0,"s":{"m":"https://sun9-71.userapi.com/impg/8_m6RKSGcX6hhbHs14XmyLWnJCC1t5FdI0Zyow/OnxM4C08OYo.jpg?size=510x900&quality=95&crop=0,0,828,1461&sign=222b3715ccf188c1e5326dcce230442b&c_uniq_tag=YXOZj5QCCqaAghTMx2axxre-fHPWMnI0YaL1thSgWQc&type=album","s":"https://sun9-71.userapi.com/impg/8_m6RKSGcX6hhbHs14XmyLWnJCC1t5FdI0Zyow/OnxM4C08OYo.jpg?size=200x433&quality=95&sign=583bdb91d4c7ec31a5e5c910c27e6726&c_uniq_tag=Oz2iVyg_Lkjyg7rcA6KWACWsxndo3TuAtS_IyS6Z5Hg&type=album","n":"https://sun9-71.userapi.com/impg/8_m6RKSGcX6hhbHs14XmyLWnJCC1t5FdI0Zyow/OnxM4C08OYo.jpg?size=828x1792&quality=95&sign=b747de2daab862aa13b7c7f9cc1ccc0c&c_uniq_tag=UvtdZtGxYCWYOtNoD-s9rJdCB19NU8TZrGluKiydUYw&type=album","o":"https://sun9-71.userapi.com/impg/8_m6RKSGcX6hhbHs14XmyLWnJCC1t5FdI0Zyow/OnxM4C08OYo.jpg?size=499x1080&quality=95&sign=55e7f96b2078652852a8ea909912a508&c_uniq_tag=2I4n9_mOf52dCMTU1QTE2-v4bSQ2Q4X_i8RIZkV7O6I&type=album","t":"https://sun9-71.userapi.com/impg/8_m6RKSGcX6hhbHs14XmyLWnJCC1t5FdI0Zyow/OnxM4C08OYo.jpg?size=279x604&quality=95&sign=bc1be32075c0b184a741e3c883fcaec8&c_uniq_tag=oFESBFegSlM_x67-c-knD4_lMcv5V5uyy8WHjfuIy-g&type=album"},"z":"","q":0,"w":0,"o":590350184,"i":457240658,"d":535244188}],"m":[]},{"i":2926091,"f":590350184,"t":"","d":535234301,"a":[{"t":4}],"m":[]},{"i":2926090,"f":590350184,"t":"Сори за задержку до 22 отправлю","d":535234289,"a":[],"m":[]},{"i":2925953,"f":590350184,"t":"Хорошо","d":535229533,"a":[],"m":[]},{"i":2925952,"f":15267753,"t":"да","d":535229524,"a":[],"m":[]},{"i":2925951,"f":590350184,"t":"Номер этот же?","d":535229510,"a":[],"m":[{"f":15267753,"t":"89059515168 сбер","d":525545125,"a":[]}]},{"i":2925949,"f":590350184,"t":"Буквально 20 минут","d":535229488,"a":[],"m":[]},{"i":2925948,"f":590350184,"t":"Сейчас деньги на карту закину и отправлю","d":535229482,"a":[],"m":[]},{"i":2925946,"f":15267753,"t":"Номер заказа СДЭК 1396480034\n350","d":535229468,"a":[],"m":[{"f":590350184,"t":"Откуда город видное\nКуда г Киров ул Ульяновская 30\nКому Кувшинов Алексей Александрович \n79091332112","d":535229209,"a":[]}]},{"i":2925934,"f":590350184,"t":"Откуда город видное\nКуда г Киров ул Ульяновская 30\nКому Кувшинов Алексей Александрович \n79091332112","d":535229209,"a":[],"m":[]},{"i":2925933,"f":15267753,"t":"и откуда","d":535229164,"a":[],"m":[]},{"i":2925932,"f":15267753,"t":"напиши текстом данные","d":535229163,"a":[],"m":[]},{"i":2925931,"f":590350184,"t":"Да пакет","d":535229155,"a":[],"m":[]},{"i":2925930,"f":15267753,"t":"без бокса тока","d":535229149,"a":[],"m":[]},{"i":2925929,"f":590350184,"t":"Без страхования","d":535229147,"a":[],"m":[]},{"i":2925928,"f":15267753,"t":"прив давай","d":535229145,"a":[],"m":[]},{"i":2925927,"f":590350184,"t":"","d":535229142,"a":[{"t":0,"s":{"m":"https://sun9-46.userapi.com/impg/qd-cND0yuJoVDynfehBOsZx7SVmd94sz5IPocw/OjGRofrcvA4.jpg?size=510x510&quality=95&sign=5260b6d03e687ebbf5a348ee31aa67ce&c_uniq_tag=GO0_mgYxlvuv_c6y8FflN57XUVPOZTU2QPsJhNmGqTs&type=album","s":"https://sun9-46.userapi.com/impg/qd-cND0yuJoVDynfehBOsZx7SVmd94sz5IPocw/OjGRofrcvA4.jpg?size=200x200&quality=95&sign=1ffd7d95a506a683178933fa851817b1&c_uniq_tag=XM3hNOTHHs-PYyUlvfp2svgNT_AKwM_Y8QPF_yOORBU&type=album","n":"https://sun9-46.userapi.com/impg/qd-cND0yuJoVDynfehBOsZx7SVmd94sz5IPocw/OjGRofrcvA4.jpg?size=828x828&quality=95&sign=6723211bc372deb639479ad46da4c6e2&c_uniq_tag=_H7euUGkDqUNY7Dq2z1DQXyHLopZ7AB2jRHlvPZQkE0&type=album","o":"https://sun9-46.userapi.com/impg/qd-cND0yuJoVDynfehBOsZx7SVmd94sz5IPocw/OjGRofrcvA4.jpg?size=807x807&quality=95&sign=5c42eb7493dbf463f91e58d67f658660&c_uniq_tag=HuwEP4p1nM_lJj8ejSunKRLX7X5YzNoCIn34uQWwnFM&type=album","t":"https://sun9-46.userapi.com/impg/qd-cND0yuJoVDynfehBOsZx7SVmd94sz5IPocw/OjGRofrcvA4.jpg?size=130x130&quality=95&sign=ead8e47de127b87d45641688bc1bd47a&c_uniq_tag=64AQvZdA47livO2K7HePIat50CElZeBT2oLCfuEvj2o&type=album"},"z":"","q":0,"w":0,"o":590350184,"i":457240653,"d":535229142}],"m":[]},{"i":2925926,"f":590350184,"t":"Можно сделать накладную сдек?","d":535229126,"a":[],"m":[]},{"i":2925925,"f":590350184,"t":"Привет","d":535229116,"a":[],"m":[]},{"i":2784230,"f":590350184,"t":"Хорошо,спасибо","d":525628915,"a":[],"m":[]},{"i":2784229,"f":15267753,"t":"позже обновится","d":525628897,"a":[],"m":[]},{"i":2784203,"f":590350184,"t":"","d":525627902,"a":[{"t":0,"s":{"m":"https://sun9-76.userapi.com/impg/jzW20X0B3XI-NomPTJ6iFhIi9T6BNuduRPni9w/KVlZOsEFk98.jpg?size=510x680&quality=95&sign=531567bfb0bc324bc907a683ecda55ef&c_uniq_tag=zg58uSrfZC91YjvDmCkoyA9rQEzPt2KCaKnq95I_3Gg&type=album","s":"https://sun9-76.userapi.com/impg/jzW20X0B3XI-NomPTJ6iFhIi9T6BNuduRPni9w/KVlZOsEFk98.jpg?size=200x267&quality=95&sign=60bf2ac368736a3374c371c1556c0196&c_uniq_tag=nqoR-E433ugY8XEB9J1tciEsvpuUtglcSKtqgS_GR54&type=album","n":"https://sun9-76.userapi.com/impg/jzW20X0B3XI-NomPTJ6iFhIi9T6BNuduRPni9w/KVlZOsEFk98.jpg?size=1440x1920&quality=95&sign=1d90c46f1a38abe5206c10b07e50060a&c_uniq_tag=ojBb4OyiUh_F0wDT4aOSgGTi2BBuQqN0NxX23iPJUSg&type=album","o":"https://sun9-76.userapi.com/impg/jzW20X0B3XI-NomPTJ6iFhIi9T6BNuduRPni9w/KVlZOsEFk98.jpg?size=810x1080&quality=95&sign=0da359373644b1ae83a8a600689ace9c&c_uniq_tag=BI6Jx43EH4cGOJih9o7HQTJ5GMxybrxCgFzodMIq8jw&type=album","t":"https://sun9-76.userapi.com/impg/jzW20X0B3XI-NomPTJ6iFhIi9T6BNuduRPni9w/KVlZOsEFk98.jpg?size=453x604&quality=95&sign=5bbe3a12b5872b9fa32545c5f3640383&c_uniq_tag=LbzqMWLYZv4hGfa98HvHD-iVQs6OCVJnQ8lEnJ48KwI&type=album"},"z":"","q":0,"w":0,"o":590350184,"i":457240055,"d":525547517}],"m":[]},{"i":2784200,"f":590350184,"t":"Но уже день так висит","d":525627860,"a":[{"t":0,"s":{"m":"https://sun9-23.userapi.com/impg/1HIamfS9YfWrKcoeTT2u1I3FTWOw5FJ9YSLoOw/SiSkXuyYWBM.jpg?size=510x382&quality=95&sign=182f24773c5637c0981d0ab06d5fcea0&c_uniq_tag=qV2sw8vnBWs4wnLRZylUVmIgXxKkmYL8Pjiw-VjEu5w&type=album","s":"https://sun9-23.userapi.com/impg/1HIamfS9YfWrKcoeTT2u1I3FTWOw5FJ9YSLoOw/SiSkXuyYWBM.jpg?size=200x150&quality=95&sign=9a43e3a963d2eda21b0f7985a8ab70eb&c_uniq_tag=1poLpKrXS8zRyEFPiEklJWJ4hJSrcMG4Cv1GlRRwJmw&type=album","n":"https://sun9-23.userapi.com/impg/1HIamfS9YfWrKcoeTT2u1I3FTWOw5FJ9YSLoOw/SiSkXuyYWBM.jpg?size=1920x1439&quality=95&sign=db8933234a3bebeb9190139707dcddaf&c_uniq_tag=ByiCQb81JdtDqG11CtY8_qL5GslA4EwzHFfDl0HaWZM&type=album","o":"https://sun9-23.userapi.com/impg/1HIamfS9YfWrKcoeTT2u1I3FTWOw5FJ9YSLoOw/SiSkXuyYWBM.jpg?size=1280x959&quality=95&sign=1a265a47d606c0fd578cef171734d8b3&c_uniq_tag=Yz_BGqT-i_ctEct--uAzukFeKbYn275AfHgaGLHsvos&type=album","t":"https://sun9-23.userapi.com/impg/1HIamfS9YfWrKcoeTT2u1I3FTWOw5FJ9YSLoOw/SiSkXuyYWBM.jpg?size=604x453&quality=95&sign=d031ed61ad0cb61fd494ce01eb1f9e54&c_uniq_tag=JgsIwKMxGgZqZa0zhw_3DP5eAC8nptXcJbg0HH6n3lU&type=album"},"z":"","q":0,"w":0,"o":590350184,"i":457240075,"d":525627860}],"m":[]},{"i":2784199,"f":590350184,"t":"Я отправил по прикладной","d":525627847,"a":[],"m":[]},{"i":2784197,"f":590350184,"t":"Привет","d":525627838,"a":[],"m":[]},{"i":2782899,"f":15267753,"t":"+++","d":525546003,"a":[],"m":[]},{"i":2782888,"f":590350184,"t":"Спасибо большое!","d":525545767,"a":[],"m":[]},{"i":2782881,"f":590350184,"t":"","d":525545417,"a":[{"t":0,"s":{"m":"https://sun9-47.userapi.com/impg/zyJ_88_GERKDBBIW-ZFGBRFpHZ_PBxSJ1WPzaw/qv-hKCswSNw.jpg?size=510x900&quality=95&crop=0,0,828,1461&sign=f5efda5e60def2242033814af2c1fe9c&c_uniq_tag=WbF00bPuujiof5trdt9_nFbPfDHtDRGTZG5Mz_x3o4s&type=album","s":"https://sun9-47.userapi.com/impg/zyJ_88_GERKDBBIW-ZFGBRFpHZ_PBxSJ1WPzaw/qv-hKCswSNw.jpg?size=200x433&quality=95&sign=1ca3646aa6d726ea8f5a0cd43aa1f0ce&c_uniq_tag=UfX37R9kVuogle0Q4a3ogwRc303Q_3pgnazSpBOh9_A&type=album","n":"https://sun9-47.userapi.com/impg/zyJ_88_GERKDBBIW-ZFGBRFpHZ_PBxSJ1WPzaw/qv-hKCswSNw.jpg?size=828x1792&quality=95&sign=5a6510e59305a732096320b39722bf12&c_uniq_tag=qMvR3C9A_KOx4xZUGcoLQq2SLgUIChpxnq07UuGOMKc&type=album","o":"https://sun9-47.userapi.com/impg/zyJ_88_GERKDBBIW-ZFGBRFpHZ_PBxSJ1WPzaw/qv-hKCswSNw.jpg?size=499x1080&quality=95&sign=66e09d21a4605fcea157a349c72d4ba9&c_uniq_tag=MbFxo3MxiJBCK48vwLLedwgCiy17nhcOL9Q2ep2eqqI&type=album","t":"https://sun9-47.userapi.com/impg/zyJ_88_GERKDBBIW-ZFGBRFpHZ_PBxSJ1WPzaw/qv-hKCswSNw.jpg?size=279x604&quality=95&sign=caea5bb246b8fe54dcd651f8c75a0442&c_uniq_tag=U01jfrh6s0k9EU-LNbQqhF6zDaLN4ioJEj9FOmokrwA&type=album"},"z":"","q":0,"w":0,"o":590350184,"i":457240053,"d":525545416}],"m":[]},{"i":2782880,"f":590350184,"t":"Оплатил","d":525545396,"a":[],"m":[]},{"i":2782872,"f":590350184,"t":"Минуту","d":525545251,"a":[],"m":[]},{"i":2782868,"f":15267753,"t":"89059515168 сбер","d":525545125,"a":[],"m":[]},{"i":2782866,"f":15267753,"t":"Накладная успешно создана с номером: 1365351439\n450","d":525545119,"a":[],"m":[{"f":590350184,"t":"Откуда г видное \nКуда Минск улица воронянского 7А\n\nРзаев Рза Вюгар оглы\n\n+375333312301\nБольшой пакет за 70₽","d":525543619,"a":[]}]},{"i":2782807,"f":590350184,"t":"Откуда г видное \nКуда Минск улица воронянского 7А\n\nРзаев Рза Вюгар оглы\n\n+375333312301\nБольшой пакет за 70₽","d":525543619,"a":[],"m":[]},{"i":2782799,"f":590350184,"t":"Что от меня нужно?","d":525543059,"a":[],"m":[]},{"i":2782798,"f":15267753,"t":"Привет, да","d":525543039,"a":[],"m":[]},{"i":2782797,"f":590350184,"t":"Можно сдэк отправку через тебя сделать?","d":525543016,"a":[],"m":[]},{"i":2782789,"f":590350184,"t":"Привет","d":525542811,"a":[],"m":[]}]}