{"meta":{"v":"1.2","p":578925164,"a":15267753,"t":"Артур Булатов","d":1691416011},"data":[{"i":2729546,"f":578925164,"t":"","d":521745347,"a":[],"m":[{"f":217375412,"t":"","d":521745338,"a":[{"t":0,"s":{"m":"https://sun9-29.userapi.com/impg/B4VKJdj5WKweIcoDI5hz1KqL4VvfTqmzIahLmA/VaZngr67UyY.jpg?size=510x900&quality=95&crop=0,0,828,1461&sign=ecf23def4d104c5a00c81dfe0fc96474&c_uniq_tag=B9Wir6l4gh5SzAnCr-uGkox7LXf85OH_J_bBKE9BCYg&type=album","s":"https://sun9-29.userapi.com/impg/B4VKJdj5WKweIcoDI5hz1KqL4VvfTqmzIahLmA/VaZngr67UyY.jpg?size=200x433&quality=95&sign=f88a3213eb3acef89a733de6a4430efa&c_uniq_tag=ssItAa4ZSbDBM12tlSQxdslDF5Y-fSBNT_6VkKiESlE&type=album","n":"https://sun9-29.userapi.com/impg/B4VKJdj5WKweIcoDI5hz1KqL4VvfTqmzIahLmA/VaZngr67UyY.jpg?size=828x1792&quality=95&sign=0503da7e3f0c0aeb8d100b719704d55c&c_uniq_tag=0J2h1j1C7OaiE8hDxw2QybOXxHt4T8yteGHMVRYmQGU&type=album","o":"https://sun9-29.userapi.com/impg/B4VKJdj5WKweIcoDI5hz1KqL4VvfTqmzIahLmA/VaZngr67UyY.jpg?size=499x1080&quality=95&sign=fab595af147a758dfc7fe739c91e1723&c_uniq_tag=f5BajqsDgaKcTTbHUueDOVeBmnTSyzwh7vwqSezU-UU&type=album","t":"https://sun9-29.userapi.com/impg/B4VKJdj5WKweIcoDI5hz1KqL4VvfTqmzIahLmA/VaZngr67UyY.jpg?size=279x604&quality=95&sign=171b432bf5f0c131d9ecfa66e7358b86&c_uniq_tag=DAa5ZnBn-ytbvnAd6fpIgi2KWaAKsYgwbxAJgfwDvyE&type=album"},"z":"","q":0,"w":0,"o":217375412,"i":457278501,"d":521745337}]}]},{"i":2729545,"f":15267753,"t":"+","d":521745347,"a":[],"m":[]},{"i":2729544,"f":578925164,"t":"Есть?","d":521745337,"a":[],"m":[]},{"i":2729542,"f":578925164,"t":"Щас будет 100 значит","d":521745323,"a":[],"m":[]},{"i":2729541,"f":15267753,"t":"300 вижу 100 нет","d":521745302,"a":[],"m":[]},{"i":2729540,"f":578925164,"t":"Пришло?","d":521745268,"a":[],"m":[]},{"i":2729539,"f":578925164,"t":"300+100 от другого человека","d":521745266,"a":[],"m":[]},{"i":2729536,"f":15267753,"t":"Накладная успешно создана с номером: 1354336606\n400","d":521745137,"a":[],"m":[{"f":578925164,"t":"353400, Краснодарский край, Анапский район, станица Гостагаевская, улица Новороссийская, дом 100\nСаргсян Ваник Айкарамович\n+7 999 635 28 18\n\nОткуда:Нижнекамск","d":521742354,"a":[]}]},{"i":2729535,"f":578925164,"t":"Бокс с кроссовками","d":521745007,"a":[],"m":[]},{"i":2729533,"f":15267753,"t":"габарит","d":521744992,"a":[],"m":[]},{"i":2729530,"f":578925164,"t":"","d":521744832,"a":[{"t":-1,"s":"call","v":{"type":"call","call":{"initiator_id":578925164,"receiver_id":15267753,"state":"canceled_by_receiver","time":1660486032,"duration":0,"video":false}}}],"m":[]},{"i":2729419,"f":578925164,"t":"353400, Краснодарский край, Анапский район, станица Гостагаевская, улица Новороссийская, дом 100\nСаргсян Ваник Айкарамович\n+7 999 635 28 18\n\nОткуда:Нижнекамск","d":521742354,"a":[],"m":[]},{"i":2729418,"f":578925164,"t":"Привет","d":521742346,"a":[],"m":[]},{"i":2710137,"f":15267753,"t":"+","d":520606884,"a":[],"m":[]},{"i":2710131,"f":578925164,"t":"Скинул","d":520606841,"a":[],"m":[]},{"i":2710112,"f":15267753,"t":"да","d":520606688,"a":[],"m":[]},{"i":2710105,"f":578925164,"t":"Сюда?","d":520606611,"a":[],"m":[{"f":15267753,"t":"89059515168 сбер","d":515435421,"a":[]}]},{"i":2710104,"f":15267753,"t":"Накладная успешно создана с номером: 1351496132\n350","d":520606597,"a":[],"m":[{"f":578925164,"t":"Мухаметгалиев Артур Тимурович, Нижнекамск, 89872346547, проспект Химиков, 53, Нижнекамск, Татарстан, 423570\n\nОткуда: Москва","d":520606182,"a":[]}]},{"i":2710098,"f":15267753,"t":"привет","d":520606528,"a":[],"m":[]},{"i":2710086,"f":578925164,"t":"Коробка с кроссовками в общем","d":520606249,"a":[],"m":[]},{"i":2710084,"f":578925164,"t":"Габарит не знаю как точно называется","d":520606242,"a":[],"m":[]},{"i":2710080,"f":578925164,"t":"Привет","d":520606184,"a":[],"m":[]},{"i":2710079,"f":578925164,"t":"Мухаметгалиев Артур Тимурович, Нижнекамск, 89872346547, проспект Химиков, 53, Нижнекамск, Татарстан, 423570\n\nОткуда: Москва","d":520606182,"a":[],"m":[]},{"i":2624679,"f":578925164,"t":"🤝","d":515435473,"a":[],"m":[]},{"i":2624678,"f":15267753,"t":"+++","d":515435471,"a":[],"m":[]},{"i":2624676,"f":578925164,"t":"","d":515435468,"a":[{"t":0,"s":{"m":"https://sun9-80.userapi.com/impg/P17qRefA7p0MUSltdGLD6-Exh730yKEY0U4Z6Q/3Bm7niY6tcI.jpg?size=750x474&quality=96&sign=7b55b6b1e4381c7acd6e46e624e7ddb2&c_uniq_tag=oA5cgKSTrMCcedlwoYUF3AqsG1QByhboMQTKRbb5uH8&type=album","s":"https://sun9-80.userapi.com/impg/P17qRefA7p0MUSltdGLD6-Exh730yKEY0U4Z6Q/3Bm7niY6tcI.jpg?size=75x47&quality=96&sign=f2486e61dd70259dc5b7d230ca985fdb&c_uniq_tag=I4RvzqUiTb38xX2E6oqWFS_FvkvRk4aETsizL_Y80KA&type=album","n":"https://sun9-80.userapi.com/impg/P17qRefA7p0MUSltdGLD6-Exh730yKEY0U4Z6Q/3Bm7niY6tcI.jpg?size=510x340&quality=96&crop=19,0,711,474&sign=d243d7d4e1a05f4f73ab06b766841e7f&c_uniq_tag=-SO45ygf0yV8adNfHr-z5yLN6h23CEf28Oup64kMcjs&type=album","o":"https://sun9-80.userapi.com/impg/P17qRefA7p0MUSltdGLD6-Exh730yKEY0U4Z6Q/3Bm7niY6tcI.jpg?size=320x213&quality=96&crop=19,0,712,474&sign=979a9e63512db8065bce687aceeaab45&c_uniq_tag=mrQYcnGlHaqMHq8ZvkFYUVGIKL3Gjo7IFv7lVRO_m_c&type=album","t":"https://sun9-80.userapi.com/impg/P17qRefA7p0MUSltdGLD6-Exh730yKEY0U4Z6Q/3Bm7niY6tcI.jpg?size=130x87&quality=96&crop=21,0,708,474&sign=43a4eb4e6a73cb653d92353acb569686&c_uniq_tag=ZglQx8vlj64IWPBsijKtzt7IfRQMwE2c88PwBxbxZ3A&type=album"},"z":"","q":0,"w":0,"o":578925164,"i":457243272,"d":515435468}],"m":[]},{"i":2624674,"f":15267753,"t":"89059515168 сбер","d":515435421,"a":[],"m":[]},{"i":2624673,"f":15267753,"t":"Накладная успешно создана с номером: 1338923039\n350","d":515435406,"a":[],"m":[{"f":578925164,"t":"Давыдов Кирилл Дмитриевич, Ростов на Дону, 89381262274, ул. Суворова, 111, Ростов-на-Дону, Ростовская обл., 344022\n\nоткуда: нижнекамск","d":515434852,"a":[]}]},{"i":2624660,"f":578925164,"t":"фри пакет сдэк","d":515435219,"a":[],"m":[]},{"i":2624658,"f":15267753,"t":"габарит еще","d":515435185,"a":[],"m":[]},{"i":2624657,"f":15267753,"t":"прив","d":515435183,"a":[],"m":[]},{"i":2624650,"f":578925164,"t":"Давыдов Кирилл Дмитриевич, Ростов на Дону, 89381262274, ул. Суворова, 111, Ростов-на-Дону, Ростовская обл., 344022\n\nоткуда: нижнекамск","d":515434852,"a":[],"m":[]},{"i":2624649,"f":578925164,"t":"йо, салют","d":515434849,"a":[],"m":[]}]}