{"meta":{"v":"1.2","p":144712187,"a":15267753,"t":"Николай Суанов","d":1691416249},"data":[{"i":2437916,"f":15267753,"t":"привет","d":505216650,"a":[{"t":0,"s":{"m":"https://sun9-53.userapi.com/impg/SjflpR1bFqveNveYGLhExUeGAPnhC9AbHwxvBw/VouSxxBPoGA.jpg?size=510x735&quality=95&sign=3219e714083949f670de2cd230ea3c2b&c_uniq_tag=CzamJ3EKtA_AiOuMDpw8RI01gL-5zlrn935oW0tCyGg&type=album","s":"https://sun9-53.userapi.com/impg/SjflpR1bFqveNveYGLhExUeGAPnhC9AbHwxvBw/VouSxxBPoGA.jpg?size=200x288&quality=95&sign=4d4dd050a8757deda7ec153ca7f68046&c_uniq_tag=i2qIl4Bb8wCbCtPH-C8jbbLJ4mmD_Zftpl3N4CMMy-8&type=album","n":"https://sun9-53.userapi.com/impg/SjflpR1bFqveNveYGLhExUeGAPnhC9AbHwxvBw/VouSxxBPoGA.jpg?size=1110x1600&quality=95&sign=189b1c8a2384cbbca379a43c6906ddfa&c_uniq_tag=imVapEE8xoCcnE8So6l7tn4WZnAwkyKs-EolVNeKNNY&type=album","o":"https://sun9-53.userapi.com/impg/SjflpR1bFqveNveYGLhExUeGAPnhC9AbHwxvBw/VouSxxBPoGA.jpg?size=749x1080&quality=95&sign=5399a5982c20cfb87c2f152759bef0ed&c_uniq_tag=CbXN72ZKWJyVR1BhjKWvSp783jj6tt1YGG1j_4s_MOM&type=album","t":"https://sun9-53.userapi.com/impg/SjflpR1bFqveNveYGLhExUeGAPnhC9AbHwxvBw/VouSxxBPoGA.jpg?size=419x604&quality=95&sign=8487ec42200220a7ef72e4ae1d8dabb4&c_uniq_tag=Mf2cTkzwWIgmXnQQgTcj9YYcfRqwck6EPeQYH6QLLMM&type=album"},"z":"","q":0,"w":0,"o":15267753,"i":457258109,"d":505216647}],"m":[]},{"i":2437874,"f":144712187,"t":"Привет! Можешь, пожалуйста, кинуть замеры штанов этих?","d":505201521,"a":[{"t":0,"s":{"m":"https://sun9-5.userapi.com/impg/UoNs6SRYGgJTsV9rhKjarAPtIvwumAM4lDO-wg/pZDtS6KTdp8.jpg?size=510x735&quality=95&sign=b4dfec8012b2bb8d706d554b2deaddfa&c_uniq_tag=8o-Y_p5oN6ul2zH3RH8FdzFbt88LeGiR9FwKDYDZK3o&type=album","s":"https://sun9-5.userapi.com/impg/UoNs6SRYGgJTsV9rhKjarAPtIvwumAM4lDO-wg/pZDtS6KTdp8.jpg?size=200x288&quality=95&sign=dc24472f51bf6e59781126e51770f68e&c_uniq_tag=eybc6BEURgYK2bjHQqDFxn5No_U3JATGjP7nzH66PD0&type=album","n":"https://sun9-5.userapi.com/impg/UoNs6SRYGgJTsV9rhKjarAPtIvwumAM4lDO-wg/pZDtS6KTdp8.jpg?size=1110x1600&quality=95&sign=dc4238003251496441f1922ff0f3a706&c_uniq_tag=IlLL0qP0q9kFNa7pDenO69_4jRTaz15ZTQHuaUlVVnU&type=album","o":"https://sun9-5.userapi.com/impg/UoNs6SRYGgJTsV9rhKjarAPtIvwumAM4lDO-wg/pZDtS6KTdp8.jpg?size=749x1080&quality=95&sign=e5a676f92f3e813c333f05e6a9045cd1&c_uniq_tag=lcr9SAy-dtEmxhCd8mWY05vbd-OO8ZqCgoId34rfDhY&type=album","t":"https://sun9-5.userapi.com/impg/UoNs6SRYGgJTsV9rhKjarAPtIvwumAM4lDO-wg/pZDtS6KTdp8.jpg?size=419x604&quality=95&sign=80b57048a347000aeb3f20e4a884080f&c_uniq_tag=ztHNWOboSKP_xPSotR1OmSA-8yhGOCCbh7zl04e66Wc&type=album"},"z":"","q":0,"w":0,"o":144712187,"i":457250805,"d":505201518}],"m":[]},{"i":2274964,"f":15267753,"t":"спасибо!","d":494271875,"a":[],"m":[]},{"i":2274963,"f":144712187,"t":"Хорошо, удачи с продажей, штаны отличные)","d":494271868,"a":[],"m":[]},{"i":2274958,"f":15267753,"t":"привет, не интересует","d":494271829,"a":[],"m":[]},{"i":2274957,"f":144712187,"t":"Привет, не интересует обмен карго акроним на эти стон с моей доплатой? 32 размер","d":494271787,"a":[{"t":0,"s":{"m":"https://sun9-37.userapi.com/impg/xOvyGcyEKDk2I7KNgALFDNUFwTtPEPWeK6XpNA/usyFGavXAT8.jpg?size=810x1080&quality=96&sign=aa729393d902f6a6654ede3a70a81ba0&c_uniq_tag=YT_kjLq3FtAEH4fCZ2pWsn18JrJ7yfwH2kv-ZdpDrt4&type=album","s":"https://sun9-37.userapi.com/impg/xOvyGcyEKDk2I7KNgALFDNUFwTtPEPWeK6XpNA/usyFGavXAT8.jpg?size=453x604&quality=96&sign=d35efb5c66e191f3a84912615e2a238e&c_uniq_tag=xZu4dUYp89c2xf2vHbclYjT1VXYrkCePnLFinnkcZvs&type=album","n":"https://sun9-37.userapi.com/impg/xOvyGcyEKDk2I7KNgALFDNUFwTtPEPWeK6XpNA/usyFGavXAT8.jpg?size=56x75&quality=96&sign=d89a708de5a0d964cd65ac687483b097&c_uniq_tag=gyhYX_ijb1F7s1tyHTRY55SB5a5iA0_Q_-kqhfW1gd4&type=album","o":"https://sun9-37.userapi.com/impg/xOvyGcyEKDk2I7KNgALFDNUFwTtPEPWeK6XpNA/usyFGavXAT8.jpg?size=510x680&quality=96&sign=1bfbf515750ac62eda8209789981e38d&c_uniq_tag=-wxi40STPUREIYwoNeLs-oYU-xSsNkeXcBrBih8uXVo&type=album","t":"https://sun9-37.userapi.com/impg/xOvyGcyEKDk2I7KNgALFDNUFwTtPEPWeK6XpNA/usyFGavXAT8.jpg?size=200x267&quality=96&sign=f31f7b2dd911ae53e66c409af98e7b39&c_uniq_tag=HzsGtGY6oBbLyyMzvTl2TybWFHZY6NFfpDK8C4Iz0bA&type=album"},"z":"","q":0,"w":0,"o":144712187,"i":457250758,"d":494271775}],"m":[]}]}