{"meta":{"v":"1.2","p":773226669,"a":15267753,"t":"Ron Mertov","d":1691415672},"data":[{"i":2948697,"f":773226669,"t":"Благодарю","d":536608456,"a":[],"m":[]},{"i":2948696,"f":773226669,"t":"Да","d":536608454,"a":[],"m":[]},{"i":2948695,"f":15267753,"t":"Эта?","d":536608440,"a":[],"m":[{"f":15267753,"t":"Номер заказа СДЭК 1400606691\n350","d":536542037,"a":[],"m":[{"f":357085755,"t":"Некрасовка Ювао\nНедорубова 15\nГерасимов Даниил \nАндреевич\n89255662730\n\nКузнецк\nЧернов Никита Владимирович \n79273959199\nодин пункт выдачи сдэк в городе","d":536541558,"a":[]}]}]},{"i":2948694,"f":773226669,"t":"В кузнецк вроде","d":536608435,"a":[],"m":[]},{"i":2948693,"f":773226669,"t":"Если не трудно","d":536608426,"a":[],"m":[]},{"i":2948692,"f":773226669,"t":"Даня Шенов","d":536608424,"a":[],"m":[]},{"i":2948691,"f":773226669,"t":"У менч основа в бане","d":536608420,"a":[],"m":[]},{"i":2948690,"f":773226669,"t":"Скинь пожалуйста номер накладной","d":536608414,"a":[],"m":[]},{"i":2948689,"f":15267753,"t":"Привет","d":536608406,"a":[],"m":[]},{"i":2948688,"f":773226669,"t":"Бро привет","d":536608397,"a":[],"m":[]}]}