{"meta":{"v":"1.2","p":144882309,"a":15267753,"t":"Андрей Тарасов","d":1691416243},"data":[{"i":2460671,"f":15267753,"t":"Ну и фотки желательно получше)","d":506706589,"a":[],"m":[]},{"i":2460670,"f":15267753,"t":"Я не у компа просто","d":506706563,"a":[],"m":[]},{"i":2460669,"f":15267753,"t":"Ет думоть смотреть нада","d":506706554,"a":[],"m":[]},{"i":2460667,"f":15267753,"t":"Бля","d":506706547,"a":[],"m":[]},{"i":2460622,"f":144882309,"t":"Он говорит шо хуйня","d":506706090,"a":[],"m":[]},{"i":2460619,"f":144882309,"t":"Вот мы с ним сидим","d":506706080,"a":[],"m":[]},{"i":2460618,"f":15267753,"t":"А ето родзевич эксперт же","d":506706072,"a":[],"m":[]},{"i":2460617,"f":144882309,"t":"Бля","d":506706066,"a":[],"m":[]},{"i":2460616,"f":15267753,"t":"Ток в лэбе","d":506706066,"a":[],"m":[]},{"i":2460615,"f":15267753,"t":"Но я в этом не шарю","d":506706062,"a":[],"m":[]},{"i":2460614,"f":15267753,"t":"Да вроде ок все","d":506706059,"a":[],"m":[]},{"i":2460613,"f":144882309,"t":"Хуевые ?","d":506706047,"a":[],"m":[]},{"i":2460612,"f":15267753,"t":"Фотки пиздец конеяно)","d":506706036,"a":[],"m":[]},{"i":2460606,"f":144882309,"t":"","d":506706002,"a":[],"m":[{"f":144882309,"t":"","d":506700866,"a":[{"t":0,"s":{"m":"https://sun9-12.userapi.com/impg/gQ1QXiYSq-3VPcTtB0-RgDUF5vV4CEEyj1BMLg/M5TXD2u3rO4.jpg?size=510x900&quality=95&crop=0,0,780,1376&sign=a16a19969d3305c58f22b9500fbfa098&c_uniq_tag=WcEghC6zmANp6ISahfpO93keJzVZPFYhmblI6bxzO1U&type=album","s":"https://sun9-12.userapi.com/impg/gQ1QXiYSq-3VPcTtB0-RgDUF5vV4CEEyj1BMLg/M5TXD2u3rO4.jpg?size=200x433&quality=95&sign=2f54710580ffeb161201e46cea5e5754&c_uniq_tag=e7ym5ay3CbjjmlX8XNa2XKSpI746DObyalrhOYq-2BM&type=album","n":"https://sun9-12.userapi.com/impg/gQ1QXiYSq-3VPcTtB0-RgDUF5vV4CEEyj1BMLg/M5TXD2u3rO4.jpg?size=780x1688&quality=95&sign=0187c36f905d075d49c88e206f6896ab&c_uniq_tag=7TGI4y1GjsQY0o9FY5ZOvhdehlXDtqtx-kysw79XV9Y&type=album","o":"https://sun9-12.userapi.com/impg/gQ1QXiYSq-3VPcTtB0-RgDUF5vV4CEEyj1BMLg/M5TXD2u3rO4.jpg?size=499x1080&quality=95&sign=37ab65f8a200b298a5a7aaf84d25269c&c_uniq_tag=xNirKqw3HzPKkAyY3zlV-MyfXxisujWQdD_wXd9fe7Q&type=album","t":"https://sun9-12.userapi.com/impg/gQ1QXiYSq-3VPcTtB0-RgDUF5vV4CEEyj1BMLg/M5TXD2u3rO4.jpg?size=279x604&quality=95&sign=52df8bdc2a68b856944941f205ad4a0d&c_uniq_tag=Ayu6I_g1bpyt3quYKrkhM8EodCHnQ7IEoPgpAJBasZ4&type=album"},"z":"","q":0,"w":0,"o":144882309,"i":457260414,"d":506700862},{"t":0,"s":{"m":"https://sun9-30.userapi.com/impg/gfoR3Hf1oaw-NUoTXFn6bnZTUBHjAHni_AKXVQ/nZXvuVyPvTM.jpg?size=510x900&quality=95&crop=0,0,780,1376&sign=9eccbfcbbaa0dbb0991ab6633b5b5545&c_uniq_tag=YxM_8Ov1fg0TQkmIw77HhHlXNRRSQnRHhQFv-OQsVNI&type=album","s":"https://sun9-30.userapi.com/impg/gfoR3Hf1oaw-NUoTXFn6bnZTUBHjAHni_AKXVQ/nZXvuVyPvTM.jpg?size=200x433&quality=95&sign=fc42dc84813e85d9d98bd80ce16a918d&c_uniq_tag=sJO1vKVEvEsUVd6gBLjYKBFZklCrq7aKTB84LAwXZb4&type=album","n":"https://sun9-30.userapi.com/impg/gfoR3Hf1oaw-NUoTXFn6bnZTUBHjAHni_AKXVQ/nZXvuVyPvTM.jpg?size=780x1688&quality=95&sign=38583b9bf665873c6817a92c83acf2d3&c_uniq_tag=chfAv30XYevBs7OCQfUZ2WuFoxxkN-xNvbGXQuTPx6E&type=album","o":"https://sun9-30.userapi.com/impg/gfoR3Hf1oaw-NUoTXFn6bnZTUBHjAHni_AKXVQ/nZXvuVyPvTM.jpg?size=499x1080&quality=95&sign=2c048fb5100e0ac01017978dcc74d024&c_uniq_tag=RQv8VWJ4NaHPn8D350ofjJI5A_em2RLh7KyVS5wmHss&type=album","t":"https://sun9-30.userapi.com/impg/gfoR3Hf1oaw-NUoTXFn6bnZTUBHjAHni_AKXVQ/nZXvuVyPvTM.jpg?size=279x604&quality=95&sign=131f79429d30ef70aae9f03505196e2e&c_uniq_tag=ca6qZ0MKAWnCz-GR8N8I9HHwY8Fmq9OGXB5kNUdl7eQ&type=album"},"z":"","q":0,"w":0,"o":144882309,"i":457260415,"d":506700865}]},{"f":144882309,"t":"","d":506700885,"a":[{"t":0,"s":{"m":"https://sun9-12.userapi.com/impg/jOcfL5hxpGZNOd0VDMCjIQ-O2A-whhdLYLREKQ/dGyLTu68cBI.jpg?size=510x900&quality=95&crop=0,0,780,1376&sign=3947c80e0d31877bc5bc857fb204d8b8&c_uniq_tag=QLyW40KQASGaA7pwLr7pJGwHsp_GakaqgNoQ8bnzee4&type=album","s":"https://sun9-12.userapi.com/impg/jOcfL5hxpGZNOd0VDMCjIQ-O2A-whhdLYLREKQ/dGyLTu68cBI.jpg?size=200x433&quality=95&sign=4e1710f6f8c8bd0e937faf86049bef0e&c_uniq_tag=RnTNaQpYwwa5kczy7HNIG_L6uWYWoXxwOSI-4JC-F2A&type=album","n":"https://sun9-12.userapi.com/impg/jOcfL5hxpGZNOd0VDMCjIQ-O2A-whhdLYLREKQ/dGyLTu68cBI.jpg?size=780x1688&quality=95&sign=5594b0bc5da270c032b38dddac4b29c1&c_uniq_tag=JS0Gk-DdpcKVHVPo-xEN8MpOt3E3k0J7YkFpjZERDi0&type=album","o":"https://sun9-12.userapi.com/impg/jOcfL5hxpGZNOd0VDMCjIQ-O2A-whhdLYLREKQ/dGyLTu68cBI.jpg?size=499x1080&quality=95&sign=d3d7cbcee4a0f93766e09dfba6991ce1&c_uniq_tag=UnmbPiwpk8BLms4i5VZmH7uQtoawO-QmihSYLhJjaUQ&type=album","t":"https://sun9-12.userapi.com/impg/jOcfL5hxpGZNOd0VDMCjIQ-O2A-whhdLYLREKQ/dGyLTu68cBI.jpg?size=279x604&quality=95&sign=82eeeb9bdcc2df576db4d73a4dadd054&c_uniq_tag=cBAJbaXV5CBPjn5ADSHGvmQY3gF4lqKv3DE7e7WzjcY&type=album"},"z":"","q":0,"w":0,"o":144882309,"i":457260416,"d":506700885}]},{"f":144882309,"t":"","d":506701172,"a":[{"t":0,"s":{"m":"https://sun9-35.userapi.com/impg/FPLFHL-i4AoNrIAm6I3Z9itty5xs9U4oq1kXlw/c-pgVsoBWsg.jpg?size=510x900&quality=95&crop=0,0,780,1376&sign=17de60dd250033a12e66876f5717a443&c_uniq_tag=rJmG9rmJhSwgeHmhQI8tYhHpENTilNe690crB-QkVhU&type=album","s":"https://sun9-35.userapi.com/impg/FPLFHL-i4AoNrIAm6I3Z9itty5xs9U4oq1kXlw/c-pgVsoBWsg.jpg?size=200x433&quality=95&sign=ece57b37cd3f2bf4f2a7743aadf38763&c_uniq_tag=Jyq3iRVSjOPLotTtgy5HGS5BJvbFAF2vEZ2LN1mCPQs&type=album","n":"https://sun9-35.userapi.com/impg/FPLFHL-i4AoNrIAm6I3Z9itty5xs9U4oq1kXlw/c-pgVsoBWsg.jpg?size=780x1688&quality=95&sign=6289b53aa768755dd6ca758015b3c7be&c_uniq_tag=2DQTSn69vjRjKUw_KoHiBhn-PISQBZLETv-YSNIb3kg&type=album","o":"https://sun9-35.userapi.com/impg/FPLFHL-i4AoNrIAm6I3Z9itty5xs9U4oq1kXlw/c-pgVsoBWsg.jpg?size=499x1080&quality=95&sign=e9863b1cb73c7d09763262c5cfc7b295&c_uniq_tag=GpDw6J_NpE6fhrwikQ4F_jpGmZu5r63LfmPW7Xys9pI&type=album","t":"https://sun9-35.userapi.com/impg/FPLFHL-i4AoNrIAm6I3Z9itty5xs9U4oq1kXlw/c-pgVsoBWsg.jpg?size=279x604&quality=95&sign=1b7f73660024e6a641422b765fcbe7e0&c_uniq_tag=3XKj2ycUWfLFKMqt1WTLNUr610a3KErEmc03BZEPwdY&type=album"},"z":"","q":0,"w":0,"o":144882309,"i":457260417,"d":506701172},{"t":0,"s":{"m":"https://sun9-10.userapi.com/impg/uphwXeN_-RekxpxPygMT4omygKrRXSk-LyeNAw/khvpnlNFbDs.jpg?size=510x900&quality=95&crop=0,0,780,1376&sign=d4fdf31834ca4aed458a9ed97a54354a&c_uniq_tag=Mjvj6k5Q8mD6D5HF6mYvwWQMjWfx-VfOfSAitRYOpek&type=album","s":"https://sun9-10.userapi.com/impg/uphwXeN_-RekxpxPygMT4omygKrRXSk-LyeNAw/khvpnlNFbDs.jpg?size=200x433&quality=95&sign=1656e0d3d4f349dedc4d60171ed93e42&c_uniq_tag=wiM8GFLIMheF3iwb71MuoYno0u2WnzQJ2BnxUhmrgD8&type=album","n":"https://sun9-10.userapi.com/impg/uphwXeN_-RekxpxPygMT4omygKrRXSk-LyeNAw/khvpnlNFbDs.jpg?size=780x1688&quality=95&sign=d1ca1f8afc576d9c5264014862342392&c_uniq_tag=nBm4EzbfGtVrI0pXWOnJaKeyeerumlhT2z-z3NnWwOQ&type=album","o":"https://sun9-10.userapi.com/impg/uphwXeN_-RekxpxPygMT4omygKrRXSk-LyeNAw/khvpnlNFbDs.jpg?size=499x1080&quality=95&sign=9c50f2a35187a991b53cbd1e98642c7f&c_uniq_tag=MnnjMJXnc4qZAZT9FcXCiRJF2AsZXSS2qe9rU8ibzJ8&type=album","t":"https://sun9-10.userapi.com/impg/uphwXeN_-RekxpxPygMT4omygKrRXSk-LyeNAw/khvpnlNFbDs.jpg?size=279x604&quality=95&sign=0d4a7ba99ccb1fff96f06cf46ff7bb74&c_uniq_tag=kFnVVcpkhm7YjbiYcq504QZUHI9iaUtV8VlWk0rOKU8&type=album"},"z":"","q":0,"w":0,"o":144882309,"i":457260418,"d":506701172},{"t":0,"s":{"m":"https://sun9-73.userapi.com/impg/9SfAiOn31UIsVrDo1Bl5zQJFLV9B_Ha3DaXNtQ/aur-TJTJ2nw.jpg?size=510x900&quality=95&crop=0,0,780,1376&sign=7389d04c4d4ba0de771689c3e1ea496b&c_uniq_tag=gLutpnbrAakWWBk70pzSecZsFKLRzwq5VEbAc8aPMNU&type=album","s":"https://sun9-73.userapi.com/impg/9SfAiOn31UIsVrDo1Bl5zQJFLV9B_Ha3DaXNtQ/aur-TJTJ2nw.jpg?size=200x433&quality=95&sign=fe419de5477b813edbe25421e7b51bc9&c_uniq_tag=M-eO2z1Q3cW3etwK4rG5DySO-erWxllWk96Gas4traI&type=album","n":"https://sun9-73.userapi.com/impg/9SfAiOn31UIsVrDo1Bl5zQJFLV9B_Ha3DaXNtQ/aur-TJTJ2nw.jpg?size=780x1688&quality=95&sign=1b1cc7b90b53d8df833c93c2165c77ad&c_uniq_tag=8qSFRu6NfNCxwqjNdXF9r12jv1vDhGSZhtOF8OYmxS0&type=album","o":"https://sun9-73.userapi.com/impg/9SfAiOn31UIsVrDo1Bl5zQJFLV9B_Ha3DaXNtQ/aur-TJTJ2nw.jpg?size=499x1080&quality=95&sign=4da376b0a166696b28a223abf6b57f3e&c_uniq_tag=f-wELcFGTDEj8to4OyrFR6BmQ1OrmmhuTgL80N7Bt2o&type=album","t":"https://sun9-73.userapi.com/impg/9SfAiOn31UIsVrDo1Bl5zQJFLV9B_Ha3DaXNtQ/aur-TJTJ2nw.jpg?size=279x604&quality=95&sign=266f3119d15b6ee7761888c106278fa9&c_uniq_tag=21lhqnCnKnNaPbWPALwQTPvTZ2oSGnUzzof1zWx2WOg&type=album"},"z":"","q":0,"w":0,"o":144882309,"i":457260419,"d":506701172}]},{"f":144882309,"t":"","d":506701200,"a":[{"t":0,"s":{"m":"https://sun9-10.userapi.com/impg/QJRd1jz7Ea48QHUaV15RNNkwHEVux-mcp0GB9g/w3A4fLGSJa4.jpg?size=510x900&quality=95&crop=0,0,780,1376&sign=042d0c6440918f14c536de01427a3a5f&c_uniq_tag=QQteIcgPIPBNzfOZkR252jutpyKu1MWTlRxYN4SvwSo&type=album","s":"https://sun9-10.userapi.com/impg/QJRd1jz7Ea48QHUaV15RNNkwHEVux-mcp0GB9g/w3A4fLGSJa4.jpg?size=200x433&quality=95&sign=e9df5abfa8667538c6e67fe22ba097c8&c_uniq_tag=nPMTK9u9qpC-gq1b2LolkJrhT0EOJs4J_Vrivvmsylc&type=album","n":"https://sun9-10.userapi.com/impg/QJRd1jz7Ea48QHUaV15RNNkwHEVux-mcp0GB9g/w3A4fLGSJa4.jpg?size=780x1688&quality=95&sign=b229368866e73d7f2ad8aa3194f4d470&c_uniq_tag=cHBai_9JsFLtV1CGOQeWQ06hW3yB1ycR3LGGe1zoDgs&type=album","o":"https://sun9-10.userapi.com/impg/QJRd1jz7Ea48QHUaV15RNNkwHEVux-mcp0GB9g/w3A4fLGSJa4.jpg?size=499x1080&quality=95&sign=ed935c15b6a8d20e370e776b0c480a2d&c_uniq_tag=8Ui2v7FJqJU2FfHdu14utiyYc-DAoYA4p9b4eGFrXBI&type=album","t":"https://sun9-10.userapi.com/impg/QJRd1jz7Ea48QHUaV15RNNkwHEVux-mcp0GB9g/w3A4fLGSJa4.jpg?size=279x604&quality=95&sign=90d82f5254fcf6f145ee4c371529064b&c_uniq_tag=xjP7goL0h00o0ErQAMdie6GmBHmyMCE_q5szp_imAUE&type=album"},"z":"","q":0,"w":0,"o":144882309,"i":457260420,"d":506701199}]},{"f":144882309,"t":"","d":506705741,"a":[{"t":0,"s":{"m":"https://sun9-7.userapi.com/impg/s2nNGpkddaLyYNfc4hPzgjYvOn-O58yYOTZDWA/w6DLSqit6FU.jpg?size=510x900&quality=95&crop=0,0,780,1376&sign=7d2818584a040d9c604f852158378fc8&c_uniq_tag=Pb-gi8dFnOoWUPrgtd8vljVWKEQvvcFAvVwh6epLG9Q&type=album","s":"https://sun9-7.userapi.com/impg/s2nNGpkddaLyYNfc4hPzgjYvOn-O58yYOTZDWA/w6DLSqit6FU.jpg?size=200x433&quality=95&sign=a938a1c987a56b3693716912bd3ca709&c_uniq_tag=zLgpc_yy-JuSrNwxdEppShLbcGdlGE8-fjsNGm8KqqI&type=album","n":"https://sun9-7.userapi.com/impg/s2nNGpkddaLyYNfc4hPzgjYvOn-O58yYOTZDWA/w6DLSqit6FU.jpg?size=780x1688&quality=95&sign=8357d17b04a76edfcf7fbacf3811d034&c_uniq_tag=BcOkLOyCpS-49BdxB59LRxY7gSQ1zHCQrx51YqdpqYo&type=album","o":"https://sun9-7.userapi.com/impg/s2nNGpkddaLyYNfc4hPzgjYvOn-O58yYOTZDWA/w6DLSqit6FU.jpg?size=499x1080&quality=95&sign=94a1d6a300d2543df9786d6bc20a8c5b&c_uniq_tag=TqtCXbd3C3vZ1cql3spplXQfFrLVaVx-EzRZGl_fXBg&type=album","t":"https://sun9-7.userapi.com/impg/s2nNGpkddaLyYNfc4hPzgjYvOn-O58yYOTZDWA/w6DLSqit6FU.jpg?size=279x604&quality=95&sign=6aa86896a24538a1455c02d9d98b25bd&c_uniq_tag=jBZ3iGCRN-6hs_1y0eeg7TNuluKieUCPpaaVRu8uFn0&type=album"},"z":"","q":0,"w":0,"o":144882309,"i":457260424,"d":506705740}]},{"f":144882309,"t":"","d":506705783,"a":[{"t":0,"s":{"m":"https://sun9-68.userapi.com/impg/xPJ1vEJQtEwUOzi5Vaww9pyrR0fGiSREU-yQLA/hqDevRfbHH0.jpg?size=510x900&quality=95&crop=0,0,780,1376&sign=7ae5cd86eb1968f6fa0cdc87b66bbcee&c_uniq_tag=wGHVBw5wgRDO32StWurfoZvOxrKEakjX7tz9Qr3-uF8&type=album","s":"https://sun9-68.userapi.com/impg/xPJ1vEJQtEwUOzi5Vaww9pyrR0fGiSREU-yQLA/hqDevRfbHH0.jpg?size=200x433&quality=95&sign=cc2f73341609ad760ec8170bd6e7d074&c_uniq_tag=s_BmVgQd416Jf7JoipT0ZGqGJkBZ1dMn9k9zak69V94&type=album","n":"https://sun9-68.userapi.com/impg/xPJ1vEJQtEwUOzi5Vaww9pyrR0fGiSREU-yQLA/hqDevRfbHH0.jpg?size=780x1688&quality=95&sign=cf23814fb1f780ae34cfadd080a67d1c&c_uniq_tag=2LkQO3CpDbkZHr-LxheLwUrZYG5Wqmf_B2jbGiiotfQ&type=album","o":"https://sun9-68.userapi.com/impg/xPJ1vEJQtEwUOzi5Vaww9pyrR0fGiSREU-yQLA/hqDevRfbHH0.jpg?size=499x1080&quality=95&sign=81e77f3aa6bcc71438235b0f0681e34e&c_uniq_tag=NHMSd1FyaAijK1tqzDSkZhwLZ8z5_xM6UP1IDPzowYg&type=album","t":"https://sun9-68.userapi.com/impg/xPJ1vEJQtEwUOzi5Vaww9pyrR0fGiSREU-yQLA/hqDevRfbHH0.jpg?size=279x604&quality=95&sign=2cfa53e8a3574dce15219d216ac1848d&c_uniq_tag=1qf7SyfoQJ9ZhW99w3o87VAUEy0NXrUjPM9od86qK9U&type=album"},"z":"","q":0,"w":0,"o":144882309,"i":457260425,"d":506705783}]}]},{"i":2460605,"f":144882309,"t":"Или нет","d":506705974,"a":[],"m":[]},{"i":2460604,"f":144882309,"t":"ACG оригинал","d":506705973,"a":[],"m":[]},{"i":2460603,"f":144882309,"t":"Бро можешь подсказать","d":506705967,"a":[],"m":[]},{"i":2460602,"f":144882309,"t":"Салют","d":506705964,"a":[],"m":[]},{"i":1887511,"f":144882309,"t":"","d":472326597,"a":[{"t":4}],"m":[]},{"i":1887510,"f":15267753,"t":"Да это брат студенова","d":472326583,"a":[],"m":[]},{"i":1887509,"f":15267753,"t":"Привет","d":472326579,"a":[],"m":[]},{"i":1887508,"f":144882309,"t":"Нормальный человек ?","d":472326561,"a":[],"m":[]},{"i":1887507,"f":144882309,"t":"https://vk.com/dmtr.mlkv","d":472326551,"a":[],"m":[]},{"i":1887506,"f":144882309,"t":"Салют","d":472326540,"a":[],"m":[]},{"i":1752749,"f":144882309,"t":"Всегда теперь проси чеки","d":465387782,"a":[],"m":[]},{"i":1752748,"f":15267753,"t":"Да я с ним тоже через девочку общаюсь)","d":465387764,"a":[],"m":[]},{"i":1752747,"f":144882309,"t":"И иди нахуй","d":465387741,"a":[],"m":[]},{"i":1752746,"f":144882309,"t":"Ну скажи ты блядь работу свою делай","d":465387735,"a":[],"m":[]},{"i":1752745,"f":15267753,"t":"Да","d":465387719,"a":[],"m":[]},{"i":1752744,"f":144882309,"t":"Это кастом который ?","d":465387712,"a":[],"m":[]},{"i":1752743,"f":144882309,"t":"Долбаеб","d":465387702,"a":[],"m":[]},{"i":1752742,"f":144882309,"t":"Ахахха","d":465387699,"a":[],"m":[]},{"i":1752741,"f":15267753,"t":"Пол года делать)","d":465387562,"a":[],"m":[]},{"i":1752740,"f":15267753,"t":"Да я думаю он спм проебался просто по срокам и оправдания ищет","d":465387557,"a":[],"m":[]},{"i":1752739,"f":144882309,"t":"Блчя","d":465387538,"a":[],"m":[]},{"i":1752738,"f":144882309,"t":"Что за мудак","d":465387535,"a":[],"m":[]},{"i":1752737,"f":144882309,"t":"И просит легит","d":465387532,"a":[],"m":[]},{"i":1752736,"f":144882309,"t":"Ну скажи пусть придёт в стритбит","d":465387528,"a":[],"m":[]},{"i":1752735,"f":15267753,"t":"Горит пизда))","d":465387520,"a":[],"m":[]},{"i":1752734,"f":15267753,"t":"Которые пол года в теме и типа разбираются уже","d":465387516,"a":[],"m":[]},{"i":1752733,"f":15267753,"t":"Сук бесят тупы люди","d":465387508,"a":[],"m":[]},{"i":1752732,"f":15267753,"t":"Да я так и обьяснил","d":465387503,"a":[],"m":[]},{"i":1752731,"f":144882309,"t":"Вот и все","d":465387439,"a":[],"m":[]},{"i":1752730,"f":144882309,"t":"И идёт нахуй","d":465387437,"a":[],"m":[]},{"i":1752729,"f":144882309,"t":"Там все показано","d":465387405,"a":[],"m":[]},{"i":1752728,"f":144882309,"t":"И пробьёт этот код","d":465387402,"a":[],"m":[]},{"i":1752727,"f":144882309,"t":"Честный знак","d":465387397,"a":[],"m":[]},{"i":1752726,"f":144882309,"t":"Пусть скачается приложение","d":465387394,"a":[],"m":[]},{"i":1752725,"f":144882309,"t":"Так и скажи","d":465387390,"a":[],"m":[]},{"i":1752724,"f":144882309,"t":"Маркировка","d":465387382,"a":[],"m":[]},{"i":1752723,"f":144882309,"t":"Там на коробках","d":465387380,"a":[],"m":[]},{"i":1752722,"f":144882309,"t":"А какой легит","d":465387378,"a":[],"m":[]},{"i":1752721,"f":15267753,"t":"Спасибо)","d":465387280,"a":[],"m":[]},{"i":1752720,"f":15267753,"t":"Лан попробую разобратся","d":465387278,"a":[],"m":[]},{"i":1752718,"f":144882309,"t":"","d":465387009,"a":[{"t":0,"s":{"m":"https://sun9-3.userapi.com/impg/yH6s7HkJ-wSePzeFzIas_FSAjDXmE5IQS0RwOg/38wMtrR32ZQ.jpg?size=607x1080&quality=96&sign=582a870b12726b9536560ca26c0e4612&c_uniq_tag=m23x59V7xt2OjqHGym31m7zUxWPsQUzLI7zmsAGc5FE&type=album","s":"https://sun9-3.userapi.com/impg/yH6s7HkJ-wSePzeFzIas_FSAjDXmE5IQS0RwOg/38wMtrR32ZQ.jpg?size=340x604&quality=96&sign=db347c55886ba6fce1fe7c9a974b4ea2&c_uniq_tag=mHaoOxTrBkBvWYzmrwjRA6D1wIyD1gyAyppBfEJgFn4&type=album","n":"https://sun9-3.userapi.com/impg/yH6s7HkJ-wSePzeFzIas_FSAjDXmE5IQS0RwOg/38wMtrR32ZQ.jpg?size=42x75&quality=96&sign=a66272e745141f0cb8a1f6358e2f3ae4&c_uniq_tag=jtEgPf5pYFOZxCV7tqjUkIMgao75CUyj8u7ZODmPyPY&type=album","o":"https://sun9-3.userapi.com/impg/yH6s7HkJ-wSePzeFzIas_FSAjDXmE5IQS0RwOg/38wMtrR32ZQ.jpg?size=510x900&quality=96&crop=0,0,828,1461&sign=81e6196ce06d9c867438f7a701954b19&c_uniq_tag=A72LrhrDKeog-C62RquIAMCHEMu3Gkh5CxpGESH0r7c&type=album","t":"https://sun9-3.userapi.com/impg/yH6s7HkJ-wSePzeFzIas_FSAjDXmE5IQS0RwOg/38wMtrR32ZQ.jpg?size=200x356&quality=96&sign=e555bf4ea0658ab57a3bd5224da18d7e&c_uniq_tag=Ztd0PcCsiyYXbMl3oBIgQYK5rz5NpvfFmaRuk0p4Qrs&type=album"},"z":"","q":0,"w":0,"o":144882309,"i":457258413,"d":465387008}],"m":[]},{"i":1752717,"f":144882309,"t":"И ещё чуваку","d":465386937,"a":[],"m":[]},{"i":1752716,"f":144882309,"t":"Там пары просто покупал я","d":465386933,"a":[],"m":[]},{"i":1752715,"f":15267753,"t":"Еще спусия пол года такую хуйню писать","d":465386876,"a":[],"m":[]},{"i":1752714,"f":15267753,"t":"Да пиздец люди нбпнутые","d":465386870,"a":[],"m":[]},{"i":1752713,"f":144882309,"t":"как я предлагал","d":465386865,"a":[],"m":[]},{"i":1752712,"f":144882309,"t":"Надо было сразу кинуть чеки","d":465386862,"a":[],"m":[]},{"i":1752711,"f":144882309,"t":"Вот Геморой то","d":465386857,"a":[],"m":[]},{"i":1752708,"f":15267753,"t":".","d":465386771,"a":[],"m":[{"f":144882309,"t":"","d":455666747,"a":[{"t":0,"s":{"m":"https://sun9-15.userapi.com/impg/PCxY8A9skfW0c-DMQyplj6ULPXmp25DtIGHTZQ/yUiQn3RtRXg.jpg?size=810x1080&quality=96&sign=e5b7a67473e751b11a5e8829d3bffab2&c_uniq_tag=hGAxOhSS19KpW6P-vq5RjmmZWkU61dsZTGzUhVf6QLg&type=album","s":"https://sun9-15.userapi.com/impg/PCxY8A9skfW0c-DMQyplj6ULPXmp25DtIGHTZQ/yUiQn3RtRXg.jpg?size=453x604&quality=96&sign=4f6b01967bf8ed5e78df36d9e9efcefa&c_uniq_tag=UoQhGF4YtKKSLFA5JzbFDZxxhXfI_BBgNabc92yya6Y&type=album","n":"https://sun9-15.userapi.com/impg/PCxY8A9skfW0c-DMQyplj6ULPXmp25DtIGHTZQ/yUiQn3RtRXg.jpg?size=56x75&quality=96&sign=cf7edd50e6a848c5caf8b516200b0dad&c_uniq_tag=XwWKFoIXi5wyE4S2wRBUMeDLm6d5ZZvJN5gy4fH38Vk&type=album","o":"https://sun9-15.userapi.com/impg/PCxY8A9skfW0c-DMQyplj6ULPXmp25DtIGHTZQ/yUiQn3RtRXg.jpg?size=510x680&quality=96&sign=f56189ffbb8b1626579f030f76caec83&c_uniq_tag=U1n2l0XT1XIRkh6XO3aubpa4GRwEoxWpgWcU-Ae60VI&type=album","t":"https://sun9-15.userapi.com/impg/PCxY8A9skfW0c-DMQyplj6ULPXmp25DtIGHTZQ/yUiQn3RtRXg.jpg?size=200x267&quality=96&sign=205d849f21ffbf1f2b6fe3f7d973d0a4&c_uniq_tag=fl6BoYIttEvOYkQAdohj9b3pUQoBJa-6MBKQFntQozs&type=album"},"z":"","q":0,"w":0,"o":144882309,"i":457257527,"d":455666747}]}]},{"i":1752707,"f":15267753,"t":".","d":465386759,"a":[],"m":[{"f":144882309,"t":"","d":456005261,"a":[{"t":0,"s":{"m":"https://sun9-74.userapi.com/impg/QOXUgOmCVnSROF5U7C_KDHyume_cKNYA_GhArg/Qith3JHN2bs.jpg?size=810x1080&quality=96&sign=50f00f658c77a5b793561248584836fe&c_uniq_tag=-BCqIKL8V8xBKjyJIhb__V-SpXnTVfHbM5gCCdudSRg&type=album","s":"https://sun9-74.userapi.com/impg/QOXUgOmCVnSROF5U7C_KDHyume_cKNYA_GhArg/Qith3JHN2bs.jpg?size=453x604&quality=96&sign=72b3dbb68e603b321c8798a3543612cd&c_uniq_tag=bfl3CItd0e_HPlvyFQj2VQvKx0W-UAqJQjoo10UU-7U&type=album","n":"https://sun9-74.userapi.com/impg/QOXUgOmCVnSROF5U7C_KDHyume_cKNYA_GhArg/Qith3JHN2bs.jpg?size=56x75&quality=96&sign=1d1f821903af0933318707b2589cd54c&c_uniq_tag=88LaZyO2mHfhr6I14bAA7bT6ZDfxD71ZTLTO5jB-lyc&type=album","o":"https://sun9-74.userapi.com/impg/QOXUgOmCVnSROF5U7C_KDHyume_cKNYA_GhArg/Qith3JHN2bs.jpg?size=510x680&quality=96&sign=28a7ffffeac6cd603b19b3af0d2b7d42&c_uniq_tag=LTzh3KAIz8H66u14v0C7M33baCDFeJPN4itVTiKsMUE&type=album","t":"https://sun9-74.userapi.com/impg/QOXUgOmCVnSROF5U7C_KDHyume_cKNYA_GhArg/Qith3JHN2bs.jpg?size=200x267&quality=96&sign=1700b07913cbcfc9093e366a768dc036&c_uniq_tag=Fbe_zUiVP246UTHPoMj4pJwzTwITK1-w9tzc8W0Cs04&type=album"},"z":"","q":0,"w":0,"o":144882309,"i":457257540,"d":456005258}]}]},{"i":1752706,"f":15267753,"t":".","d":465386748,"a":[],"m":[{"f":144882309,"t":"","d":456079962,"a":[{"t":0,"s":{"m":"https://sun9-9.userapi.com/impg/G2Y3TRT-kRssBcmdYSTDxsYelYDpy56nqfzjAQ/jj2VpykruhM.jpg?size=810x1080&quality=96&sign=d0969071fcbbd6c0a52568e656ec2a31&c_uniq_tag=mg9gEoDIpmKCtnfNEQZoZfS-rhwLpdc2qztctANFhkY&type=album","s":"https://sun9-9.userapi.com/impg/G2Y3TRT-kRssBcmdYSTDxsYelYDpy56nqfzjAQ/jj2VpykruhM.jpg?size=453x604&quality=96&sign=c45843b051571a2379334001c5e5e00a&c_uniq_tag=k4XN7vsD9qndZviRr26TOK-BnRlxOIwKzLVhWBsDw38&type=album","n":"https://sun9-9.userapi.com/impg/G2Y3TRT-kRssBcmdYSTDxsYelYDpy56nqfzjAQ/jj2VpykruhM.jpg?size=56x75&quality=96&sign=615d28303b63286779d131fa5d9674d7&c_uniq_tag=adrksiI0TZh0f2Yzts2LGL22Kkd26T3O6WFhGmce1D8&type=album","o":"https://sun9-9.userapi.com/impg/G2Y3TRT-kRssBcmdYSTDxsYelYDpy56nqfzjAQ/jj2VpykruhM.jpg?size=510x680&quality=96&sign=ec2dce671db0041639425c9223162416&c_uniq_tag=ILrIBpC8Or-b87PCKFmjZpwcXsik9oGGQA6gLzi_Myo&type=album","t":"https://sun9-9.userapi.com/impg/G2Y3TRT-kRssBcmdYSTDxsYelYDpy56nqfzjAQ/jj2VpykruhM.jpg?size=200x267&quality=96&sign=cfcf2acbdf91588288a67f13ca3da26e&c_uniq_tag=RUcM31gymAfte_lX7RvPjp7KYi8xNyRLvcjQgEc6Pu8&type=album"},"z":"","q":0,"w":0,"o":144882309,"i":457257556,"d":456079962}]}]},{"i":1752705,"f":144882309,"t":"Что Стритбит","d":465386739,"a":[],"m":[]},{"i":1752704,"f":144882309,"t":"Я чеки сбера найду","d":465386735,"a":[],"m":[]},{"i":1752703,"f":15267753,"t":"Я им говорю что форсы говно по качеству уже давно","d":465386732,"a":[],"m":[]},{"i":1752702,"f":144882309,"t":"Если найдёшь даты","d":465386730,"a":[],"m":[]},{"i":1752700,"f":144882309,"t":"Боюсь чеков не осталось","d":465386725,"a":[],"m":[]},{"i":1752699,"f":15267753,"t":"Ебанцтые людм","d":465386719,"a":[],"m":[]},{"i":1752696,"f":15267753,"t":"Меня заебали, говорят пары типа не аутентик)))","d":465386712,"a":[],"m":[]},{"i":1752695,"f":15267753,"t":"Здарова, понимаю что вопрос страннвй, но мб остались чеки и ты сможешь сфотать их?)","d":465386699,"a":[],"m":[]},{"i":1691648,"f":15267753,"t":"Это не мск)","d":462119394,"a":[],"m":[]},{"i":1691631,"f":144882309,"t":"Но размер не знает","d":462118419,"a":[],"m":[]},{"i":1691630,"f":144882309,"t":"У меня кореш хочет","d":462118409,"a":[],"m":[]},{"i":1691629,"f":144882309,"t":"А где лежат ?","d":462118404,"a":[],"m":[{"f":144882309,"t":"","d":462116601,"a":[],"m":[{"f":15267753,"t":"11700-70%","d":462106340,"a":[{"t":0,"s":{"m":"https://sun9-33.userapi.com/impg/6P-wuN0MXx1mkxOvT7mpPGPsNyTqxaum_26nPQ/1xTp6iVdAVw.jpg?size=810x1080&quality=96&sign=0e2791fe3f5407c7098bc8d994a85fb9&c_uniq_tag=ddyCr8szhXnxQu9JdLK8oM-OgzaFg9Bof9plS9TPYV4&type=album","s":"https://sun9-33.userapi.com/impg/6P-wuN0MXx1mkxOvT7mpPGPsNyTqxaum_26nPQ/1xTp6iVdAVw.jpg?size=453x604&quality=96&sign=fdf6b028aba13bb4d5d3298737c096dd&c_uniq_tag=GcDZTDUvtENxCSdMPIjHGqV3L8bgPBvqKHOL-b1874w&type=album","n":"https://sun9-33.userapi.com/impg/6P-wuN0MXx1mkxOvT7mpPGPsNyTqxaum_26nPQ/1xTp6iVdAVw.jpg?size=56x75&quality=96&sign=58654fa26f155055aa4f9bab9c2d5f6f&c_uniq_tag=EtJjl3j4Pmf5fDhJtMby9tDCbzitBwGuO37YhP74DW0&type=album","o":"https://sun9-33.userapi.com/impg/6P-wuN0MXx1mkxOvT7mpPGPsNyTqxaum_26nPQ/1xTp6iVdAVw.jpg?size=510x680&quality=96&sign=1b864145308b704f03f3a2a07ce4c96f&c_uniq_tag=QG53leIy3EWfcBG5cDEtgIDKv_VGryZpuZoiyiK36is&type=album","t":"https://sun9-33.userapi.com/impg/6P-wuN0MXx1mkxOvT7mpPGPsNyTqxaum_26nPQ/1xTp6iVdAVw.jpg?size=200x267&quality=96&sign=b52217cfdbf0a082be5b65eb7d3d582c&c_uniq_tag=jXF6gq95EsXluPuN1q_cPitVjpZB5uFpt8QBdqH49qY&type=album"},"z":"","q":0,"w":0,"o":15267753,"i":457255057,"d":462106276}]}]}]},{"i":1637133,"f":144882309,"t":"Обидно","d":458912304,"a":[],"m":[]},{"i":1637132,"f":15267753,"t":"Неа","d":458912297,"a":[],"m":[]},{"i":1637131,"f":144882309,"t":"Такое есть ?","d":458912286,"a":[{"t":0,"s":{"m":"https://sun9-10.userapi.com/impg/odCvkUdn8p3AMMVOgWIHF4N1O8GayGMqD4gniA/TV5RNByXpVs.jpg?size=630x630&quality=96&sign=fc8f909e27f208d4e97680b60e353e97&c_uniq_tag=GaTnppleLNMw1zI7mQZlNfZRMrEn5gBN1ciUewxS0A0&type=album","s":"https://sun9-10.userapi.com/impg/odCvkUdn8p3AMMVOgWIHF4N1O8GayGMqD4gniA/TV5RNByXpVs.jpg?size=75x75&quality=96&sign=083a97e88148fbc3497ca4406e748bd9&c_uniq_tag=cplZFO6gbdDiIl77Rgp7gOAbRXIFx9H7Sjav2ePrhCc&type=album","n":"https://sun9-10.userapi.com/impg/odCvkUdn8p3AMMVOgWIHF4N1O8GayGMqD4gniA/TV5RNByXpVs.jpg?size=510x510&quality=96&sign=a59ef5bf554690b4fbfcb3805845e940&c_uniq_tag=qfH81eGThnKqTlcZy0gKxgX6g_mwebtTjdRhSgtXhaQ&type=album","o":"https://sun9-10.userapi.com/impg/odCvkUdn8p3AMMVOgWIHF4N1O8GayGMqD4gniA/TV5RNByXpVs.jpg?size=320x320&quality=96&sign=fa6afbfd60783b06a39cc5725eb0d641&c_uniq_tag=dqGLAQ5oNUy2YS-mTfYBsFfRFQ4qf2BCa6IYzyYSs9o&type=album","t":"https://sun9-10.userapi.com/impg/odCvkUdn8p3AMMVOgWIHF4N1O8GayGMqD4gniA/TV5RNByXpVs.jpg?size=130x130&quality=96&sign=81584ca4d422602d71db3e6325409d08&c_uniq_tag=rQfvW23BJSx-BlzZewoW9LnEwwQwxpC-xpXzpFteeis&type=album"},"z":"","q":0,"w":0,"o":144882309,"i":457257937,"d":458870168}],"m":[]},{"i":1637130,"f":15267753,"t":"Оке","d":458912244,"a":[],"m":[]},{"i":1637129,"f":144882309,"t":"Я как раз подумаю насколько актуально","d":458912237,"a":[],"m":[]},{"i":1637128,"f":144882309,"t":"Окей","d":458912231,"a":[],"m":[]},{"i":1637127,"f":15267753,"t":"Могли убрать -50 на вешалку","d":458912212,"a":[],"m":[]},{"i":1637126,"f":144882309,"t":"Окей","d":458912197,"a":[],"m":[]},{"i":1637125,"f":15267753,"t":"+- да","d":458912196,"a":[],"m":[]},{"i":1637123,"f":15267753,"t":"Скажу остались нет они","d":458912192,"a":[],"m":[]},{"i":1637122,"f":144882309,"t":"Рубля 4?","d":458912190,"a":[],"m":[]},{"i":1637121,"f":15267753,"t":"Завтра мб буду там","d":458912186,"a":[],"m":[]},{"i":1637120,"f":144882309,"t":"Скок выйдет с хелпом и доставкой ?","d":458912184,"a":[],"m":[]},{"i":1637119,"f":15267753,"t":"Привет","d":458912181,"a":[],"m":[]},{"i":1637117,"f":144882309,"t":"Привет","d":458912173,"a":[],"m":[]},{"i":1617474,"f":144882309,"t":"Это великолепно","d":457295470,"a":[],"m":[]},{"i":1617470,"f":15267753,"t":"Гора актру","d":457295366,"a":[],"m":[]},{"i":1617469,"f":15267753,"t":"Алтай","d":457295362,"a":[],"m":[]},{"i":1617468,"f":144882309,"t":"Это где ?","d":457295349,"a":[],"m":[]},{"i":1617467,"f":144882309,"t":"Ахуенго","d":457295347,"a":[],"m":[]},{"i":1617465,"f":15267753,"t":"","d":457295328,"a":[{"t":0,"s":{"m":"https://sun9-44.userapi.com/impg/NfR484Mb17e9gmPUM4iKdUs5Fhn5g91aFGFQhg/uxOvKVFqHCM.jpg?size=607x1080&quality=96&sign=e98e3ec90cd6c40862b93e0bd0769b72&c_uniq_tag=mAKJgKuseeyhEp8JG_fK3yy8RzslSgrdUFx7MvvlPiU&type=album","s":"https://sun9-44.userapi.com/impg/NfR484Mb17e9gmPUM4iKdUs5Fhn5g91aFGFQhg/uxOvKVFqHCM.jpg?size=340x604&quality=96&sign=52e1565583affc283a14917cb014f47e&c_uniq_tag=19Ttc3f_aYUS56IonmO2IMqkbYB5OAGvxZs278yP1G0&type=album","n":"https://sun9-44.userapi.com/impg/NfR484Mb17e9gmPUM4iKdUs5Fhn5g91aFGFQhg/uxOvKVFqHCM.jpg?size=42x75&quality=96&sign=bd2fc6b1aef98821cc0895f15882068b&c_uniq_tag=t5xMVWZyrXQXrv4DEkpRAA1X5TFnt2aJdmToyrRgqpc&type=album","o":"https://sun9-44.userapi.com/impg/NfR484Mb17e9gmPUM4iKdUs5Fhn5g91aFGFQhg/uxOvKVFqHCM.jpg?size=510x900&quality=96&crop=0,0,1125,1985&sign=0e5e68acf18c641553b6e8dadb220804&c_uniq_tag=y2lXTuiI66AW0el4maRToxIwCTmvAHwmvLkMTC5635A&type=album","t":"https://sun9-44.userapi.com/impg/NfR484Mb17e9gmPUM4iKdUs5Fhn5g91aFGFQhg/uxOvKVFqHCM.jpg?size=200x356&quality=96&sign=6a792425145f159ab5ac3f1e78388db8&c_uniq_tag=FtpTSpWbSWrRI0ckMbaMaiUehCqxrNuguG-ThjmqJ3Y&type=album"},"z":"","q":50.076662,"w":87.771082,"o":15267753,"i":457254812,"d":457295328},{"t":0,"s":{"m":"https://sun9-63.userapi.com/impg/ENEnH8uf7Al9NM3bew4eW9jeo_06PcHmW_Wmzg/SVJdUKOmRZM.jpg?size=607x1080&quality=96&sign=c1f6a15393c7ea661f6354602396f78a&c_uniq_tag=d5B92rUabpQyvJG-J4N7KOe5f2NxjXDq5zpo6T2gcLE&type=album","s":"https://sun9-63.userapi.com/impg/ENEnH8uf7Al9NM3bew4eW9jeo_06PcHmW_Wmzg/SVJdUKOmRZM.jpg?size=340x604&quality=96&sign=6a06a238e482d4876ee70f040d50cc56&c_uniq_tag=ohT3a0GTXYG6WPL9F4-cBlB270f8TxUDfqvNa2DT2KI&type=album","n":"https://sun9-63.userapi.com/impg/ENEnH8uf7Al9NM3bew4eW9jeo_06PcHmW_Wmzg/SVJdUKOmRZM.jpg?size=42x75&quality=96&sign=17c1f477ac3e8fadc1f0db5e11e764c2&c_uniq_tag=riFAXkIhOtQv70OfECZUQ4NAxYZ3SEU36NGjA3uFWr0&type=album","o":"https://sun9-63.userapi.com/impg/ENEnH8uf7Al9NM3bew4eW9jeo_06PcHmW_Wmzg/SVJdUKOmRZM.jpg?size=510x900&quality=96&crop=0,0,1125,1985&sign=558cdbca48a0e7ff6ff89d50b8a593da&c_uniq_tag=RmPJZy8VNvGW-K7NPMXlUTLyiU4Q6RApFJF4Fl0Dd0I&type=album","t":"https://sun9-63.userapi.com/impg/ENEnH8uf7Al9NM3bew4eW9jeo_06PcHmW_Wmzg/SVJdUKOmRZM.jpg?size=200x356&quality=96&sign=bc52a2034dcadbaa6fae4352934bea48&c_uniq_tag=BXYkj7Ulg4Y8hAwBkMbvRKyVCOwtaUXw_9jeQPckFfA&type=album"},"z":"","q":50.089646,"w":87.774474,"o":15267753,"i":457254811,"d":457295327}],"m":[]},{"i":1617464,"f":15267753,"t":"У меня спутник инет кончится минут через 10)","d":457295321,"a":[],"m":[]},{"i":1617463,"f":144882309,"t":"Но я постараюсь придумать что-то","d":457295309,"a":[],"m":[]},{"i":1617462,"f":144882309,"t":"Бля вакантно вообще до 2 августа","d":457295302,"a":[],"m":[{"f":15267753,"t":"Привет, на след неделе отпишу","d":457295271,"a":[]}]},{"i":1617460,"f":144882309,"t":"Респектую","d":457295294,"a":[],"m":[{"f":15267753,"t":"Пока в горах)","d":457295274,"a":[]}]},{"i":1617455,"f":15267753,"t":"Пока в горах)","d":457295274,"a":[],"m":[]},{"i":1617454,"f":15267753,"t":"Привет, на след неделе отпишу","d":457295271,"a":[],"m":[]},{"i":1616225,"f":144882309,"t":"Нужно что-то?","d":457214872,"a":[],"m":[]},{"i":1616224,"f":144882309,"t":"Сап . Появился вариант на скидку опять","d":457214868,"a":[],"m":[]},{"i":1604578,"f":15267753,"t":"Спасибо большое за помощь!","d":456173406,"a":[],"m":[]},{"i":1604574,"f":15267753,"t":"Отлично!","d":456173397,"a":[],"m":[]},{"i":1604560,"f":144882309,"t":"","d":456173312,"a":[{"t":0,"s":{"m":"https://sun9-45.userapi.com/impg/CuDhSTGwt2Z5FU9dwTbmQ9h9FOxQZIeDgL0waw/nqKeQY8rzxw.jpg?size=810x1080&quality=96&sign=76ea6d9496701d3d9ce469f0889d0ceb&c_uniq_tag=mSkqZMnIJujjgA3OtptyzjfizlqA2fOxh0mGaoUoD0U&type=album","s":"https://sun9-45.userapi.com/impg/CuDhSTGwt2Z5FU9dwTbmQ9h9FOxQZIeDgL0waw/nqKeQY8rzxw.jpg?size=453x604&quality=96&sign=44f5930c0e3f6b592c3e5d68afd71959&c_uniq_tag=uhQ40OjYmaAx9-gAk1kEttlQqIgEBcVc8io9XQAgbmY&type=album","n":"https://sun9-45.userapi.com/impg/CuDhSTGwt2Z5FU9dwTbmQ9h9FOxQZIeDgL0waw/nqKeQY8rzxw.jpg?size=56x75&quality=96&sign=8a3ef7dd59090ca6708c8fa0e8a3067a&c_uniq_tag=LB_-JFAwvlGlv6dtwkEUw3IFuHjkQjRSnTcwJMK86Yw&type=album","o":"https://sun9-45.userapi.com/impg/CuDhSTGwt2Z5FU9dwTbmQ9h9FOxQZIeDgL0waw/nqKeQY8rzxw.jpg?size=510x680&quality=96&sign=a0af46caaee2848fa3e0e8ee63c07de8&c_uniq_tag=_5eFgxLFE0k1LeU6LPH-0sspqh-BLHYoaZVVKgU3QfM&type=album","t":"https://sun9-45.userapi.com/impg/CuDhSTGwt2Z5FU9dwTbmQ9h9FOxQZIeDgL0waw/nqKeQY8rzxw.jpg?size=200x267&quality=96&sign=655b0c5ffb6e3b00dd3bee4bd7d530c5&c_uniq_tag=zyIyzmjtgcnd6P3UK7KXt-kfVA0-9EJWtYWEjb9hOF0&type=album"},"z":"","q":0,"w":0,"o":144882309,"i":457257583,"d":456173312}],"m":[]},{"i":1604555,"f":144882309,"t":"","d":456173286,"a":[{"t":0,"s":{"m":"https://sun9-71.userapi.com/impg/XkCYB5ZIePLm36NBs6zqvxORDFuiTGjDVgd6dA/w7I41TGsZew.jpg?size=810x1080&quality=96&sign=45336b5688a27db28854fc7368171bf3&c_uniq_tag=Z8wX6cZNivZk1M6vd0ps63a-7qk-TKNpPIm378PHyw8&type=album","s":"https://sun9-71.userapi.com/impg/XkCYB5ZIePLm36NBs6zqvxORDFuiTGjDVgd6dA/w7I41TGsZew.jpg?size=453x604&quality=96&sign=95f765669181392c9af4ae92e86d050e&c_uniq_tag=0YUeLg2P-_eTq_zH1tWrz5KPk259f1QCGSibQfyX128&type=album","n":"https://sun9-71.userapi.com/impg/XkCYB5ZIePLm36NBs6zqvxORDFuiTGjDVgd6dA/w7I41TGsZew.jpg?size=56x75&quality=96&sign=650e40735c22da527309c4dbe7102a0c&c_uniq_tag=3ZjJ-RpSocBEYmI8GeE1V0hIQ3o4XMwO2MG52MRCBn0&type=album","o":"https://sun9-71.userapi.com/impg/XkCYB5ZIePLm36NBs6zqvxORDFuiTGjDVgd6dA/w7I41TGsZew.jpg?size=510x680&quality=96&sign=0625e20be00a4234dcac1839c450488d&c_uniq_tag=7m3N35I1VQCkzyObH82jd13a3g1P7FublP_h1acXgbQ&type=album","t":"https://sun9-71.userapi.com/impg/XkCYB5ZIePLm36NBs6zqvxORDFuiTGjDVgd6dA/w7I41TGsZew.jpg?size=200x267&quality=96&sign=839f178e640a9e5bfe9c847ed1349729&c_uniq_tag=IRyBCRTQjqrQSzny2xx-e7cCD_5kl6FwulIgAyrTHGc&type=album"},"z":"","q":0,"w":0,"o":144882309,"i":457257582,"d":456173286}],"m":[]},{"i":1604547,"f":144882309,"t":"","d":456173244,"a":[{"t":0,"s":{"m":"https://sun9-50.userapi.com/impg/MnnLVtilzgPIjmOAq_9o-voJGa-GXK8k8KHgkg/IVAORoZmlNI.jpg?size=810x1080&quality=96&sign=327641f94699805b82d31f2ffe3b3a38&c_uniq_tag=N8AnLE3pztbAIO1gKrnODrcOeNLIzCxRaHT0SKtYScQ&type=album","s":"https://sun9-50.userapi.com/impg/MnnLVtilzgPIjmOAq_9o-voJGa-GXK8k8KHgkg/IVAORoZmlNI.jpg?size=453x604&quality=96&sign=05a01434a4c4d265491b1e4adf17db4e&c_uniq_tag=rltlqNw7avKu0_YANeTEYE0WbSBQx5MQjtGNnU3Getg&type=album","n":"https://sun9-50.userapi.com/impg/MnnLVtilzgPIjmOAq_9o-voJGa-GXK8k8KHgkg/IVAORoZmlNI.jpg?size=56x75&quality=96&sign=5b083b065c46beae45cf7ffb7c3373f5&c_uniq_tag=Nd-uU0gCkBSjNRbBYArNp1ivRfRYkiDtz3PcUn4QTTc&type=album","o":"https://sun9-50.userapi.com/impg/MnnLVtilzgPIjmOAq_9o-voJGa-GXK8k8KHgkg/IVAORoZmlNI.jpg?size=510x680&quality=96&sign=5fe5a7600a1217f5374b8fb54f9b1f09&c_uniq_tag=wWJowfjebhxVO948vpXoylyLLeIkvkxbVJTVranBXk4&type=album","t":"https://sun9-50.userapi.com/impg/MnnLVtilzgPIjmOAq_9o-voJGa-GXK8k8KHgkg/IVAORoZmlNI.jpg?size=200x267&quality=96&sign=1dae5fcaccd6195a0626c13fda0fe748&c_uniq_tag=27mbFuS_-FIMh9MnghIzMOtAJZ0lMkTbcHeUfCc3PJE&type=album"},"z":"","q":0,"w":0,"o":144882309,"i":457257581,"d":456173244}],"m":[]},{"i":1604496,"f":144882309,"t":"Выдвигаюсь в сдэк","d":456170856,"a":[{"t":0,"s":{"m":"https://sun9-6.userapi.com/impg/dKRFOG5EUHMNwv-t6RhObypbGliNedIqTC3cUg/R-Pe2EKvWVQ.jpg?size=810x1080&quality=96&sign=defb8c5f7aafa037f5ae96ad0765c1eb&c_uniq_tag=sIxy0FVoNtRf6w2X1B3RWsEDG87TpwpbGdQYOx9RF1Q&type=album","s":"https://sun9-6.userapi.com/impg/dKRFOG5EUHMNwv-t6RhObypbGliNedIqTC3cUg/R-Pe2EKvWVQ.jpg?size=453x604&quality=96&sign=094244deb11d4f2b8cad7e8009605713&c_uniq_tag=lsN_2A2yjWXhEGDU5HVpYkts47yepB3Y0GJ_BqsJOyA&type=album","n":"https://sun9-6.userapi.com/impg/dKRFOG5EUHMNwv-t6RhObypbGliNedIqTC3cUg/R-Pe2EKvWVQ.jpg?size=56x75&quality=96&sign=5b31e8720507ba5edd53a8f0c8555316&c_uniq_tag=PFyBalMMx4Sa9PbMhJITr3eigOVhjWvZtAf20aOTRts&type=album","o":"https://sun9-6.userapi.com/impg/dKRFOG5EUHMNwv-t6RhObypbGliNedIqTC3cUg/R-Pe2EKvWVQ.jpg?size=510x680&quality=96&sign=687a663b2ebbe1815557c2cacf2d3e65&c_uniq_tag=OGoe7rm-J5X0lTkN9mJVszIIx-0yEE8sZ7DF8XK-Aw8&type=album","t":"https://sun9-6.userapi.com/impg/dKRFOG5EUHMNwv-t6RhObypbGliNedIqTC3cUg/R-Pe2EKvWVQ.jpg?size=200x267&quality=96&sign=ba47782f14498ad0560ef889509f4a58&c_uniq_tag=_s-9BhXh8nn-zK9uUUGn9lAkyrVU8DWE-A5OvK98vTE&type=album"},"z":"","q":0,"w":0,"o":144882309,"i":457257580,"d":456170853}],"m":[]},{"i":1604485,"f":15267753,"t":"Оке","d":456169893,"a":[],"m":[]},{"i":1604484,"f":144882309,"t":"Девушка моя ,с неё фотки скину","d":456169881,"a":[],"m":[]},{"i":1604482,"f":144882309,"t":"https://vk.com/kisa_radostnaya","d":456169868,"a":[],"m":[]},{"i":1604481,"f":144882309,"t":"Боюсь он сдохнет","d":456169866,"a":[],"m":[]},{"i":1604480,"f":144882309,"t":"У меня телефон 8%","d":456169862,"a":[],"m":[]},{"i":1604115,"f":144882309,"t":"Да , помню","d":456157157,"a":[],"m":[]},{"i":1604114,"f":15267753,"t":"фотки только сделай плз","d":456157149,"a":[],"m":[]},{"i":1604113,"f":144882309,"t":"Хорошо","d":456157130,"a":[],"m":[]},{"i":1604112,"f":15267753,"t":"Накладная успешно создана с номером: 1189580530","d":456157100,"a":[],"m":[]},{"i":1604107,"f":144882309,"t":"Красиво","d":456156865,"a":[],"m":[]},{"i":1604106,"f":15267753,"t":"Просто в сдек приходишь, говоришь отправить по договору, номер называешь тебе дают две бумажки одну себе забираешь, вторую на посылку\n \nПлатить там ниче не нада, я заплатил уже","d":456156853,"a":[],"m":[]},{"i":1604105,"f":144882309,"t":"Окей","d":456156848,"a":[],"m":[]},{"i":1604104,"f":15267753,"t":"не ниче не надо","d":456156841,"a":[],"m":[]},{"i":1604103,"f":144882309,"t":"В Москве нету возможности","d":456156831,"a":[],"m":[]},{"i":1604102,"f":144882309,"t":"Пока я дома я могу напечатать","d":456156826,"a":[],"m":[]},{"i":1604101,"f":144882309,"t":"Печатать надо что-то?","d":456156822,"a":[],"m":[{"f":15267753,"t":"ща сделаю скинк","d":456156810,"a":[]}]},{"i":1604100,"f":15267753,"t":"ща сделаю скинк","d":456156810,"a":[],"m":[]},{"i":1604099,"f":15267753,"t":"да","d":456156807,"a":[],"m":[]},{"i":1604098,"f":144882309,"t":"Или как","d":456156799,"a":[],"m":[]},{"i":1604097,"f":144882309,"t":"Номер накладной нужен будет","d":456156797,"a":[],"m":[]},{"i":1604096,"f":144882309,"t":"Что мне получается","d":456156792,"a":[],"m":[]},{"i":1604094,"f":144882309,"t":"И все сделаю","d":456156703,"a":[],"m":[]},{"i":1604093,"f":144882309,"t":"Я ближе к 5 поеду","d":456156700,"a":[],"m":[]},{"i":1604092,"f":144882309,"t":"Да","d":456156694,"a":[],"m":[]},{"i":1604091,"f":15267753,"t":"тэк, че, делаю накладную?","d":456156677,"a":[],"m":[]},{"i":1603113,"f":144882309,"t":"Не видел","d":456080263,"a":[],"m":[]},{"i":1603111,"f":144882309,"t":"","d":456080260,"a":[{"t":4}],"m":[]},{"i":1603107,"f":15267753,"t":"Они даж в диск заезжали вроде","d":456080237,"a":[],"m":[]},{"i":1603098,"f":144882309,"t":"Если бы их не закрыли , я бы поднял денег","d":456080201,"a":[],"m":[]},{"i":1603093,"f":144882309,"t":"На поп-апе найковском","d":456080184,"a":[],"m":[]},{"i":1603092,"f":144882309,"t":"Ну я из за 3к брал","d":456080174,"a":[],"m":[]},{"i":1603088,"f":15267753,"t":"У меня у друга он их мыл и коричневое все на ткань ушло","d":456080133,"a":[],"m":[{"f":144882309,"t":"","d":456080080,"a":[{"t":3,"o":144882309,"i":558139621,"n":"audio_msg.opus","e":"ogg","s":19583,"url":"https://vk.com/doc144882309_558139621?hash=xws28LbbDRd39hZU663gzWmq1KY79lkDPAzt88EzOF8&dl=w0hWWCKw7rKyxx2bnVgEXazwImCmT8ojH3RT9IVflP0&api=1&no_preview=1"}],"m":[{"f":15267753,"t":"О кари максы норм, ток линяют","d":456080003,"a":[]}]}]},{"i":1603087,"f":144882309,"t":"Кк","d":456080124,"a":[],"m":[]},{"i":1603086,"f":15267753,"t":"Короч чеки не кидай, забей ваще","d":456080116,"a":[],"m":[]},{"i":1603081,"f":144882309,"t":"","d":456080080,"a":[{"t":3,"o":144882309,"i":558139621,"n":"audio_msg.opus","e":"ogg","s":19583,"url":"https://vk.com/doc144882309_558139621?hash=xws28LbbDRd39hZU663gzWmq1KY79lkDPAzt88EzOF8&dl=w0hWWCKw7rKyxx2bnVgEXazwImCmT8ojH3RT9IVflP0&api=1&no_preview=1"}],"m":[]},{"i":1603080,"f":15267753,"t":"Кацтом же","d":456080061,"a":[],"m":[]},{"i":1603078,"f":15267753,"t":"Они под нож пойдут все равно","d":456080043,"a":[],"m":[]},{"i":1603077,"f":144882309,"t":"","d":456080042,"a":[{"t":3,"o":144882309,"i":558139536,"n":"audio_msg.opus","e":"ogg","s":31729,"url":"https://vk.com/doc144882309_558139536?hash=FMhRX1znJiUYerFhjb97sC8mLzDj1vLXXRRhiTcLjJP&dl=Wh4Gw8jVFzTrhSZnWIMFTDpUPhWP5YGzK3opOy35doz&api=1&no_preview=1"}],"m":[]},{"i":1603076,"f":15267753,"t":"Потому что мне точно нет","d":456080026,"a":[],"m":[]},{"i":1603075,"f":15267753,"t":"Тип мб тебе понадобятся","d":456080022,"a":[],"m":[]},{"i":1603074,"f":15267753,"t":"Да наверно оставь у себя лучше","d":456080016,"a":[],"m":[{"f":144882309,"t":"Все чеки закину в одну коробку из под обуви","d":456079998,"a":[]}]},{"i":1603073,"f":15267753,"t":"О кари максы норм, ток линяют","d":456080003,"a":[],"m":[]},{"i":1603070,"f":144882309,"t":"Все чеки закину в одну коробку из под обуви","d":456079998,"a":[],"m":[]},{"i":1603063,"f":144882309,"t":"Готово","d":456079964,"a":[],"m":[]},{"i":1603062,"f":144882309,"t":"","d":456079962,"a":[{"t":0,"s":{"m":"https://sun9-9.userapi.com/impg/G2Y3TRT-kRssBcmdYSTDxsYelYDpy56nqfzjAQ/jj2VpykruhM.jpg?size=810x1080&quality=96&sign=d0969071fcbbd6c0a52568e656ec2a31&c_uniq_tag=mg9gEoDIpmKCtnfNEQZoZfS-rhwLpdc2qztctANFhkY&type=album","s":"https://sun9-9.userapi.com/impg/G2Y3TRT-kRssBcmdYSTDxsYelYDpy56nqfzjAQ/jj2VpykruhM.jpg?size=453x604&quality=96&sign=c45843b051571a2379334001c5e5e00a&c_uniq_tag=k4XN7vsD9qndZviRr26TOK-BnRlxOIwKzLVhWBsDw38&type=album","n":"https://sun9-9.userapi.com/impg/G2Y3TRT-kRssBcmdYSTDxsYelYDpy56nqfzjAQ/jj2VpykruhM.jpg?size=56x75&quality=96&sign=615d28303b63286779d131fa5d9674d7&c_uniq_tag=adrksiI0TZh0f2Yzts2LGL22Kkd26T3O6WFhGmce1D8&type=album","o":"https://sun9-9.userapi.com/impg/G2Y3TRT-kRssBcmdYSTDxsYelYDpy56nqfzjAQ/jj2VpykruhM.jpg?size=510x680&quality=96&sign=ec2dce671db0041639425c9223162416&c_uniq_tag=ILrIBpC8Or-b87PCKFmjZpwcXsik9oGGQA6gLzi_Myo&type=album","t":"https://sun9-9.userapi.com/impg/G2Y3TRT-kRssBcmdYSTDxsYelYDpy56nqfzjAQ/jj2VpykruhM.jpg?size=200x267&quality=96&sign=cfcf2acbdf91588288a67f13ca3da26e&c_uniq_tag=RUcM31gymAfte_lX7RvPjp7KYi8xNyRLvcjQgEc6Pu8&type=album"},"z":"","q":0,"w":0,"o":144882309,"i":457257556,"d":456079962}],"m":[]},{"i":1602857,"f":144882309,"t":"Да , без проблем","d":456064473,"a":[],"m":[]},{"i":1602856,"f":15267753,"t":"Ток сделаешь плз фотки еще как в коробке все форсы и в сдеке самом бокс, что бы получатель знал, как он выглядит, я ему перекину","d":456064455,"a":[],"m":[]},{"i":1602855,"f":144882309,"t":"Окей","d":456064420,"a":[],"m":[]},{"i":1602854,"f":15267753,"t":"Напишешь, как пойдешь, я сделаю","d":456064414,"a":[],"m":[]},{"i":1602853,"f":15267753,"t":"Оке","d":456064396,"a":[],"m":[]},{"i":1602852,"f":144882309,"t":"И завтра отправлю","d":456064383,"a":[],"m":[]},{"i":1602851,"f":144882309,"t":"Тогда","d":456064380,"a":[],"m":[]},{"i":1602850,"f":144882309,"t":"Завтра сделаем накладную","d":456064378,"a":[],"m":[{"f":15267753,"t":"Если завтра то завтра сделаю","d":456061282,"a":[]}]},{"i":1602774,"f":15267753,"t":"Если завтра то завтра сделаю","d":456061282,"a":[],"m":[]},{"i":1602773,"f":15267753,"t":"Если седня поцдешь","d":456061274,"a":[],"m":[]},{"i":1602772,"f":15267753,"t":"Ну я могу щас сделать ее чуть попозж","d":456061268,"a":[],"m":[]},{"i":1602771,"f":144882309,"t":"Мне очень далеко пиздошить","d":456061267,"a":[],"m":[]},{"i":1602770,"f":15267753,"t":"))","d":456061260,"a":[],"m":[]},{"i":1602769,"f":144882309,"t":"Я поздно доберусь","d":456061256,"a":[],"m":[]},{"i":1602768,"f":144882309,"t":"Я сегодня Даша путешественница","d":456061253,"a":[],"m":[]},{"i":1602767,"f":144882309,"t":"Ох бля","d":456061247,"a":[],"m":[]},{"i":1602766,"f":15267753,"t":"Скажешь как соберешься в сдек, я накладную сделаю","d":456061235,"a":[],"m":[]},{"i":1602761,"f":144882309,"t":"Он сказал да","d":456061107,"a":[],"m":[]},{"i":1602760,"f":15267753,"t":"Норм, небольшая. Туда влезут все?","d":456061097,"a":[],"m":[]},{"i":1602758,"f":144882309,"t":"Кладовщик сказал","d":456060974,"a":[],"m":[]},{"i":1602757,"f":144882309,"t":"Коробка размеры 60х40х40","d":456060967,"a":[],"m":[]},{"i":1602228,"f":144882309,"t":"Норм","d":456009488,"a":[],"m":[{"f":15267753,"t":"типа могу 5 написать","d":456007267,"a":[]}]},{"i":1602198,"f":15267753,"t":"типа могу 5 написать","d":456007267,"a":[],"m":[]},{"i":1602197,"f":15267753,"t":"там прям не точный","d":456007260,"a":[],"m":[]},{"i":1602196,"f":15267753,"t":"да там примерный","d":456007257,"a":[],"m":[]},{"i":1602195,"f":144882309,"t":"Там весы есть ?","d":456007226,"a":[],"m":[{"f":15267753,"t":"ну и вес примерный","d":456007090,"a":[]}]},{"i":1602193,"f":15267753,"t":"ну и вес примерный","d":456007090,"a":[],"m":[]},{"i":1602192,"f":15267753,"t":"тока размеры коробки","d":456007082,"a":[],"m":[]},{"i":1602191,"f":144882309,"t":"Для сдека","d":456006933,"a":[],"m":[]},{"i":1602190,"f":144882309,"t":"Что от меня потребуется","d":456006929,"a":[],"m":[]},{"i":1602189,"f":144882309,"t":"Окей","d":456006923,"a":[],"m":[]},{"i":1602188,"f":15267753,"t":"Да я думаю влезет и кще место останется)","d":456006886,"a":[],"m":[]},{"i":1602187,"f":144882309,"t":"","d":456006851,"a":[{"t":3,"o":144882309,"i":558032603,"n":"audio_msg.opus","e":"ogg","s":16007,"url":"https://vk.com/doc144882309_558032603?hash=LGKS9YNeryvNmQiuAlLJaHmFnBiibCGegWYMr9IXR1L&dl=06IKLIv5UVOU2rVVgEaquvpKiYXP3Tz031Zn269XjPw&api=1&no_preview=1"}],"m":[]},{"i":1602185,"f":144882309,"t":"Кк","d":456006647,"a":[],"m":[]},{"i":1602181,"f":15267753,"t":"ок, как найдешь размеры напишешь примерные, я накладную сделаю","d":456006555,"a":[],"m":[]},{"i":1602174,"f":144882309,"t":"Найду","d":456005823,"a":[],"m":[{"f":15267753,"t":"А бокс для шипа нашли?","d":456005341,"a":[]}]},{"i":1602167,"f":15267753,"t":"Мне бы размеры его, я накладную сделаю","d":456005349,"a":[],"m":[]},{"i":1602166,"f":15267753,"t":"А бокс для шипа нашли?","d":456005341,"a":[],"m":[]},{"i":1602165,"f":15267753,"t":"Отлично","d":456005334,"a":[],"m":[]},{"i":1602164,"f":144882309,"t":"Так что норм","d":456005329,"a":[],"m":[]},{"i":1602163,"f":144882309,"t":"Спаренные выходные","d":456005327,"a":[],"m":[]},{"i":1602162,"f":144882309,"t":"У меня ср чт","d":456005324,"a":[],"m":[]},{"i":1602161,"f":144882309,"t":"Конечно","d":456005312,"a":[],"m":[]},{"i":1602160,"f":144882309,"t":"Постараюсь","d":456005311,"a":[],"m":[]},{"i":1602159,"f":15267753,"t":"А отправить сможешь завтра?","d":456005304,"a":[],"m":[]},{"i":1602158,"f":15267753,"t":"Отлично","d":456005300,"a":[],"m":[]},{"i":1602157,"f":144882309,"t":"И завтра 9 докуплю","d":456005285,"a":[],"m":[]},{"i":1602156,"f":144882309,"t":"10.5","d":456005281,"a":[],"m":[]},{"i":1602155,"f":144882309,"t":"","d":456005261,"a":[{"t":0,"s":{"m":"https://sun9-74.userapi.com/impg/QOXUgOmCVnSROF5U7C_KDHyume_cKNYA_GhArg/Qith3JHN2bs.jpg?size=810x1080&quality=96&sign=50f00f658c77a5b793561248584836fe&c_uniq_tag=-BCqIKL8V8xBKjyJIhb__V-SpXnTVfHbM5gCCdudSRg&type=album","s":"https://sun9-74.userapi.com/impg/QOXUgOmCVnSROF5U7C_KDHyume_cKNYA_GhArg/Qith3JHN2bs.jpg?size=453x604&quality=96&sign=72b3dbb68e603b321c8798a3543612cd&c_uniq_tag=bfl3CItd0e_HPlvyFQj2VQvKx0W-UAqJQjoo10UU-7U&type=album","n":"https://sun9-74.userapi.com/impg/QOXUgOmCVnSROF5U7C_KDHyume_cKNYA_GhArg/Qith3JHN2bs.jpg?size=56x75&quality=96&sign=1d1f821903af0933318707b2589cd54c&c_uniq_tag=88LaZyO2mHfhr6I14bAA7bT6ZDfxD71ZTLTO5jB-lyc&type=album","o":"https://sun9-74.userapi.com/impg/QOXUgOmCVnSROF5U7C_KDHyume_cKNYA_GhArg/Qith3JHN2bs.jpg?size=510x680&quality=96&sign=28a7ffffeac6cd603b19b3af0d2b7d42&c_uniq_tag=LTzh3KAIz8H66u14v0C7M33baCDFeJPN4itVTiKsMUE&type=album","t":"https://sun9-74.userapi.com/impg/QOXUgOmCVnSROF5U7C_KDHyume_cKNYA_GhArg/Qith3JHN2bs.jpg?size=200x267&quality=96&sign=1700b07913cbcfc9093e366a768dc036&c_uniq_tag=Fbe_zUiVP246UTHPoMj4pJwzTwITK1-w9tzc8W0Cs04&type=album"},"z":"","q":0,"w":0,"o":144882309,"i":457257540,"d":456005258}],"m":[]},{"i":1601996,"f":144882309,"t":"Я уже искал","d":455989923,"a":[],"m":[]},{"i":1601995,"f":144882309,"t":"Нету таких по сети","d":455989921,"a":[],"m":[{"f":15267753,"t":"Таких тож?","d":455985597,"a":[]}]},{"i":1601856,"f":15267753,"t":"Таких тож?","d":455985597,"a":[],"m":[{"f":11432325,"t":"","d":455985246,"a":[{"t":0,"s":{"m":"https://sun9-33.userapi.com/impg/c857624/v857624846/224f0f/sy4T7bpzUQ0.jpg?size=901x1080&quality=96&sign=ab4ef8572f7e3b64310a56a698b504e2&c_uniq_tag=IXRy82xyaug_cjrWs8MaohW0RMdMpBNBwQgHUqUKF1M&type=album","s":"https://sun9-33.userapi.com/impg/c857624/v857624846/224f0f/sy4T7bpzUQ0.jpg?size=504x604&quality=96&sign=fd07e5aeb02fe58ed26b3c45fbef4a1c&c_uniq_tag=UC4-j7KrDPcYaRBFwHdIgkeLKNn66mCD30JkzcoF74Y&type=album","n":"https://sun9-33.userapi.com/impg/c857624/v857624846/224f0f/sy4T7bpzUQ0.jpg?size=63x75&quality=96&sign=e803b76b13faf9e03e9d4dba187f8703&c_uniq_tag=8kKuVLGVDwq9E8iMjEGrKTcjDO412oO3fSHb5PyyVB4&type=album","o":"https://sun9-33.userapi.com/impg/c857624/v857624846/224f0f/sy4T7bpzUQ0.jpg?size=510x611&quality=96&sign=a0764bb6f32ee13a9d05c2d0cef38b7f&c_uniq_tag=ikfKTxhdvml36TZW3ETa4LpSHhHNO1fHqZs5vJzdzsk&type=album","t":"https://sun9-33.userapi.com/impg/c857624/v857624846/224f0f/sy4T7bpzUQ0.jpg?size=200x240&quality=96&sign=24b09a2d0c372767ddcc648c0a2d9c6d&c_uniq_tag=QgVKJSHSjZKvYAdxHzKSgjHHdF7dFYp20efV16WLrbs&type=album"},"z":"","q":0,"w":0,"o":11432325,"i":457243849,"d":455890952}]}]},{"i":1601825,"f":144882309,"t":"Нету таких","d":455985119,"a":[],"m":[]},{"i":1601813,"f":15267753,"t":"мою пару с его катнуть","d":455984993,"a":[],"m":[]},{"i":1601812,"f":15267753,"t":"вот ему нужна такая пара, но наверно с форсами не оч будет?","d":455984986,"a":[],"m":[{"f":11432325,"t":"","d":455984932,"a":[{"t":0,"s":{"m":"https://sun9-20.userapi.com/impg/c854324/v854324409/24672c/O3xKT2w1BCQ.jpg?size=1080x960&quality=96&sign=dddb5adfb7354e63370de0dd258ba651&c_uniq_tag=D_iAL8ZukNumBNQd7gVUHO_VybuZk8rlaAkeyKpI4ms&type=album","s":"https://sun9-20.userapi.com/impg/c854324/v854324409/24672c/O3xKT2w1BCQ.jpg?size=604x537&quality=96&sign=0bfbf28e953336d502b5552739c66f4b&c_uniq_tag=VWPvXwa1aXSZ90utzi9aasV_CI6TLWhyegfEzpdL3cQ&type=album","n":"https://sun9-20.userapi.com/impg/c854324/v854324409/24672c/O3xKT2w1BCQ.jpg?size=510x453&quality=96&sign=d8434e98d43de5ab33460260164daa9d&c_uniq_tag=R7FkFGk4n_JzLNu2h2f-L2OIb5AEkA74XOpzr_S1W6w&type=album","o":"https://sun9-20.userapi.com/impg/c854324/v854324409/24672c/O3xKT2w1BCQ.jpg?size=320x284&quality=96&sign=079e4e2910ddfdf34d7ec1359662fc77&c_uniq_tag=nMjbdLKVRPHgU_GHggmTS-5LcZ4STjyJqgYNcU4SUW8&type=album","t":"https://sun9-20.userapi.com/impg/c854324/v854324409/24672c/O3xKT2w1BCQ.jpg?size=130x116&quality=96&sign=cf9d4d4d0acec81f33699374ff1d0335&c_uniq_tag=5f3frcPemFoM1jGXbv-kXu00IrdL2kazo-KLbXblFJs&type=album"},"z":"","q":0,"w":0,"o":11432325,"i":457243872,"d":455983100}]},{"f":11432325,"t":"37 размер","d":455984950,"a":[]}]},{"i":1601739,"f":15267753,"t":"Да без проблем","d":455983554,"a":[],"m":[]},{"i":1601738,"f":144882309,"t":"Я просто на работе","d":455983544,"a":[],"m":[]},{"i":1601737,"f":144882309,"t":"Пришли","d":455983538,"a":[],"m":[]},{"i":1601529,"f":15267753,"t":"Закинул","d":455973070,"a":[],"m":[]},{"i":1601518,"f":144882309,"t":"Кк","d":455971799,"a":[],"m":[]},{"i":1601517,"f":15267753,"t":"Чуть позже закину тебе 5800*2","d":455971796,"a":[],"m":[]},{"i":1601516,"f":144882309,"t":"Да , окей","d":455971784,"a":[],"m":[]},{"i":1601515,"f":15267753,"t":"Ну подумаем если что","d":455971777,"a":[],"m":[]},{"i":1601514,"f":144882309,"t":"Рюкзак за 6к выходит где-то за 15000","d":455971773,"a":[],"m":[]},{"i":1601512,"f":15267753,"t":"Да особо нет)","d":455971769,"a":[],"m":[]},{"i":1601511,"f":144882309,"t":"?","d":455971763,"a":[],"m":[]},{"i":1601510,"f":144882309,"t":"Или может тебе надо сумку рюкзак джордан","d":455971763,"a":[],"m":[]},{"i":1601509,"f":144882309,"t":"То придётся щетки брать","d":455971756,"a":[],"m":[]},{"i":1601508,"f":144882309,"t":"Но если не найду","d":455971748,"a":[],"m":[]},{"i":1601507,"f":144882309,"t":"Я ещё ищу кому что нужно","d":455971737,"a":[],"m":[]},{"i":1601506,"f":15267753,"t":"Отлично","d":455971736,"a":[],"m":[]},{"i":1601505,"f":144882309,"t":"На счёт второй позиции","d":455971733,"a":[],"m":[]},{"i":1601504,"f":144882309,"t":"Кидай кеш","d":455971726,"a":[],"m":[]},{"i":1601503,"f":144882309,"t":"Скорее всего 2 сегодня купим","d":455971722,"a":[],"m":[]},{"i":1600493,"f":15267753,"t":"Оке, спасибо!","d":455882104,"a":[],"m":[]},{"i":1600491,"f":144882309,"t":"Чтобы ты не вкидывал","d":455882057,"a":[],"m":[]},{"i":1600490,"f":144882309,"t":"Постараюсь найти , может кому-то нужна щётки или носки","d":455882050,"a":[],"m":[]},{"i":1600485,"f":144882309,"t":"Я и типу со стрита написал","d":455881950,"a":[],"m":[]},{"i":1600484,"f":144882309,"t":"Они максимально в жопе","d":455881937,"a":[],"m":[]},{"i":1600483,"f":15267753,"t":"Привет, вместе не вышло все таки найти их?","d":455881907,"a":[],"m":[]},{"i":1600481,"f":144882309,"t":"Надо будет","d":455880080,"a":[],"m":[]},{"i":1600480,"f":144882309,"t":"Также к с щеткой","d":455880079,"a":[],"m":[]},{"i":1600479,"f":144882309,"t":"9 наверное сегодня или завтра возьмём","d":455880075,"a":[],"m":[]},{"i":1600478,"f":144882309,"t":"Выходит","d":455880050,"a":[],"m":[]},{"i":1600477,"f":144882309,"t":"Рублей 250-300","d":455880049,"a":[],"m":[]},{"i":1600476,"f":144882309,"t":"Самый дешёвый вариант щётка","d":455880038,"a":[],"m":[]},{"i":1600475,"f":144882309,"t":"Но надо решить что какую вторую позицию берём","d":455880032,"a":[],"m":[]},{"i":1600474,"f":144882309,"t":"Привет , в среду поеду за 10.5","d":455880023,"a":[],"m":[]},{"i":1599834,"f":15267753,"t":"Угу","d":455816577,"a":[],"m":[]},{"i":1599833,"f":144882309,"t":"Upt","d":455816566,"a":[],"m":[]},{"i":1599832,"f":15267753,"t":"Не помню как называется это)","d":455816559,"a":[],"m":[]},{"i":1599831,"f":144882309,"t":"Условия те же остаются","d":455816558,"a":[],"m":[]},{"i":1599830,"f":144882309,"t":"Можем закинуть","d":455816552,"a":[],"m":[]},{"i":1599829,"f":144882309,"t":"Если что-то надо","d":455816549,"a":[],"m":[]},{"i":1599828,"f":15267753,"t":"Да я помню","d":455816547,"a":[],"m":[]},{"i":1599827,"f":144882309,"t":"Любую","d":455816544,"a":[],"m":[]},{"i":1599826,"f":144882309,"t":"Нужно вторую позицию","d":455816536,"a":[],"m":[]},{"i":1599824,"f":144882309,"t":"Просто если отдельно пару брать","d":455816532,"a":[],"m":[]},{"i":1599823,"f":144882309,"t":"10.5 ищем","d":455816505,"a":[],"m":[]},{"i":1599822,"f":144882309,"t":"9 у нас в магазине","d":455816503,"a":[],"m":[]},{"i":1599458,"f":15267753,"t":"привет, што то стали известно по оставшимся парам?","d":455810614,"a":[],"m":[]},{"i":1597939,"f":144882309,"t":"Где 10,5 будет","d":455668890,"a":[],"m":[]},{"i":1597938,"f":144882309,"t":"Завтра чекать буду","d":455668884,"a":[],"m":[]},{"i":1597936,"f":15267753,"t":"Насчет остальных что то будет известно?","d":455668815,"a":[],"m":[]},{"i":1597935,"f":15267753,"t":"Отлично","d":455668798,"a":[],"m":[]},{"i":1597908,"f":144882309,"t":"","d":455666747,"a":[{"t":0,"s":{"m":"https://sun9-15.userapi.com/impg/PCxY8A9skfW0c-DMQyplj6ULPXmp25DtIGHTZQ/yUiQn3RtRXg.jpg?size=810x1080&quality=96&sign=e5b7a67473e751b11a5e8829d3bffab2&c_uniq_tag=hGAxOhSS19KpW6P-vq5RjmmZWkU61dsZTGzUhVf6QLg&type=album","s":"https://sun9-15.userapi.com/impg/PCxY8A9skfW0c-DMQyplj6ULPXmp25DtIGHTZQ/yUiQn3RtRXg.jpg?size=453x604&quality=96&sign=4f6b01967bf8ed5e78df36d9e9efcefa&c_uniq_tag=UoQhGF4YtKKSLFA5JzbFDZxxhXfI_BBgNabc92yya6Y&type=album","n":"https://sun9-15.userapi.com/impg/PCxY8A9skfW0c-DMQyplj6ULPXmp25DtIGHTZQ/yUiQn3RtRXg.jpg?size=56x75&quality=96&sign=cf7edd50e6a848c5caf8b516200b0dad&c_uniq_tag=XwWKFoIXi5wyE4S2wRBUMeDLm6d5ZZvJN5gy4fH38Vk&type=album","o":"https://sun9-15.userapi.com/impg/PCxY8A9skfW0c-DMQyplj6ULPXmp25DtIGHTZQ/yUiQn3RtRXg.jpg?size=510x680&quality=96&sign=f56189ffbb8b1626579f030f76caec83&c_uniq_tag=U1n2l0XT1XIRkh6XO3aubpa4GRwEoxWpgWcU-Ae60VI&type=album","t":"https://sun9-15.userapi.com/impg/PCxY8A9skfW0c-DMQyplj6ULPXmp25DtIGHTZQ/yUiQn3RtRXg.jpg?size=200x267&quality=96&sign=205d849f21ffbf1f2b6fe3f7d973d0a4&c_uniq_tag=fl6BoYIttEvOYkQAdohj9b3pUQoBJa-6MBKQFntQozs&type=album"},"z":"","q":0,"w":0,"o":144882309,"i":457257527,"d":455666747}],"m":[]},{"i":1597209,"f":15267753,"t":"Ок","d":455632772,"a":[],"m":[]},{"i":1597203,"f":144882309,"t":"Ну если что приготовь на Сбер деньги","d":455632741,"a":[],"m":[]},{"i":1597201,"f":144882309,"t":"Просто 10.5 не везде лежит","d":455632732,"a":[],"m":[]},{"i":1597199,"f":15267753,"t":"Ок, как узнаешь говори","d":455632730,"a":[],"m":[]},{"i":1597196,"f":144882309,"t":"Надо глянуть где они лежат","d":455632717,"a":[],"m":[]},{"i":1597195,"f":144882309,"t":"Сложно сказать","d":455632714,"a":[],"m":[]},{"i":1597193,"f":15267753,"t":"Привет, седня заберем оставшиеся пары?","d":455632601,"a":[],"m":[]},{"i":1596439,"f":144882309,"t":"Онли Сбер","d":455571164,"a":[],"m":[]},{"i":1596438,"f":15267753,"t":"Сьер пустой просто","d":455571150,"a":[],"m":[]},{"i":1596437,"f":144882309,"t":"Нету","d":455571148,"a":[],"m":[{"f":15267753,"t":"Если альфа есть могу закинуть","d":455571143,"a":[]}]},{"i":1596436,"f":15267753,"t":"Если альфа есть могу закинуть","d":455571143,"a":[],"m":[]},{"i":1596435,"f":15267753,"t":"А альфы нет у тебя?","d":455571138,"a":[],"m":[]},{"i":1596434,"f":144882309,"t":"Да","d":455571134,"a":[],"m":[{"f":15267753,"t":"5800*2 я должен тебе","d":455571120,"a":[]}]},{"i":1596432,"f":15267753,"t":"5800*2 я должен тебе","d":455571120,"a":[],"m":[]},{"i":1596430,"f":15267753,"t":"Да мне самому ток завтра они закинут","d":455571106,"a":[],"m":[]},{"i":1596427,"f":144882309,"t":"А то я уже начал путаться в деньгах","d":455571047,"a":[],"m":[]},{"i":1596426,"f":144882309,"t":"Чтобы проще было","d":455571032,"a":[],"m":[]},{"i":1596425,"f":144882309,"t":"Можешь сразу скинуть","d":455571029,"a":[],"m":[]},{"i":1596410,"f":144882309,"t":"Да","d":455569450,"a":[],"m":[]},{"i":1596407,"f":15267753,"t":"Осталось за 2 пары","d":455569322,"a":[],"m":[]},{"i":1596406,"f":144882309,"t":"+","d":455569310,"a":[],"m":[]},{"i":1596405,"f":15267753,"t":"1700 докинул","d":455569260,"a":[],"m":[]},{"i":1596329,"f":144882309,"t":"Четко","d":455561801,"a":[],"m":[]},{"i":1596326,"f":15267753,"t":"Да, норм конечно)","d":455561729,"a":[],"m":[]},{"i":1596325,"f":144882309,"t":"9.5 \n7.5","d":455561717,"a":[],"m":[]},{"i":1596324,"f":144882309,"t":"Норм ?","d":455561708,"a":[],"m":[]},{"i":1596323,"f":144882309,"t":"","d":455561706,"a":[{"t":0,"s":{"m":"https://sun9-1.userapi.com/impg/gYQyZcr2J0IjK4HtbfbcxsErDn3LJBCUJrkpsg/kWNY9lKP0CM.jpg?size=607x1080&quality=96&sign=2ff4e10d2c88e42a1564afbf9a903469&c_uniq_tag=Zw7nWR-fdFn299XKlq4UGIs_zW2OJIGrIzvsSTcXeFs&type=album","s":"https://sun9-1.userapi.com/impg/gYQyZcr2J0IjK4HtbfbcxsErDn3LJBCUJrkpsg/kWNY9lKP0CM.jpg?size=340x604&quality=96&sign=1121b3f99dbd92673dc178841b5c3623&c_uniq_tag=sq35KVje0NkS7rCb1YzVJx5pcfzG6PdkXzU3Q1B2LGI&type=album","n":"https://sun9-1.userapi.com/impg/gYQyZcr2J0IjK4HtbfbcxsErDn3LJBCUJrkpsg/kWNY9lKP0CM.jpg?size=42x75&quality=96&sign=46ea037e84a3e04302a63c44cb9f359c&c_uniq_tag=3iNJQmmppL2_P6xj0srXkDsIkeeaNcOIonmKGK0AJuM&type=album","o":"https://sun9-1.userapi.com/impg/gYQyZcr2J0IjK4HtbfbcxsErDn3LJBCUJrkpsg/kWNY9lKP0CM.jpg?size=510x900&quality=96&crop=0,0,720,1271&sign=1acf46c031fc6ed1dcd24c6694fbaf70&c_uniq_tag=0BhI65Vf-h1qWk_Zbtj_djW9AtukWdu7kTbeoD6coyU&type=album","t":"https://sun9-1.userapi.com/impg/gYQyZcr2J0IjK4HtbfbcxsErDn3LJBCUJrkpsg/kWNY9lKP0CM.jpg?size=200x356&quality=96&sign=054211dbd883c7ea31bfd9af2ad81622&c_uniq_tag=shnwSxHwKNOzGrYA0xPyNY6bGeE9YPWw5N08tFTmPEU&type=album"},"z":"","q":0,"w":0,"o":144882309,"i":457257515,"d":455561705},{"t":0,"s":{"m":"https://sun9-61.userapi.com/impg/Txz5Uflv8Cd3-KZ6JtcX454r_zMa8mlNiV3ovg/BTjk1jrvl84.jpg?size=607x1080&quality=96&sign=685a81540a26eb5acc755fa6c7c0ed8c&c_uniq_tag=GNZNXXMSAT97oHEIYaHgk3D73Ii7T9p-iWGjbwvynoA&type=album","s":"https://sun9-61.userapi.com/impg/Txz5Uflv8Cd3-KZ6JtcX454r_zMa8mlNiV3ovg/BTjk1jrvl84.jpg?size=340x604&quality=96&sign=eb6245399e156b2f2307d2da55bede98&c_uniq_tag=_5Ertd4AzFx_qB-IV1UVFAenr43yGq7g9Y81xl8x6u8&type=album","n":"https://sun9-61.userapi.com/impg/Txz5Uflv8Cd3-KZ6JtcX454r_zMa8mlNiV3ovg/BTjk1jrvl84.jpg?size=42x75&quality=96&sign=634f32648ee18e9191ba572793149902&c_uniq_tag=7trLGs3AnOr2943AywXEXtKaVCX5TXv9CQoTeYGS9LM&type=album","o":"https://sun9-61.userapi.com/impg/Txz5Uflv8Cd3-KZ6JtcX454r_zMa8mlNiV3ovg/BTjk1jrvl84.jpg?size=510x900&quality=96&crop=0,0,720,1271&sign=c893823b3b8d808317a1261220ba45cd&c_uniq_tag=B0YD0IpPVfqDtHrFM8oXRJut5tYLASeNsYGNHJf3vk8&type=album","t":"https://sun9-61.userapi.com/impg/Txz5Uflv8Cd3-KZ6JtcX454r_zMa8mlNiV3ovg/BTjk1jrvl84.jpg?size=200x356&quality=96&sign=728659b38820f5ff30a6b68c30a13473&c_uniq_tag=YPMP3I5JP77U1nDYU_Q7Umv_tmosrm-pbm8NwflMR5o&type=album"},"z":"","q":0,"w":0,"o":144882309,"i":457257516,"d":455561705}],"m":[]},{"i":1596308,"f":144882309,"t":"Остаются 10.5 и 9","d":455561205,"a":[],"m":[]},{"i":1596307,"f":144882309,"t":"7.5 и 9.5","d":455561146,"a":[],"m":[]},{"i":1596305,"f":144882309,"t":"Скоро ещё 2 возьмём","d":455561140,"a":[],"m":[]},{"i":1596303,"f":144882309,"t":"Окей","d":455561136,"a":[],"m":[]},{"i":1596300,"f":15267753,"t":"Ща до банкомата дойду уже","d":455561128,"a":[],"m":[]},{"i":1596295,"f":144882309,"t":"10.5 и 7.5","d":455561090,"a":[],"m":[]},{"i":1596294,"f":144882309,"t":"Первые готовы","d":455561087,"a":[],"m":[]},{"i":1596293,"f":144882309,"t":"","d":455561085,"a":[{"t":0,"s":{"m":"https://sun9-75.userapi.com/impg/_2O1ezxKyAmlMhrNTPjvkxBy_h5-tHHqmFKkXg/oF-2SkCKicU.jpg?size=607x1080&quality=96&sign=3fa5107d487e0d390406581f0e73164e&c_uniq_tag=z0UyN-gtua-YNQ19eEHBM44L8sejvjUwY4IZqNn-QSQ&type=album","s":"https://sun9-75.userapi.com/impg/_2O1ezxKyAmlMhrNTPjvkxBy_h5-tHHqmFKkXg/oF-2SkCKicU.jpg?size=340x604&quality=96&sign=133cd189b44a5269827b070b9a340e44&c_uniq_tag=7_K0kNscjgWqBAKFtM7l2YUjhU0I5O52lEnYNAfpVM4&type=album","n":"https://sun9-75.userapi.com/impg/_2O1ezxKyAmlMhrNTPjvkxBy_h5-tHHqmFKkXg/oF-2SkCKicU.jpg?size=42x75&quality=96&sign=09f2c0486c4a4aff0c75be9dc9207f09&c_uniq_tag=Z6lcwGshje0hBCqLX3CG442DikJ3GRE0kP8dQiW9n38&type=album","o":"https://sun9-75.userapi.com/impg/_2O1ezxKyAmlMhrNTPjvkxBy_h5-tHHqmFKkXg/oF-2SkCKicU.jpg?size=510x900&quality=96&crop=0,0,720,1271&sign=44bbc7282d88930cdd310b1145e67e69&c_uniq_tag=L6qSZ31IuN--9eLgUb6uX520nq0yA9rHmGnftKnC-Vw&type=album","t":"https://sun9-75.userapi.com/impg/_2O1ezxKyAmlMhrNTPjvkxBy_h5-tHHqmFKkXg/oF-2SkCKicU.jpg?size=200x356&quality=96&sign=df64d8e9850d333592bf33099e755e8b&c_uniq_tag=Do6IcBXUa3NpA_ajdyAiYN4mghZU9MXYeFk2EGphVCM&type=album"},"z":"","q":0,"w":0,"o":144882309,"i":457257514,"d":455561085}],"m":[]},{"i":1596228,"f":15267753,"t":"Оки","d":455560559,"a":[],"m":[]},{"i":1596226,"f":144882309,"t":"7.5 и 10.5","d":455560493,"a":[{"t":0,"s":{"m":"https://sun9-69.userapi.com/impg/xicSbtalEH5L5D3DilgN9OiL1JW2o49MNMwLkw/SqTpIJyUVBA.jpg?size=607x1080&quality=96&sign=d21e880b8485e3327842bf5e045a7e1f&c_uniq_tag=z6wGJWZVEI8ThvY6WP9gmIqYZmOQTv4Pxu5xFuxwmQQ&type=album","s":"https://sun9-69.userapi.com/impg/xicSbtalEH5L5D3DilgN9OiL1JW2o49MNMwLkw/SqTpIJyUVBA.jpg?size=340x604&quality=96&sign=28396451ca3efc877e5252fe560ab0db&c_uniq_tag=RTDNOfjvOe87-1VafLCGGKwGojow1ZqFPDlMsf6IclI&type=album","n":"https://sun9-69.userapi.com/impg/xicSbtalEH5L5D3DilgN9OiL1JW2o49MNMwLkw/SqTpIJyUVBA.jpg?size=42x75&quality=96&sign=b5cb7118840a2f31596e3ae4f5b99e9d&c_uniq_tag=N8iXDeWCeEaoNk2FwVNiBVy_-KHwt0qU24KqLBb9w5w&type=album","o":"https://sun9-69.userapi.com/impg/xicSbtalEH5L5D3DilgN9OiL1JW2o49MNMwLkw/SqTpIJyUVBA.jpg?size=510x900&quality=96&crop=0,0,828,1461&sign=44cf95e9f82c9f670446128b14c44807&c_uniq_tag=KXIlpKwGw-q34-dWn5P7ek-5b-Q5Hv6Rfsef7WibIz8&type=album","t":"https://sun9-69.userapi.com/impg/xicSbtalEH5L5D3DilgN9OiL1JW2o49MNMwLkw/SqTpIJyUVBA.jpg?size=200x356&quality=96&sign=bb3533fdb8353c9a4a10e4fae1d04abf&c_uniq_tag=3zuqAlNCDRwRO8kLYpO9m-ZvsyBTeTWTalEIxvICchk&type=album"},"z":"","q":0,"w":0,"o":144882309,"i":457257513,"d":455560490},{"t":0,"s":{"m":"https://sun9-51.userapi.com/impg/ZG4aaBqcJemMxSRwPfSWFHgVGWkXxg_7IYb0Ww/t8oW8TnFawk.jpg?size=607x1080&quality=96&sign=57bba5e8402a85a3a7933a1b18361792&c_uniq_tag=26CXXNz-tNV_EUJy0OBzdr32N40hsJU_wLTewfq7D88&type=album","s":"https://sun9-51.userapi.com/impg/ZG4aaBqcJemMxSRwPfSWFHgVGWkXxg_7IYb0Ww/t8oW8TnFawk.jpg?size=340x604&quality=96&sign=0c41887b9c657c20cc59524563e76129&c_uniq_tag=X4cbkVNKLBnwcafZ023t_ii8lhFkn67coO3WGXFSLOo&type=album","n":"https://sun9-51.userapi.com/impg/ZG4aaBqcJemMxSRwPfSWFHgVGWkXxg_7IYb0Ww/t8oW8TnFawk.jpg?size=42x75&quality=96&sign=8279f7b1aca53c6010f56c9def25faec&c_uniq_tag=4XcsGTvFUo6RYXc9wzDsjqA9bAaUiPD61hUs293C3iU&type=album","o":"https://sun9-51.userapi.com/impg/ZG4aaBqcJemMxSRwPfSWFHgVGWkXxg_7IYb0Ww/t8oW8TnFawk.jpg?size=510x900&quality=96&crop=0,0,828,1461&sign=4c8abceada9a1fcc4d9b968d0817175a&c_uniq_tag=o7Wj7QyHGuooYr6EIFbjP2aiM5DeZzdqyB8XxbLYGE0&type=album","t":"https://sun9-51.userapi.com/impg/ZG4aaBqcJemMxSRwPfSWFHgVGWkXxg_7IYb0Ww/t8oW8TnFawk.jpg?size=200x356&quality=96&sign=141677e73fe196f9ff89b28015b6f30e&c_uniq_tag=jjyx0PcDeCwSvs50gIPyVy_So48lEbUpKTm8Po-EDM4&type=album"},"z":"","q":0,"w":0,"o":144882309,"i":457257512,"d":455560490}],"m":[]},{"i":1596143,"f":144882309,"t":"Окей","d":455556499,"a":[],"m":[]},{"i":1596141,"f":15267753,"t":"через пару часов докину","d":455556391,"a":[],"m":[{"f":144882309,"t":"Главное вечером закинь их","d":455556303,"a":[]}]},{"i":1596140,"f":144882309,"t":"Пришли","d":455556379,"a":[],"m":[]},{"i":1596139,"f":15267753,"t":"7 скинул","d":455556358,"a":[],"m":[]},{"i":1596138,"f":144882309,"t":"Главное вечером закинь их","d":455556303,"a":[],"m":[]},{"i":1596136,"f":144882309,"t":"1700","d":455556295,"a":[],"m":[]},{"i":1596135,"f":144882309,"t":"Я свои тогда закину","d":455556288,"a":[],"m":[]},{"i":1596134,"f":144882309,"t":"Давай","d":455556282,"a":[],"m":[{"f":15267753,"t":"Все щас 7 скину тебе","d":455556248,"a":[]}]},{"i":1596132,"f":15267753,"t":".","d":455556253,"a":[],"m":[{"f":144882309,"t":"89774446978","d":455541323,"a":[]}]},{"i":1596131,"f":15267753,"t":"Все щас 7 скину тебе","d":455556248,"a":[],"m":[]},{"i":1596130,"f":15267753,"t":"Ну ок, просто хелп попозж вечерком","d":455556231,"a":[],"m":[]},{"i":1596128,"f":144882309,"t":"Как раз 2 пары","d":455556212,"a":[],"m":[]},{"i":1596127,"f":144882309,"t":"Этого хватит","d":455556209,"a":[],"m":[{"f":15267753,"t":"2900+5800 еще получается","d":455555715,"a":[]}]},{"i":1596126,"f":144882309,"t":"Чуть позже во сколько","d":455556187,"a":[],"m":[]},{"i":1596125,"f":15267753,"t":"Пока нет","d":455556177,"a":[],"m":[]},{"i":1596123,"f":144882309,"t":"","d":455556162,"a":[{"t":0,"s":{"m":"https://sun9-54.userapi.com/impg/ssPgyPcdDM74GOTqg-m8A-9JJOtTpLPBXXqAhQ/2_TCFpO9nDM.jpg?size=607x1080&quality=96&sign=8d24b31f4c08b8ff4ceb9b7788508db5&c_uniq_tag=7sLDnNc3-tmm7dpWyLU7w2Lm1_-b_Aso7RWTbImE6kg&type=album","s":"https://sun9-54.userapi.com/impg/ssPgyPcdDM74GOTqg-m8A-9JJOtTpLPBXXqAhQ/2_TCFpO9nDM.jpg?size=340x604&quality=96&sign=8cbde725405bfe7ffaf26a9290d92392&c_uniq_tag=GXVXw2rH2NPUxicjIlggMp941qpxlkWJuhxOKmLMOgI&type=album","n":"https://sun9-54.userapi.com/impg/ssPgyPcdDM74GOTqg-m8A-9JJOtTpLPBXXqAhQ/2_TCFpO9nDM.jpg?size=42x75&quality=96&sign=4c8c81b447699bdffda3a98981df40b0&c_uniq_tag=t0UFQba9TkW76FL1nNVHLF1lPZ4ZNxk1m9NIwamNjAI&type=album","o":"https://sun9-54.userapi.com/impg/ssPgyPcdDM74GOTqg-m8A-9JJOtTpLPBXXqAhQ/2_TCFpO9nDM.jpg?size=510x900&quality=96&crop=0,0,828,1461&sign=f98acb0f8326058cfe131dc9f5fa55e4&c_uniq_tag=37jsUYrzkD8cru0DWyA7P2_fhEm28EXOWqcwSIVeNs4&type=album","t":"https://sun9-54.userapi.com/impg/ssPgyPcdDM74GOTqg-m8A-9JJOtTpLPBXXqAhQ/2_TCFpO9nDM.jpg?size=200x356&quality=96&sign=1f556d85e1cde5cdbe4a65e31fd3d64b&c_uniq_tag=qhHYzO1DMppU-rg2f8qNvZO6IJgiiW4qkk2S2ZzwiP4&type=album"},"z":"","q":0,"w":0,"o":144882309,"i":457257511,"d":455556153}],"m":[]},{"i":1596122,"f":144882309,"t":"Ты скинул что-то?","d":455556158,"a":[],"m":[]},{"i":1596120,"f":15267753,"t":"Блин, на сбере опять не хватит. 7 кину чуть позже 1700 еще?","d":455556077,"a":[],"m":[]},{"i":1596107,"f":15267753,"t":"Ща 5 мин","d":455555732,"a":[],"m":[]},{"i":1596104,"f":144882309,"t":"Верно","d":455555723,"a":[],"m":[]},{"i":1596103,"f":144882309,"t":"Да","d":455555721,"a":[],"m":[]},{"i":1596102,"f":15267753,"t":"2900+5800 еще получается","d":455555715,"a":[],"m":[]},{"i":1596100,"f":15267753,"t":"Окей","d":455555697,"a":[],"m":[]},{"i":1596098,"f":144882309,"t":"","d":455555659,"a":[{"t":3,"o":144882309,"i":557324032,"n":"audio_msg.opus","e":"ogg","s":53940,"url":"https://vk.com/doc144882309_557324032?hash=eGnSc6EfsrbNWHyDrD2kh3Xr3dYBercZu4fPIOAywH8&dl=x5CxB8ztLdJrhxJDFxt8pTLVHFLcBAfmhoPxZx2Nrc0&api=1&no_preview=1"}],"m":[]},{"i":1596097,"f":15267753,"t":"Главное все собрать)","d":455555625,"a":[],"m":[]},{"i":1596096,"f":15267753,"t":"Ну да, давай как удобней тебе","d":455555621,"a":[],"m":[]},{"i":1596095,"f":144882309,"t":"Просто тип мне их привезёт с атриума","d":455555595,"a":[],"m":[]},{"i":1596094,"f":144882309,"t":"Бро нужен ответ сейчас","d":455555589,"a":[],"m":[]},{"i":1596093,"f":144882309,"t":"И ещё 2 пары сегодня / завтра","d":455555550,"a":[],"m":[]},{"i":1596092,"f":144882309,"t":"Мы сегодня 2 пары возьмём","d":455555541,"a":[],"m":[]},{"i":1596091,"f":144882309,"t":"Так","d":455555528,"a":[],"m":[]},{"i":1595789,"f":144882309,"t":"Окей","d":455542069,"a":[],"m":[]},{"i":1595788,"f":15267753,"t":"Скину потом че получится","d":455542064,"a":[],"m":[]},{"i":1595787,"f":15267753,"t":"В одной бургерной хотят под свой стиль сделать для работников","d":455542057,"a":[],"m":[]},{"i":1595786,"f":144882309,"t":"А , в таком случае да","d":455542055,"a":[],"m":[]},{"i":1595785,"f":15267753,"t":"Да их под кастом отдадут все пары, так что врядли понадобится)","d":455542039,"a":[],"m":[]},{"i":1595784,"f":144882309,"t":"Их поменять","d":455542018,"a":[],"m":[]},{"i":1595783,"f":144882309,"t":"Чтобы вы смогли в своём стрите","d":455542016,"a":[],"m":[]},{"i":1595782,"f":144882309,"t":"Если вдруг что потом служитсчя","d":455542007,"a":[],"m":[]},{"i":1595781,"f":144882309,"t":"Чек я тоже сохраню","d":455542002,"a":[],"m":[]},{"i":1595780,"f":144882309,"t":"Конечно","d":455541991,"a":[],"m":[]},{"i":1595779,"f":144882309,"t":"Понимаю","d":455541988,"a":[],"m":[]},{"i":1595778,"f":15267753,"t":"Все, ок. Закинешь ток плез фотки, а то ребята меня терроризируют прям","d":455541981,"a":[],"m":[]},{"i":1595777,"f":144882309,"t":"Да , хорошо","d":455541957,"a":[],"m":[]},{"i":1595776,"f":15267753,"t":"Через час докинку 2900","d":455541951,"a":[],"m":[]},{"i":1595774,"f":144882309,"t":"Пришли","d":455541930,"a":[],"m":[]},{"i":1595773,"f":15267753,"t":"Готово","d":455541922,"a":[],"m":[]},{"i":1595772,"f":144882309,"t":"Закидывай","d":455541866,"a":[],"m":[]},{"i":1595770,"f":15267753,"t":"Я закину щас 14500, чуток позже остальное? Нет просто на сбере","d":455541838,"a":[],"m":[]},{"i":1595749,"f":15267753,"t":"ша сек","d":455541549,"a":[],"m":[]},{"i":1595744,"f":144882309,"t":"Да","d":455541456,"a":[],"m":[]},{"i":1595739,"f":15267753,"t":"17400 верно?","d":455541416,"a":[],"m":[]},{"i":1595738,"f":15267753,"t":"5800*3","d":455541412,"a":[],"m":[]},{"i":1595735,"f":144882309,"t":"89774446978","d":455541323,"a":[],"m":[]},{"i":1595734,"f":144882309,"t":"Сбер","d":455541319,"a":[],"m":[]},{"i":1595733,"f":144882309,"t":"И одни женские","d":455541307,"a":[],"m":[]},{"i":1595732,"f":144882309,"t":"2 мужских","d":455541304,"a":[],"m":[]},{"i":1595731,"f":15267753,"t":"Куда закинуть","d":455541302,"a":[],"m":[]},{"i":1595730,"f":144882309,"t":"Нет","d":455541302,"a":[],"m":[]},{"i":1595729,"f":15267753,"t":"Ок","d":455541300,"a":[],"m":[]},{"i":1595728,"f":144882309,"t":"Да","d":455541299,"a":[],"m":[]},{"i":1595727,"f":15267753,"t":"Женские 2 и м?","d":455541295,"a":[],"m":[]},{"i":1595726,"f":144882309,"t":"3 точно","d":455541280,"a":[],"m":[]},{"i":1595725,"f":15267753,"t":"2?","d":455541253,"a":[],"m":[]},{"i":1595724,"f":15267753,"t":"Скажи скока пар щас заберешь я на них бабки заряжу пока","d":455541252,"a":[],"m":[]},{"i":1595723,"f":144882309,"t":"Как успехи","d":455541214,"a":[],"m":[]},{"i":1595346,"f":144882309,"t":"Посмотрим","d":455495221,"a":[],"m":[]},{"i":1595345,"f":144882309,"t":"А 9.5","d":455495219,"a":[],"m":[]},{"i":1595344,"f":144882309,"t":"7.5 мне сказали заебись","d":455495215,"a":[],"m":[]},{"i":1595343,"f":144882309,"t":"Да","d":455495211,"a":[],"m":[]},{"i":1595342,"f":15267753,"t":"Да, ок, ток просьба, глянуть чтоб пары были ок, на форсы пизда ж брака много и косяков всяких","d":455495203,"a":[],"m":[]},{"i":1595341,"f":144882309,"t":"Чек я сфоткаю как все сделаем","d":455495169,"a":[],"m":[]},{"i":1595340,"f":144882309,"t":"Кайф","d":455495160,"a":[],"m":[]},{"i":1595339,"f":15267753,"t":"Норм, я как раз дойду заберу бабки","d":455495148,"a":[],"m":[{"f":144882309,"t":"10-11 утра","d":455495118,"a":[]}]},{"i":1595338,"f":15267753,"t":"Ок","d":455495140,"a":[],"m":[]},{"i":1595337,"f":144882309,"t":"Мой номер","d":455495134,"a":[],"m":[]},{"i":1595336,"f":144882309,"t":"89774446978","d":455495122,"a":[],"m":[]},{"i":1595335,"f":144882309,"t":"10-11 утра","d":455495118,"a":[],"m":[]},{"i":1595334,"f":15267753,"t":"У меня ночь прост","d":455494880,"a":[],"m":[]},{"i":1595333,"f":15267753,"t":"Утром во сколько?","d":455494876,"a":[],"m":[]},{"i":1595331,"f":144882309,"t":"То сейчас","d":455494854,"a":[],"m":[]},{"i":1595330,"f":144882309,"t":"Поэтому если есть варик сейчас","d":455494851,"a":[],"m":[]},{"i":1595329,"f":144882309,"t":"Просто у меня завтра вых . А чувак утром поедет брать пары","d":455494841,"a":[],"m":[]},{"i":1595328,"f":144882309,"t":"Надо","d":455494806,"a":[],"m":[]},{"i":1595327,"f":144882309,"t":"Утром","d":455494803,"a":[],"m":[]},{"i":1595325,"f":15267753,"t":"Во скока будете примерно?","d":455494759,"a":[],"m":[]},{"i":1595324,"f":15267753,"t":"Завтра тогда и закину","d":455494755,"a":[],"m":[]},{"i":1595322,"f":144882309,"t":"Сразу","d":455494630,"a":[],"m":[]},{"i":1595321,"f":144882309,"t":"Мы завтра уже хотим взять 2 пары","d":455494625,"a":[],"m":[]},{"i":1595319,"f":144882309,"t":"Когда кеш будет ?","d":455494619,"a":[],"m":[]},{"i":1595160,"f":15267753,"t":"оке","d":455486150,"a":[],"m":[]},{"i":1595159,"f":144882309,"t":"да","d":455486145,"a":[],"m":[]},{"i":1595158,"f":15267753,"t":"да понимаю, ок, тогда я у ребят беру деньги и говорю, что будут пары )","d":455486127,"a":[],"m":[]},{"i":1595152,"f":144882309,"t":"особенно с женскими","d":455486067,"a":[],"m":[]},{"i":1595150,"f":144882309,"t":"сейчас проблемы с форсами","d":455486064,"a":[],"m":[]},{"i":1595147,"f":144882309,"t":"сам понимаешь","d":455486060,"a":[],"m":[]},{"i":1595146,"f":144882309,"t":"Вопрос времени в парах","d":455486034,"a":[],"m":[]},{"i":1595145,"f":144882309,"t":"Да","d":455486028,"a":[],"m":[]},{"i":1595142,"f":15267753,"t":"ну то есть пары точно будут все?","d":455486014,"a":[],"m":[]},{"i":1594757,"f":144882309,"t":"Мужские до конца недели порешаем","d":455467654,"a":[],"m":[]},{"i":1594756,"f":144882309,"t":"Я за ними завтра поеду","d":455467605,"a":[],"m":[]},{"i":1594754,"f":144882309,"t":"Только в 2 магазинах","d":455467476,"a":[],"m":[]},{"i":1594753,"f":144882309,"t":"Они у нас по всем Москве","d":455467472,"a":[],"m":[]},{"i":1594752,"f":144882309,"t":"Проблема только с женскими","d":455467458,"a":[],"m":[]},{"i":1594751,"f":15267753,"t":"Все сайзы будут?","d":455467449,"a":[],"m":[]},{"i":1594750,"f":144882309,"t":"Мы в процессе того , как пары брать","d":455467431,"a":[],"m":[]},{"i":1594749,"f":144882309,"t":"Да делаем","d":455467424,"a":[],"m":[]},{"i":1594740,"f":15267753,"t":"Привет, ну шо, делаем дела?","d":455466248,"a":[],"m":[]},{"i":1594263,"f":144882309,"t":"Да окей","d":455405668,"a":[],"m":[]},{"i":1594261,"f":15267753,"t":"Давай завтра с этим? У меня пол второго просто, я спать собирался уже)","d":455405655,"a":[],"m":[]},{"i":1594258,"f":144882309,"t":"Гаранта если что найти можем","d":455405628,"a":[],"m":[]},{"i":1594257,"f":144882309,"t":"Или за твой","d":455405623,"a":[],"m":[]},{"i":1594256,"f":144882309,"t":"За свой кеш","d":455405620,"a":[],"m":[]},{"i":1594254,"f":144882309,"t":"Как мы пары покупать будем","d":455405581,"a":[],"m":[]},{"i":1594253,"f":144882309,"t":"Слушай , надо поинтересоваться на счёт","d":455405576,"a":[],"m":[]},{"i":1594206,"f":144882309,"t":"Я у себя заберу если что","d":455403108,"a":[],"m":[]},{"i":1594205,"f":15267753,"t":"угу","d":455403101,"a":[],"m":[]},{"i":1594204,"f":144882309,"t":"Обычные","d":455403089,"a":[],"m":[]},{"i":1594203,"f":144882309,"t":"А картонные","d":455403087,"a":[],"m":[]},{"i":1594202,"f":15267753,"t":"в которых приезжают вам","d":455403080,"a":[],"m":[]},{"i":1594201,"f":15267753,"t":"ну да","d":455403073,"a":[],"m":[]},{"i":1594200,"f":144882309,"t":"В смысле большие боксы","d":455403068,"a":[],"m":[]},{"i":1594199,"f":144882309,"t":"?","d":455403066,"a":[],"m":[]},{"i":1594198,"f":144882309,"t":"Коробки из под обуви","d":455403056,"a":[],"m":[{"f":15267753,"t":"да главное бокс под них, но я думаб в сб не проблема с этим) мне постоянно давали боксы большие)","d":455403031,"a":[]}]},{"i":1594197,"f":15267753,"t":"да главное бокс под них, но я думаб в сб не проблема с этим) мне постоянно давали боксы большие)","d":455403031,"a":[],"m":[]},{"i":1594196,"f":144882309,"t":"Помоги с доставкой","d":455403002,"a":[],"m":[]},{"i":1594195,"f":144882309,"t":"А то я уже написал челу","d":455403000,"a":[],"m":[]},{"i":1594194,"f":144882309,"t":"Заебист","d":455402992,"a":[],"m":[]},{"i":1594193,"f":15267753,"t":"ну сдек у меня есть договор, я создать могу накладную, просто отнести )","d":455402967,"a":[],"m":[]},{"i":1594192,"f":15267753,"t":"шипить в нск","d":455402857,"a":[],"m":[]},{"i":1594191,"f":144882309,"t":"Или хочешь шип?","d":455402841,"a":[],"m":[]},{"i":1594190,"f":144882309,"t":"А ты в мск","d":455402839,"a":[],"m":[]},{"i":1594189,"f":144882309,"t":"Понимаю","d":455402803,"a":[],"m":[]},{"i":1594188,"f":15267753,"t":"до августа(","d":455402798,"a":[],"m":[]},{"i":1594187,"f":15267753,"t":"а у нас сб закрыт еще","d":455402796,"a":[],"m":[]},{"i":1594186,"f":15267753,"t":"да ребята попросили найти на коллектив на всех работников нада белые форсы","d":455402782,"a":[],"m":[]},{"i":1594185,"f":144882309,"t":"Типа 6 пар форсов это забавно","d":455402771,"a":[],"m":[]},{"i":1594184,"f":144882309,"t":"А если не секрет , зачем тебе столько пар","d":455402756,"a":[],"m":[]},{"i":1594183,"f":15267753,"t":"там 9ка тока, но одну пару брать не сильно выгодно","d":455402751,"a":[],"m":[]},{"i":1594182,"f":15267753,"t":"угу","d":455402742,"a":[],"m":[]},{"i":1594181,"f":144882309,"t":"Женских 0","d":455402738,"a":[],"m":[]},{"i":1594180,"f":144882309,"t":"+++","d":455402736,"a":[],"m":[{"f":15267753,"t":"ну с найка норм выходит, 4500 ваще, но там нет сайзов ваще(","d":455402727,"a":[]}]},{"i":1594179,"f":15267753,"t":"ну с найка норм выходит, 4500 ваще, но там нет сайзов ваще(","d":455402727,"a":[],"m":[]},{"i":1594178,"f":144882309,"t":"Уже думаю нереальные схемы","d":455402709,"a":[],"m":[]},{"i":1594177,"f":15267753,"t":"да, я и планировал на 5500 примерно +-","d":455402678,"a":[],"m":[]},{"i":1594176,"f":144882309,"t":"На все пары","d":455402616,"a":[],"m":[]},{"i":1594175,"f":144882309,"t":"Ну скидка в 30% тебя устроит ?","d":455402614,"a":[],"m":[]},{"i":1594166,"f":144882309,"t":"Так что жду его","d":455401962,"a":[],"m":[]},{"i":1594165,"f":144882309,"t":"Чел который будет скидку сделать до 22 работает","d":455401959,"a":[],"m":[]},{"i":1594152,"f":15267753,"t":"Как тебе удобней и лучше будет так и сделаем","d":455400485,"a":[],"m":[]},{"i":1594151,"f":15267753,"t":"Да я понимаю что в один заказа палево)","d":455400474,"a":[],"m":[]},{"i":1594150,"f":144882309,"t":"","d":455400375,"a":[{"t":3,"o":144882309,"i":557079663,"n":"audio_msg.opus","e":"ogg","s":23743,"url":"https://vk.com/doc144882309_557079663?hash=POzaNL2X3G4V2Zlo2KULUh9WMbuumF94VlurB9GR0gD&dl=ZAJ7b6OODq0RchFH5ZSDqgMRuNzXjGZqBnfMbBPfpCH&api=1&no_preview=1"}],"m":[]},{"i":1594149,"f":144882309,"t":"","d":455400361,"a":[{"t":3,"o":144882309,"i":557079626,"n":"audio_msg.opus","e":"ogg","s":51640,"url":"https://vk.com/doc144882309_557079626?hash=DQc4FpK368NVqnrseHxCqqiMSLMcSryTXh6wC6DX9z0&dl=xcZBOlfN8YJtn11Kx8nLlE0UZKpQYZecCs05FMaxuR8&api=1&no_preview=1"}],"m":[]},{"i":1594096,"f":15267753,"t":"https://street-beat.ru/d/krossovki-nizkie-air-force-1-07/ \n10,5 us - 2\n9 us\n9,5 us","d":455399758,"a":[{"t":6,"v":"https://street-beat.ru/d/krossovki-nizkie-air-force-1-07/"}],"m":[]},{"i":1594095,"f":15267753,"t":"https://street-beat.ru/d/krossovki-nike-315115-112/ 7.5us - 2","d":455399703,"a":[],"m":[]},{"i":1594094,"f":144882309,"t":"Будем решать","d":455399535,"a":[],"m":[]},{"i":1594093,"f":144882309,"t":"Количество","d":455399533,"a":[],"m":[]},{"i":1594092,"f":144882309,"t":"Артикула","d":455399531,"a":[],"m":[]},{"i":1594091,"f":144882309,"t":"Скинь что нужно","d":455399530,"a":[],"m":[]},{"i":1594048,"f":15267753,"t":"Жду!","d":455390992,"a":[],"m":[]},{"i":1594047,"f":144882309,"t":"Кк","d":455390986,"a":[],"m":[]},{"i":1594046,"f":15267753,"t":"Давай, скажешь сколько пара с хелпом выйдет","d":455390981,"a":[],"m":[]},{"i":1594044,"f":144882309,"t":"А то палево","d":455390965,"a":[],"m":[]},{"i":1594043,"f":144882309,"t":"Но надо будет ездить непосредственно в магазины","d":455390962,"a":[],"m":[]},{"i":1594042,"f":144882309,"t":"Давай я освобожусь после 8 с работы . Там может придумаю что","d":455390955,"a":[],"m":[]},{"i":1594041,"f":15267753,"t":"А ога","d":455390947,"a":[],"m":[]},{"i":1594040,"f":144882309,"t":"Ну ты классике писал он мне расписал что надо","d":455390941,"a":[],"m":[]},{"i":1594039,"f":15267753,"t":"Привет, Форсы белые можно сделать? Парочку пар нада)","d":455390926,"a":[],"m":[]},{"i":1594038,"f":144882309,"t":"","d":455390676,"a":[],"m":[{"f":15267753,"t":"Стритбит мск поможет со скидкой кто?","d":455383688,"a":[]}]},{"i":1594037,"f":144882309,"t":"","d":455390660,"a":[{"t":4}],"m":[]}]}