{"meta":{"v":"1.2","p":151518780,"a":15267753,"t":"Влад Коротаев","d":1691414821},"data":[{"i":3140790,"f":15267753,"t":"","d":552579099,"a":[{"t":3,"o":15267753,"i":664649576,"n":"barcodes-1453883473-format-A6.pdf","e":"pdf","s":43294,"url":"https://vk.com/doc15267753_664649576?hash=Ip87XwAVmDHoWZImb8FpczWFYCPUZxHRumSbxwfAiMs&dl=DxoA0Axqe7dccbmPEIdemANxIkfGhIALJnYrzETYfYw&api=1&no_preview=1"}],"m":[]},{"i":3140788,"f":15267753,"t":"Номер заказа СДЭК 1453883473\n500","d":552579092,"a":[],"m":[]},{"i":3140783,"f":15267753,"t":"привет","d":552578945,"a":[],"m":[]},{"i":3140697,"f":151518780,"t":"3 пары Данков","d":552576047,"a":[],"m":[]},{"i":3140696,"f":151518780,"t":"Сюда","d":552576042,"a":[],"m":[{"f":151518780,"t":"Гуща Денис Вячеславович \n+79181303188\nАдрес сдэк: Краснодарский край, Динской район, станица Новотитаровская, улица Коммунаров, 113","d":550331519,"a":[]}]},{"i":3140695,"f":151518780,"t":"От кукты","d":552576033,"a":[],"m":[]},{"i":3140693,"f":151518780,"t":"Сделай накладную пожалуйста","d":552576025,"a":[],"m":[]},{"i":3140690,"f":151518780,"t":"Привет","d":552576017,"a":[],"m":[]},{"i":3124719,"f":15267753,"t":"+","d":550951562,"a":[],"m":[]},{"i":3124717,"f":151518780,"t":"Скинул","d":550951516,"a":[],"m":[]},{"i":3124700,"f":15267753,"t":"да я просто тоже говорю)","d":550951344,"a":[],"m":[]},{"i":3124699,"f":151518780,"t":"Я же шучу","d":550951317,"a":[],"m":[]},{"i":3124698,"f":151518780,"t":"Та я понял","d":550951314,"a":[],"m":[]},{"i":3124696,"f":151518780,"t":"Ну это не я","d":550951309,"a":[],"m":[]},{"i":3124694,"f":15267753,"t":"ну не я же добавлял упаковку ))) просто кто отправляет предупреждай, что она не бесплатная)","d":550951293,"a":[],"m":[]},{"i":3124693,"f":151518780,"t":"Яйца выкручиваете 😂","d":550951230,"a":[],"m":[]},{"i":3124692,"f":151518780,"t":"Эх","d":550951221,"a":[],"m":[]},{"i":3124247,"f":15267753,"t":"1446378836 463","d":550932053,"a":[],"m":[]},{"i":3124246,"f":15267753,"t":"привет, тут еще упаковки добавили, докинуть нужно","d":550932053,"a":[],"m":[]},{"i":3119426,"f":151518780,"t":"Спасибо","d":550418216,"a":[],"m":[]},{"i":3119425,"f":15267753,"t":"","d":550418179,"a":[{"t":3,"o":15267753,"i":663581881,"n":"print-barcode-1446618333.pdf","e":"pdf","s":43259,"url":"https://vk.com/doc15267753_663581881?hash=yZVB5EAeNYQmKqejh7QPYxH1KeIbNy1bobjZ93Becso&dl=vxlrNcYNwCz4pbYClGn1m2Bk8ryr1yAaNGXjQpmwnDP&api=1&no_preview=1"}],"m":[]},{"i":3119259,"f":151518780,"t":"Кукла просит какой то а6 по этой накладной","d":550382914,"a":[],"m":[{"f":15267753,"t":"Номер заказа СДЭК 1446618333\n350","d":550332247,"a":[]}]},{"i":3119258,"f":151518780,"t":"Привет","d":550382892,"a":[],"m":[]},{"i":3118637,"f":151518780,"t":"Оплатил","d":550342006,"a":[],"m":[]},{"i":3118467,"f":15267753,"t":"Номер заказа СДЭК 1446618333\n350","d":550332247,"a":[],"m":[{"f":151518780,"t":"Гуща Денис Вячеславович \n+79181303188\nАдрес сдэк: Краснодарский край, Динской район, станица Новотитаровская, улица Коммунаров, 113","d":550331519,"a":[]}]},{"i":3118466,"f":15267753,"t":"привкетт","d":550332198,"a":[],"m":[]},{"i":3118440,"f":151518780,"t":"Пара кросс","d":550331528,"a":[],"m":[]},{"i":3118439,"f":151518780,"t":"С мск","d":550331525,"a":[],"m":[]},{"i":3118436,"f":151518780,"t":"Гуща Денис Вячеславович \n+79181303188\nАдрес сдэк: Краснодарский край, Динской район, станица Новотитаровская, улица Коммунаров, 113","d":550331519,"a":[],"m":[]},{"i":3118435,"f":151518780,"t":"Привет","d":550331515,"a":[],"m":[]},{"i":3117907,"f":15267753,"t":"+","d":550260728,"a":[],"m":[]},{"i":3117905,"f":151518780,"t":"Докинул 750","d":550260538,"a":[],"m":[]},{"i":3117904,"f":15267753,"t":"Номер заказа СДЭК 1446378836\n1350","d":550260524,"a":[],"m":[]},{"i":3117903,"f":151518780,"t":"Все равно дешевле выходит\nЧем они","d":550260502,"a":[],"m":[]},{"i":3117902,"f":151518780,"t":"Да","d":550260489,"a":[],"m":[]},{"i":3117901,"f":15267753,"t":"делаем да?","d":550260485,"a":[],"m":[]},{"i":3117900,"f":151518780,"t":"Сейчас докину","d":550260480,"a":[],"m":[]},{"i":3117899,"f":15267753,"t":"да я тока щас увидел)","d":550260479,"a":[],"m":[]},{"i":3117898,"f":151518780,"t":"Вот это ты красавчик 😘","d":550260472,"a":[],"m":[]},{"i":3117897,"f":15267753,"t":"1350 с 32кг весом","d":550260464,"a":[],"m":[]},{"i":3117896,"f":151518780,"t":"Спасибо","d":550260460,"a":[],"m":[]},{"i":3117895,"f":15267753,"t":"я вес не поставил","d":550260458,"a":[],"m":[]},{"i":3117894,"f":15267753,"t":"я тебя обманул","d":550260456,"a":[],"m":[]},{"i":3117893,"f":151518780,"t":"Все\nСкинул денюшку","d":550260456,"a":[],"m":[]},{"i":3117892,"f":15267753,"t":"а блин","d":550260453,"a":[],"m":[]},{"i":3117891,"f":151518780,"t":"Да","d":550260417,"a":[],"m":[{"f":15267753,"t":"сюда да","d":550260402,"a":[]}]},{"i":3117890,"f":151518780,"t":"Закину","d":550260412,"a":[],"m":[]},{"i":3117889,"f":151518780,"t":"Сейчас","d":550260407,"a":[],"m":[]},{"i":3117888,"f":15267753,"t":"сюда да","d":550260402,"a":[],"m":[{"f":151518780,"t":"Коротаев Владислав Алексеевич \nКраснодар,\nОтделение коммунаров 211\n89628648881","d":545568609,"a":[]}]},{"i":3117887,"f":151518780,"t":"Давай","d":550260389,"a":[],"m":[]},{"i":3117886,"f":151518780,"t":"Нормуль","d":550260385,"a":[],"m":[]},{"i":3117820,"f":15267753,"t":"600","d":550258080,"a":[],"m":[]},{"i":3117817,"f":151518780,"t":"Надо сравнить","d":550257951,"a":[],"m":[]},{"i":3117816,"f":151518780,"t":"А то компания дохуя за доставку хочет","d":550257946,"a":[],"m":[]},{"i":3117815,"f":151518780,"t":"С мск в Краснодар","d":550257828,"a":[],"m":[]},{"i":3117806,"f":15267753,"t":"откуда куда города","d":550257227,"a":[],"m":[]},{"i":3117805,"f":15267753,"t":"привет","d":550257224,"a":[],"m":[]},{"i":3117525,"f":151518780,"t":"Вот размер","d":550246288,"a":[],"m":[]},{"i":3117524,"f":151518780,"t":"40/45/30","d":550246283,"a":[],"m":[{"f":151518780,"t":"40/14/13 размер коробки\nПримерный вес 32кг","d":550246157,"a":[]}]},{"i":3117522,"f":151518780,"t":"Можешь сказать примерную стоимость ?","d":550246169,"a":[],"m":[]},{"i":3117521,"f":151518780,"t":"40/14/13 размер коробки\nПримерный вес 32кг","d":550246157,"a":[],"m":[]},{"i":3117520,"f":151518780,"t":"Привет","d":550246139,"a":[],"m":[]},{"i":3072607,"f":15267753,"t":"+++","d":545568941,"a":[],"m":[]},{"i":3072604,"f":151518780,"t":"Скинул","d":545568754,"a":[],"m":[]},{"i":3072601,"f":151518780,"t":"Эх","d":545568713,"a":[],"m":[]},{"i":3072600,"f":151518780,"t":"Дорожает","d":545568710,"a":[],"m":[]},{"i":3072599,"f":15267753,"t":"Номер заказа СДЭК 1430857210\n500","d":545568661,"a":[],"m":[{"f":151518780,"t":"Коротаев Владислав Алексеевич \nКраснодар,\nОтделение коммунаров 211\n89628648881","d":545568609,"a":[]}]},{"i":3072598,"f":151518780,"t":"Коротаев Владислав Алексеевич \nКраснодар,\nОтделение коммунаров 211\n89628648881","d":545568609,"a":[],"m":[]},{"i":3072597,"f":15267753,"t":"сюда?","d":545568603,"a":[],"m":[{"f":151518780,"t":"Коротаев Владислав Алексеевич \nКраснодар,\nОтделение красная 176\n89628648881","d":484771027,"a":[]}]},{"i":3072596,"f":151518780,"t":"Пара кросс","d":545568583,"a":[],"m":[]},{"i":3072595,"f":15267753,"t":"гадарит и напиши данные на кого","d":545568569,"a":[],"m":[]},{"i":3072594,"f":15267753,"t":"прив","d":545568550,"a":[],"m":[]},{"i":3072593,"f":151518780,"t":"Минск Краснодар","d":545568548,"a":[],"m":[]},{"i":3072592,"f":151518780,"t":"Сделаешь накладную?","d":545568540,"a":[],"m":[]},{"i":3072590,"f":151518780,"t":"Привет","d":545568524,"a":[],"m":[]},{"i":3060230,"f":151518780,"t":"Спасибо","d":544370282,"a":[],"m":[]},{"i":3060229,"f":151518780,"t":"Скинул","d":544370280,"a":[],"m":[]},{"i":3060202,"f":15267753,"t":"Номер заказа СДЭК 1427127089\n350","d":544369255,"a":[],"m":[]},{"i":3060198,"f":15267753,"t":"привет","d":544369217,"a":[],"m":[]},{"i":3060012,"f":151518780,"t":"Там пара детских кросс","d":544355210,"a":[],"m":[]},{"i":3060011,"f":151518780,"t":"С Питера ко мне","d":544355203,"a":[],"m":[]},{"i":3060010,"f":151518780,"t":"Сделай накладную","d":544355198,"a":[],"m":[]},{"i":3060009,"f":151518780,"t":"Привет","d":544355192,"a":[],"m":[]},{"i":3034406,"f":15267753,"t":"+","d":542383168,"a":[],"m":[]},{"i":3034405,"f":151518780,"t":"Перевел","d":542383138,"a":[],"m":[]},{"i":3034404,"f":151518780,"t":"Спасибо","d":542383087,"a":[],"m":[]},{"i":3034403,"f":15267753,"t":"Номер заказа СДЭК 1420268657 \n550","d":542383072,"a":[],"m":[]},{"i":3034402,"f":151518780,"t":"Вот","d":542382999,"a":[],"m":[{"f":151518780,"t":"Коротаев Владислав Алексеевич \nКраснодар,\nОтделение красная 176\n89628648881","d":484771027,"a":[]}]},{"i":3034401,"f":15267753,"t":"ну что бя не искал твои данные","d":542382990,"a":[],"m":[]},{"i":3034400,"f":151518780,"t":"На меня","d":542382982,"a":[],"m":[]},{"i":3034399,"f":15267753,"t":"на кого","d":542382975,"a":[],"m":[]},{"i":3034398,"f":151518780,"t":"От кого ?","d":542382967,"a":[],"m":[]},{"i":3034397,"f":15267753,"t":"напиши на кого","d":542382945,"a":[],"m":[]},{"i":3034396,"f":15267753,"t":"прив","d":542382939,"a":[],"m":[]},{"i":3034395,"f":151518780,"t":"До Краснодара","d":542382805,"a":[],"m":[]},{"i":3034394,"f":151518780,"t":"2 пары Крос без коробок","d":542382801,"a":[],"m":[]},{"i":3034393,"f":151518780,"t":"Сделаешь накладную с Минска","d":542382792,"a":[],"m":[]},{"i":3034392,"f":151518780,"t":"Привет","d":542382782,"a":[],"m":[]},{"i":2854522,"f":151518780,"t":"Все\nОтмена\nСделали","d":530287455,"a":[],"m":[]},{"i":2854514,"f":151518780,"t":"2 коробки","d":530287091,"a":[],"m":[]},{"i":2854513,"f":151518780,"t":"61/40/30\n\n25/35/45","d":530287085,"a":[],"m":[]},{"i":2854511,"f":151518780,"t":"Я уже в сдеке","d":530286961,"a":[],"m":[]},{"i":2854510,"f":151518780,"t":"Сделаешь?","d":530286954,"a":[],"m":[]},{"i":2854509,"f":151518780,"t":"Московский 70","d":530286933,"a":[],"m":[]},{"i":2854425,"f":151518780,"t":"Я выкинул накладную эту просто","d":530280056,"a":[],"m":[]},{"i":2854424,"f":151518780,"t":"Там видно только дом 70","d":530280042,"a":[],"m":[]},{"i":2854423,"f":151518780,"t":"+7 (927) 488-49-27","d":530280023,"a":[],"m":[]},{"i":2854267,"f":15267753,"t":"нужен еще номер тел тоже не видно","d":530241601,"a":[],"m":[]},{"i":2854266,"f":15267753,"t":"а тут чеком все данные закрыты","d":530241596,"a":[],"m":[]},{"i":2854095,"f":151518780,"t":"Можешь тут глянуть\nКуда отправляли","d":530227389,"a":[],"m":[]},{"i":2854094,"f":151518780,"t":"","d":530227378,"a":[{"t":0,"s":{"m":"https://sun9-40.userapi.com/impg/VaK7ifldIso6yndrhxMNgISE8JgxS-0OInk08g/KC12mAyCogU.jpg?size=510x900&quality=95&crop=0,0,720,1271&sign=73eefbfe7322bb42fbca4156ff8ece6b&c_uniq_tag=D3OkCyVZdzEpHdCrgF0H3qQ-wbUIb1R85DoBG73x2Tg&type=album","s":"https://sun9-40.userapi.com/impg/VaK7ifldIso6yndrhxMNgISE8JgxS-0OInk08g/KC12mAyCogU.jpg?size=200x356&quality=95&sign=ad8efc3ed58d4b7446c736269f917d73&c_uniq_tag=JhW4-pVqZHWbuM2YEQa_0E3yuxan8OsAlmr0dee3a34&type=album","n":"https://sun9-40.userapi.com/impg/VaK7ifldIso6yndrhxMNgISE8JgxS-0OInk08g/KC12mAyCogU.jpg?size=720x1280&quality=95&sign=5b254e94f9c1677c17de985c03178c11&c_uniq_tag=ZOFk_iwDyMUZzRHr2NbXet4ERT16ZDarifvPue3Nhh8&type=album","o":"https://sun9-40.userapi.com/impg/VaK7ifldIso6yndrhxMNgISE8JgxS-0OInk08g/KC12mAyCogU.jpg?size=607x1080&quality=95&sign=3f5cde9cc4a023c80b5610bc51084715&c_uniq_tag=NcsNcRpetoL9Q0JH1iy4wd0c2QGwf6-W73R7JLUWvvw&type=album","t":"https://sun9-40.userapi.com/impg/VaK7ifldIso6yndrhxMNgISE8JgxS-0OInk08g/KC12mAyCogU.jpg?size=340x604&quality=95&sign=ecc6e76b0da4777c88354958a2882f6b&c_uniq_tag=284vv7VTJpFAhs1SIuJN8iQvlnxzIEnv2z8VpKzt7Po&type=album"},"z":"","q":0,"w":0,"o":151518780,"i":457247219,"d":530227378}],"m":[]},{"i":2854089,"f":151518780,"t":"А там много пунктов ?","d":530227091,"a":[],"m":[]},{"i":2854058,"f":15267753,"t":"Пункт какой","d":530222721,"a":[],"m":[{"f":151518780,"t":"Марина Зайцева:\nОтправить в Набережные Челны на имя Зайцевой Марины Николаевны\n\nПаспорт 9203 706711","d":530220861,"a":[]}]},{"i":2854057,"f":15267753,"t":"1000","d":530222716,"a":[],"m":[]},{"i":2854056,"f":15267753,"t":"Привет","d":530222655,"a":[],"m":[]},{"i":2854030,"f":151518780,"t":"С Краснодара","d":530220901,"a":[],"m":[]},{"i":2854029,"f":151518780,"t":"Сколько выйдет?","d":530220897,"a":[],"m":[]},{"i":2854028,"f":151518780,"t":"2 коробки\n30/40/40","d":530220885,"a":[],"m":[]},{"i":2854027,"f":151518780,"t":"Марина Зайцева:\nОтправить в Набережные Челны на имя Зайцевой Марины Николаевны\n\nПаспорт 9203 706711","d":530220861,"a":[],"m":[]},{"i":2854025,"f":151518780,"t":"Можешь создать сдек","d":530220836,"a":[],"m":[]},{"i":2854024,"f":151518780,"t":"Привет","d":530220830,"a":[],"m":[]},{"i":2718631,"f":15267753,"t":"оке","d":521049733,"a":[],"m":[]},{"i":2718508,"f":151518780,"t":"вчера закинул","d":521046649,"a":[],"m":[]},{"i":2718507,"f":151518780,"t":"","d":521046620,"a":[{"t":3,"o":151518780,"i":639811589,"n":"Документ-2022-08-06-15:10:07.pdf","e":"pdf","s":53632,"url":"https://vk.com/doc151518780_639811589?hash=e5TKEhc2Y0uNBcmd0rRsenTwQch4RaOtGnOZbM9OlXH&dl=3JIr6KBIukjxf5pedfsepJ7jur45xrc0Ec0qMhvDVWT&api=1&no_preview=1"}],"m":[]},{"i":2718504,"f":151518780,"t":"сейчас проверю","d":521046538,"a":[],"m":[]},{"i":2718503,"f":151518780,"t":"вчера","d":521046527,"a":[],"m":[]},{"i":2718502,"f":151518780,"t":"да","d":521046522,"a":[],"m":[]},{"i":2718501,"f":151518780,"t":"привет","d":521046520,"a":[],"m":[]},{"i":2717940,"f":15267753,"t":"ты закидывал?","d":521040469,"a":[],"m":[]},{"i":2716102,"f":151518780,"t":"Сейчас закину","d":520944047,"a":[],"m":[]},{"i":2716101,"f":151518780,"t":"Спасибо","d":520944043,"a":[],"m":[]},{"i":2715624,"f":15267753,"t":"Накладная успешно создана с номером: 1352386308\n350","d":520888879,"a":[],"m":[]},{"i":2715513,"f":151518780,"t":"","d":520884424,"a":[{"t":3,"o":151518780,"i":639669830,"n":"audio_msg.opus","e":"ogg","s":35361,"url":"https://vk.com/doc151518780_639669830?hash=THC3blcH6eTGBtZu0e5c4OmWmE0yQcUO4bT9OUx3guH&dl=RnKdNGAQwneNWlArdTy8CzZTotJiazktTdBV5mYzFK4&api=1&no_preview=1"}],"m":[]},{"i":2709370,"f":15267753,"t":"+","d":520530565,"a":[],"m":[]},{"i":2709339,"f":151518780,"t":"Скинул","d":520529434,"a":[],"m":[]},{"i":2709336,"f":151518780,"t":"Сейчас закину","d":520529368,"a":[],"m":[]},{"i":2709335,"f":151518780,"t":"Спасибо","d":520529365,"a":[],"m":[]},{"i":2709247,"f":15267753,"t":"Накладная успешно создана с номером: 1351333033\n350","d":520525828,"a":[],"m":[]},{"i":2709228,"f":151518780,"t":"Пара блейзеров","d":520523783,"a":[],"m":[]},{"i":2709225,"f":15267753,"t":"Габарит скажи","d":520523228,"a":[],"m":[]},{"i":2709224,"f":15267753,"t":"Привеи","d":520523225,"a":[],"m":[]},{"i":2709222,"f":151518780,"t":"Можешь накладную сделать от кукты","d":520523001,"a":[],"m":[]},{"i":2709221,"f":151518780,"t":"Привет","d":520522988,"a":[],"m":[]},{"i":2415565,"f":15267753,"t":"+++","d":503845541,"a":[],"m":[]},{"i":2415561,"f":151518780,"t":"На Тиньков закинул","d":503845521,"a":[],"m":[]},{"i":2415532,"f":15267753,"t":"Накладная успешно создана с номером: 1308436733\n300","d":503845352,"a":[],"m":[]},{"i":2415528,"f":15267753,"t":"Привет","d":503845278,"a":[],"m":[]},{"i":2415459,"f":151518780,"t":"Вот мои данные","d":503843473,"a":[],"m":[{"f":151518780,"t":"Коротаев Владислав Алексеевич \nКраснодар,\nОтделение красная 176\n89628648881","d":484771027,"a":[]}]},{"i":2415458,"f":151518780,"t":"Пара кросс","d":503843437,"a":[],"m":[]},{"i":2415457,"f":151518780,"t":"Ко мне","d":503843434,"a":[],"m":[]},{"i":2415456,"f":151518780,"t":"Можешь с Тольятти создать накладную","d":503843431,"a":[],"m":[]},{"i":2415455,"f":151518780,"t":"Привет","d":503843417,"a":[],"m":[]},{"i":2413277,"f":15267753,"t":"+","d":503691710,"a":[],"m":[]},{"i":2413276,"f":151518780,"t":"Скинул","d":503691699,"a":[],"m":[]},{"i":2413275,"f":151518780,"t":"Все","d":503691697,"a":[],"m":[]},{"i":2413274,"f":151518780,"t":"Ща закину","d":503691647,"a":[],"m":[]},{"i":2413273,"f":151518780,"t":"Ок","d":503691643,"a":[],"m":[]},{"i":2413233,"f":15267753,"t":"Накладная успешно создана с номером: 1307912197\n350","d":503691093,"a":[],"m":[]},{"i":2413221,"f":151518780,"t":"Да","d":503691026,"a":[],"m":[]},{"i":2413220,"f":15267753,"t":"С крнд?","d":503691008,"a":[],"m":[]},{"i":2413217,"f":151518780,"t":"Там пара единиц","d":503691001,"a":[],"m":[]},{"i":2413214,"f":151518780,"t":"Снежная 23 адрес сдэк\nФирсов Максим Дмитриевич \n89168007714","d":503690991,"a":[],"m":[]},{"i":2413213,"f":15267753,"t":"Да","d":503690988,"a":[],"m":[]},{"i":2413212,"f":15267753,"t":"Привет","d":503690987,"a":[],"m":[]},{"i":2413211,"f":151518780,"t":"Можешь сдек создать","d":503690986,"a":[],"m":[]},{"i":2413208,"f":151518780,"t":"Привет","d":503690977,"a":[],"m":[]},{"i":2221458,"f":15267753,"t":"+","d":491140512,"a":[],"m":[]},{"i":2221455,"f":151518780,"t":"Улетели","d":491140415,"a":[],"m":[]},{"i":2221453,"f":151518780,"t":"Все","d":491140412,"a":[],"m":[]},{"i":2221451,"f":151518780,"t":"Ок","d":491140377,"a":[],"m":[]},{"i":2221450,"f":15267753,"t":"Неа","d":491140372,"a":[],"m":[]},{"i":2221449,"f":151518780,"t":"У тебя Тиньков есть?","d":491140366,"a":[],"m":[]},{"i":2221448,"f":15267753,"t":"350","d":491140349,"a":[],"m":[]},{"i":2221447,"f":15267753,"t":"Накладная успешно создана с номером: 1270948672","d":491140347,"a":[],"m":[]},{"i":2221446,"f":15267753,"t":"Привет","d":491140227,"a":[],"m":[]},{"i":2221445,"f":151518780,"t":"Доленко Павел Рауфович\n89774399717\n\nСДЭК\nг. Москва, \nБлижайший сдек: улица Полярная, 10с1","d":491140209,"a":[],"m":[]},{"i":2221444,"f":151518780,"t":"Пара кросс","d":491140197,"a":[],"m":[]},{"i":2221443,"f":151518780,"t":"Сделаешь сдек","d":491140191,"a":[],"m":[]},{"i":2221442,"f":151518780,"t":"Привет","d":491140185,"a":[],"m":[]},{"i":2119033,"f":15267753,"t":"+","d":485041277,"a":[],"m":[]},{"i":2119030,"f":151518780,"t":"Оплатили","d":485041055,"a":[],"m":[]},{"i":2119029,"f":151518780,"t":"Все","d":485041052,"a":[],"m":[]},{"i":2119022,"f":15267753,"t":"Накладная успешно создана с номером: 1256690189\n650","d":485040120,"a":[],"m":[]},{"i":2119011,"f":151518780,"t":"Фио отправителя\nСемикрас Даниил Яковлевич\n79851156413\n\nПолучателя \nКруцких Иван Алексеевич \n79881548633 \n\nОфис сдека моего \n\nСтавропольская 268","d":485039076,"a":[],"m":[]},{"i":2118997,"f":151518780,"t":"Сейчас парню\nСкажу","d":485038198,"a":[],"m":[]},{"i":2118994,"f":151518780,"t":"Кайф","d":485038192,"a":[],"m":[]},{"i":2118993,"f":15267753,"t":"650","d":485038178,"a":[],"m":[]},{"i":2118986,"f":151518780,"t":"Из питера в краснодар","d":485038060,"a":[],"m":[]},{"i":2118973,"f":15267753,"t":"А откуда куда","d":485037956,"a":[],"m":[]},{"i":2118972,"f":15267753,"t":"Привет","d":485037954,"a":[],"m":[]},{"i":2118956,"f":151518780,"t":"- 20,5см*27см*102см\nВес 21кг","d":485037800,"a":[],"m":[]},{"i":2118955,"f":151518780,"t":"Можешь по сдека посчитать сколько выйдет","d":485037788,"a":[],"m":[]},{"i":2118954,"f":151518780,"t":"Привет","d":485037773,"a":[],"m":[]},{"i":2116131,"f":15267753,"t":"+++","d":484834336,"a":[],"m":[]},{"i":2116120,"f":151518780,"t":"Скинул","d":484834118,"a":[],"m":[]},{"i":2115438,"f":15267753,"t":"300","d":484771222,"a":[],"m":[]},{"i":2115437,"f":15267753,"t":"Накладная успешно создана с номером: 1256171158","d":484771220,"a":[],"m":[]},{"i":2115436,"f":15267753,"t":"А вижу)","d":484771181,"a":[],"m":[]},{"i":2115433,"f":15267753,"t":"176 нет отеделения","d":484771175,"a":[{"t":0,"s":{"m":"https://sun9-19.userapi.com/impg/m3Q40nZdh7xPLTPK_jJHUlU85uSGxPJs8NRN6Q/exGfvCHyOBc.jpg?size=499x1080&quality=96&sign=96085b696c4079cf174cb8d47ec4fd68&c_uniq_tag=ueHXfyJQ4dzBYK1LmbS-V71rAkoahEKi5O-r6Uy7-As&type=album","s":"https://sun9-19.userapi.com/impg/m3Q40nZdh7xPLTPK_jJHUlU85uSGxPJs8NRN6Q/exGfvCHyOBc.jpg?size=279x604&quality=96&sign=7bb6d3601ffe7d72f4e6f0721d025bf7&c_uniq_tag=4PZgnJjdphwLpksLIYK7TlY3mw1pD4BQOoo5ncqZLcI&type=album","n":"https://sun9-19.userapi.com/impg/m3Q40nZdh7xPLTPK_jJHUlU85uSGxPJs8NRN6Q/exGfvCHyOBc.jpg?size=35x75&quality=96&sign=45e716a4b5db32fc122bdfce0eab1ebd&c_uniq_tag=MSxxZ3XZWKypeHoFqhWGut0v-WHGjBR_DhFYoohuz0E&type=album","o":"https://sun9-19.userapi.com/impg/m3Q40nZdh7xPLTPK_jJHUlU85uSGxPJs8NRN6Q/exGfvCHyOBc.jpg?size=510x900&quality=96&crop=0,0,750,1324&sign=52322403a7ed23e2e6105e6b0502c3c9&c_uniq_tag=Lvcqk1wzV6E41tv3q422hbP45JF705B-J3ezDUAoND0&type=album","t":"https://sun9-19.userapi.com/impg/m3Q40nZdh7xPLTPK_jJHUlU85uSGxPJs8NRN6Q/exGfvCHyOBc.jpg?size=200x433&quality=96&sign=8c88324544ffe98c5765d1917a7d1dff&c_uniq_tag=yHf8k01j6E_P1S3oUgdlPBIVwDJRjOFTHw4paaGElP0&type=album"},"z":"","q":0,"w":0,"o":15267753,"i":457257153,"d":484771169}],"m":[]},{"i":2115431,"f":151518780,"t":"Коротаев Владислав Алексеевич \nКраснодар,\nОтделение красная 176\n89628648881","d":484771027,"a":[],"m":[]},{"i":2115345,"f":15267753,"t":"А данные скажи свои","d":484767116,"a":[],"m":[]},{"i":2115321,"f":151518780,"t":"Отправление с г.Котельники","d":484765237,"a":[],"m":[]},{"i":2115315,"f":151518780,"t":"Там детская пара","d":484764866,"a":[],"m":[]},{"i":2115313,"f":151518780,"t":"От Кирсанова ко мне","d":484764857,"a":[],"m":[]},{"i":2115312,"f":151518780,"t":"Ещё одну посылку","d":484764850,"a":[],"m":[]},{"i":2115196,"f":15267753,"t":"++","d":484760070,"a":[],"m":[]},{"i":2115195,"f":151518780,"t":"Улетели","d":484760054,"a":[],"m":[]},{"i":2115194,"f":151518780,"t":"Сейчас закину","d":484759938,"a":[],"m":[]},{"i":2115193,"f":15267753,"t":"Накладная успешно создана с номером: 1256151872","d":484759886,"a":[],"m":[]},{"i":2115192,"f":15267753,"t":"Не глянул только что это самый дешевый","d":484759834,"a":[],"m":[]},{"i":2115191,"f":151518780,"t":"Похер","d":484759831,"a":[],"m":[]},{"i":2115190,"f":151518780,"t":"На сроки позёр","d":484759828,"a":[],"m":[]},{"i":2115189,"f":151518780,"t":"Но посмотри\nМожет как то можно дешевле заслать","d":484759822,"a":[],"m":[]},{"i":2115188,"f":151518780,"t":"Да пофиг давай","d":484759805,"a":[],"m":[]},{"i":2115187,"f":15267753,"t":"За 800?","d":484759770,"a":[],"m":[]},{"i":2115186,"f":151518780,"t":"?","d":484759758,"a":[],"m":[]},{"i":2115185,"f":151518780,"t":"Создашь","d":484759749,"a":[],"m":[]},{"i":2115184,"f":15267753,"t":"Может да наверно","d":484759730,"a":[],"m":[]},{"i":2115182,"f":151518780,"t":"У него\nМожет вариант дешевле","d":484759656,"a":[],"m":[]},{"i":2115181,"f":151518780,"t":"Я не стал делать","d":484759640,"a":[],"m":[]},{"i":2115180,"f":151518780,"t":"Просто в сдека сейчас он посчитал 600","d":484759634,"a":[],"m":[]},{"i":2115179,"f":151518780,"t":"Ебать","d":484759621,"a":[],"m":[]},{"i":2115178,"f":15267753,"t":"Дешевый самый","d":484759615,"a":[],"m":[]},{"i":2115177,"f":151518780,"t":"Или посылочкой ?","d":484759604,"a":[],"m":[]},{"i":2115176,"f":15267753,"t":"Привет","d":484759602,"a":[],"m":[]},{"i":2115175,"f":151518780,"t":"А ты экспрессом считал?","d":484759597,"a":[],"m":[]},{"i":2115174,"f":151518780,"t":"Привет","d":484759588,"a":[],"m":[]},{"i":2111793,"f":15267753,"t":"Угу","d":484612034,"a":[],"m":[]},{"i":2111759,"f":151518780,"t":"А то расплач ится","d":484611135,"a":[],"m":[]},{"i":2111758,"f":151518780,"t":"Я спрошу у типа","d":484611123,"a":[],"m":[]},{"i":2111757,"f":151518780,"t":"Давай тогда отмена","d":484611116,"a":[],"m":[]},{"i":2111756,"f":15267753,"t":"В ебеняз где то наверно","d":484611104,"a":[],"m":[]},{"i":2111755,"f":151518780,"t":"А че так дёшево 😂","d":484611102,"a":[],"m":[]},{"i":2111754,"f":151518780,"t":"Нихуя се","d":484611091,"a":[],"m":[]},{"i":2111753,"f":15267753,"t":"800 почему то","d":484611084,"a":[],"m":[]},{"i":2111752,"f":15267753,"t":"Эмми","d":484611079,"a":[],"m":[]},{"i":2111751,"f":15267753,"t":"Привет да","d":484610941,"a":[],"m":[]},{"i":2111750,"f":151518780,"t":"?","d":484610927,"a":[],"m":[]},{"i":2111749,"f":151518780,"t":"Сделаешь сдек","d":484610925,"a":[],"m":[]},{"i":2111748,"f":151518780,"t":"Футболка","d":484610913,"a":[],"m":[]},{"i":2111747,"f":151518780,"t":"Мехдиев Санан Ширали оглы \nРеспублика Коми, город Усинск, ул. Нефтяников 26\nномер телефона: 8 912 182 72 71","d":484610909,"a":[],"m":[]},{"i":2111746,"f":151518780,"t":"Привет","d":484610891,"a":[],"m":[]},{"i":2036307,"f":151518780,"t":"Спасибо","d":480716113,"a":[],"m":[]},{"i":2036306,"f":15267753,"t":"да пришло","d":480716108,"a":[],"m":[]},{"i":2036305,"f":15267753,"t":"lf ghbikj","d":480716105,"a":[],"m":[]},{"i":2036303,"f":151518780,"t":"","d":480716069,"a":[],"m":[{"f":285819404,"t":"","d":480716044,"a":[{"t":0,"s":{"m":"https://sun9-21.userapi.com/impg/x3L9HVtf3On43jX35agiUz8jww0Ne7mTCnnLkw/TkzhxG2twGY.jpg?size=607x1080&quality=96&sign=0f1a23cf1f0dec752695b407bc0f135f&c_uniq_tag=YpCrAVC-4WKZ3-8Gt3l4tZtTsLa9VAb_aNqWKFPr_-8&type=album","s":"https://sun9-21.userapi.com/impg/x3L9HVtf3On43jX35agiUz8jww0Ne7mTCnnLkw/TkzhxG2twGY.jpg?size=340x604&quality=96&sign=47422a7aef42e65b32a196f64de6df1c&c_uniq_tag=ahtl0OEtlvl30zO-5YffapvOiqDJuff6zEY1-5k-OiI&type=album","n":"https://sun9-21.userapi.com/impg/x3L9HVtf3On43jX35agiUz8jww0Ne7mTCnnLkw/TkzhxG2twGY.jpg?size=42x75&quality=96&sign=300cdf81f56e14cd4397c9f142cce3c4&c_uniq_tag=6G6a3cH15AZ4BQcFi5Tn_tuI39RgYTjl1EYv3t2dMGE&type=album","o":"https://sun9-21.userapi.com/impg/x3L9HVtf3On43jX35agiUz8jww0Ne7mTCnnLkw/TkzhxG2twGY.jpg?size=510x900&quality=96&crop=0,0,900,1588&sign=ac0402a4b240efa46d50cabb814af354&c_uniq_tag=lNt-Abn6dDzMNMimcjmXgyFLECs9bSbzTwfKkGt6cpk&type=album","t":"https://sun9-21.userapi.com/impg/x3L9HVtf3On43jX35agiUz8jww0Ne7mTCnnLkw/TkzhxG2twGY.jpg?size=200x356&quality=96&sign=6d410f2d8bcbedec169931c426bd8770&c_uniq_tag=v_fZCJy15NKK0CUKHrBFRYpyI8uZ7Cv5uZAtYcFVpd0&type=album"},"z":"","q":0,"w":0,"o":285819404,"i":457269364,"d":480712716}]}]},{"i":2036183,"f":15267753,"t":"350","d":480712416,"a":[],"m":[]},{"i":2036182,"f":15267753,"t":"Накладная успешно создана с номером: 1246670078","d":480712414,"a":[],"m":[]},{"i":2036176,"f":151518780,"t":"Вес","d":480712359,"a":[],"m":[]},{"i":2036174,"f":151518780,"t":"Шрам 300-400","d":480712357,"a":[],"m":[]},{"i":2036170,"f":151518780,"t":"20/30","d":480712348,"a":[],"m":[]},{"i":2036168,"f":151518780,"t":"Маленький пакет","d":480712338,"a":[],"m":[]},{"i":2036164,"f":151518780,"t":"Г. Белгород\nУл Губкина 38а\nЛузан Рустам Муталлиевич\n89103652500","d":480712332,"a":[],"m":[]},{"i":2036163,"f":151518780,"t":"Привет","d":480712330,"a":[],"m":[]},{"i":2026904,"f":15267753,"t":"+","d":480100811,"a":[],"m":[]},{"i":2026902,"f":151518780,"t":"Спасибо","d":480100736,"a":[],"m":[]},{"i":2026899,"f":15267753,"t":"350","d":480100655,"a":[],"m":[]},{"i":2026898,"f":15267753,"t":"Накладная успешно создана с номером: 1245093613","d":480100654,"a":[],"m":[]},{"i":2026888,"f":15267753,"t":"привет","d":480100585,"a":[],"m":[]},{"i":2026887,"f":151518780,"t":"Барыкин Роман Алексеевич \n89506065151\nОтделение СДЭК Нижний Новгород, Родионова 18","d":480100579,"a":[],"m":[]},{"i":2026886,"f":151518780,"t":"Там одна пара","d":480100575,"a":[],"m":[]},{"i":2026884,"f":151518780,"t":"Накладную сделаешь","d":480100570,"a":[],"m":[]},{"i":2026882,"f":151518780,"t":"Привет","d":480100558,"a":[],"m":[]},{"i":2020812,"f":15267753,"t":"+","d":479676085,"a":[],"m":[]},{"i":2020811,"f":151518780,"t":"Пришли?","d":479676065,"a":[],"m":[]},{"i":2020810,"f":151518780,"t":"Богдан оплатил","d":479676062,"a":[],"m":[]},{"i":2020803,"f":151518780,"t":"Ок","d":479675319,"a":[],"m":[]},{"i":2020801,"f":15267753,"t":"400","d":479675303,"a":[],"m":[]},{"i":2020800,"f":15267753,"t":"Накладная успешно создана с номером: 1244120848","d":479675302,"a":[],"m":[]},{"i":2020798,"f":151518780,"t":"Москва \nУл профсоюзная  д126. CDEK  офис .\nХань чжи. \n+79856955517\n117279","d":479675206,"a":[],"m":[]},{"i":2020797,"f":15267753,"t":"Да","d":479675197,"a":[],"m":[]},{"i":2020796,"f":151518780,"t":"22/25/33","d":479675197,"a":[],"m":[]},{"i":2020795,"f":15267753,"t":"Првиет","d":479675196,"a":[],"m":[]},{"i":2020794,"f":151518780,"t":"Создашь накладную","d":479675189,"a":[],"m":[]},{"i":2020793,"f":151518780,"t":"Привет","d":479675183,"a":[],"m":[]},{"i":2013990,"f":15267753,"t":"+","d":479307373,"a":[],"m":[]},{"i":2013986,"f":151518780,"t":"Все улетели","d":479307318,"a":[],"m":[]},{"i":2013982,"f":151518780,"t":"Спасибо","d":479307268,"a":[],"m":[]},{"i":2013977,"f":15267753,"t":"1300","d":479307129,"a":[],"m":[]},{"i":2013976,"f":15267753,"t":"Накладная успешно создана с номером: 1243160880","d":479307128,"a":[],"m":[]},{"i":2013974,"f":151518780,"t":"2 места","d":479307036,"a":[],"m":[]},{"i":2013973,"f":151518780,"t":"35/30/40","d":479307030,"a":[],"m":[]},{"i":2013971,"f":151518780,"t":"Минск\nДзержинского 11\nГабрусь Сергей Леонидович \n+375292514284\n\n43/55/40-1","d":479307004,"a":[],"m":[]},{"i":2013970,"f":15267753,"t":"Да","d":479306996,"a":[],"m":[]},{"i":2013969,"f":15267753,"t":"Привет","d":479306994,"a":[],"m":[]},{"i":2013968,"f":151518780,"t":"Можешь накладную создать","d":479306987,"a":[],"m":[]},{"i":2013967,"f":151518780,"t":"Привет","d":479306976,"a":[],"m":[]},{"i":1995728,"f":15267753,"t":"+","d":478288475,"a":[],"m":[]},{"i":1995726,"f":151518780,"t":"Оплатил","d":478288458,"a":[],"m":[]},{"i":1995580,"f":15267753,"t":"650","d":478285363,"a":[],"m":[]},{"i":1995579,"f":15267753,"t":"Накладная успешно создана с номером: 1240550065","d":478285361,"a":[],"m":[]},{"i":1995559,"f":151518780,"t":"45/35/30","d":478284756,"a":[],"m":[]},{"i":1995542,"f":15267753,"t":"Ок","d":478284586,"a":[],"m":[]},{"i":1995541,"f":151518780,"t":"Мин 10","d":478284582,"a":[],"m":[]},{"i":1995540,"f":151518780,"t":"","d":478284566,"a":[{"t":0,"s":{"m":"https://sun9-71.userapi.com/impg/ejNwlusPMvA4NW-XvraMvK03j90ufmZVGS8qHQ/9WgxGQkSE1w.jpg?size=607x1080&quality=96&sign=409e82bcbccaf6e5533a3e6ea9257c6a&c_uniq_tag=wYGPSD6q91WMNfW7lg1SIupvQY6-3kNiioyjSDGcHww&type=album","s":"https://sun9-71.userapi.com/impg/ejNwlusPMvA4NW-XvraMvK03j90ufmZVGS8qHQ/9WgxGQkSE1w.jpg?size=340x604&quality=96&sign=de165c78a340363ed57baf88cbd637e9&c_uniq_tag=okTZqrwKPFbpiLmktxQ4IoB1J2HejgTtVG7gv9u2rNA&type=album","n":"https://sun9-71.userapi.com/impg/ejNwlusPMvA4NW-XvraMvK03j90ufmZVGS8qHQ/9WgxGQkSE1w.jpg?size=42x75&quality=96&sign=c785fc31a60393c68926f7ea32bfc077&c_uniq_tag=6Za1qdg_tPB5goPD-REoPmM6N_iq8tT80wmoMmGc7kI&type=album","o":"https://sun9-71.userapi.com/impg/ejNwlusPMvA4NW-XvraMvK03j90ufmZVGS8qHQ/9WgxGQkSE1w.jpg?size=510x900&quality=96&crop=0,0,750,1324&sign=7a4e6fbae2e4b6f3e998e7f5449f718a&c_uniq_tag=Cj7yx2oHowxzYJ23l8Wn7imv21uHhwbyTQvU_WZlUJs&type=album","t":"https://sun9-71.userapi.com/impg/ejNwlusPMvA4NW-XvraMvK03j90ufmZVGS8qHQ/9WgxGQkSE1w.jpg?size=200x356&quality=96&sign=363a61c4e1b4917f2ab31667d0a329db&c_uniq_tag=WAQhDclqVkSXsSJWebBLbnkYDgltoEjqKfA8ia-x0OE&type=album"},"z":"","q":0,"w":0,"o":151518780,"i":457246112,"d":478284566}],"m":[]},{"i":1995535,"f":151518780,"t":"Реактов","d":478284549,"a":[],"m":[]},{"i":1995534,"f":15267753,"t":"Габариты скажешь","d":478284548,"a":[],"m":[]},{"i":1995532,"f":151518780,"t":"4 пары реактор","d":478284541,"a":[],"m":[]},{"i":1995529,"f":15267753,"t":"Да","d":478284536,"a":[],"m":[]},{"i":1995528,"f":15267753,"t":"Привет","d":478284535,"a":[],"m":[]},{"i":1995524,"f":151518780,"t":"Можешь накладную создать в рб","d":478284531,"a":[],"m":[]},{"i":1995517,"f":151518780,"t":"Привет","d":478284515,"a":[],"m":[]},{"i":1923519,"f":15267753,"t":"+","d":474288276,"a":[],"m":[]},{"i":1923518,"f":151518780,"t":"Оплатил","d":474288270,"a":[],"m":[]},{"i":1923517,"f":151518780,"t":"Сейчас закину","d":474288179,"a":[],"m":[]},{"i":1923516,"f":151518780,"t":"Спасибо","d":474288174,"a":[],"m":[]},{"i":1923515,"f":15267753,"t":"акладная успешно создана с номером: 1230840140\n500","d":474288143,"a":[],"m":[]},{"i":1923514,"f":15267753,"t":"Ща сделаю","d":474287941,"a":[],"m":[]},{"i":1923513,"f":151518780,"t":"Пару кг весят примерно","d":474287932,"a":[],"m":[]},{"i":1923512,"f":151518780,"t":"27/40/30","d":474287919,"a":[],"m":[]},{"i":1922936,"f":15267753,"t":"Да","d":474239405,"a":[],"m":[{"f":151518780,"t":"Чуть позже если пришлю \nНорм?","d":474239395,"a":[]}]},{"i":1922935,"f":151518780,"t":"А то не дома","d":474239399,"a":[],"m":[]},{"i":1922934,"f":151518780,"t":"Чуть позже если пришлю \nНорм?","d":474239395,"a":[],"m":[]},{"i":1922931,"f":151518780,"t":"Москва, б-р Кронштадтский, 7а, Цокольный этаж, 1","d":474239378,"a":[],"m":[]},{"i":1922930,"f":151518780,"t":"89169536028 \nЛесин Илья Александрович","d":474239365,"a":[],"m":[]},{"i":1922929,"f":15267753,"t":"Привет, габариты тогда","d":474239363,"a":[],"m":[{"f":151518780,"t":"Создашь накладную\n4 пары","d":474239342,"a":[]}]},{"i":1922928,"f":151518780,"t":"Создашь накладную\n4 пары","d":474239342,"a":[],"m":[]},{"i":1922927,"f":151518780,"t":"Привет","d":474239323,"a":[],"m":[]},{"i":1918529,"f":15267753,"t":"+","d":473948434,"a":[],"m":[]},{"i":1918527,"f":151518780,"t":"Спасибо","d":473948426,"a":[],"m":[]},{"i":1918526,"f":151518780,"t":"Все","d":473948423,"a":[],"m":[]},{"i":1918524,"f":15267753,"t":"Накладная успешно создана с номером: 1229948140\n\n350","d":473948332,"a":[],"m":[]},{"i":1918521,"f":151518780,"t":"Да","d":473947248,"a":[],"m":[]},{"i":1918520,"f":15267753,"t":"Пара?","d":473947238,"a":[],"m":[]},{"i":1918517,"f":151518780,"t":"Деменчук Наталья Альбертовна отделение СДЭК: Москва, Большой Сухаревский пер., 15, стр. 2 +7 (902) 483-20-44","d":473947099,"a":[],"m":[]},{"i":1918516,"f":151518780,"t":"Вот сюда","d":473947096,"a":[],"m":[]},{"i":1918515,"f":151518780,"t":"От меня","d":473947092,"a":[],"m":[]},{"i":1918514,"f":15267753,"t":"Привеи да сейчас могу","d":473947049,"a":[],"m":[]},{"i":1918481,"f":151518780,"t":"Можешь накладную создать по сдеку","d":473944663,"a":[],"m":[]},{"i":1918480,"f":151518780,"t":"Привет","d":473944643,"a":[],"m":[]},{"i":1902447,"f":15267753,"t":"все пришло, за первую тоже","d":473105392,"a":[],"m":[]},{"i":1902446,"f":151518780,"t":"Оплатил","d":473105383,"a":[],"m":[]},{"i":1902443,"f":15267753,"t":"оке","d":473105289,"a":[],"m":[]},{"i":1902442,"f":15267753,"t":"350","d":473105285,"a":[],"m":[]},{"i":1902441,"f":15267753,"t":"Накладная успешно создана с номером: 1228096266","d":473105284,"a":[],"m":[]},{"i":1902440,"f":151518780,"t":"А вторую я оплачу","d":473105281,"a":[],"m":[]},{"i":1902439,"f":151518780,"t":"За первую","d":473105275,"a":[],"m":[]},{"i":1902438,"f":151518780,"t":"Сейчас оплатят","d":473105270,"a":[],"m":[]},{"i":1902431,"f":151518780,"t":"Данков","d":473105184,"a":[],"m":[]},{"i":1902430,"f":151518780,"t":"Одна пара","d":473105181,"a":[],"m":[]},{"i":1902429,"f":15267753,"t":"габариты","d":473105173,"a":[],"m":[]},{"i":1902427,"f":151518780,"t":"Вот сюда","d":473105166,"a":[{"t":0,"s":{"m":"https://sun9-79.userapi.com/impg/AZ31FciQvKzO9VNeCGLIJbkagYn9Z4OJWUjFjQ/vRzVwUvZ7Uc.jpg?size=499x1080&quality=96&sign=63949172929438f47be96365b87ef601&c_uniq_tag=eiLYq63Qbz-PX-4KxklD-1XH5xMjmEzKZ7dJDy_PGZY&type=album","s":"https://sun9-79.userapi.com/impg/AZ31FciQvKzO9VNeCGLIJbkagYn9Z4OJWUjFjQ/vRzVwUvZ7Uc.jpg?size=279x604&quality=96&sign=2c39768a06607a32819f3246ac79b858&c_uniq_tag=5v2yd8MztjkoWJD7eBCxTSH-fx0zvtLfDkV9FWbGdIY&type=album","n":"https://sun9-79.userapi.com/impg/AZ31FciQvKzO9VNeCGLIJbkagYn9Z4OJWUjFjQ/vRzVwUvZ7Uc.jpg?size=35x75&quality=96&sign=f929c1d1b41303740df309069292292b&c_uniq_tag=G0efF4UghBVqnlSg1ORZfFE45ItHJ-NAdP-L-mo-qSY&type=album","o":"https://sun9-79.userapi.com/impg/AZ31FciQvKzO9VNeCGLIJbkagYn9Z4OJWUjFjQ/vRzVwUvZ7Uc.jpg?size=510x900&quality=96&crop=0,0,750,1324&sign=5488775433857c325cba617657ec3934&c_uniq_tag=CGZ9LrVQYfCYc4fdoMSxND-AbRKVpKJwjqucVGLTLF4&type=album","t":"https://sun9-79.userapi.com/impg/AZ31FciQvKzO9VNeCGLIJbkagYn9Z4OJWUjFjQ/vRzVwUvZ7Uc.jpg?size=200x433&quality=96&sign=083fc60d0553aa14a093cf8c5c47d7f0&c_uniq_tag=3XcDBmGmgSMaJMrDEilti9RJVmX_V1E4dyvJzFrhS4I&type=album"},"z":"","q":0,"w":0,"o":151518780,"i":457245654,"d":473105165}],"m":[]},{"i":1902423,"f":151518780,"t":"От меня\n\nПолучатель \nОжогина Серафима Андреевна \n89181354298","d":473105138,"a":[],"m":[]},{"i":1902419,"f":15267753,"t":"да давай","d":473105104,"a":[],"m":[]},{"i":1902415,"f":151518780,"t":"И ещё одну создашь?","d":473105061,"a":[],"m":[]},{"i":1902414,"f":151518780,"t":"Спасибо","d":473105048,"a":[],"m":[]},{"i":1902412,"f":15267753,"t":"850р на сбер 89059515168","d":473105043,"a":[],"m":[]},{"i":1902409,"f":15267753,"t":"Накладная успешно создана с номером: 1228095421","d":473105036,"a":[],"m":[]},{"i":1902397,"f":15267753,"t":"Привет","d":473104862,"a":[],"m":[]},{"i":1902391,"f":151518780,"t":"Краснодар\nКоротаев Владислав Алексеевич \n4кг 40/40/50\n\nКоролев глеб Николаевич \nНагатинская улица 15к1 \n89858137927","d":473104810,"a":[],"m":[]},{"i":1902390,"f":151518780,"t":"Привет","d":473104807,"a":[],"m":[]},{"i":1714095,"f":15267753,"t":"привет, кайф)","d":463349663,"a":[],"m":[]},{"i":1714074,"f":151518780,"t":"Все по кейфу","d":463348335,"a":[],"m":[]},{"i":1714073,"f":151518780,"t":"Все забрал","d":463348330,"a":[],"m":[]},{"i":1714072,"f":151518780,"t":"Привет","d":463348325,"a":[],"m":[]},{"i":1696053,"f":151518780,"t":"","d":462295847,"a":[{"t":4}],"m":[]},{"i":1695666,"f":15267753,"t":"Сдек 1202209894","d":462291354,"a":[],"m":[]},{"i":1695618,"f":151518780,"t":"89628648881","d":462291009,"a":[],"m":[]},{"i":1695617,"f":15267753,"t":"Номер телефона","d":462291000,"a":[],"m":[]},{"i":1695613,"f":151518780,"t":"Проспект чекистов \nОн там один","d":462290992,"a":[],"m":[]},{"i":1695607,"f":151518780,"t":"","d":462290975,"a":[{"t":-1,"s":"money_transfer","v":{"type":"money_transfer","money_transfer":{"id":33929634,"from_id":151518780,"to_id":15267753,"status":1,"date":1601032175,"amount":{"amount":"425000","currency":{"id":643,"name":"RUB","title":"₽"},"text":"4 250 ₽"},"comment":"","is_anonymous":false,"is_vkpay":false,"by_phone":false}}}],"m":[]},{"i":1695604,"f":151518780,"t":"5 мин","d":462290935,"a":[],"m":[]},{"i":1695603,"f":151518780,"t":"Сейчас","d":462290933,"a":[],"m":[]},{"i":1695566,"f":15267753,"t":"И сдек пункт пиши сразу","d":462290687,"a":[],"m":[]},{"i":1695546,"f":15267753,"t":"Да","d":462290613,"a":[],"m":[]},{"i":1695544,"f":151518780,"t":"4250?","d":462290596,"a":[],"m":[]},{"i":1695541,"f":15267753,"t":"Давай","d":462290583,"a":[],"m":[]},{"i":1695539,"f":151518780,"t":"Или не?","d":462290578,"a":[],"m":[]},{"i":1695538,"f":151518780,"t":"В вк","d":462290574,"a":[],"m":[]},{"i":1695536,"f":151518780,"t":"Давай сюда?","d":462290572,"a":[],"m":[]},{"i":1695531,"f":15267753,"t":"Альфа сбер","d":462290546,"a":[],"m":[]},{"i":1695529,"f":15267753,"t":"89059515168","d":462290542,"a":[],"m":[]},{"i":1695509,"f":151518780,"t":"Давай","d":462290454,"a":[],"m":[]},{"i":1695505,"f":15267753,"t":"3510+хелп 300 + сдек 400/450","d":462290433,"a":[],"m":[]},{"i":1695502,"f":15267753,"t":"Привет","d":462290416,"a":[],"m":[]},{"i":1695501,"f":151518780,"t":"Сколько серая л выйдет ?","d":462290415,"a":[],"m":[]},{"i":1695496,"f":151518780,"t":"Привет","d":462290403,"a":[],"m":[]},{"i":1176628,"f":151518780,"t":"Кайф\nСпасибо","d":429404928,"a":[],"m":[]},{"i":1176627,"f":15267753,"t":"Сделано!","d":429404921,"a":[],"m":[]},{"i":1176618,"f":151518780,"t":"Первая запись","d":429404812,"a":[],"m":[]},{"i":1176617,"f":151518780,"t":"На странице у меня","d":429404807,"a":[],"m":[]},{"i":1176615,"f":15267753,"t":"Куда скажи напишу","d":429404798,"a":[],"m":[]},{"i":1176613,"f":151518780,"t":"Отпиши отзыв","d":429404792,"a":[],"m":[]},{"i":1176612,"f":151518780,"t":"Отлично","d":429404784,"a":[],"m":[]},{"i":1176611,"f":15267753,"t":"Спаиьо большое!","d":429404781,"a":[],"m":[]},{"i":1176609,"f":15267753,"t":"Кайф","d":429404778,"a":[],"m":[]},{"i":1176608,"f":15267753,"t":"Я забрал всера кст","d":429404776,"a":[],"m":[]},{"i":1176606,"f":151518780,"t":"Все","d":429404762,"a":[],"m":[]},{"i":1176605,"f":15267753,"t":"Да","d":429404758,"a":[],"m":[]},{"i":1176604,"f":151518780,"t":"Это он?","d":429404750,"a":[],"m":[]},{"i":1176603,"f":151518780,"t":"Павел Алексеевич с","d":429404745,"a":[],"m":[]},{"i":1176601,"f":15267753,"t":"Окей","d":429404731,"a":[],"m":[]},{"i":1176600,"f":15267753,"t":"Ха","d":429404730,"a":[],"m":[]},{"i":1176597,"f":151518780,"t":"Проверил","d":429404720,"a":[],"m":[]},{"i":1176595,"f":151518780,"t":"Есть перевод","d":429404716,"a":[],"m":[]},{"i":1176594,"f":151518780,"t":"Бля","d":429404712,"a":[],"m":[]},{"i":1176589,"f":151518780,"t":"Окей","d":429404659,"a":[],"m":[]},{"i":1176588,"f":15267753,"t":"Странн","d":429404657,"a":[],"m":[]},{"i":1176587,"f":15267753,"t":"Ща напишу ему","d":429404655,"a":[],"m":[]},{"i":1176586,"f":151518780,"t":"Ну да","d":429404649,"a":[],"m":[]},{"i":1176585,"f":15267753,"t":"За шип??","d":429404643,"a":[],"m":[]},{"i":1176583,"f":151518780,"t":"Слушай\nНу паша так и не скинул","d":429404619,"a":[],"m":[]},{"i":1168881,"f":151518780,"t":"👌🏽","d":428757941,"a":[],"m":[]},{"i":1168878,"f":15267753,"t":"за одну кинул, за вторую паша кинет, как вк зайдет","d":428757926,"a":[],"m":[]},{"i":1168865,"f":151518780,"t":"89628648881","d":428757799,"a":[],"m":[]},{"i":1168858,"f":151518780,"t":"","d":428757789,"a":[{"t":3,"o":151518780,"i":512803297,"n":"audio_msg.opus","e":"ogg","s":14855,"url":"https://vk.com/doc151518780_512803297?hash=WSuoFbBHOzanZK23S31rmZxbskvHahKR5Xojy7ODDvD&dl=Y5ft9MxIAn3dSq0KhzfMYOSSWNhLZXuBgOIZbz6wVfz&api=1&no_preview=1"}],"m":[]},{"i":1168857,"f":15267753,"t":"сбер","d":428757785,"a":[],"m":[]},{"i":1168856,"f":15267753,"t":"напиши номер","d":428757783,"a":[],"m":[]},{"i":1168855,"f":15267753,"t":"ок, спасибо","d":428757781,"a":[],"m":[]},{"i":1168854,"f":151518780,"t":"Да","d":428757778,"a":[],"m":[]},{"i":1168853,"f":15267753,"t":"тут две да?","d":428757771,"a":[],"m":[]},{"i":1168848,"f":15267753,"t":"Привет","d":428757749,"a":[],"m":[]},{"i":1168846,"f":151518780,"t":"","d":428757745,"a":[{"t":0,"s":{"m":"https://sun9-9.userapi.com/impf/c855720/v855720558/e214b/qBRoHkZHyR4.jpg?size=809x1080&quality=96&sign=04cf4a937d94b412ca2ac9926600bed4&c_uniq_tag=KlkhuYGhFH48STISBHYCd0epdRJf9inefm8ZN3Phx7s&type=album","s":"https://sun9-9.userapi.com/impf/c855720/v855720558/e214b/qBRoHkZHyR4.jpg?size=453x604&quality=96&sign=9d93cc0b228b98fddce42c32bd70515b&c_uniq_tag=K44vA4RjiO--fC_RG1yL8_UcT-DvfU86yz6KGPZ3KCQ&type=album","n":"https://sun9-9.userapi.com/impf/c855720/v855720558/e214b/qBRoHkZHyR4.jpg?size=56x75&quality=96&sign=9afe1e2c8f5639c91cf0c33e0e0c1620&c_uniq_tag=i5-2xsP8de_1WZQIOaJA7Lz0DZtiKjsUuXIutA-0i9o&type=album","o":"https://sun9-9.userapi.com/impf/c855720/v855720558/e214b/qBRoHkZHyR4.jpg?size=510x681&quality=96&sign=d373a85aadfac1ee58b46d6634f2ecbc&c_uniq_tag=joQj8jzQj4o9LS54fWepqlCbMCXxqDPeRQ2SaYfgWZ4&type=album","t":"https://sun9-9.userapi.com/impf/c855720/v855720558/e214b/qBRoHkZHyR4.jpg?size=200x267&quality=96&sign=3a5a2bcbe0c6bbe550b43ad1ab2ff2bc&c_uniq_tag=Na5G79aI939j_Qb78iMWq0oaIPaR2jhTyZ1rX8De3_g&type=album"},"z":"","q":0,"w":0,"o":151518780,"i":457243190,"d":428757738},{"t":0,"s":{"m":"https://sun9-2.userapi.com/impf/c855020/v855020558/df085/M72kNg1877w.jpg?size=809x1080&quality=96&sign=b5f6fa3fe4c9cb5f0bb35fa2c05e5511&c_uniq_tag=464f58u-NtACZEU_QW-9fxTWsspXlk9y3Bx2YsZiLsQ&type=album","s":"https://sun9-2.userapi.com/impf/c855020/v855020558/df085/M72kNg1877w.jpg?size=453x604&quality=96&sign=39235aaf1c9e2de014f76bf32a3d4266&c_uniq_tag=r-3j0DD_I66W_MQM3iuL7_GbbOKhH43b48dFqwQOKqI&type=album","n":"https://sun9-2.userapi.com/impf/c855020/v855020558/df085/M72kNg1877w.jpg?size=56x75&quality=96&sign=358d5bd11f0c61c616abe41e2dd502f8&c_uniq_tag=lNhIPQUJ0XUZa89ZfxDqArMbUhXn3ZWTeezlp27gFOo&type=album","o":"https://sun9-2.userapi.com/impf/c855020/v855020558/df085/M72kNg1877w.jpg?size=510x681&quality=96&sign=b69f775430d4b28c9e6bd862b04fc55f&c_uniq_tag=WcYxYCJHPuz3vJAK6lRsWFRwxnqTSSgZk5ZIg5VB1ik&type=album","t":"https://sun9-2.userapi.com/impf/c855020/v855020558/df085/M72kNg1877w.jpg?size=200x267&quality=96&sign=3045cff81550c2e4892fbb21349b4e4b&c_uniq_tag=vReGd_DzMmV0Cp8gfcBCc2C3MVoNoE52TYP5ttqLFIE&type=album"},"z":"","q":0,"w":0,"o":151518780,"i":457243189,"d":428757737},{"t":0,"s":{"m":"https://sun9-38.userapi.com/impf/c858128/v858128558/64377/DXSCUXqhQok.jpg?size=809x1080&quality=96&sign=735bd18caa86b9f0a4535108936077b4&c_uniq_tag=ctFktB1VM4tQLXvnKgSNB_LR1oCMjAoYXndu9s1_dpw&type=album","s":"https://sun9-38.userapi.com/impf/c858128/v858128558/64377/DXSCUXqhQok.jpg?size=453x604&quality=96&sign=9d06ba4d4f7c1c039bba57166380f970&c_uniq_tag=h7sRruQJcRTkJCqWtrUK2g-BHZe5GohXi-_6RIYd_eE&type=album","n":"https://sun9-38.userapi.com/impf/c858128/v858128558/64377/DXSCUXqhQok.jpg?size=56x75&quality=96&sign=e0591cfababa8b6db65b1249a91f7c7d&c_uniq_tag=SRE0cw5Hyb_fPh2aU4qaNov_u9Ory74uCPLIJFnCUfM&type=album","o":"https://sun9-38.userapi.com/impf/c858128/v858128558/64377/DXSCUXqhQok.jpg?size=510x681&quality=96&sign=e944240473342b0fecdc16703b49bba2&c_uniq_tag=1obMK-cwVuZ3dgCTCnSgDX1338Po4BVuq_7A1RvjHlw&type=album","t":"https://sun9-38.userapi.com/impf/c858128/v858128558/64377/DXSCUXqhQok.jpg?size=200x267&quality=96&sign=a30e68d13ffa2fe086b6c0be13cf1c93&c_uniq_tag=KtG7tEaXe0U6MeM0A_GDbBXpqiG2gc6LjmGtppMpM5k&type=album"},"z":"","q":0,"w":0,"o":151518780,"i":457243191,"d":428757745}],"m":[]},{"i":1168842,"f":151518780,"t":"Привет","d":428757734,"a":[],"m":[]},{"i":1168116,"f":151518780,"t":"Заебись","d":428681961,"a":[],"m":[]},{"i":1168115,"f":15267753,"t":"Игорь разбанил вчера","d":428681954,"a":[],"m":[]},{"i":1168114,"f":151518780,"t":"А потом с ним все порешали","d":428681952,"a":[],"m":[]},{"i":1168113,"f":151518780,"t":"С мансуровым вроде дела были","d":428681943,"a":[],"m":[]},{"i":1168112,"f":151518780,"t":"👀👀👀👀","d":428681925,"a":[],"m":[]},{"i":1168111,"f":15267753,"t":"разбанили, добавляйся!","d":428681904,"a":[],"m":[]},{"i":1168110,"f":15267753,"t":"привет, а у тебя почему в ск был бан?","d":428681890,"a":[],"m":[]},{"i":1166666,"f":151518780,"t":"Та я уже отправлял так","d":428529842,"a":[],"m":[]},{"i":1166665,"f":15267753,"t":"а. ну збс. мне прост недавно рассказали, я проверил и правда так","d":428529744,"a":[],"m":[]},{"i":1166664,"f":151518780,"t":"Та я знаю это","d":428529724,"a":[],"m":[]},{"i":1166658,"f":15267753,"t":"))","d":428529688,"a":[],"m":[]},{"i":1166657,"f":15267753,"t":"если больше 200 то самой простой отправкой","d":428529688,"a":[],"m":[{"f":15267753,"t":"там смотри щас прикол на почте какой, если все вместе будет меньше 200грамм, то первым классом дешего будет","d":428529641,"a":[]}]},{"i":1166656,"f":151518780,"t":"","d":428529680,"a":[{"t":4}],"m":[]},{"i":1166655,"f":15267753,"t":"ок, отпишешь там скок выйдет","d":428529667,"a":[],"m":[]},{"i":1166653,"f":151518780,"t":"Хорошо","d":428529658,"a":[],"m":[]},{"i":1166650,"f":15267753,"t":"там смотри щас прикол на почте какой, если все вместе будет меньше 200грамм, то первым классом дешего будет","d":428529641,"a":[],"m":[]},{"i":1166649,"f":151518780,"t":"Хорошо","d":428529635,"a":[],"m":[]},{"i":1166648,"f":15267753,"t":"вторую мне:\nНовосибирск\nТришин Илья Игоревич\nул Кирова 336 61 630028","d":428529601,"a":[],"m":[]},{"i":1166646,"f":15267753,"t":"одну ему отправить, я ему на тебя линк кидал, должен адрес скинуть","d":428529563,"a":[],"m":[{"f":350818,"t":"Пиши куда скинуть","d":428529467,"a":[]}]},{"i":1166557,"f":15267753,"t":"спасибо","d":428528431,"a":[],"m":[]},{"i":1166555,"f":151518780,"t":"Окей","d":428528392,"a":[],"m":[]},{"i":1166554,"f":15267753,"t":"там в якутию хотели","d":428528377,"a":[],"m":[]},{"i":1166553,"f":15267753,"t":"если надо будет сможешь помочь пацанам?","d":428528371,"a":[],"m":[]},{"i":1166552,"f":15267753,"t":"оке, спасибо, пока не надо","d":428528363,"a":[],"m":[]},{"i":1166551,"f":151518780,"t":"Ещё три на складе","d":428528334,"a":[],"m":[]},{"i":1166545,"f":151518780,"t":"Окей","d":428528122,"a":[],"m":[]},{"i":1166544,"f":15267753,"t":"ток глянь плиз штоб без косяков","d":428528115,"a":[],"m":[]},{"i":1166543,"f":15267753,"t":"","d":428528107,"a":[{"t":-1,"s":"money_transfer","v":{"type":"money_transfer","money_transfer":{"id":23589852,"from_id":15267753,"to_id":151518780,"status":1,"date":1567269307,"amount":{"amount":"670000","currency":{"id":643,"name":"RUB","title":"₽"},"text":"6 700 ₽"},"comment":"","is_anonymous":false,"is_vkpay":false,"by_phone":false}}}],"m":[]},{"i":1166541,"f":151518780,"t":"Окей","d":428527989,"a":[],"m":[]},{"i":1166540,"f":15267753,"t":"Шип по факту ок?","d":428527983,"a":[],"m":[]},{"i":1166539,"f":15267753,"t":"6700 кину","d":428527979,"a":[],"m":[]},{"i":1166538,"f":15267753,"t":"Ок","d":428527958,"a":[],"m":[]},{"i":1166537,"f":151518780,"t":"По 300","d":428527949,"a":[],"m":[]},{"i":1166535,"f":15267753,"t":"А хелп скока","d":428527938,"a":[],"m":[]},{"i":1166534,"f":151518780,"t":"Либо в вк кинь","d":428527934,"a":[],"m":[]},{"i":1166533,"f":15267753,"t":"Ок","d":428527929,"a":[],"m":[]},{"i":1166532,"f":151518780,"t":"Сберечь и Тиньков","d":428527925,"a":[],"m":[]},{"i":1166531,"f":15267753,"t":"Альфа рокет есть?","d":428527915,"a":[],"m":[]},{"i":1166530,"f":151518780,"t":"На Сбербанка кидай","d":428527912,"a":[],"m":[]},{"i":1166529,"f":15267753,"t":"Пока молчит","d":428527905,"a":[],"m":[]},{"i":1166528,"f":151518780,"t":"89628648881","d":428527905,"a":[],"m":[]},{"i":1166527,"f":15267753,"t":"Другу надо было","d":428527902,"a":[],"m":[]},{"i":1166526,"f":15267753,"t":"А завтра с шипом разберемся?","d":428527898,"a":[],"m":[]},{"i":1166525,"f":15267753,"t":"Давай заберем две хл","d":428527890,"a":[],"m":[]},{"i":1166524,"f":151518780,"t":"Чисто проездом","d":428527879,"a":[],"m":[]},{"i":1166523,"f":151518780,"t":"Нет","d":428527867,"a":[],"m":[]},{"i":1166522,"f":15267753,"t":"Ты долго там еще будешь?","d":428527863,"a":[],"m":[]},{"i":1166521,"f":151518780,"t":"Окей","d":428527854,"a":[],"m":[]},{"i":1166520,"f":15267753,"t":"Хл две заберу","d":428527834,"a":[],"m":[]},{"i":1166514,"f":151518780,"t":"Хл-2\nЛ-1\nХс-1\nС-1","d":428527759,"a":[],"m":[]},{"i":1166513,"f":15267753,"t":"Скажи плиз скока их штук","d":428527742,"a":[],"m":[]},{"i":1166512,"f":15267753,"t":"600 хелп шип?)","d":428527727,"a":[],"m":[]},{"i":1166511,"f":151518780,"t":"Да\nНа клиренсе","d":428527711,"a":[],"m":[]},{"i":1166509,"f":15267753,"t":"Хл этих много штук?","d":428527685,"a":[],"m":[]},{"i":1166505,"f":15267753,"t":"Они на клиренс упали чтоли?)","d":428527612,"a":[],"m":[]},{"i":1166502,"f":151518780,"t":"Да","d":428527581,"a":[],"m":[]},{"i":1166501,"f":15267753,"t":"Найк","d":428527579,"a":[],"m":[]},{"i":1166500,"f":151518780,"t":"Привет","d":428527579,"a":[],"m":[]},{"i":1166499,"f":15267753,"t":"Это краснодар?","d":428527578,"a":[],"m":[]},{"i":1166498,"f":15267753,"t":"Привет","d":428527573,"a":[],"m":[]}]}