{"meta":{"v":"1.2","p":450123,"a":15267753,"t":"Игорь Лисов","d":1691415725},"data":[{"i":2900791,"f":450123,"t":"","d":533581164,"a":[{"t":0,"s":{"m":"https://sun9-80.userapi.com/impg/fINK3uDkpXy6cx1YgCs8M_5pnTNl9OKxtj6rpw/5L9OGBqlhyw.jpg?size=510x900&quality=95&crop=0,0,720,1271&sign=25ce3e5d8ded5424d67b1a79765e0bf3&c_uniq_tag=5emYkQNKubQ-zKDqKQg00NWLejYNx0Yi71GVtlRss7g&type=album","s":"https://sun9-80.userapi.com/impg/fINK3uDkpXy6cx1YgCs8M_5pnTNl9OKxtj6rpw/5L9OGBqlhyw.jpg?size=200x444&quality=95&sign=80525c20f16fe33b7f3210921b287582&c_uniq_tag=qiu1eV_uqOa9D0zjXB1rdZgyfz_x6NbYar8J6k61Sxs&type=album","n":"https://sun9-80.userapi.com/impg/fINK3uDkpXy6cx1YgCs8M_5pnTNl9OKxtj6rpw/5L9OGBqlhyw.jpg?size=720x1600&quality=95&sign=38a3938c007bb291024d8e256f123a31&c_uniq_tag=KWtWB6s13y8RtSDJt5X_rtxzN8Ggp_2W00YI1L1-TqE&type=album","o":"https://sun9-80.userapi.com/impg/fINK3uDkpXy6cx1YgCs8M_5pnTNl9OKxtj6rpw/5L9OGBqlhyw.jpg?size=486x1080&quality=95&sign=46a264c5727903e1f0dcf1bd9f7dba32&c_uniq_tag=ra11sIarFMY_6Arj03IWgN_QJFrxHKaU6VAdsElyEkk&type=album","t":"https://sun9-80.userapi.com/impg/fINK3uDkpXy6cx1YgCs8M_5pnTNl9OKxtj6rpw/5L9OGBqlhyw.jpg?size=272x604&quality=95&sign=df4c34f4a2c9a5174b7bcf741b7520f8&c_uniq_tag=RD3j3ved9F0FvM7-EbEbpVVjrAxDzCjAykg4kVR236Q&type=album"},"z":"","q":0,"w":0,"o":450123,"i":457248233,"d":533581164}],"m":[]},{"i":2900790,"f":450123,"t":"Готово","d":533581159,"a":[],"m":[]},{"i":2900777,"f":450123,"t":"Ок","d":533580600,"a":[],"m":[]},{"i":2900748,"f":15267753,"t":"Номер заказа СДЭК 1392637391 \n350","d":533579618,"a":[],"m":[{"f":450123,"t":"","d":533578528,"a":[],"m":[{"f":467342590,"t":"Тройников Трофим Петрович\n+79935651002\nМосква\nСдек на буденого","d":533528982,"a":[]}]}]},{"i":2900740,"f":15267753,"t":"Привет","d":533579489,"a":[],"m":[]},{"i":2900732,"f":450123,"t":"Оценка 7тр , пара кроссовок","d":533578668,"a":[],"m":[]},{"i":2900731,"f":450123,"t":"Из пункта Алтайская 4","d":533578659,"a":[],"m":[]},{"i":2900727,"f":450123,"t":"Из СПб","d":533578533,"a":[],"m":[]},{"i":2900726,"f":450123,"t":"","d":533578528,"a":[],"m":[{"f":467342590,"t":"Тройников Трофим Петрович\n+79935651002\nМосква\nСдек на буденого","d":533528982,"a":[]}]},{"i":2900725,"f":450123,"t":"Нужна накладная","d":533578516,"a":[],"m":[]},{"i":2900724,"f":450123,"t":"Привет","d":533578509,"a":[],"m":[]},{"i":2863542,"f":450123,"t":"Пасиб","d":530921692,"a":[],"m":[]},{"i":2863448,"f":15267753,"t":"+","d":530911783,"a":[],"m":[]},{"i":2863446,"f":450123,"t":"Готово","d":530911712,"a":[],"m":[]},{"i":2863438,"f":15267753,"t":"89059515168 сбер","d":530911636,"a":[],"m":[]},{"i":2863437,"f":450123,"t":"Напомним куда кидать","d":530911616,"a":[],"m":[]},{"i":2863436,"f":450123,"t":"Ok","d":530911611,"a":[],"m":[]},{"i":2863428,"f":15267753,"t":"Номер заказа СДЭК 1382488823\n450","d":530911174,"a":[],"m":[{"f":450123,"t":"В пункт на \nул. Харьковской 113.  Мазуров Сергей Анатольевич. Тел 89525818476.","d":530910939,"a":[]}]},{"i":2863416,"f":450123,"t":"33x24x22","d":530911086,"a":[],"m":[]},{"i":2863405,"f":450123,"t":"Щас","d":530910967,"a":[],"m":[]},{"i":2863404,"f":15267753,"t":"габарит точный нада","d":530910955,"a":[],"m":[]},{"i":2863403,"f":15267753,"t":"привет","d":530910952,"a":[],"m":[]},{"i":2863402,"f":450123,"t":"2 кг, оценка 10тр","d":530910945,"a":[],"m":[]},{"i":2863401,"f":450123,"t":"В пункт на \nул. Харьковской 113.  Мазуров Сергей Анатольевич. Тел 89525818476.","d":530910939,"a":[],"m":[]},{"i":2863397,"f":450123,"t":"Новошахтинск Ростовской области","d":530910909,"a":[],"m":[]},{"i":2863396,"f":450123,"t":"Из СПб в","d":530910897,"a":[],"m":[]},{"i":2863390,"f":450123,"t":"Нужен сдек","d":530910844,"a":[],"m":[]},{"i":2863389,"f":450123,"t":"Привет","d":530910842,"a":[],"m":[]},{"i":2836669,"f":15267753,"t":"да","d":528998103,"a":[],"m":[]},{"i":2836662,"f":450123,"t":"Из отделения в отделение?","d":528997868,"a":[],"m":[]},{"i":2836661,"f":450123,"t":"Пасиб","d":528997793,"a":[],"m":[]},{"i":2836660,"f":15267753,"t":"600 сдек 40р страховк","d":528997688,"a":[],"m":[]},{"i":2836659,"f":450123,"t":"Примерно хотя бы","d":528997680,"a":[],"m":[]},{"i":2836657,"f":15267753,"t":"привет","d":528997622,"a":[],"m":[]},{"i":2836652,"f":450123,"t":"1кг, 5000р оценка\nДетские кросы, 30x20x20 где-то","d":528997533,"a":[],"m":[]},{"i":2836651,"f":450123,"t":"Из СПб до Иркутска","d":528997501,"a":[],"m":[]},{"i":2836650,"f":450123,"t":"Подскажи плиз цену","d":528997485,"a":[],"m":[]},{"i":2836649,"f":450123,"t":"Приветствую","d":528997482,"a":[],"m":[]},{"i":2668643,"f":15267753,"t":"Ок","d":518159421,"a":[],"m":[]},{"i":2668593,"f":450123,"t":"Отпишусь","d":518137984,"a":[],"m":[]},{"i":2668592,"f":450123,"t":"Спасибо","d":518137983,"a":[],"m":[]},{"i":2668591,"f":450123,"t":"Ок","d":518137980,"a":[],"m":[]},{"i":2668498,"f":15267753,"t":"250","d":518129895,"a":[],"m":[]},{"i":2668497,"f":15267753,"t":"прив","d":518129894,"a":[],"m":[]},{"i":2668322,"f":450123,"t":"0.9кг, минимальная упаковка, 5 тюбиков пропитки","d":518118662,"a":[],"m":[]},{"i":2668320,"f":450123,"t":"Стоить посылка из спб в мск","d":518118624,"a":[],"m":[]},{"i":2668319,"f":450123,"t":"Подскажите сколько будет","d":518118612,"a":[],"m":[]},{"i":2668318,"f":450123,"t":"Привет","d":518118605,"a":[],"m":[]},{"i":2617436,"f":15267753,"t":"Неа","d":514995340,"a":[],"m":[]},{"i":2617435,"f":15267753,"t":"Привет","d":514995339,"a":[],"m":[]},{"i":2617365,"f":450123,"t":"","d":514994150,"a":[{"t":0,"s":{"m":"https://sun9-18.userapi.com/impg/d1IMfEdamaOvLR3rt91EcL47UiWHoAKPlwFnHg/ie1dUGR1PDQ.jpg?size=510x900&quality=95&crop=0,0,720,1271&sign=92feb03692c5d06cd3998fb9dda8e7e3&c_uniq_tag=mOf32lWKZCOQ2K1QHKL5PFA3B1jCG3wPAaiYFtqA7_o&type=album","s":"https://sun9-18.userapi.com/impg/d1IMfEdamaOvLR3rt91EcL47UiWHoAKPlwFnHg/ie1dUGR1PDQ.jpg?size=200x444&quality=95&sign=68a80fb0e6311eb51732034839a176c3&c_uniq_tag=kZRSME6Zuxfo5Aw-FsZz4vFjflNy_gCr7F2cGEzr268&type=album","n":"https://sun9-18.userapi.com/impg/d1IMfEdamaOvLR3rt91EcL47UiWHoAKPlwFnHg/ie1dUGR1PDQ.jpg?size=720x1600&quality=95&sign=aaf15aad70684b8f01819ceafc72ec39&c_uniq_tag=6Ngtu14Qox5Mi6XmHPEgbQibCCR6odym2V9GoxNUVgU&type=album","o":"https://sun9-18.userapi.com/impg/d1IMfEdamaOvLR3rt91EcL47UiWHoAKPlwFnHg/ie1dUGR1PDQ.jpg?size=486x1080&quality=95&sign=580835411446fbfcbe2e42524d70185b&c_uniq_tag=AScaidOhgwZeklKEmRkC8kIwsiZ3gVKEv05BsOGWG8c&type=album","t":"https://sun9-18.userapi.com/impg/d1IMfEdamaOvLR3rt91EcL47UiWHoAKPlwFnHg/ie1dUGR1PDQ.jpg?size=272x604&quality=95&sign=634ccf2b4e6d7e72f146da878caad11e&c_uniq_tag=bPYqn-BjWtO1se7pE4TF9Shmyt4LOVnfzo2mlt0gscE&type=album"},"z":"","q":0,"w":0,"o":450123,"i":457246794,"d":514994150}],"m":[]},{"i":2617364,"f":450123,"t":"Не пробовал сдек из США?","d":514994146,"a":[],"m":[]},{"i":2617363,"f":450123,"t":"Привет","d":514994125,"a":[],"m":[]},{"i":2608557,"f":450123,"t":"👍👌","d":514476046,"a":[],"m":[]},{"i":2608547,"f":15267753,"t":"Да","d":514475871,"a":[],"m":[]},{"i":2608546,"f":450123,"t":"Он оплатил?","d":514475860,"a":[],"m":[]},{"i":2608335,"f":15267753,"t":"+","d":514469029,"a":[],"m":[]},{"i":2607817,"f":450123,"t":"Тогда попрошу его оплатить","d":514402595,"a":[],"m":[]},{"i":2607759,"f":450123,"t":"Да","d":514399613,"a":[],"m":[]},{"i":2607730,"f":15267753,"t":"Накладная успешно создана с номером: 1336333495\n850","d":514397685,"a":[],"m":[]},{"i":2607723,"f":15267753,"t":"Из спб да","d":514397496,"a":[],"m":[]},{"i":2607644,"f":450123,"t":"50x39x25","d":514393996,"a":[],"m":[]},{"i":2607643,"f":450123,"t":"Оценка 19тр","d":514393952,"a":[],"m":[]},{"i":2607642,"f":450123,"t":"4.2 кг","d":514393948,"a":[],"m":[]},{"i":2607641,"f":450123,"t":"Привет","d":514393945,"a":[],"m":[]},{"i":2607221,"f":15267753,"t":"Окей","d":514334339,"a":[],"m":[]},{"i":2607199,"f":450123,"t":"Ночью взвешу посылку","d":514332904,"a":[],"m":[]},{"i":2607198,"f":450123,"t":"Гуд","d":514332894,"a":[],"m":[]},{"i":2607190,"f":15267753,"t":"Да","d":514332671,"a":[],"m":[]},{"i":2607189,"f":15267753,"t":"Привет","d":514332670,"a":[],"m":[]},{"i":2607188,"f":450123,"t":"Сейчас всё ок работает?","d":514332433,"a":[],"m":[]},{"i":2607187,"f":450123,"t":"Нужна опять накладная для Мирного","d":514332426,"a":[],"m":[]},{"i":2607186,"f":450123,"t":"Привет","d":514332414,"a":[],"m":[]},{"i":2585462,"f":15267753,"t":"+","d":512791169,"a":[],"m":[]},{"i":2584948,"f":450123,"t":"Может уже оплатил","d":512758841,"a":[],"m":[]},{"i":2584947,"f":450123,"t":"Там Мирный оплатит","d":512758837,"a":[],"m":[]},{"i":2584767,"f":15267753,"t":"оки","d":512750155,"a":[],"m":[]},{"i":2584751,"f":450123,"t":"Сегодня оплачу","d":512749321,"a":[],"m":[]},{"i":2584750,"f":450123,"t":"Итого та же упаковка","d":512749316,"a":[],"m":[]},{"i":2584732,"f":450123,"t":"Через минут 10 заменю точнее","d":512747363,"a":[],"m":[]},{"i":2584731,"f":450123,"t":"Привет","d":512747357,"a":[],"m":[]},{"i":2584399,"f":15267753,"t":"ок","d":512708259,"a":[],"m":[]},{"i":2584396,"f":450123,"t":"Давай днём уточню по размерам","d":512708232,"a":[],"m":[]},{"i":2584395,"f":15267753,"t":"Накладная успешно создана с номером: 1332594371\n500","d":512708107,"a":[],"m":[]},{"i":2584390,"f":450123,"t":"Ростов на Дону\nМалиновского 5а\nооо наша почта\n89885448882","d":512707359,"a":[],"m":[]},{"i":2584389,"f":450123,"t":"Спб","d":512706824,"a":[],"m":[]},{"i":2584388,"f":15267753,"t":"От тебя город отправки и габарит","d":512706813,"a":[],"m":[]},{"i":2584387,"f":15267753,"t":"И тел да","d":512706809,"a":[],"m":[]},{"i":2584386,"f":450123,"t":"От получателя ФИО и пункт?","d":512706804,"a":[],"m":[]},{"i":2584385,"f":450123,"t":"От меня что нужно?","d":512706794,"a":[],"m":[]},{"i":2584384,"f":450123,"t":"30x25x20","d":512706775,"a":[],"m":[]},{"i":2584357,"f":15267753,"t":"и габарит","d":512705092,"a":[],"m":[]},{"i":2584355,"f":15267753,"t":"прив пиши данные","d":512705089,"a":[],"m":[]},{"i":2583775,"f":450123,"t":"Оценка 20тр","d":512666183,"a":[],"m":[]},{"i":2583774,"f":450123,"t":"4кг","d":512666180,"a":[],"m":[]},{"i":2583773,"f":450123,"t":"Нужна накладная в Ростов","d":512666152,"a":[],"m":[]},{"i":2583772,"f":450123,"t":"Привет","d":512666146,"a":[],"m":[]},{"i":2447544,"f":15267753,"t":"+++++","d":505860566,"a":[],"m":[]},{"i":2447543,"f":450123,"t":"Принял?","d":505860536,"a":[],"m":[]},{"i":2447537,"f":450123,"t":"Готово","d":505859857,"a":[],"m":[]},{"i":2447535,"f":450123,"t":"Сейчас оплаяу","d":505859676,"a":[],"m":[]},{"i":2447534,"f":450123,"t":"Привет","d":505859672,"a":[],"m":[]},{"i":2446672,"f":450123,"t":"Ок","d":505777133,"a":[],"m":[]},{"i":2446665,"f":15267753,"t":"только получить","d":505776789,"a":[],"m":[]},{"i":2446664,"f":15267753,"t":"отправить нельзя","d":505776786,"a":[],"m":[]},{"i":2446662,"f":450123,"t":"Или как это работает?","d":505776715,"a":[],"m":[]},{"i":2446661,"f":450123,"t":"надо печатать бланк тогда?","d":505776709,"a":[],"m":[]},{"i":2446659,"f":15267753,"t":"да","d":505776631,"a":[],"m":[]},{"i":2446658,"f":450123,"t":"Через постаматы можно же как то?","d":505776613,"a":[],"m":[]},{"i":2446651,"f":15267753,"t":"Ок","d":505776430,"a":[],"m":[]},{"i":2446650,"f":450123,"t":"Как только -там кидаю","d":505776420,"a":[],"m":[]},{"i":2446649,"f":450123,"t":"Заказчик пока не подтвердил","d":505776415,"a":[],"m":[]},{"i":2446645,"f":15267753,"t":"89059515168 сбер","d":505776281,"a":[],"m":[]},{"i":2446644,"f":450123,"t":"Напомни куда кидать","d":505776275,"a":[],"m":[]},{"i":2446643,"f":450123,"t":"Норм","d":505776266,"a":[],"m":[]},{"i":2446642,"f":15267753,"t":"Накладная успешно создана с номером: 1314771801\n500","d":505776255,"a":[],"m":[]},{"i":2446641,"f":450123,"t":"Жду цену тогда","d":505776173,"a":[],"m":[]},{"i":2446640,"f":450123,"t":"Ок","d":505776169,"a":[],"m":[]},{"i":2446639,"f":15267753,"t":"берут","d":505776165,"a":[],"m":[]},{"i":2446638,"f":450123,"t":"Яндекс","d":505776141,"a":[],"m":[]},{"i":2446637,"f":450123,"t":"Коробка своя, если они берутс надписями","d":505776140,"a":[],"m":[]},{"i":2446636,"f":450123,"t":"89776570622","d":505776123,"a":[],"m":[]},{"i":2446635,"f":450123,"t":"Солнечногорск","d":505776107,"a":[],"m":[]},{"i":2446634,"f":450123,"t":"Красная 176","d":505776100,"a":[],"m":[]},{"i":2446633,"f":450123,"t":"Пункт","d":505776098,"a":[],"m":[]},{"i":2446632,"f":15267753,"t":"ну получателя да","d":505776082,"a":[],"m":[]},{"i":2446631,"f":450123,"t":"Поздняков Артём Константинович","d":505776079,"a":[],"m":[]},{"i":2446630,"f":450123,"t":"Его?","d":505776066,"a":[],"m":[]},{"i":2446599,"f":15267753,"t":"Фио и номер и пункт","d":505775080,"a":[],"m":[]},{"i":2446598,"f":15267753,"t":"Прифет","d":505775076,"a":[],"m":[]},{"i":2446597,"f":450123,"t":"Коробка 43x43x20","d":505775025,"a":[],"m":[]},{"i":2446595,"f":450123,"t":"3.8кг","d":505774992,"a":[],"m":[]},{"i":2446594,"f":450123,"t":"МО","d":505774964,"a":[],"m":[]},{"i":2446593,"f":450123,"t":"Из СПб в Солнечногорск","d":505774962,"a":[],"m":[]},{"i":2446592,"f":450123,"t":"Нужна посылка","d":505774956,"a":[],"m":[]},{"i":2446591,"f":450123,"t":"Привет","d":505774952,"a":[],"m":[]},{"i":2374634,"f":450123,"t":"Пасиб","d":500676622,"a":[],"m":[]},{"i":2374633,"f":15267753,"t":"+++","d":500676480,"a":[],"m":[]},{"i":2374632,"f":450123,"t":"Готово","d":500676474,"a":[],"m":[]},{"i":2374631,"f":15267753,"t":"посчмитали его","d":500676340,"a":[],"m":[]},{"i":2374630,"f":15267753,"t":"тут наверно","d":500676333,"a":[],"m":[{"f":15267753,"t":"89059515168 сбер","d":488213462,"a":[]}]},{"i":2374629,"f":450123,"t":"Разн что","d":500676303,"a":[],"m":[]},{"i":2374628,"f":15267753,"t":"ой а я не помню, делали вроде","d":500676299,"a":[],"m":[]},{"i":2374627,"f":450123,"t":"","d":500676297,"a":[],"m":[{"f":15267753,"t":"430+50₽ моя комса\nИтого 70₽ у тебя осталось, ок","d":483927553,"a":[],"m":[{"f":450123,"t":"430р сказали в итоге","d":483915099,"a":[]}]}]},{"i":2374626,"f":450123,"t":"У нас не оставалось никаких остатков?","d":500676277,"a":[],"m":[]},{"i":2374625,"f":15267753,"t":"89059515168 сбер сбп есть","d":500676275,"a":[],"m":[]},{"i":2374624,"f":450123,"t":"На какой номер?","d":500676263,"a":[],"m":[]},{"i":2374623,"f":15267753,"t":"Накладная успешно создана с номером: 1299100523\n480","d":500676233,"a":[],"m":[]},{"i":2374619,"f":450123,"t":"С  оценкой 3тр","d":500675722,"a":[],"m":[]},{"i":2374615,"f":450123,"t":"+79165302630","d":500675583,"a":[],"m":[]},{"i":2374614,"f":450123,"t":"Щас","d":500675570,"a":[],"m":[]},{"i":2374613,"f":15267753,"t":"тел еще получателя","d":500675537,"a":[],"m":[]},{"i":2374587,"f":450123,"t":"Из пункта","d":500674434,"a":[],"m":[]},{"i":2374586,"f":450123,"t":"Да","d":500674422,"a":[],"m":[]},{"i":2374582,"f":15267753,"t":"из спб склад?","d":500674348,"a":[],"m":[]},{"i":2374579,"f":450123,"t":"Купрюхин Семён Борисович","d":500674298,"a":[],"m":[]},{"i":2374576,"f":450123,"t":"Получатель","d":500674285,"a":[],"m":[]},{"i":2374574,"f":450123,"t":"В этот пункт","d":500674279,"a":[],"m":[]},{"i":2374573,"f":450123,"t":"СДЭК, Москва, Загородное шоссе, 10, корпус 4","d":500674277,"a":[],"m":[]},{"i":2374422,"f":450123,"t":"Ок","d":500667955,"a":[],"m":[]},{"i":2374420,"f":15267753,"t":"до 00 мск примерно","d":500667831,"a":[],"m":[]},{"i":2374419,"f":450123,"t":"Может смогу выбраться отправить","d":500667817,"a":[],"m":[]},{"i":2374418,"f":450123,"t":"Ты до сколько будешь онлайн?","d":500667812,"a":[],"m":[]},{"i":2374417,"f":450123,"t":"Ок","d":500667805,"a":[],"m":[]},{"i":2374406,"f":15267753,"t":"если до 15 то приходить","d":500667177,"a":[],"m":[]},{"i":2374403,"f":450123,"t":"Курьер день в день не приходит?","d":500667042,"a":[],"m":[]},{"i":2374402,"f":450123,"t":"Ок","d":500667010,"a":[],"m":[]},{"i":2374399,"f":15267753,"t":"450 склад склад \n650 дверь склад","d":500666895,"a":[],"m":[]},{"i":2374398,"f":450123,"t":"Доставка в пункт в москве","d":500666881,"a":[],"m":[]},{"i":2374397,"f":450123,"t":"И без курьера","d":500666817,"a":[],"m":[]},{"i":2374396,"f":450123,"t":"Как то так","d":500666813,"a":[],"m":[]},{"i":2374395,"f":450123,"t":"50-40-30","d":500666811,"a":[],"m":[]},{"i":2374392,"f":15267753,"t":"габариты нужны","d":500666723,"a":[],"m":[]},{"i":2374391,"f":15267753,"t":"привет","d":500666720,"a":[],"m":[]},{"i":2374387,"f":450123,"t":"Чтоб курьер забрал, коробка килограмм 8","d":500666531,"a":[],"m":[]},{"i":2374386,"f":450123,"t":"Подскажи сколько будет стоить из СПб в москву","d":500666516,"a":[],"m":[]},{"i":2374385,"f":450123,"t":"Привет","d":500666504,"a":[],"m":[]},{"i":2174696,"f":15267753,"t":"+++","d":488213589,"a":[],"m":[]},{"i":2174692,"f":450123,"t":"Готово","d":488213509,"a":[],"m":[]},{"i":2174687,"f":450123,"t":"Ок","d":488213466,"a":[],"m":[]},{"i":2174686,"f":15267753,"t":"89059515168 сбер","d":488213462,"a":[],"m":[]},{"i":2174685,"f":15267753,"t":"Скинули номер да тебе","d":488213451,"a":[],"m":[]},{"i":2174684,"f":15267753,"t":"Привет","d":488213445,"a":[],"m":[]},{"i":2174682,"f":450123,"t":"Давай оплачу","d":488213436,"a":[],"m":[]},{"i":2174681,"f":450123,"t":"Привет","d":488213434,"a":[],"m":[]},{"i":2173275,"f":15267753,"t":"370 со страховкой","d":488138359,"a":[],"m":[]},{"i":2173274,"f":15267753,"t":"привет","d":488138313,"a":[],"m":[]},{"i":2173272,"f":450123,"t":"Одна пара с оценкой 3тр","d":488138299,"a":[],"m":[]},{"i":2173271,"f":450123,"t":"Сколько будет стоить из Сочи в Спб","d":488138293,"a":[],"m":[]},{"i":2173270,"f":450123,"t":"Привет","d":488138285,"a":[],"m":[]},{"i":2134805,"f":450123,"t":"Сейчас решат","d":486170518,"a":[],"m":[]},{"i":2134803,"f":15267753,"t":"350 шип и 30 страховка","d":486169825,"a":[],"m":[]},{"i":2134801,"f":450123,"t":"Одна пара 4тр оценка","d":486169785,"a":[],"m":[]},{"i":2134800,"f":450123,"t":"Сколько будет из Спб в Казань?","d":486169779,"a":[],"m":[]},{"i":2134799,"f":450123,"t":"Ок","d":486169768,"a":[],"m":[]},{"i":2134798,"f":15267753,"t":"Да конечно","d":486169762,"a":[],"m":[]},{"i":2134797,"f":15267753,"t":"Привет","d":486169758,"a":[],"m":[]},{"i":2134796,"f":450123,"t":"Ещё в силе сдек?","d":486169742,"a":[],"m":[]},{"i":2134795,"f":450123,"t":"Привет","d":486169736,"a":[],"m":[]},{"i":2099988,"f":450123,"t":"Ок","d":483932137,"a":[],"m":[]},{"i":2099932,"f":15267753,"t":"430+50₽ моя комса\nИтого 70₽ у тебя осталось, ок","d":483927553,"a":[],"m":[{"f":450123,"t":"430р сказали в итоге","d":483915099,"a":[]}]},{"i":2099829,"f":450123,"t":"На следующий раз тогда о, таким разницу?","d":483920756,"a":[],"m":[]},{"i":2099452,"f":450123,"t":"С коробкой","d":483915106,"a":[],"m":[]},{"i":2099451,"f":450123,"t":"430р сказали в итоге","d":483915099,"a":[],"m":[]},{"i":2098557,"f":450123,"t":"Ok","d":483891648,"a":[],"m":[]},{"i":2098556,"f":15267753,"t":"Упаковку на договор закинешь","d":483891638,"a":[],"m":[]},{"i":2098555,"f":15267753,"t":"Там мб за бокс еще возьмут у тебя","d":483891609,"a":[],"m":[{"f":15267753,"t":"Я тебе верну че осталось","d":483891601,"a":[]}]},{"i":2098554,"f":15267753,"t":"Да","d":483891602,"a":[],"m":[{"f":450123,"t":"475 надо было?","d":483891593,"a":[]}]},{"i":2098553,"f":15267753,"t":"Я тебе верну че осталось","d":483891601,"a":[],"m":[]},{"i":2098552,"f":450123,"t":"475 надо было?","d":483891593,"a":[],"m":[]},{"i":2098551,"f":15267753,"t":"Ну давай как шипнешь","d":483891593,"a":[],"m":[]},{"i":2098550,"f":450123,"t":"Напутал","d":483891585,"a":[],"m":[]},{"i":2098549,"f":15267753,"t":"Но лучше самому конеяно упаковать","d":483891583,"a":[],"m":[]},{"i":2098548,"f":15267753,"t":"Да за бабки дадут","d":483891578,"a":[],"m":[{"f":450123,"t":"Они дают коробки ? Или только пакеты?","d":483891175,"a":[]}]},{"i":2098547,"f":15267753,"t":"Много скинул чтото)","d":483891571,"a":[],"m":[]},{"i":2098546,"f":15267753,"t":"+","d":483891566,"a":[],"m":[]},{"i":2098542,"f":450123,"t":"Скинул 550","d":483891235,"a":[],"m":[]},{"i":2098541,"f":450123,"t":"Они дают коробки ? Или только пакеты?","d":483891175,"a":[],"m":[]},{"i":2098540,"f":450123,"t":"Ок","d":483891143,"a":[],"m":[]},{"i":2098508,"f":15267753,"t":"Отредактировал, на 75₽ дороже","d":483890773,"a":[],"m":[]},{"i":2098505,"f":450123,"t":"Ок","d":483890721,"a":[],"m":[]},{"i":2098504,"f":450123,"t":"Надо с","d":483890719,"a":[],"m":[]},{"i":2098503,"f":15267753,"t":"Могу отредактировать","d":483890704,"a":[],"m":[]},{"i":2098502,"f":15267753,"t":"Без","d":483890700,"a":[],"m":[]},{"i":2098500,"f":450123,"t":"Надо на тыщ 10","d":483890692,"a":[],"m":[]},{"i":2098499,"f":450123,"t":"Это со страховкой?","d":483890689,"a":[],"m":[]},{"i":2098486,"f":15267753,"t":"89059515168 сбер","d":483890538,"a":[],"m":[]},{"i":2098485,"f":15267753,"t":"475","d":483890533,"a":[],"m":[]},{"i":2098484,"f":15267753,"t":"Накладная успешно создана с номером: 1253988896","d":483890532,"a":[],"m":[]},{"i":2098476,"f":450123,"t":"3 пары легкие","d":483890463,"a":[],"m":[]},{"i":2098474,"f":15267753,"t":"Пара?","d":483890457,"a":[],"m":[]},{"i":2098473,"f":450123,"t":"Джабраилов Имран Абухаджиевич \nМосква , профсоюзная 45 ( сдэк ) \n89998631203","d":483890453,"a":[],"m":[]},{"i":2098471,"f":450123,"t":"Из спб нужно отправить","d":483890451,"a":[],"m":[]},{"i":2098470,"f":450123,"t":"Вот сюда","d":483890444,"a":[],"m":[]},{"i":2098469,"f":450123,"t":"Ок","d":483890432,"a":[],"m":[]},{"i":2098419,"f":15267753,"t":"Да","d":483889881,"a":[],"m":[]},{"i":2098418,"f":15267753,"t":"Привет","d":483889881,"a":[],"m":[]},{"i":2098415,"f":450123,"t":"Ты делаешь накладные сдек?","d":483889842,"a":[],"m":[]},{"i":2098413,"f":450123,"t":"Привет","d":483889831,"a":[],"m":[]},{"i":1705604,"f":450123,"t":"Их давно нет в магазах","d":462821457,"a":[],"m":[]},{"i":1705587,"f":450123,"t":"да","d":462820703,"a":[],"m":[]},{"i":1705586,"f":15267753,"t":"одна да пара","d":462820697,"a":[],"m":[]},{"i":1705585,"f":450123,"t":"5700","d":462820690,"a":[],"m":[]},{"i":1705583,"f":15267753,"t":"цена","d":462820680,"a":[],"m":[]},{"i":1705582,"f":15267753,"t":"привет","d":462820680,"a":[],"m":[]},{"i":1705581,"f":450123,"t":"11 размер есть вапоры","d":462820673,"a":[],"m":[]},{"i":1705579,"f":450123,"t":"хай","d":462820671,"a":[],"m":[]},{"i":1388559,"f":450123,"t":"Боксы целые","d":442686993,"a":[],"m":[]},{"i":1388558,"f":450123,"t":"От 3шт 3900","d":442686952,"a":[],"m":[]},{"i":1388557,"f":450123,"t":"9.5-12 размерв","d":442686942,"a":[],"m":[]},{"i":1388556,"f":450123,"t":"Рыжие 3 фк","d":442686930,"a":[],"m":[]},{"i":1388555,"f":450123,"t":"Есть вапоры по 4400","d":442686925,"a":[],"m":[]},{"i":1388554,"f":450123,"t":"Хай","d":442686920,"a":[],"m":[]},{"i":1387704,"f":450123,"t":"11 размер","d":442606927,"a":[],"m":[]},{"i":1387703,"f":450123,"t":"Эти 7500","d":442606926,"a":[{"t":0,"s":{"m":"https://sun9-57.userapi.com/impg/c854220/v854220330/1f050e/6pNYXGo62Qw.jpg?size=1280x960&quality=96&sign=5b142d079443867138470524833eaec3&c_uniq_tag=sH0Y4aXmNIAsEZNRlaPwxz__lkswg7YrcqPldaYGj1w&type=album","s":"https://sun9-57.userapi.com/impg/c854220/v854220330/1f050e/6pNYXGo62Qw.jpg?size=604x453&quality=96&sign=a4973f56df15ec8f7fa716f5896df510&c_uniq_tag=6R95XdXZw5HKeHJ_vG8n6fL6ubfUZoO5i7dYX2Atdwc&type=album","n":"https://sun9-57.userapi.com/impg/c854220/v854220330/1f050e/6pNYXGo62Qw.jpg?size=75x56&quality=96&sign=c9855b2aab09e73dc7b5342cc41afd82&c_uniq_tag=sLpUebb3ubVtj9NebNPCElnZEWMw1Rdof7uZibC4DY8&type=album","o":"https://sun9-57.userapi.com/impg/c854220/v854220330/1f050e/6pNYXGo62Qw.jpg?size=510x382&quality=96&sign=7cee820fd57a2ecb8bc033c46c0bce21&c_uniq_tag=_QbA07Bu_8jdkgcsc1sOr8-jQ7ms3BYvnyVlBEqMPfQ&type=album","t":"https://sun9-57.userapi.com/impg/c854220/v854220330/1f050e/6pNYXGo62Qw.jpg?size=200x150&quality=96&sign=d54e9acf85d43ac7b7568f3af4ffd2be&c_uniq_tag=MNFTYzf61taanOP1YZiSuVvjMu8NuiqJ7mK9ojZmLxo&type=album"},"z":"","q":0,"w":0,"o":450123,"i":457243151,"d":442606925}],"m":[]},{"i":1387702,"f":450123,"t":"","d":442606916,"a":[{"t":0,"s":{"m":"https://sun9-25.userapi.com/impg/c857528/v857528330/17283d/vEt_xiR2VrU.jpg?size=1280x960&quality=96&sign=8be54719262206e40295e3a627d5e8cf&c_uniq_tag=ZyeKcdoXx4vPKmu1XtW5eYw9CHUuX76KtAJGfiDVLto&type=album","s":"https://sun9-25.userapi.com/impg/c857528/v857528330/17283d/vEt_xiR2VrU.jpg?size=604x453&quality=96&sign=1cd2fd0b596cff46f0c12ab2d8b81b19&c_uniq_tag=MBUpAb8AjSicEuSAEvx7LoIwDDg0mKI0tWB5yXo5KTs&type=album","n":"https://sun9-25.userapi.com/impg/c857528/v857528330/17283d/vEt_xiR2VrU.jpg?size=75x56&quality=96&sign=08dfde4cbbdce7cde7540cd69e203374&c_uniq_tag=NNzvHtkhOrDOcNBhfZU62CS8HGsqAL1qdVQIi9DEnfk&type=album","o":"https://sun9-25.userapi.com/impg/c857528/v857528330/17283d/vEt_xiR2VrU.jpg?size=510x382&quality=96&sign=d1747ce82439aa422f1c410ce29e5389&c_uniq_tag=g_hrdh3GS8QPSZEwuR8z985NpG80ltQwQCnxfsIZYV4&type=album","t":"https://sun9-25.userapi.com/impg/c857528/v857528330/17283d/vEt_xiR2VrU.jpg?size=200x150&quality=96&sign=004921c0543a380159f546bc19e06f97&c_uniq_tag=gUPK0fhhQVJNGIUqr6B4BZGIhV4blcg_eVRix0zg5SY&type=album"},"z":"","q":0,"w":0,"o":450123,"i":457243150,"d":442606916}],"m":[]},{"i":1387692,"f":15267753,"t":"Ладно)","d":442606838,"a":[],"m":[]},{"i":1387690,"f":15267753,"t":"А","d":442606836,"a":[],"m":[]},{"i":1387689,"f":15267753,"t":"П","d":442606835,"a":[],"m":[]},{"i":1387688,"f":15267753,"t":"Не понял немного","d":442606834,"a":[],"m":[]},{"i":1387687,"f":450123,"t":"Черные","d":442606833,"a":[],"m":[]},{"i":1387686,"f":450123,"t":"За 6500 бокс целый с мешком","d":442606829,"a":[],"m":[]},{"i":1387685,"f":15267753,"t":"Привет","d":442606829,"a":[],"m":[]},{"i":1387684,"f":450123,"t":"Если кому надо","d":442606822,"a":[],"m":[]},{"i":1387683,"f":450123,"t":"Ким Джонс есть 10.5","d":442606819,"a":[],"m":[]},{"i":1387682,"f":450123,"t":"Привет","d":442606814,"a":[],"m":[]},{"i":1136225,"f":15267753,"t":"нет","d":426451059,"a":[],"m":[]},{"i":1136224,"f":450123,"t":"?","d":426451051,"a":[],"m":[]},{"i":1136223,"f":450123,"t":"Ты себе взял 13 размер\\","d":426451050,"a":[],"m":[]},{"i":1136219,"f":15267753,"t":"Пара в дисконте стоит","d":426450758,"a":[],"m":[]},{"i":1136218,"f":15267753,"t":"Как я ему сделаю","d":426450754,"a":[],"m":[]},{"i":1136217,"f":15267753,"t":"Привет","d":426450751,"a":[],"m":[]},{"i":1136216,"f":450123,"t":"Деньги он мне передаст","d":426450521,"a":[],"m":[]},{"i":1136215,"f":450123,"t":"С чеком может","d":426450515,"a":[],"m":[]},{"i":1136214,"f":450123,"t":"С тегом или ещё чем","d":426450512,"a":[],"m":[]},{"i":1136213,"f":450123,"t":"Так сделаешь фотку ему?","d":426450507,"a":[],"m":[]},{"i":1136212,"f":450123,"t":"Хац","d":426450501,"a":[],"m":[]},{"i":1135465,"f":450123,"t":"Сегодня буду онлайн","d":426393664,"a":[],"m":[]},{"i":1135464,"f":450123,"t":"Деньги готовы","d":426393660,"a":[],"m":[]},{"i":1135463,"f":450123,"t":"Себе?","d":426393655,"a":[],"m":[]},{"i":1134609,"f":15267753,"t":"я их так сам вынесу, пока вы думать будете","d":426331619,"a":[{"t":0,"s":{"m":"https://sun9-27.userapi.com/impf/c851224/v851224229/18f9a5/QK2BhN4DD5o.jpg?size=810x1080&quality=96&sign=7087fa2aaaf72f6028c9e64aad24e707&c_uniq_tag=12JD0W31uMLm9kDEPS6bv3pc3pI0lsnOvgezrxx4mPw&type=album","s":"https://sun9-27.userapi.com/impf/c851224/v851224229/18f9a5/QK2BhN4DD5o.jpg?size=453x604&quality=96&sign=3e2222d3b315f0c61640903c6c18e0ba&c_uniq_tag=iFTBeGYgjyTM37Xqv4yt2XwncR3BvCterJwAwyO4-9o&type=album","n":"https://sun9-27.userapi.com/impf/c851224/v851224229/18f9a5/QK2BhN4DD5o.jpg?size=56x75&quality=96&sign=4fa85d7b8ca33f3a9b19287988f019f2&c_uniq_tag=Zn0kTdRd9JDhbP6i5a-sec6U4e9ZcZdrqROfIyN9hGw&type=album","o":"https://sun9-27.userapi.com/impf/c851224/v851224229/18f9a5/QK2BhN4DD5o.jpg?size=510x680&quality=96&sign=860f0890d0a21aa7090166cfc18aabae&c_uniq_tag=oK5ykXHgCoiaprXkR21CXyFmnLHcqd-AUgCGwm_rgTY&type=album","t":"https://sun9-27.userapi.com/impf/c851224/v851224229/18f9a5/QK2BhN4DD5o.jpg?size=200x267&quality=96&sign=7cbf0a53cd50942aa53acbf06761528c&c_uniq_tag=bSLlf8G6KnhtPTtamgLOho68GswwqVc8ZAWk4QI5Xbs&type=album"},"z":"","q":0,"w":0,"o":15267753,"i":457251364,"d":426331611}],"m":[]},{"i":1134608,"f":15267753,"t":"хз, завтра мб буду там","d":426331588,"a":[],"m":[]},{"i":1134410,"f":450123,"t":"Сможешь завтра взять? И сфоткать ему? Он боится деньги отправлять","d":426298293,"a":[],"m":[]},{"i":1134409,"f":450123,"t":"Друг хочет себе 13us","d":426298275,"a":[],"m":[]},{"i":1134408,"f":450123,"t":"Ночьб будет на связи","d":426298267,"a":[],"m":[]},{"i":1134407,"f":450123,"t":"Этот америкос молчит пока","d":426298259,"a":[],"m":[]},{"i":1134406,"f":450123,"t":"Привет","d":426298252,"a":[],"m":[]},{"i":1132345,"f":15267753,"t":"Ок","d":426116634,"a":[],"m":[]},{"i":1132190,"f":450123,"t":"Палку не вывести будет до понедельника","d":426102567,"a":[],"m":[]},{"i":1132189,"f":450123,"t":"Блин,выходные","d":426102560,"a":[],"m":[]},{"i":1131766,"f":15267753,"t":"4 пары в ог боксе и одна не в ог","d":426066632,"a":[],"m":[]},{"i":1131765,"f":15267753,"t":"Да","d":426066624,"a":[],"m":[]},{"i":1131755,"f":450123,"t":"?","d":426043246,"a":[],"m":[]},{"i":1131754,"f":450123,"t":"4 пары итого\\","d":426043244,"a":[],"m":[]},{"i":1131605,"f":15267753,"t":"И 9 не в ог боксе","d":426029521,"a":[],"m":[]},{"i":1131604,"f":15267753,"t":"ог боксе 13 ус 8ус 9.5ус 9.5ус","d":426029517,"a":[],"m":[]},{"i":1131570,"f":450123,"t":"Что осталось?","d":426026017,"a":[],"m":[]},{"i":1131569,"f":450123,"t":"Хай","d":426026013,"a":[],"m":[]},{"i":1131474,"f":450123,"t":"Дада","d":426011794,"a":[],"m":[]},{"i":1130994,"f":15267753,"t":"тебе только с ог боксами?","d":425997188,"a":[],"m":[]},{"i":1130760,"f":15267753,"t":"Ну да, нада смотреть, это было почти неделю назад","d":425991705,"a":[],"m":[]},{"i":1130025,"f":450123,"t":"4 в родных коробках?","d":425951771,"a":[],"m":[]},{"i":1130021,"f":450123,"t":"Ok","d":425951759,"a":[],"m":[]},{"i":1129520,"f":15267753,"t":"Только эти были","d":425943889,"a":[],"m":[]},{"i":1129478,"f":450123,"t":"Или ещё есть? В родных коробках","d":425942697,"a":[],"m":[]},{"i":1129476,"f":450123,"t":"Эти размеры","d":425942684,"a":[],"m":[]},{"i":1129475,"f":450123,"t":"","d":425942679,"a":[],"m":[{"f":50329189,"t":"9х2\n9.5 х2\n8х1","d":425633575,"a":[]}]},{"i":1129472,"f":450123,"t":"Я ему буду посылку тут собирать потом","d":425942605,"a":[],"m":[]},{"i":1129471,"f":450123,"t":"В спб","d":425942601,"a":[],"m":[]},{"i":1129470,"f":450123,"t":"Мне","d":425942590,"a":[],"m":[]},{"i":1129469,"f":450123,"t":"Мнн","d":425942587,"a":[],"m":[]},{"i":1129468,"f":450123,"t":"Нене","d":425942586,"a":[],"m":[]},{"i":1129466,"f":15267753,"t":"сша же сразу?","d":425941568,"a":[],"m":[]},{"i":1129465,"f":15267753,"t":"а чем отправлять?","d":425941564,"a":[],"m":[]},{"i":1129464,"f":15267753,"t":"ну давай попробуем","d":425941513,"a":[],"m":[]},{"i":1129462,"f":450123,"t":"выводятся на следующий день","d":425941469,"a":[],"m":[]},{"i":1129460,"f":450123,"t":"он просто не может карту иначе использовать","d":425941460,"a":[],"m":[]},{"i":1129459,"f":450123,"t":"не будет никаких споров итд","d":425941453,"a":[],"m":[]},{"i":1129458,"f":450123,"t":"у меня норм","d":425941448,"a":[],"m":[]},{"i":1129180,"f":15267753,"t":"оно мне не надо, я навоевался уже","d":425931680,"a":[],"m":[]},{"i":1129179,"f":15267753,"t":"ну и инвойсом сам понимаешь, споры всякие","d":425931673,"a":[],"m":[]},{"i":1129178,"f":15267753,"t":"пару дней от нажатия кнопки до того как упадут мне на карту","d":425931652,"a":[],"m":[]},{"i":1129177,"f":15267753,"t":"ну я их буду выводить","d":425931638,"a":[],"m":[]},{"i":1129175,"f":450123,"t":"У меня все ок","d":425931390,"a":[],"m":[]},{"i":1129174,"f":450123,"t":"Почему?","d":425931383,"a":[],"m":[]},{"i":1128646,"f":15267753,"t":"ну инвойсом я не смогу бабки вывести сразу)","d":425862091,"a":[],"m":[]},{"i":1128645,"f":15267753,"t":"да","d":425862080,"a":[],"m":[]},{"i":1128638,"f":450123,"t":"Пары ещё остались?","d":425861859,"a":[],"m":[]},{"i":1128637,"f":450123,"t":"ТК с кредитки иначе никак","d":425861847,"a":[],"m":[]},{"i":1128636,"f":450123,"t":"Мне раньше инвойсом платил","d":425861842,"a":[],"m":[]},{"i":1128635,"f":450123,"t":"Щас спрошу","d":425861836,"a":[],"m":[]},{"i":1128595,"f":15267753,"t":"будет перевод личный или инвойс?","d":425857893,"a":[],"m":[]},{"i":1128590,"f":450123,"t":"Я дофига в штаты продал","d":425857445,"a":[],"m":[]},{"i":1128589,"f":450123,"t":"Я бы не спрашивал","d":425857434,"a":[],"m":[]},{"i":1128588,"f":450123,"t":"У меня лимит исчерпан","d":425857431,"a":[],"m":[]},{"i":1128358,"f":15267753,"t":"а тебе не может кинуть, а ты мне рубли на карту?","d":425851614,"a":[],"m":[]},{"i":1128348,"f":450123,"t":"Он платит через кредитку,поэтому палку просит","d":425848158,"a":[],"m":[]},{"i":1128347,"f":450123,"t":"Ему надо","d":425848149,"a":[],"m":[]},{"i":1128346,"f":450123,"t":"Он","d":425848145,"a":[],"m":[]},{"i":1127406,"f":15267753,"t":"Но лучше сбер/альфа/рокет/вк","d":425775500,"a":[],"m":[]},{"i":1127385,"f":15267753,"t":"Он или ты будет кидать? Попробую найти","d":425775143,"a":[],"m":[]},{"i":1127384,"f":15267753,"t":"Ну придумать можно ченить","d":425775133,"a":[],"m":[]},{"i":1127380,"f":15267753,"t":"Забанили давно уже","d":425775081,"a":[],"m":[]},{"i":1127355,"f":450123,"t":"они америкос","d":425773430,"a":[],"m":[]},{"i":1127354,"f":450123,"t":"есть paypal?","d":425773427,"a":[],"m":[]},{"i":1127352,"f":450123,"t":"мне они другу нужны","d":425773421,"a":[],"m":[]},{"i":1127351,"f":450123,"t":"только зашел","d":425773417,"a":[],"m":[]},{"i":1126804,"f":15267753,"t":"Делаем дела?","d":425735299,"a":[],"m":[]},{"i":1126469,"f":15267753,"t":"https://vk.com/board17504165?act=search&q=%D1%82%D1%80%D0%B8%D1%88%D0%B8%D0%BD","d":425682069,"a":[],"m":[]},{"i":1126460,"f":15267753,"t":"","d":425681951,"a":[{"t":0,"s":{"m":"https://sun9-78.userapi.com/impf/c858216/v858216524/2c90d/MIVX_Yy5KtY.jpg?size=607x1080&quality=96&sign=bf0861a1528cc7468ed02a3c5953edf2&c_uniq_tag=Gt0sOPzUAEpyrvUd3K58eG6kf5DYpF_GqV3b-w9Uz3Y&type=album","s":"https://sun9-78.userapi.com/impf/c858216/v858216524/2c90d/MIVX_Yy5KtY.jpg?size=340x604&quality=96&sign=0d335fe5cd4c2887b4f3d4d303fde72e&c_uniq_tag=fWFX2J8YZCf_cZwEGJ97SwkynzX_c0o90broiaXFq-0&type=album","n":"https://sun9-78.userapi.com/impf/c858216/v858216524/2c90d/MIVX_Yy5KtY.jpg?size=42x75&quality=96&sign=9069d8e6d59d6e6c0077f33de5bad265&c_uniq_tag=Ld7ro-jFPmf1pIzj9jDyq518SvrhScQGIvHrC0hYzKE&type=album","o":"https://sun9-78.userapi.com/impf/c858216/v858216524/2c90d/MIVX_Yy5KtY.jpg?size=510x900&quality=96&crop=0,0,750,1324&sign=e4ead430a5e10bac687480fe616e5451&c_uniq_tag=GqfFrtGA8L3nkzGIdeyHgounvI9ErumQMQnSF3jMqGw&type=album","t":"https://sun9-78.userapi.com/impf/c858216/v858216524/2c90d/MIVX_Yy5KtY.jpg?size=200x356&quality=96&sign=f82d28de6e2d158737ddc8b1abf06572&c_uniq_tag=EgQ8io0cN4Zd9g_s4NjhW6fyvu2PQhMV-CGhuSKpx0U&type=album"},"z":"","q":0,"w":0,"o":15267753,"i":457251327,"d":425681950}],"m":[]},{"i":1126458,"f":450123,"t":"?","d":425681781,"a":[],"m":[]},{"i":1126457,"f":450123,"t":"Что за топик\\","d":425681780,"a":[],"m":[]},{"i":1126309,"f":15267753,"t":"Ну 300 пара классика)","d":425671960,"a":[],"m":[{"f":450123,"t":"И скок за помощь?","d":425671852,"a":[]}]},{"i":1126307,"f":15267753,"t":"В топике смотри ск","d":425671932,"a":[],"m":[]},{"i":1126305,"f":450123,"t":"Есть отзывы?","d":425671856,"a":[],"m":[]},{"i":1126304,"f":450123,"t":"И скок за помощь?","d":425671852,"a":[],"m":[]},{"i":1126292,"f":15267753,"t":"завтра","d":425671214,"a":[],"m":[]},{"i":1126291,"f":15267753,"t":"привет, да могу помочь, конечно","d":425671212,"a":[],"m":[]},{"i":1126290,"f":450123,"t":"Алексей сказал написать по рибокам из дисконта","d":425670996,"a":[],"m":[]},{"i":1126288,"f":450123,"t":"Привет","d":425670977,"a":[],"m":[]}]}