{"meta":{"v":"1.2","p":41231468,"a":15267753,"t":"Максим Медведев","d":1691415871},"data":[{"i":2796094,"f":41231468,"t":"Отправил, спасибо","d":526387759,"a":[],"m":[]},{"i":2795657,"f":15267753,"t":"Накладная успешно создана с номером: 1367654198\n250","d":526343980,"a":[],"m":[{"f":41231468,"t":"1. 28х18х14, 0.8 кг\n2. Город отправителя Москва, город получателя Санкт-Петербург. \n3. От отделения до отделения \n4. Получатель Тихоньков Глеб Евгеньевич, 89289138418 \n5. Отделение\n2-1 Муринский просп., 38 194021","d":526332848,"a":[]}]},{"i":2795405,"f":41231468,"t":"Окей, делаем в любом случае, как отглагает тогда","d":526333100,"a":[],"m":[]},{"i":2795404,"f":15267753,"t":"Видимо нет","d":526332930,"a":[],"m":[]},{"i":2795403,"f":15267753,"t":"","d":526332925,"a":[{"t":0,"s":{"m":"https://sun9-9.userapi.com/impg/EHH9ACMsN4qko0AONFskl4x1W5ulQiWf610Vag/OAqh2GFVW9g.jpg?size=510x900&quality=95&crop=0,0,887,1565&sign=00d335aa33e8d33faefc853b7f5ea92b&c_uniq_tag=--Iyq1pBCMGcxl02Hpi2PYCSvTZAeyLwDRwGU_WzIxo&type=album","s":"https://sun9-9.userapi.com/impg/EHH9ACMsN4qko0AONFskl4x1W5ulQiWf610Vag/OAqh2GFVW9g.jpg?size=200x433&quality=95&sign=e5aa2708ae16fee7fce2d565fe92cbd3&c_uniq_tag=KwU63fAyE0fuK0b7lDF0NmT4964L0CY4ONuD3h1v_Y4&type=album","n":"https://sun9-9.userapi.com/impg/EHH9ACMsN4qko0AONFskl4x1W5ulQiWf610Vag/OAqh2GFVW9g.jpg?size=887x1920&quality=95&sign=372d2cf8ef3f6065c0d151d906fd2f78&c_uniq_tag=UqJ99xArz6yCcGaJqS8WxLEAZrCEFzM22g_Ss6DyhWo&type=album","o":"https://sun9-9.userapi.com/impg/EHH9ACMsN4qko0AONFskl4x1W5ulQiWf610Vag/OAqh2GFVW9g.jpg?size=499x1080&quality=95&sign=3aac855568c7e00847c3c9bfbf6176c0&c_uniq_tag=JaEErSjJImr4hOPUHnCHxzLvJwoqppimLK6_sLJsPQY&type=album","t":"https://sun9-9.userapi.com/impg/EHH9ACMsN4qko0AONFskl4x1W5ulQiWf610Vag/OAqh2GFVW9g.jpg?size=279x604&quality=95&sign=1445ba9d8edcc9ff644f3227a4023d2c&c_uniq_tag=2YGVqB6LSuFtUBL1HIvuu6N3EelZasQiCjNnwzndCL0&type=album"},"z":"","q":0,"w":0,"o":15267753,"i":457258879,"d":526332925}],"m":[]},{"i":2795402,"f":15267753,"t":"Угу","d":526332892,"a":[],"m":[]},{"i":2795401,"f":41231468,"t":"Сможем сделать в течение 15-20 минут? Через 20 СДЭК закрывается","d":526332873,"a":[],"m":[]},{"i":2795400,"f":41231468,"t":"Клиент на тормозах был, полчаса адрес писал :)","d":526332858,"a":[],"m":[]},{"i":2795399,"f":41231468,"t":"1. 28х18х14, 0.8 кг\n2. Город отправителя Москва, город получателя Санкт-Петербург. \n3. От отделения до отделения \n4. Получатель Тихоньков Глеб Евгеньевич, 89289138418 \n5. Отделение\n2-1 Муринский просп., 38 194021","d":526332848,"a":[],"m":[]},{"i":2795381,"f":15267753,"t":"Прив да","d":526331654,"a":[],"m":[]},{"i":2795380,"f":41231468,"t":"Привет, тут?","d":526331639,"a":[],"m":[]},{"i":2761730,"f":15267753,"t":"+","d":524318024,"a":[],"m":[]},{"i":2761728,"f":41231468,"t":"Перевёл, спасибо","d":524318013,"a":[],"m":[]},{"i":2761660,"f":15267753,"t":"Номер заказа СДЭК 1361417272\n370","d":524316134,"a":[],"m":[{"f":41231468,"t":"1. 28х18х14, 0.8 кг\n2. Город отправителя Москва, город получателя Томск. \n3. От отделения до отделения \n4. Получатель Сусенков Евгений Иванович, +7-913-889-14-86 \n5. Отделение\nул. Гагарина, д.7","d":524315683,"a":[]}]},{"i":2761656,"f":15267753,"t":"привет","d":524316017,"a":[],"m":[]},{"i":2761647,"f":41231468,"t":"1. 28х18х14, 0.8 кг\n2. Город отправителя Москва, город получателя Томск. \n3. От отделения до отделения \n4. Получатель Сусенков Евгений Иванович, +7-913-889-14-86 \n5. Отделение\nул. Гагарина, д.7","d":524315683,"a":[],"m":[]},{"i":2761646,"f":41231468,"t":"Привет","d":524315673,"a":[],"m":[]},{"i":2721939,"f":15267753,"t":"+","d":521302954,"a":[],"m":[]},{"i":2721927,"f":41231468,"t":"Ушли, спасибо","d":521301986,"a":[],"m":[]},{"i":2721779,"f":15267753,"t":"Накладная успешно создана с номером: 1353213963\n250","d":521295060,"a":[],"m":[{"f":41231468,"t":"1. 28х18х14, 0.8 кг\n2. Город отправителя Москва, город получателя Балашиха. \n3. От отделения до постамата\n4. Получатель Пахомов Никита Викторович\n89969683273\n5. Постамат 6585 ОМНИСДЭК Железнодорожный, Балашиха, ул.Центральная, 40 (супермаркет Дикси)","d":521294870,"a":[]}]},{"i":2721777,"f":41231468,"t":"1. 28х18х14, 0.8 кг\n2. Город отправителя Москва, город получателя Балашиха. \n3. От отделения до постамата\n4. Получатель Пахомов Никита Викторович\n89969683273\n5. Постамат 6585 ОМНИСДЭК Железнодорожный, Балашиха, ул.Центральная, 40 (супермаркет Дикси)","d":521294870,"a":[],"m":[]},{"i":2721710,"f":41231468,"t":"Сейчас скину вводные","d":521291943,"a":[],"m":[]},{"i":2721709,"f":41231468,"t":"Да это клиента прихоть","d":521291936,"a":[],"m":[]},{"i":2721708,"f":15267753,"t":"там курьер замешан же","d":521291927,"a":[],"m":[]},{"i":2721707,"f":15267753,"t":"да но дольше будет идти","d":521291924,"a":[],"m":[]},{"i":2721706,"f":15267753,"t":"привет","d":521291919,"a":[],"m":[]},{"i":2721701,"f":41231468,"t":"В постамат можем оформить же?","d":521291744,"a":[],"m":[]},{"i":2721700,"f":41231468,"t":"Привет","d":521291736,"a":[],"m":[]},{"i":2720399,"f":41231468,"t":"Эх","d":521191438,"a":[],"m":[]},{"i":2720398,"f":15267753,"t":"Тока еаэс страны","d":521191354,"a":[],"m":[]},{"i":2720397,"f":15267753,"t":"Неа","d":521191350,"a":[],"m":[]},{"i":2720396,"f":15267753,"t":"Привет","d":521191348,"a":[],"m":[]},{"i":2720395,"f":41231468,"t":"Привет, из стамбульского сдэка скидка бьется?","d":521191166,"a":[],"m":[]},{"i":2707079,"f":15267753,"t":"+","d":520357606,"a":[],"m":[]},{"i":2707074,"f":41231468,"t":"Ушли Тинька","d":520357419,"a":[],"m":[]},{"i":2707019,"f":15267753,"t":"Накладная успешно создана с номером: 1351091366\n1400","d":520356051,"a":[],"m":[]},{"i":2706978,"f":15267753,"t":"Ок","d":520355405,"a":[],"m":[]},{"i":2706943,"f":41231468,"t":"Коробка только одна нужна, 69х39х42, вторая коробка есть","d":520355118,"a":[],"m":[]},{"i":2706936,"f":41231468,"t":"Отредактировал","d":520355091,"a":[],"m":[]},{"i":2706928,"f":41231468,"t":"Второе место добавлю","d":520355054,"a":[],"m":[]},{"i":2706926,"f":41231468,"t":"Секунду","d":520355045,"a":[],"m":[]},{"i":2706924,"f":41231468,"t":"Так","d":520355043,"a":[],"m":[]},{"i":2706922,"f":41231468,"t":"1. \n1 место 69х39х42, 7.2 кг\n2 место 47х40х43, 2.9 кг\n2. Город отправителя Санкт-Петербург, город получателя Москва. \n3. От отделения до отделения \n4. Получатель Корзинин Максим \n+79680968971 \n5. Отделение Новочеркасский Бульвар 47\n\nДобавь коробку сдэковскую (идентичные габариты 30кг которая, 250рэ)","d":520355016,"a":[],"m":[]},{"i":2706921,"f":15267753,"t":"Давай","d":520355007,"a":[],"m":[]},{"i":2706920,"f":15267753,"t":"Прив","d":520355006,"a":[],"m":[]},{"i":2706917,"f":41231468,"t":"Сделаем?","d":520354767,"a":[],"m":[]},{"i":2706916,"f":41231468,"t":"Привет","d":520354766,"a":[],"m":[]},{"i":2685246,"f":15267753,"t":"+","d":519082622,"a":[],"m":[]},{"i":2685243,"f":41231468,"t":"Ушли","d":519082591,"a":[],"m":[]},{"i":2685242,"f":15267753,"t":"Накладная успешно создана с номером: 1347930230\n1600","d":519082364,"a":[],"m":[{"f":41231468,"t":"1. Два места в посылке \n69х39х42, 6.75 кг \n47*40*43, 3.6 кг \n2. Город отправителя Минск, город получателя Москва. \n3. От отделения до отделения \n4. Получатель Корзинин Максим \n+79680968971 \n5. Отделение Новочеркасский Бульвар 47 \n \nНужно будет добавить две коробки, такие же как габариты, 69х39х42 и 47*40*43","d":519082173,"a":[]}]},{"i":2685234,"f":41231468,"t":"1. Два места в посылке \n69х39х42, 6.75 кг \n47*40*43, 3.6 кг \n2. Город отправителя Минск, город получателя Москва. \n3. От отделения до отделения \n4. Получатель Корзинин Максим \n+79680968971 \n5. Отделение Новочеркасский Бульвар 47 \n \nНужно будет добавить две коробки, такие же как габариты, 69х39х42 и 47*40*43","d":519082173,"a":[],"m":[]},{"i":2685230,"f":15267753,"t":"да","d":519082089,"a":[],"m":[]},{"i":2685228,"f":41231468,"t":"Привет, сделаем накладную?","d":519082075,"a":[],"m":[]},{"i":2654885,"f":15267753,"t":"+","d":517317524,"a":[],"m":[]},{"i":2654884,"f":41231468,"t":"Ушли, спасибо","d":517317503,"a":[],"m":[]},{"i":2654879,"f":15267753,"t":"Накладная успешно создана с номером: 1343493576\n950","d":517317431,"a":[],"m":[{"f":41231468,"t":"1. 69х39х42, 4.8 кг\n2. Город отправителя Выборг, город получателя Москва. \n3. От отделения до отделения \n4. Получатель Корзинин Максим \n+79680968971 \n5. Отделение Новочеркасский Бульвар 47","d":517315192,"a":[]}]},{"i":2654866,"f":15267753,"t":"делаю","d":517317349,"a":[],"m":[]},{"i":2654864,"f":41231468,"t":"Срочно бро","d":517317341,"a":[],"m":[]},{"i":2654779,"f":41231468,"t":"1. 69х39х42, 4.8 кг\n2. Город отправителя Выборг, город получателя Москва. \n3. От отделения до отделения \n4. Получатель Корзинин Максим \n+79680968971 \n5. Отделение Новочеркасский Бульвар 47","d":517315192,"a":[],"m":[]},{"i":2654777,"f":15267753,"t":"Прив да","d":517315159,"a":[],"m":[]},{"i":2654737,"f":41231468,"t":"Привет, тут?","d":517314650,"a":[],"m":[]},{"i":2653132,"f":15267753,"t":"+","d":517228131,"a":[],"m":[]},{"i":2653126,"f":41231468,"t":"Ушли 2200","d":517227748,"a":[],"m":[]},{"i":2653119,"f":41231468,"t":"Так бы заебал😂","d":517227373,"a":[],"m":[]},{"i":2653118,"f":41231468,"t":"Да я и не спрашивал, благо посылка не горела особо","d":517227368,"a":[],"m":[]},{"i":2653117,"f":15267753,"t":"а почему так долго не сказали?","d":517227324,"a":[],"m":[]},{"i":2653116,"f":15267753,"t":"обещали в тот же день перезвонить )","d":517227315,"a":[],"m":[]},{"i":2653115,"f":41231468,"t":"Все норм, перенаправляют","d":517227305,"a":[],"m":[]},{"i":2653114,"f":41231468,"t":"Да, как раз минуты три назад","d":517227295,"a":[],"m":[]},{"i":2653113,"f":15267753,"t":"эту набрали тебе?","d":517227189,"a":[],"m":[{"f":41231468,"t":"","d":517049259,"a":[],"m":[{"f":41231468,"t":"Бро","d":515936424,"a":[],"m":[{"f":41231468,"t":"Привет,\n\n1. 28х18х14, 0.8 кг \n2. Город отправителя Новосибирск, город получателя Москва\n3. От отделения до отделения \n4. Получатель Корзинин Максим \n+79680968971\n5. Отделение Новочеркасский бульвар 47","d":514919125,"a":[]}]},{"f":41231468,"t":"Привет, ты эту посылку на другой адрес прислал)","d":515936437,"a":[]},{"f":41231468,"t":"","d":515936451,"a":[{"t":0,"s":{"m":"https://sun9-68.userapi.com/impg/7BSROdzpMoGe8XM_oG_4LwOXtfBNHoQTNECgHg/bFwsGmeLXfE.jpg?size=510x510&quality=95&sign=e3ac2f3a6733e12ecd2a1efb4be942a8&c_uniq_tag=pbG4DS8r3NnOzMi616UJKDr9synW14OcA6iYoFrlL2k&type=album","s":"https://sun9-68.userapi.com/impg/7BSROdzpMoGe8XM_oG_4LwOXtfBNHoQTNECgHg/bFwsGmeLXfE.jpg?size=200x200&quality=95&sign=6d6ba2471a2a3a51a3d7b23cd94d1639&c_uniq_tag=jyHiVan208UURJRV5hrkFQmiDykZoHBqCDiATLYiuJg&type=album","n":"https://sun9-68.userapi.com/impg/7BSROdzpMoGe8XM_oG_4LwOXtfBNHoQTNECgHg/bFwsGmeLXfE.jpg?size=1242x1242&quality=95&sign=364c3bd7b1b04f6aa50589c1bbfb5b6c&c_uniq_tag=jwNDxZsz_8LF57ncBWyDm31X-NU1xotavHuFAAEKFKQ&type=album","o":"https://sun9-68.userapi.com/impg/7BSROdzpMoGe8XM_oG_4LwOXtfBNHoQTNECgHg/bFwsGmeLXfE.jpg?size=807x807&quality=95&sign=97b50c109bc7498e8cc46a2f935e5fa1&c_uniq_tag=k9FqAyJ1A33qRC8YqozkR8fMgdHAw14jHG3qPPkK_uQ&type=album","t":"https://sun9-68.userapi.com/impg/7BSROdzpMoGe8XM_oG_4LwOXtfBNHoQTNECgHg/bFwsGmeLXfE.jpg?size=130x130&quality=95&sign=2bebd836fb0bf07e77afd63830213d1c&c_uniq_tag=LGD4jeXWhCCJZ5xEZE06UkKNkLSd85KcsrVHmkX5cus&type=album"},"z":"","q":0,"w":0,"o":41231468,"i":457255332,"d":515936451}]},{"f":15267753,"t":"1337737209","d":515937751,"a":[]},{"f":15267753,"t":"можно наверно поменять но это пару дней будет","d":515937764,"a":[]},{"f":15267753,"t":"поменяли, трек должен тож наверно поменятся","d":515985633,"a":[]},{"f":41231468,"t":"Привет, по поводу этого","d":516383184,"a":[],"m":[{"f":41231468,"t":"Привет, ты эту посылку на другой адрес прислал)","d":515936437,"a":[]},{"f":15267753,"t":"1337737209","d":515937751,"a":[]}]},{"f":41231468,"t":"Новый трек мне сдэк не присылал, по старому треку она до сих пор на старом отделении лежит","d":516383217,"a":[]},{"f":15267753,"t":"в пути пишет","d":516415058,"a":[{"t":0,"s":{"m":"https://sun9-12.userapi.com/impg/FpRj4_aiCRsyaM_-hHPFac3aQCHWwjsljIwKLA/46GMeXURD6g.jpg?size=707x1080&quality=96&sign=04293f269e3242ed0e39dc80681e2647&c_uniq_tag=yJf3BYocZzJrR0dTzX_sx_7Znxy8nCDm4bUzfrBAuzM&type=album","s":"https://sun9-12.userapi.com/impg/FpRj4_aiCRsyaM_-hHPFac3aQCHWwjsljIwKLA/46GMeXURD6g.jpg?size=395x604&quality=96&sign=eddc3c11dd83c6d3d32ff99e4ff8808a&c_uniq_tag=FmsR2FJvokX3hQJ5Og_LoK3OCMwH3cfmMuD7otpidlM&type=album","n":"https://sun9-12.userapi.com/impg/FpRj4_aiCRsyaM_-hHPFac3aQCHWwjsljIwKLA/46GMeXURD6g.jpg?size=49x75&quality=96&sign=2a632ed06622dfc9b2e72f2b69c2dc10&c_uniq_tag=jofCy0kdI_sl7ecsdQPXPrXL2Ii-3tMGSMeOGyZX6RY&type=album","o":"https://sun9-12.userapi.com/impg/FpRj4_aiCRsyaM_-hHPFac3aQCHWwjsljIwKLA/46GMeXURD6g.jpg?size=510x779&quality=96&sign=674c41ebde6d68180c37879246d41035&c_uniq_tag=FY8VJdiJ9Xx9j6c6UAYBuDcxT2sTuXKD7tA6GXwCJBI&type=album","t":"https://sun9-12.userapi.com/impg/FpRj4_aiCRsyaM_-hHPFac3aQCHWwjsljIwKLA/46GMeXURD6g.jpg?size=200x306&quality=96&sign=a112bcf299a118892b1737f6852db371&c_uniq_tag=cGtnhCI8tejZnZuNv3WnTyUw2QmelyZnbNxayTGe2dw&type=album"},"z":"","q":0,"w":0,"o":15267753,"i":457258636,"d":516415056}]}]}]},{"i":2653112,"f":41231468,"t":"👌🏽","d":517227186,"a":[],"m":[]},{"i":2653111,"f":15267753,"t":"","d":517227176,"a":[{"t":0,"s":{"m":"https://sun9-4.userapi.com/impg/AN866s-Y_H3tN5-_cg3ygxcYKJGBu3rE6Ek-pw/LF51xBn8QIs.jpg?size=1266x518&quality=96&sign=4b8b45aaecf00390fd8d763bd9e9f700&c_uniq_tag=OThJqSzd9xQU_A9p4vagLoqNohO8ANaCMYGz8NnE5RE&type=album","s":"https://sun9-4.userapi.com/impg/AN866s-Y_H3tN5-_cg3ygxcYKJGBu3rE6Ek-pw/LF51xBn8QIs.jpg?size=604x247&quality=96&sign=7f90ae615dedf9ffff3339f3cfe8ffc3&c_uniq_tag=xDBkSUveV4j-XijJ5TPXW1XYUqL8Y44jYT4hqEq_vMo&type=album","n":"https://sun9-4.userapi.com/impg/AN866s-Y_H3tN5-_cg3ygxcYKJGBu3rE6Ek-pw/LF51xBn8QIs.jpg?size=510x340&quality=96&crop=244,0,777,518&sign=08c7169e21f064e420e24aa47561a417&c_uniq_tag=ql74Se0rwyOi9lxRTvK4xUHgR1ApeE-_Ch1W8-FCTN4&type=album","o":"https://sun9-4.userapi.com/impg/AN866s-Y_H3tN5-_cg3ygxcYKJGBu3rE6Ek-pw/LF51xBn8QIs.jpg?size=320x213&quality=96&crop=244,0,778,518&sign=bd803ef32543b8a4431ecfcef3f5281d&c_uniq_tag=f1YmxeZfZWDUXikWeEnOR6XPSRRx69ZGxOB5sWUon5k&type=album","t":"https://sun9-4.userapi.com/impg/AN866s-Y_H3tN5-_cg3ygxcYKJGBu3rE6Ek-pw/LF51xBn8QIs.jpg?size=130x87&quality=96&crop=246,0,774,518&sign=5d6070d768f0da17b2fc42d926133d7f&c_uniq_tag=4lgHyfx4UMUb6KkomsMQ7PzUH6nl120TdG_oHrY3Vsk&type=album"},"z":"","q":0,"w":0,"o":15267753,"i":457258647,"d":517227175}],"m":[]},{"i":2653110,"f":41231468,"t":"Ты на Новочеркасский сделал же?)","d":517227147,"a":[],"m":[]},{"i":2653100,"f":15267753,"t":"2200","d":517226314,"a":[],"m":[]},{"i":2653099,"f":15267753,"t":"","d":517226312,"a":[],"m":[{"f":139783565,"t":"Сделай плез как обычно ты делаешь Корзинин (Медведеву Максу) на 11 пар накладную из Кингисеппа+2 коробки для упаковки большие \n\nОтправитель: Гаврилов Александр","d":517191817,"a":[]},{"f":15267753,"t":"Накладная успешно создана с номером: 1343214446","d":517226224,"a":[]}]},{"i":2649776,"f":15267753,"t":"ща разберемся","d":517056324,"a":[],"m":[]},{"i":2649775,"f":15267753,"t":"прив","d":517056292,"a":[],"m":[]},{"i":2649665,"f":41231468,"t":"Нужно, чтобы ты поменял в самой посылке номер с некорректного на мой актуальный, который я указывал: 89680968971","d":517049409,"a":[],"m":[]},{"i":2649664,"f":41231468,"t":"Он уже утерян","d":517049367,"a":[],"m":[]},{"i":2649663,"f":41231468,"t":"И номер этот не тот, что я просил тебя указать, а старый","d":517049364,"a":[],"m":[]},{"i":2649662,"f":41231468,"t":"Сказали что позвонят на указанный номер получателя и продиктовали его","d":517049348,"a":[],"m":[]},{"i":2649661,"f":41231468,"t":"Сказали разберутся и через день позвонят мне скажут как и что","d":517049333,"a":[],"m":[]},{"i":2649660,"f":41231468,"t":"Я позвонил им, объяснил ситуацию, они сказали что да, адрес был изменён на Новочеркасский 47, но по какой-то причине они не перенаправили посылку","d":517049323,"a":[],"m":[]},{"i":2649659,"f":41231468,"t":"При этом у него сегодня истёк срок хранения","d":517049290,"a":[],"m":[]},{"i":2649658,"f":41231468,"t":"Никуда они его не перенаправляли","d":517049281,"a":[],"m":[]},{"i":2649657,"f":41231468,"t":"Он так и лежал две недели на старом отделении","d":517049276,"a":[],"m":[]},{"i":2649656,"f":41231468,"t":"","d":517049259,"a":[],"m":[{"f":41231468,"t":"Бро","d":515936424,"a":[],"m":[{"f":41231468,"t":"Привет,\n\n1. 28х18х14, 0.8 кг \n2. Город отправителя Новосибирск, город получателя Москва\n3. От отделения до отделения \n4. Получатель Корзинин Максим \n+79680968971\n5. Отделение Новочеркасский бульвар 47","d":514919125,"a":[]}]},{"f":41231468,"t":"Привет, ты эту посылку на другой адрес прислал)","d":515936437,"a":[]},{"f":41231468,"t":"","d":515936451,"a":[{"t":0,"s":{"m":"https://sun9-68.userapi.com/impg/7BSROdzpMoGe8XM_oG_4LwOXtfBNHoQTNECgHg/bFwsGmeLXfE.jpg?size=510x510&quality=95&sign=e3ac2f3a6733e12ecd2a1efb4be942a8&c_uniq_tag=pbG4DS8r3NnOzMi616UJKDr9synW14OcA6iYoFrlL2k&type=album","s":"https://sun9-68.userapi.com/impg/7BSROdzpMoGe8XM_oG_4LwOXtfBNHoQTNECgHg/bFwsGmeLXfE.jpg?size=200x200&quality=95&sign=6d6ba2471a2a3a51a3d7b23cd94d1639&c_uniq_tag=jyHiVan208UURJRV5hrkFQmiDykZoHBqCDiATLYiuJg&type=album","n":"https://sun9-68.userapi.com/impg/7BSROdzpMoGe8XM_oG_4LwOXtfBNHoQTNECgHg/bFwsGmeLXfE.jpg?size=1242x1242&quality=95&sign=364c3bd7b1b04f6aa50589c1bbfb5b6c&c_uniq_tag=jwNDxZsz_8LF57ncBWyDm31X-NU1xotavHuFAAEKFKQ&type=album","o":"https://sun9-68.userapi.com/impg/7BSROdzpMoGe8XM_oG_4LwOXtfBNHoQTNECgHg/bFwsGmeLXfE.jpg?size=807x807&quality=95&sign=97b50c109bc7498e8cc46a2f935e5fa1&c_uniq_tag=k9FqAyJ1A33qRC8YqozkR8fMgdHAw14jHG3qPPkK_uQ&type=album","t":"https://sun9-68.userapi.com/impg/7BSROdzpMoGe8XM_oG_4LwOXtfBNHoQTNECgHg/bFwsGmeLXfE.jpg?size=130x130&quality=95&sign=2bebd836fb0bf07e77afd63830213d1c&c_uniq_tag=LGD4jeXWhCCJZ5xEZE06UkKNkLSd85KcsrVHmkX5cus&type=album"},"z":"","q":0,"w":0,"o":41231468,"i":457255332,"d":515936451}]},{"f":15267753,"t":"1337737209","d":515937751,"a":[]},{"f":15267753,"t":"можно наверно поменять но это пару дней будет","d":515937764,"a":[]},{"f":15267753,"t":"поменяли, трек должен тож наверно поменятся","d":515985633,"a":[]},{"f":41231468,"t":"Привет, по поводу этого","d":516383184,"a":[],"m":[{"f":41231468,"t":"Привет, ты эту посылку на другой адрес прислал)","d":515936437,"a":[]},{"f":15267753,"t":"1337737209","d":515937751,"a":[]}]},{"f":41231468,"t":"Новый трек мне сдэк не присылал, по старому треку она до сих пор на старом отделении лежит","d":516383217,"a":[]},{"f":15267753,"t":"в пути пишет","d":516415058,"a":[{"t":0,"s":{"m":"https://sun9-12.userapi.com/impg/FpRj4_aiCRsyaM_-hHPFac3aQCHWwjsljIwKLA/46GMeXURD6g.jpg?size=707x1080&quality=96&sign=04293f269e3242ed0e39dc80681e2647&c_uniq_tag=yJf3BYocZzJrR0dTzX_sx_7Znxy8nCDm4bUzfrBAuzM&type=album","s":"https://sun9-12.userapi.com/impg/FpRj4_aiCRsyaM_-hHPFac3aQCHWwjsljIwKLA/46GMeXURD6g.jpg?size=395x604&quality=96&sign=eddc3c11dd83c6d3d32ff99e4ff8808a&c_uniq_tag=FmsR2FJvokX3hQJ5Og_LoK3OCMwH3cfmMuD7otpidlM&type=album","n":"https://sun9-12.userapi.com/impg/FpRj4_aiCRsyaM_-hHPFac3aQCHWwjsljIwKLA/46GMeXURD6g.jpg?size=49x75&quality=96&sign=2a632ed06622dfc9b2e72f2b69c2dc10&c_uniq_tag=jofCy0kdI_sl7ecsdQPXPrXL2Ii-3tMGSMeOGyZX6RY&type=album","o":"https://sun9-12.userapi.com/impg/FpRj4_aiCRsyaM_-hHPFac3aQCHWwjsljIwKLA/46GMeXURD6g.jpg?size=510x779&quality=96&sign=674c41ebde6d68180c37879246d41035&c_uniq_tag=FY8VJdiJ9Xx9j6c6UAYBuDcxT2sTuXKD7tA6GXwCJBI&type=album","t":"https://sun9-12.userapi.com/impg/FpRj4_aiCRsyaM_-hHPFac3aQCHWwjsljIwKLA/46GMeXURD6g.jpg?size=200x306&quality=96&sign=a112bcf299a118892b1737f6852db371&c_uniq_tag=cGtnhCI8tejZnZuNv3WnTyUw2QmelyZnbNxayTGe2dw&type=album"},"z":"","q":0,"w":0,"o":15267753,"i":457258636,"d":516415056}]}]},{"i":2649655,"f":41231468,"t":"Опять этот заказ","d":517049226,"a":[],"m":[]},{"i":2649654,"f":41231468,"t":"Привет","d":517049223,"a":[],"m":[]},{"i":2641687,"f":41231468,"t":"Окей, спасибо","d":516558377,"a":[],"m":[]},{"i":2641163,"f":15267753,"t":"если срочно нада пиши что срочно, я пока отдыхаю ету неделю как вижу че делаю","d":516502317,"a":[],"m":[]},{"i":2641162,"f":15267753,"t":"Накладная успешно создана с номером: 1341333649\n650","d":516502230,"a":[],"m":[{"f":41231468,"t":"Привет,\n\n1. 45/45/30, 4.8 кг\n2. Город отправителя Самара, город получателя Москва. \n3. От отделения до отделения \n4. Получатель Корзинин Максим \n+79680968971 \nотправитель Ильин Роман\n5. Отделение Новочеркасский Бульвар 47","d":516480037,"a":[]}]},{"i":2641160,"f":15267753,"t":"ща","d":516502121,"a":[],"m":[]},{"i":2641159,"f":41231468,"t":"Не, не кидал никому больше","d":516502118,"a":[],"m":[]},{"i":2641157,"f":15267753,"t":"сделали?","d":516502095,"a":[],"m":[]},{"i":2641156,"f":15267753,"t":"привет","d":516502089,"a":[],"m":[]},{"i":2640638,"f":41231468,"t":"Привет,\n\n1. 45/45/30, 4.8 кг\n2. Город отправителя Самара, город получателя Москва. \n3. От отделения до отделения \n4. Получатель Корзинин Максим \n+79680968971 \nотправитель Ильин Роман\n5. Отделение Новочеркасский Бульвар 47","d":516480037,"a":[],"m":[]},{"i":2639490,"f":15267753,"t":"в пути пишет","d":516415058,"a":[{"t":0,"s":{"m":"https://sun9-12.userapi.com/impg/FpRj4_aiCRsyaM_-hHPFac3aQCHWwjsljIwKLA/46GMeXURD6g.jpg?size=707x1080&quality=96&sign=04293f269e3242ed0e39dc80681e2647&c_uniq_tag=yJf3BYocZzJrR0dTzX_sx_7Znxy8nCDm4bUzfrBAuzM&type=album","s":"https://sun9-12.userapi.com/impg/FpRj4_aiCRsyaM_-hHPFac3aQCHWwjsljIwKLA/46GMeXURD6g.jpg?size=395x604&quality=96&sign=eddc3c11dd83c6d3d32ff99e4ff8808a&c_uniq_tag=FmsR2FJvokX3hQJ5Og_LoK3OCMwH3cfmMuD7otpidlM&type=album","n":"https://sun9-12.userapi.com/impg/FpRj4_aiCRsyaM_-hHPFac3aQCHWwjsljIwKLA/46GMeXURD6g.jpg?size=49x75&quality=96&sign=2a632ed06622dfc9b2e72f2b69c2dc10&c_uniq_tag=jofCy0kdI_sl7ecsdQPXPrXL2Ii-3tMGSMeOGyZX6RY&type=album","o":"https://sun9-12.userapi.com/impg/FpRj4_aiCRsyaM_-hHPFac3aQCHWwjsljIwKLA/46GMeXURD6g.jpg?size=510x779&quality=96&sign=674c41ebde6d68180c37879246d41035&c_uniq_tag=FY8VJdiJ9Xx9j6c6UAYBuDcxT2sTuXKD7tA6GXwCJBI&type=album","t":"https://sun9-12.userapi.com/impg/FpRj4_aiCRsyaM_-hHPFac3aQCHWwjsljIwKLA/46GMeXURD6g.jpg?size=200x306&quality=96&sign=a112bcf299a118892b1737f6852db371&c_uniq_tag=cGtnhCI8tejZnZuNv3WnTyUw2QmelyZnbNxayTGe2dw&type=album"},"z":"","q":0,"w":0,"o":15267753,"i":457258636,"d":516415056}],"m":[]},{"i":2638797,"f":41231468,"t":"Новый трек мне сдэк не присылал, по старому треку она до сих пор на старом отделении лежит","d":516383217,"a":[],"m":[]},{"i":2638796,"f":41231468,"t":"Привет, по поводу этого","d":516383184,"a":[],"m":[{"f":41231468,"t":"Привет, ты эту посылку на другой адрес прислал)","d":515936437,"a":[]},{"f":15267753,"t":"1337737209","d":515937751,"a":[]}]},{"i":2632376,"f":15267753,"t":"поменяли, трек должен тож наверно поменятся","d":515985633,"a":[],"m":[]},{"i":2630850,"f":41231468,"t":"Очень геморно, лучше пару дней подожду","d":515937821,"a":[],"m":[]},{"i":2630845,"f":41231468,"t":"Мне туда-обратно два часа на тачке","d":515937802,"a":[],"m":[]},{"i":2630841,"f":41231468,"t":"Да","d":515937793,"a":[],"m":[]},{"i":2630837,"f":15267753,"t":"а это старый твой адрес? он автоматически иногда подставляет просто","d":515937775,"a":[],"m":[]},{"i":2630836,"f":15267753,"t":"можно наверно поменять но это пару дней будет","d":515937764,"a":[],"m":[]},{"i":2630835,"f":15267753,"t":"1337737209","d":515937751,"a":[],"m":[]},{"i":2630795,"f":41231468,"t":"","d":515936451,"a":[{"t":0,"s":{"m":"https://sun9-68.userapi.com/impg/7BSROdzpMoGe8XM_oG_4LwOXtfBNHoQTNECgHg/bFwsGmeLXfE.jpg?size=510x510&quality=95&sign=e3ac2f3a6733e12ecd2a1efb4be942a8&c_uniq_tag=pbG4DS8r3NnOzMi616UJKDr9synW14OcA6iYoFrlL2k&type=album","s":"https://sun9-68.userapi.com/impg/7BSROdzpMoGe8XM_oG_4LwOXtfBNHoQTNECgHg/bFwsGmeLXfE.jpg?size=200x200&quality=95&sign=6d6ba2471a2a3a51a3d7b23cd94d1639&c_uniq_tag=jyHiVan208UURJRV5hrkFQmiDykZoHBqCDiATLYiuJg&type=album","n":"https://sun9-68.userapi.com/impg/7BSROdzpMoGe8XM_oG_4LwOXtfBNHoQTNECgHg/bFwsGmeLXfE.jpg?size=1242x1242&quality=95&sign=364c3bd7b1b04f6aa50589c1bbfb5b6c&c_uniq_tag=jwNDxZsz_8LF57ncBWyDm31X-NU1xotavHuFAAEKFKQ&type=album","o":"https://sun9-68.userapi.com/impg/7BSROdzpMoGe8XM_oG_4LwOXtfBNHoQTNECgHg/bFwsGmeLXfE.jpg?size=807x807&quality=95&sign=97b50c109bc7498e8cc46a2f935e5fa1&c_uniq_tag=k9FqAyJ1A33qRC8YqozkR8fMgdHAw14jHG3qPPkK_uQ&type=album","t":"https://sun9-68.userapi.com/impg/7BSROdzpMoGe8XM_oG_4LwOXtfBNHoQTNECgHg/bFwsGmeLXfE.jpg?size=130x130&quality=95&sign=2bebd836fb0bf07e77afd63830213d1c&c_uniq_tag=LGD4jeXWhCCJZ5xEZE06UkKNkLSd85KcsrVHmkX5cus&type=album"},"z":"","q":0,"w":0,"o":41231468,"i":457255332,"d":515936451}],"m":[]},{"i":2630794,"f":41231468,"t":"Привет, ты эту посылку на другой адрес прислал)","d":515936437,"a":[],"m":[]},{"i":2630791,"f":41231468,"t":"Бро","d":515936424,"a":[],"m":[{"f":41231468,"t":"Привет,\n\n1. 28х18х14, 0.8 кг \n2. Город отправителя Новосибирск, город получателя Москва\n3. От отделения до отделения \n4. Получатель Корзинин Максим \n+79680968971\n5. Отделение Новочеркасский бульвар 47","d":514919125,"a":[]}]},{"i":2628162,"f":15267753,"t":"+","d":515737468,"a":[],"m":[]},{"i":2628161,"f":41231468,"t":"Ушли","d":515737456,"a":[],"m":[]},{"i":2628160,"f":15267753,"t":"Накладная успешно создана с номером: 1339427213\n430","d":515737330,"a":[],"m":[{"f":41231468,"t":"1. 45/30/25, 2.7 кг\n+ коробка М размера СДЭКовская (это её габариты вроде указаны как раз)\n2. Город отправителя Кингисепп, город получателя Москва. \n3. От отделения до отделения \n4. Получатель Корзинин Максим \n+79680968971 \nОтправитель Гаврилов Александр Алексеевич (укажи его пж, а то до него доёбываются)\n5. Отделение Новочеркасский Бульвар 47","d":515735428,"a":[]}]},{"i":2628159,"f":41231468,"t":"Сказал коробка М размера нужна, в общем","d":515735485,"a":[],"m":[]},{"i":2628158,"f":41231468,"t":"Ну тогда она наверное","d":515735479,"a":[],"m":[]},{"i":2628157,"f":15267753,"t":"М коробка это 35 25 15 чета такое","d":515735461,"a":[],"m":[]},{"i":2628156,"f":41231468,"t":"1. 45/30/25, 2.7 кг\n+ коробка М размера СДЭКовская (это её габариты вроде указаны как раз)\n2. Город отправителя Кингисепп, город получателя Москва. \n3. От отделения до отделения \n4. Получатель Корзинин Максим \n+79680968971 \nОтправитель Гаврилов Александр Алексеевич (укажи его пж, а то до него доёбываются)\n5. Отделение Новочеркасский Бульвар 47","d":515735428,"a":[],"m":[]},{"i":2628155,"f":15267753,"t":"Нет","d":515735400,"a":[],"m":[]},{"i":2628154,"f":15267753,"t":"Привет","d":515735399,"a":[],"m":[]},{"i":2628153,"f":41231468,"t":"Привет, не спишь?)","d":515735251,"a":[],"m":[]},{"i":2623747,"f":41231468,"t":"Ушли","d":515371806,"a":[],"m":[]},{"i":2623619,"f":15267753,"t":"Накладная успешно создана с номером: 1338731979\n1200","d":515363421,"a":[],"m":[{"f":41231468,"t":"1. 69х39х42, 6.3кг \n2. Город отправителя Пушкин (под питером который), город получателя Москва. \n3. От отделения до отделения \n4. Получатель Корзинин Максим \n+79680968971 \n5. Отделение Новочеркасский Бульвар 47","d":515357695,"a":[]}]},{"i":2623519,"f":41231468,"t":"Сюда тоже нужна будет такая коробка","d":515357709,"a":[{"t":0,"s":{"m":"https://sun9-79.userapi.com/impg/9kLT8lCfSstIb-9eQJSQxZfLsHOJQd_KHbyWCg/8E7Wo0LyW3E.jpg?size=510x185&quality=95&crop=314,0,510,185&sign=76fe62e4a0c02cbb484321a70f59d06c&c_uniq_tag=27p8ov4TyOe-WMadKaLxxKaKatDSUOXSX-gPQqEGqDY&type=album","s":"https://sun9-79.userapi.com/impg/9kLT8lCfSstIb-9eQJSQxZfLsHOJQd_KHbyWCg/8E7Wo0LyW3E.jpg?size=200x133&quality=95&crop=430,0,278,185&sign=a0998b651cea793e4fa6655fb8b68d8b&c_uniq_tag=RI28GBIF6a_TyKMFfq8kGxGl_MUnoabAWNUjemZKWSA&type=album","n":"https://sun9-79.userapi.com/impg/9kLT8lCfSstIb-9eQJSQxZfLsHOJQd_KHbyWCg/8E7Wo0LyW3E.jpg?size=1138x185&quality=95&sign=fa12b9780f367ac07cf5e626f2a6fb61&c_uniq_tag=OblH75TyXwXIHRPUuov6H6On2_C4zVA16aKP3rGBCCo&type=album","o":"https://sun9-79.userapi.com/impg/9kLT8lCfSstIb-9eQJSQxZfLsHOJQd_KHbyWCg/8E7Wo0LyW3E.jpg?size=807x131&quality=95&sign=90b2c4f6d531fe02b81912c2173a5389&c_uniq_tag=HkFVN55R6rSn8DQOfgtKvYXTFKYBsYu-XyrXKpLcKs8&type=album","t":"https://sun9-79.userapi.com/impg/9kLT8lCfSstIb-9eQJSQxZfLsHOJQd_KHbyWCg/8E7Wo0LyW3E.jpg?size=130x21&quality=95&sign=ef162883037ac9112c6a9cc16cdaf588&c_uniq_tag=stw_MGrkm0MjpyxjVp07ehHM6zHgA9N5s5aa4U2szcc&type=album"},"z":"","q":0,"w":0,"o":41231468,"i":457255317,"d":515350272}],"m":[]},{"i":2623517,"f":41231468,"t":"1. 69х39х42, 6.3кг \n2. Город отправителя Пушкин (под питером который), город получателя Москва. \n3. От отделения до отделения \n4. Получатель Корзинин Максим \n+79680968971 \n5. Отделение Новочеркасский Бульвар 47","d":515357695,"a":[],"m":[]},{"i":2623284,"f":15267753,"t":"+++","d":515350873,"a":[],"m":[]},{"i":2623283,"f":41231468,"t":"Ушли","d":515350861,"a":[],"m":[]},{"i":2623282,"f":15267753,"t":"да","d":515350816,"a":[],"m":[]},{"i":2623281,"f":41231468,"t":"1100 докидываю, выходит","d":515350807,"a":[],"m":[{"f":15267753,"t":"Накладная успешно создана с номером: 1338489872\n1100","d":515294426,"a":[],"m":[{"f":41231468,"t":"Привет","d":515276745,"a":[]}]}]},{"i":2623279,"f":15267753,"t":"2200 вместе с двумя коробками и новыми габаритами","d":515350787,"a":[],"m":[]},{"i":2623278,"f":41231468,"t":"Сколько в сумме?","d":515350765,"a":[],"m":[]},{"i":2623277,"f":15267753,"t":"и изменения габаритов","d":515350752,"a":[],"m":[]},{"i":2623276,"f":15267753,"t":"250 один бокс такой стоит","d":515350737,"a":[],"m":[]},{"i":2623275,"f":41231468,"t":"Хорошо, напиши сколько, докину","d":515350709,"a":[],"m":[]},{"i":2623274,"f":15267753,"t":"щас добавлю и скажу на скока будет дороже тогда","d":515350678,"a":[],"m":[]},{"i":2623271,"f":41231468,"t":"Просто написали, что нужны будут две такие коробки","d":515350579,"a":[],"m":[]},{"i":2623269,"f":41231468,"t":"Нет, они ещё не пришли на точку","d":515350570,"a":[],"m":[]},{"i":2623267,"f":15267753,"t":"А то они могут какой нить экспрес написать туда или пленку какую еще включить","d":515350530,"a":[],"m":[]},{"i":2623265,"f":15267753,"t":"Если я буду менять будет наверно дешевле чем они","d":515350516,"a":[],"m":[]},{"i":2623264,"f":15267753,"t":"Или они уже сами поменяли?","d":515350495,"a":[],"m":[]},{"i":2623262,"f":15267753,"t":"Я могу поменять щас все","d":515350482,"a":[],"m":[]},{"i":2623257,"f":41231468,"t":"Как-то нужно заранее это нам с тобой в накладную вписать или по факту они в накладную сумму накинут?","d":515350319,"a":[],"m":[]},{"i":2623255,"f":41231468,"t":"Им нужно будет две таких для этой накладной","d":515350289,"a":[],"m":[]},{"i":2623254,"f":41231468,"t":"Вот такие коробки прямо на сдэке есть","d":515350281,"a":[],"m":[]},{"i":2623253,"f":41231468,"t":"","d":515350272,"a":[{"t":0,"s":{"m":"https://sun9-79.userapi.com/impg/9kLT8lCfSstIb-9eQJSQxZfLsHOJQd_KHbyWCg/8E7Wo0LyW3E.jpg?size=510x185&quality=95&crop=314,0,510,185&sign=76fe62e4a0c02cbb484321a70f59d06c&c_uniq_tag=27p8ov4TyOe-WMadKaLxxKaKatDSUOXSX-gPQqEGqDY&type=album","s":"https://sun9-79.userapi.com/impg/9kLT8lCfSstIb-9eQJSQxZfLsHOJQd_KHbyWCg/8E7Wo0LyW3E.jpg?size=200x133&quality=95&crop=430,0,278,185&sign=a0998b651cea793e4fa6655fb8b68d8b&c_uniq_tag=RI28GBIF6a_TyKMFfq8kGxGl_MUnoabAWNUjemZKWSA&type=album","n":"https://sun9-79.userapi.com/impg/9kLT8lCfSstIb-9eQJSQxZfLsHOJQd_KHbyWCg/8E7Wo0LyW3E.jpg?size=1138x185&quality=95&sign=fa12b9780f367ac07cf5e626f2a6fb61&c_uniq_tag=OblH75TyXwXIHRPUuov6H6On2_C4zVA16aKP3rGBCCo&type=album","o":"https://sun9-79.userapi.com/impg/9kLT8lCfSstIb-9eQJSQxZfLsHOJQd_KHbyWCg/8E7Wo0LyW3E.jpg?size=807x131&quality=95&sign=90b2c4f6d531fe02b81912c2173a5389&c_uniq_tag=HkFVN55R6rSn8DQOfgtKvYXTFKYBsYu-XyrXKpLcKs8&type=album","t":"https://sun9-79.userapi.com/impg/9kLT8lCfSstIb-9eQJSQxZfLsHOJQd_KHbyWCg/8E7Wo0LyW3E.jpg?size=130x21&quality=95&sign=ef162883037ac9112c6a9cc16cdaf588&c_uniq_tag=stw_MGrkm0MjpyxjVp07ehHM6zHgA9N5s5aa4U2szcc&type=album"},"z":"","q":0,"w":0,"o":41231468,"i":457255317,"d":515350272}],"m":[]},{"i":2623250,"f":41231468,"t":"Хотят на СДЭКе две коробки добрать, ибо в их не помещаются","d":515350243,"a":[],"m":[]},{"i":2623249,"f":41231468,"t":"Они запросили изменения для этой накладной","d":515350226,"a":[],"m":[{"f":41231468,"t":"1. Первое место 62х31х35, 6.3кг \n Второе место 62х31х35, 6.3кг\nДве одинаковые коробки \n2. Город отправителя Кингисепп, город получателя Москва. \n3. От отделения до отделения \n4. Получатель Корзинин Максим \n+79680968971 \n5. Отделение Новочеркасский Бульвар 47","d":515276860,"a":[]}]},{"i":2623248,"f":41231468,"t":"Привет","d":515350213,"a":[],"m":[]},{"i":2622647,"f":15267753,"t":"+","d":515334960,"a":[],"m":[]},{"i":2622444,"f":41231468,"t":"Ушли","d":515295466,"a":[],"m":[]},{"i":2622430,"f":15267753,"t":"Накладная успешно создана с номером: 1338489872\n1100","d":515294426,"a":[],"m":[{"f":41231468,"t":"Привет","d":515276745,"a":[]}]},{"i":2622423,"f":15267753,"t":"привет","d":515294305,"a":[],"m":[]},{"i":2621745,"f":41231468,"t":"1. Первое место 62х31х35, 6.3кг \n Второе место 62х31х35, 6.3кг\nДве одинаковые коробки \n2. Город отправителя Кингисепп, город получателя Москва. \n3. От отделения до отделения \n4. Получатель Корзинин Максим \n+79680968971 \n5. Отделение Новочеркасский Бульвар 47","d":515276860,"a":[],"m":[]},{"i":2621742,"f":41231468,"t":"Привет","d":515276745,"a":[],"m":[]},{"i":2617215,"f":15267753,"t":"+++","d":514988199,"a":[],"m":[]},{"i":2617213,"f":41231468,"t":"Ушли, спасибо","d":514988175,"a":[],"m":[]},{"i":2616951,"f":15267753,"t":"Накладная успешно создана с номером: 1337737209\n400","d":514948803,"a":[],"m":[{"f":41231468,"t":"Привет,\n\n1. 28х18х14, 0.8 кг \n2. Город отправителя Новосибирск, город получателя Москва\n3. От отделения до отделения \n4. Получатель Корзинин Максим \n+79680968971\n5. Отделение Новочеркасский бульвар 47","d":514919125,"a":[]}]},{"i":2616528,"f":41231468,"t":"Ушли","d":514928250,"a":[],"m":[]},{"i":2616522,"f":41231468,"t":"Сейчас скину","d":514927404,"a":[],"m":[]},{"i":2616521,"f":41231468,"t":"Лучший","d":514927401,"a":[],"m":[]},{"i":2616520,"f":15267753,"t":"Накладная успешно создана с номером: 1337719534\n350","d":514927367,"a":[],"m":[{"f":41231468,"t":"Эту","d":514927258,"a":[]}]},{"i":2616517,"f":41231468,"t":"Эту","d":514927258,"a":[],"m":[{"f":41231468,"t":"1. 28х18х14, 0.8 кг \n2. Город отправителя Москва, город получателя Славянск-на-Кубани\n3. От отделения до отделения \n4. Получатель Овчаров Олег Романович \n89182134999 \n5. Отделение Ул. Ленина 73 А","d":514919217,"a":[]}]},{"i":2616516,"f":41231468,"t":"Одну не сделаешь быстро? Через полчаса закроется отделение","d":514927250,"a":[],"m":[]},{"i":2616514,"f":15267753,"t":"Занят пока чтох","d":514927235,"a":[],"m":[]},{"i":2616513,"f":15267753,"t":"Чуток позже","d":514927231,"a":[],"m":[]},{"i":2616506,"f":41231468,"t":"Бро?","d":514927064,"a":[],"m":[]},{"i":2616261,"f":41231468,"t":"Вот енти две разных заверни","d":514919230,"a":[],"m":[]},{"i":2616260,"f":41231468,"t":"1. 28х18х14, 0.8 кг \n2. Город отправителя Москва, город получателя Славянск-на-Кубани\n3. От отделения до отделения \n4. Получатель Овчаров Олег Романович \n89182134999 \n5. Отделение Ул. Ленина 73 А","d":514919217,"a":[],"m":[]},{"i":2616258,"f":41231468,"t":"Привет,\n\n1. 28х18х14, 0.8 кг \n2. Город отправителя Новосибирск, город получателя Москва\n3. От отделения до отделения \n4. Получатель Корзинин Максим \n+79680968971\n5. Отделение Новочеркасский бульвар 47","d":514919125,"a":[],"m":[]},{"i":2594622,"f":15267753,"t":"дибильное отделение какое то значит","d":513450566,"a":[],"m":[]},{"i":2594621,"f":15267753,"t":"заставили)) пздц","d":513450556,"a":[],"m":[]},{"i":2594620,"f":15267753,"t":"оке","d":513450552,"a":[],"m":[]},{"i":2594619,"f":41231468,"t":"Все хорошо, он не сказал мне, что брал доп.коробку, говорит на сдэке заставили в одну сложить)","d":513450534,"a":[],"m":[]},{"i":2594068,"f":41231468,"t":"Окей","d":513421086,"a":[],"m":[]},{"i":2594067,"f":15267753,"t":"уточни что там произощло и скажешь мне","d":513421082,"a":[],"m":[]},{"i":2594066,"f":15267753,"t":"+++","d":513421075,"a":[],"m":[]},{"i":2594065,"f":41231468,"t":"Отправил","d":513421040,"a":[],"m":[]},{"i":2594058,"f":15267753,"t":"мб купили коробку и сложили все в одну","d":513420875,"a":[],"m":[]},{"i":2594057,"f":15267753,"t":"и там как будто отредактировали ее в одно место","d":513420860,"a":[],"m":[]},{"i":2594056,"f":15267753,"t":"1200-700 да","d":513420853,"a":[],"m":[]},{"i":2594055,"f":41231468,"t":"500 сверху я должен докинуть, так?","d":513420834,"a":[],"m":[]},{"i":2594054,"f":15267753,"t":"угу","d":513420832,"a":[],"m":[]},{"i":2594053,"f":41231468,"t":"Сейчас доебу его что он там сдедал","d":513420821,"a":[],"m":[]},{"i":2594051,"f":15267753,"t":"коробку по габаритам добавляют","d":513420796,"a":[],"m":[]},{"i":2594050,"f":15267753,"t":"а кто отправлял","d":513420785,"a":[{"t":0,"s":{"m":"https://sun9-58.userapi.com/impg/ZCrSfvWCAwrK3TwyzTbqBpHa8C9lRH5S-kjKEw/df-N9y9f0aw.jpg?size=538x190&quality=96&sign=f90b15371041456ea595f06c123e5651&c_uniq_tag=FE1MB7BRg3jXGRm-9lgTX9nt_HKRpNfXlq0pee61EkI&type=album","s":"https://sun9-58.userapi.com/impg/ZCrSfvWCAwrK3TwyzTbqBpHa8C9lRH5S-kjKEw/df-N9y9f0aw.jpg?size=510x190&quality=96&crop=14,0,510,190&sign=9111e9ebd285d72d194bd44ad1cd2952&c_uniq_tag=6DweU-UECaVeD2tOe9itPKU8JuJaZTEQP700asff1j0&type=album","n":"https://sun9-58.userapi.com/impg/ZCrSfvWCAwrK3TwyzTbqBpHa8C9lRH5S-kjKEw/df-N9y9f0aw.jpg?size=320x190&quality=96&crop=109,0,320,190&sign=16476097692511b2e876a72a7e0c3fdf&c_uniq_tag=Uaqb6u5FBvfE4OiAhrIazRqoaaxPShIWD1-eRualis4&type=album","o":"https://sun9-58.userapi.com/impg/ZCrSfvWCAwrK3TwyzTbqBpHa8C9lRH5S-kjKEw/df-N9y9f0aw.jpg?size=200x133&quality=96&crop=126,0,286,190&sign=39e1e17c45899388e898ec16c9d2b997&c_uniq_tag=I0P9z6XyfOcZm_0A09bAYy0z7s3RZoj2hVifb_H_Cww&type=album","t":"https://sun9-58.userapi.com/impg/ZCrSfvWCAwrK3TwyzTbqBpHa8C9lRH5S-kjKEw/df-N9y9f0aw.jpg?size=130x87&quality=96&crop=127,0,284,190&sign=2b93f4f6c9d35d201cfebd79f036b8d4&c_uniq_tag=bMuK00N7t7ktFhjxC-R7q3zIpLRsz0PrEzadQrBacBw&type=album"},"z":"","q":0,"w":0,"o":15267753,"i":457258532,"d":513420782}],"m":[]},{"i":2594048,"f":41231468,"t":"Там общий вес обеих коробок 7.2 кг","d":513420142,"a":[],"m":[]},{"i":2594047,"f":41231468,"t":"Там было две коробки, я указал их как два места","d":513420121,"a":[],"m":[]},{"i":2594046,"f":41231468,"t":"30кг?","d":513420108,"a":[],"m":[]},{"i":2594045,"f":41231468,"t":"Что","d":513420104,"a":[],"m":[]},{"i":2594044,"f":15267753,"t":"1200 она стада с новыми габаритами и коробкой","d":513420066,"a":[],"m":[]},{"i":2594043,"f":15267753,"t":"коробка (30 кг 69х39х42 см)","d":513420051,"a":[],"m":[]},{"i":2594042,"f":15267753,"t":"а там коробку добавили когда отправлял","d":513420050,"a":[],"m":[]},{"i":2594041,"f":15267753,"t":"поменяли","d":513420042,"a":[],"m":[]},{"i":2594037,"f":41231468,"t":"Поменяй через них тогда, по моему номеру мне не даёт","d":513412781,"a":[],"m":[]},{"i":2594036,"f":41231468,"t":"Мне вообще будет не вариант за ней ехать, час езды в одну сторону, + такси с для двух коробок в другую сторону)","d":513412760,"a":[],"m":[]},{"i":2594035,"f":41231468,"t":"Я изменить не смогу..","d":513412698,"a":[],"m":[]},{"i":2594034,"f":41231468,"t":"","d":513412690,"a":[{"t":0,"s":{"m":"https://sun9-46.userapi.com/impg/YfKGOsfcEmhzccLcYf3QxsUnt4DGVwPUMMN82A/cb9cjhpBAT0.jpg?size=510x900&quality=95&crop=0,0,828,1461&sign=9bd78908824b0ea0be4a672ab66b1344&c_uniq_tag=P8-sl5Xp2Y9KwnV63hYjsOIF7vIUxa0YskAm4bkvRoQ&type=album","s":"https://sun9-46.userapi.com/impg/YfKGOsfcEmhzccLcYf3QxsUnt4DGVwPUMMN82A/cb9cjhpBAT0.jpg?size=200x433&quality=95&sign=fc9ee3918665cba8cf3e01751f30273f&c_uniq_tag=wBjD5IFv17mWkOXZa1VguQGz1umPIFkZY6Vn0BKRtBE&type=album","n":"https://sun9-46.userapi.com/impg/YfKGOsfcEmhzccLcYf3QxsUnt4DGVwPUMMN82A/cb9cjhpBAT0.jpg?size=828x1792&quality=95&sign=ae1d6e86bbd73bd20c036b306b8ecb53&c_uniq_tag=604tY3l8iT_f2zE1vAt8v_vULwaJQ3XoSVk3GdNrtFI&type=album","o":"https://sun9-46.userapi.com/impg/YfKGOsfcEmhzccLcYf3QxsUnt4DGVwPUMMN82A/cb9cjhpBAT0.jpg?size=499x1080&quality=95&sign=59192db05efd6da979047eb67f102f7e&c_uniq_tag=PLJo-HdMFBJh2mz9mNZAaLRrfzO2ga7_gHxexBdWFak&type=album","t":"https://sun9-46.userapi.com/impg/YfKGOsfcEmhzccLcYf3QxsUnt4DGVwPUMMN82A/cb9cjhpBAT0.jpg?size=279x604&quality=95&sign=081bee08c7b69eb1ed9d4f4591197909&c_uniq_tag=rtUt5ZikpPQoNymryy5U8AJ1NGQjRkm_Pkpg6jo3BZ8&type=album"},"z":"","q":0,"w":0,"o":41231468,"i":457255122,"d":513412690}],"m":[]},{"i":2594033,"f":41231468,"t":"Ты мой номер не указал","d":513412687,"a":[],"m":[]},{"i":2593497,"f":15267753,"t":"просто мне через поддержку менять тока долго будет","d":513363359,"a":[],"m":[]},{"i":2593496,"f":15267753,"t":"там зайти на главную сдека ввести номер и даст поменять","d":513363345,"a":[],"m":[]},{"i":2593495,"f":15267753,"t":"сам сможешь поменять?","d":513363334,"a":[],"m":[]},{"i":2593494,"f":15267753,"t":"оно видимо запомнило тпредыдущий","d":513363330,"a":[],"m":[]},{"i":2593493,"f":15267753,"t":"прив","d":513363268,"a":[],"m":[]},{"i":2593375,"f":41231468,"t":"","d":513354829,"a":[],"m":[{"f":41231468,"t":"Привет, \n\n1. Первое место 58х29х28, 4.8 кг\nВторое место 46х29х14, 2.4 кг\n2. Город отправителя Кингисепп, город получателя Москва. \n3. От отделения до отделения \n4. Получатель Корзинин Максим\n+79680968971\n5. Отделение Новочеркасский бульвар 47","d":513037781,"a":[]}]},{"i":2593374,"f":41231468,"t":"Ты другой адрес указал?","d":513354825,"a":[{"t":0,"s":{"m":"https://sun9-62.userapi.com/impg/5uO3hinNQ7tqWipfCmglbq3mUlQS3cuaooYUug/ktfKZJtFT-w.jpg?size=510x900&quality=95&crop=0,0,828,1461&sign=958495f6a744fac4270ff671a745e6af&c_uniq_tag=cEy3KWUVWUhBhpCkNr4H2v1hB_ByaXNW7t1nqY_Y7C8&type=album","s":"https://sun9-62.userapi.com/impg/5uO3hinNQ7tqWipfCmglbq3mUlQS3cuaooYUug/ktfKZJtFT-w.jpg?size=200x433&quality=95&sign=85df6f6a175307a0c3ace8985ca31c0d&c_uniq_tag=Vi7EM0xVWB2t8nysR0o2H_gn5J6sMUsXVuxWNAL1Sbo&type=album","n":"https://sun9-62.userapi.com/impg/5uO3hinNQ7tqWipfCmglbq3mUlQS3cuaooYUug/ktfKZJtFT-w.jpg?size=828x1792&quality=95&sign=8cccfb91f69bacba67ff27430619f5a9&c_uniq_tag=s160TbPCZz_SywPy4Pnp75GxHga7QrepuygdhX55yZ4&type=album","o":"https://sun9-62.userapi.com/impg/5uO3hinNQ7tqWipfCmglbq3mUlQS3cuaooYUug/ktfKZJtFT-w.jpg?size=499x1080&quality=95&sign=bd64b957c5716f8ce235122a6a3bacc4&c_uniq_tag=jWuifF7eKGVYopqAyCBBIyOjGACrobQtzFZ3yWoY2fc&type=album","t":"https://sun9-62.userapi.com/impg/5uO3hinNQ7tqWipfCmglbq3mUlQS3cuaooYUug/ktfKZJtFT-w.jpg?size=279x604&quality=95&sign=f3272f19cbb1d3f4974534829f6a2d9f&c_uniq_tag=7tEj5hZwv5A4winKWchxaTo59XpT324VVOJH0OZ9xFo&type=album"},"z":"","q":0,"w":0,"o":41231468,"i":457255121,"d":513354825}],"m":[]},{"i":2593373,"f":41231468,"t":"Привет","d":513354815,"a":[],"m":[]},{"i":2589892,"f":15267753,"t":"+","d":513086605,"a":[],"m":[]},{"i":2589781,"f":41231468,"t":"Отправил","d":513077841,"a":[],"m":[]},{"i":2589704,"f":15267753,"t":"Накладная успешно создана с номером: 1333311578\n700","d":513045966,"a":[],"m":[{"f":41231468,"t":"Привет, \n\n1. Первое место 58х29х28, 4.8 кг\nВторое место 46х29х14, 2.4 кг\n2. Город отправителя Кингисепп, город получателя Москва. \n3. От отделения до отделения \n4. Получатель Корзинин Максим\n+79680968971\n5. Отделение Новочеркасский бульвар 47","d":513037781,"a":[]}]},{"i":2589491,"f":41231468,"t":"Привет, \n\n1. Первое место 58х29х28, 4.8 кг\nВторое место 46х29х14, 2.4 кг\n2. Город отправителя Кингисепп, город получателя Москва. \n3. От отделения до отделения \n4. Получатель Корзинин Максим\n+79680968971\n5. Отделение Новочеркасский бульвар 47","d":513037781,"a":[],"m":[]},{"i":2587571,"f":15267753,"t":"+","d":512938310,"a":[],"m":[]},{"i":2587548,"f":41231468,"t":"Ушли, спасибо","d":512937274,"a":[],"m":[]},{"i":2587538,"f":15267753,"t":"Накладная успешно создана с номером: 1333048185\n250","d":512936569,"a":[],"m":[{"f":41231468,"t":"Привет, \n\n1. 14х14х4, 0.3 кг \n2. Город отправителя Санкт-Петербург, город получателя Москва\n3. От отделения до отделения \n4. Получатель Максим Корзинин 89680968971 \n5. Отделение Новочеркасский бульвар 47","d":512935608,"a":[]}]},{"i":2587537,"f":15267753,"t":"приат","d":512936499,"a":[],"m":[]},{"i":2587518,"f":41231468,"t":"Привет, \n\n1. 14х14х4, 0.3 кг \n2. Город отправителя Санкт-Петербург, город получателя Москва\n3. От отделения до отделения \n4. Получатель Максим Корзинин 89680968971 \n5. Отделение Новочеркасский бульвар 47","d":512935608,"a":[],"m":[]},{"i":2566105,"f":15267753,"t":"+++","d":511617598,"a":[],"m":[]},{"i":2566102,"f":41231468,"t":"Ушли, спасибо","d":511617544,"a":[],"m":[]},{"i":2566006,"f":15267753,"t":"Накладная успешно создана с номером: 1330190198\n280","d":511615833,"a":[],"m":[{"f":41231468,"t":"Привет, \n\n1. 14х14х4, 0.3 кг \n2. Город отправителя Тюмень, город получателя Москва\n3. От отделения до отделения \n4. Получатель Максим Корзинин 89680968971 \n5. Отделение Нижний сусальный переулок 5с1 помещение 23","d":511614972,"a":[]}]},{"i":2566004,"f":15267753,"t":"привет","d":511615755,"a":[],"m":[]},{"i":2565964,"f":41231468,"t":"Привет, \n\n1. 14х14х4, 0.3 кг \n2. Город отправителя Тюмень, город получателя Москва\n3. От отделения до отделения \n4. Получатель Максим Корзинин 89680968971 \n5. Отделение Нижний сусальный переулок 5с1 помещение 23","d":511614972,"a":[],"m":[]},{"i":2564573,"f":15267753,"t":"ок","d":511533566,"a":[],"m":[]},{"i":2564568,"f":41231468,"t":"В общем, сейчас поиски,если не найдут - в течение 10-15 дней начиная с сегодняшнего свяжутся с отправителем по номеру, который у тебя указан там, для выплаты компенсации","d":511533530,"a":[],"m":[]},{"i":2564474,"f":15267753,"t":"пусть ищут по камерам","d":511532516,"a":[],"m":[]},{"i":2564472,"f":41231468,"t":"Она сама позвонила в сдэк, а-ля что с посылкой, и они сказали ей, что посылка утеряна, и они возместят стоимость","d":511532489,"a":[],"m":[]},{"i":2564469,"f":41231468,"t":"Там вообще не так","d":511532445,"a":[],"m":[]},{"i":2564468,"f":41231468,"t":"Докопался до неё","d":511532440,"a":[],"m":[]},{"i":2564467,"f":41231468,"t":"В общем","d":511532436,"a":[],"m":[]},{"i":2564460,"f":41231468,"t":"Окей","d":511532336,"a":[],"m":[]},{"i":2564459,"f":15267753,"t":"скажешь мне я менеджеру напишу он сам поищет","d":511532327,"a":[],"m":[]},{"i":2564458,"f":15267753,"t":"если через пару дней не найдут","d":511532317,"a":[],"m":[]},{"i":2564457,"f":41231468,"t":"А там вообще не менеджер оказывается","d":511532313,"a":[],"m":[]},{"i":2564456,"f":41231468,"t":"Так","d":511532308,"a":[],"m":[]},{"i":2564455,"f":15267753,"t":"если не было страховки то да","d":511532300,"a":[],"m":[]},{"i":2564453,"f":41231468,"t":"Если будет возврат, они возвращают чисто стоимость отправки, так ведь?)","d":511532285,"a":[],"m":[]},{"i":2564449,"f":41231468,"t":"Тут больше такой вопрос","d":511532246,"a":[],"m":[]},{"i":2564445,"f":41231468,"t":"Менеджер на точке","d":511532218,"a":[],"m":[]},{"i":2564438,"f":15267753,"t":"а кто сказал так?","d":511532192,"a":[],"m":[]},{"i":2564437,"f":41231468,"t":"Вот трек ее","d":511532177,"a":[],"m":[]},{"i":2564436,"f":41231468,"t":"","d":511532173,"a":[{"t":0,"s":{"m":"https://sun9-61.userapi.com/impg/s-rUs9EyKxzITLk1HAmcYJnjZDmPjmY8Im6k_w/-1osiSVAW7s.jpg?size=510x510&quality=95&sign=2e097588f4a02bb2c3821f4d5a34657f&c_uniq_tag=NpiEAiwaLPIHAFhhq6DBy4PWOHK3w2uVHvQ-ziZmh98&type=album","s":"https://sun9-61.userapi.com/impg/s-rUs9EyKxzITLk1HAmcYJnjZDmPjmY8Im6k_w/-1osiSVAW7s.jpg?size=200x200&quality=95&sign=88d8b1a06ea3921a9be916ca36757b58&c_uniq_tag=9BGmhIXj7stmqA8KYwzVFrA5BpbqVnxrSU_dvNHoszQ&type=album","n":"https://sun9-61.userapi.com/impg/s-rUs9EyKxzITLk1HAmcYJnjZDmPjmY8Im6k_w/-1osiSVAW7s.jpg?size=1242x1242&quality=95&sign=ab998264e932ff3072e623ba3fb95408&c_uniq_tag=I6PZFe8j1Ap02sxe5wWb5d__rdc9Up_G-ZNbFeYtmWA&type=album","o":"https://sun9-61.userapi.com/impg/s-rUs9EyKxzITLk1HAmcYJnjZDmPjmY8Im6k_w/-1osiSVAW7s.jpg?size=807x807&quality=95&sign=8ed0839e1351bea4448cb3d07c8ee02b&c_uniq_tag=Aitw49sy8wp5pkIvJoB0nLUyToLC3ZH0tP-JrFPCpjw&type=album","t":"https://sun9-61.userapi.com/impg/s-rUs9EyKxzITLk1HAmcYJnjZDmPjmY8Im6k_w/-1osiSVAW7s.jpg?size=130x130&quality=95&sign=8f40827078ae37d9d42af97d8a00585f&c_uniq_tag=MprgXQij4ifhrbMGYzz1AL4Wv3jkKXvjFJ7QPO3l4bk&type=album"},"z":"","q":0,"w":0,"o":41231468,"i":457255008,"d":511532173}],"m":[]},{"i":2564435,"f":15267753,"t":"за пару лет тока две посылки проебались и то в калининграде","d":511532163,"a":[],"m":[]},{"i":2564434,"f":15267753,"t":"обычно находят все","d":511532152,"a":[],"m":[]},{"i":2564432,"f":15267753,"t":"ее при отправлении проебали?","d":511532146,"a":[],"m":[]},{"i":2564431,"f":15267753,"t":"а трек есть","d":511532121,"a":[],"m":[]},{"i":2564430,"f":41231468,"t":"Трек этот","d":511532121,"a":[],"m":[{"f":15267753,"t":"Накладная успешно создана с номером: 1328529273\n300","d":510952867,"a":[],"m":[{"f":41231468,"t":"Привет,\n\n1. 28х18х14, 0.8 кг \n2. Город отправителя Москва, город получателя Малоярославец \n3. От отделения до отделения \n4. Получатель Федорук Татьяна Олеговна 89605206654\n5. Отделение Чистовича 24","d":510952231,"a":[]}]}]},{"i":2564428,"f":15267753,"t":"прив","d":511532109,"a":[],"m":[]},{"i":2564427,"f":41231468,"t":"Были такие случаи, не знаешь что делать?","d":511532094,"a":[],"m":[]},{"i":2564425,"f":41231468,"t":"Привет, тут клиентка пишет следующее :\n\nДобрый день,у нас сдэк не могут найти посылку,сказали будут искать по видео камерам,если не найдут,то возместят сумму отправителю.Вы сможете потом отправить такие же кроссовки?Если не будет в наличии,мы обсудим,что и как.","d":511532083,"a":[],"m":[]},{"i":2559590,"f":15267753,"t":"+","d":511219552,"a":[],"m":[]},{"i":2559578,"f":41231468,"t":"Ушли, спасибо","d":511219227,"a":[],"m":[]},{"i":2559568,"f":15267753,"t":"Накладная успешно создана с номером: 1329294312\n550","d":511218468,"a":[],"m":[{"f":41231468,"t":"1. Первое место 49х29х24, 4.4кг \n Второе место 29х18х14, 0.9 кг\n2. Город отправителя Кингисепп, город получателя Москва. \n3. От отделения до отделения \n4. Получатель Корзинин Максим \n+79680968971 \n5. Отделение Нижний Сусальный Переулок 5с1 помещение 23","d":511218082,"a":[]}]},{"i":2559546,"f":41231468,"t":"1. Первое место 49х29х24, 4.4кг \n Второе место 29х18х14, 0.9 кг\n2. Город отправителя Кингисепп, город получателя Москва. \n3. От отделения до отделения \n4. Получатель Корзинин Максим \n+79680968971 \n5. Отделение Нижний Сусальный Переулок 5с1 помещение 23","d":511218082,"a":[],"m":[]},{"i":2559540,"f":15267753,"t":"да конечно можно","d":511218010,"a":[],"m":[]},{"i":2559538,"f":15267753,"t":"привет","d":511218007,"a":[],"m":[]},{"i":2559537,"f":41231468,"t":"Подскажи, в одном и том же трек-коде можно два места создавать через тебя (две коробки разные если нужно отправить в одно и то же место)","d":511217993,"a":[],"m":[]},{"i":2559536,"f":41231468,"t":"Привет","d":511217966,"a":[],"m":[]},{"i":2554561,"f":15267753,"t":"+","d":510952982,"a":[],"m":[]},{"i":2554560,"f":41231468,"t":"Ушли, спасибо","d":510952941,"a":[],"m":[]},{"i":2554559,"f":15267753,"t":"Накладная успешно создана с номером: 1328529273\n300","d":510952867,"a":[],"m":[{"f":41231468,"t":"Привет,\n\n1. 28х18х14, 0.8 кг \n2. Город отправителя Москва, город получателя Малоярославец \n3. От отделения до отделения \n4. Получатель Федорук Татьяна Олеговна 89605206654\n5. Отделение Чистовича 24","d":510952231,"a":[]}]},{"i":2554558,"f":15267753,"t":"прив","d":510952727,"a":[],"m":[]},{"i":2554557,"f":41231468,"t":"Бро, если можно, то по-быстрей, закроется скоро СДЭК","d":510952713,"a":[],"m":[]},{"i":2554548,"f":41231468,"t":"Привет,\n\n1. 28х18х14, 0.8 кг \n2. Город отправителя Москва, город получателя Малоярославец \n3. От отделения до отделения \n4. Получатель Федорук Татьяна Олеговна 89605206654\n5. Отделение Чистовича 24","d":510952231,"a":[],"m":[]},{"i":2552587,"f":15267753,"t":"+","d":510868113,"a":[],"m":[]},{"i":2552023,"f":41231468,"t":"","d":510852669,"a":[{"t":4}],"m":[]},{"i":2552020,"f":15267753,"t":"Накладная успешно создана с номером: 1328255415\n\n350","d":510852298,"a":[],"m":[]},{"i":2552018,"f":15267753,"t":"Привет","d":510852140,"a":[],"m":[]},{"i":2552000,"f":41231468,"t":"Привет,\n\n1. 38x38x18, 3.9 кг \n2. Город отправителя Санкт-Петербург, город получателя Москва \n3. От отделения до отделения \n4. Получатель Максим Корзинин 89680968971 \n5. Нижний сусальный переулок 5с1 помещение 23","d":510849120,"a":[],"m":[]},{"i":2549578,"f":15267753,"t":"+++","d":510670026,"a":[],"m":[]},{"i":2549565,"f":41231468,"t":"Ушли","d":510669418,"a":[],"m":[]},{"i":2549564,"f":41231468,"t":"Да я для себя чтобы вверх не мотать","d":510669416,"a":[],"m":[]},{"i":2549563,"f":15267753,"t":"да","d":510669396,"a":[],"m":[]},{"i":2549562,"f":41231468,"t":"89059515168","d":510669384,"a":[],"m":[]},{"i":2549535,"f":15267753,"t":"Накладная успешно создана с номером: 1327968967\n550","d":510668335,"a":[],"m":[{"f":41231468,"t":"1. 58х29х28, 5.1 кг\n2. Город отправителя Кингисепп, город получателя Москва. \n3. От отделения до отделения \n4. Получатель Корзинин Максим\n+79680968971\n5. Отделение Нижний Сусальный Переулок 5с1 помещение 23","d":510668067,"a":[]}]},{"i":2549530,"f":15267753,"t":"Накладная успешно создана с номером: 1327968684\n300","d":510668284,"a":[],"m":[{"f":41231468,"t":"1. 29х18х14, 0.9 кг\n2. Город отправителя Кингисепп, город получателя Москва. \n3. От отделения до отделения \n4. Получатель Корзинин Максим\n+79680968971\n5. Отделение Нижний Сусальный Переулок 5с1 помещение 23","d":510667972,"a":[]}]},{"i":2549523,"f":15267753,"t":"Накладная успешно создана с номером: 1327968060\n300","d":510668176,"a":[],"m":[{"f":41231468,"t":"Привет,\n\n1. 29х18х14, 0.9 кг\n2. Город отправителя Москва, город получателя Тверь. \n3. От отделения до отделения \n4. Получатель Арутюнян Алексей Араратович\n+79670613138\n5. Отделение пер. Трудолюбия, 45/28","d":510667818,"a":[]}]},{"i":2549520,"f":15267753,"t":"привет","d":510668123,"a":[],"m":[]},{"i":2549519,"f":41231468,"t":"Три разные посылки","d":510668072,"a":[],"m":[]},{"i":2549518,"f":41231468,"t":"1. 58х29х28, 5.1 кг\n2. Город отправителя Кингисепп, город получателя Москва. \n3. От отделения до отделения \n4. Получатель Корзинин Максим\n+79680968971\n5. Отделение Нижний Сусальный Переулок 5с1 помещение 23","d":510668067,"a":[],"m":[]},{"i":2549517,"f":41231468,"t":"1. 29х18х14, 0.9 кг\n2. Город отправителя Кингисепп, город получателя Москва. \n3. От отделения до отделения \n4. Получатель Корзинин Максим\n+79680968971\n5. Отделение Нижний Сусальный Переулок 5с1 помещение 23","d":510667972,"a":[],"m":[]},{"i":2549516,"f":41231468,"t":"Привет,\n\n1. 29х18х14, 0.9 кг\n2. Город отправителя Москва, город получателя Тверь. \n3. От отделения до отделения \n4. Получатель Арутюнян Алексей Араратович\n+79670613138\n5. Отделение пер. Трудолюбия, 45/28","d":510667818,"a":[],"m":[]},{"i":2530005,"f":15267753,"t":"+","d":509745595,"a":[],"m":[]},{"i":2530003,"f":41231468,"t":"Ушли, спасибо","d":509745584,"a":[],"m":[]},{"i":2530000,"f":15267753,"t":"Накладная успешно создана с номером: 1325796603\n300","d":509745432,"a":[],"m":[{"f":41231468,"t":"Привет,\n\n1. 29х18х14, 0.9 кг\n2. Город отправителя Москва, город получателя Тверь. \n3. От отделения до отделения \n4. Получатель Беляков Иларион 89201523436\n5. Ул.Красина д 1 отделение","d":509745065,"a":[]}]},{"i":2529996,"f":15267753,"t":"привет","d":509745272,"a":[],"m":[]},{"i":2529989,"f":41231468,"t":"Привет,\n\n1. 29х18х14, 0.9 кг\n2. Город отправителя Москва, город получателя Тверь. \n3. От отделения до отделения \n4. Получатель Беляков Иларион 89201523436\n5. Ул.Красина д 1 отделение","d":509745065,"a":[],"m":[]},{"i":2515569,"f":15267753,"t":"+","d":509126119,"a":[],"m":[]},{"i":2515563,"f":41231468,"t":"Ушли, спасибо","d":509126090,"a":[],"m":[]},{"i":2515557,"f":15267753,"t":"Накладная успешно создана с номером: 1324430104\n200","d":509126021,"a":[],"m":[{"f":41231468,"t":"Привет,\n\n1. 29х18х3 (две коробки пустые сложенные), 0.1 кг\n2. Город отправителя Москва, город получателя Москва \n3. От отделения до отделения \n4. Получатель Максим Корзинин 89680968971 \n5. Нижний сусальный переулок 5с1 помещение 23","d":509125884,"a":[]}]},{"i":2515554,"f":15267753,"t":"прив","d":509125961,"a":[],"m":[]},{"i":2515549,"f":41231468,"t":"Привет,\n\n1. 29х18х3 (две коробки пустые сложенные), 0.1 кг\n2. Город отправителя Москва, город получателя Москва \n3. От отделения до отделения \n4. Получатель Максим Корзинин 89680968971 \n5. Нижний сусальный переулок 5с1 помещение 23","d":509125884,"a":[],"m":[]},{"i":2512565,"f":15267753,"t":"+","d":508945514,"a":[],"m":[]},{"i":2512561,"f":41231468,"t":"Ушли, спасибо","d":508945504,"a":[],"m":[]},{"i":2512542,"f":15267753,"t":"Накладная успешно создана с номером: 1324089762\n300","d":508944746,"a":[],"m":[{"f":41231468,"t":"Привет,\n\n1. 29х18х14, 0.9 кг \n2. Город отправителя Магнитогорск, город получателя Москва \n3. От отделения до отделения \n4. Получатель Максим Корзинин 89680968971 \n5. Нижний сусальный переулок 5с1 помещение 23","d":508943306,"a":[]}]},{"i":2512541,"f":15267753,"t":"Привет","d":508944609,"a":[],"m":[]},{"i":2512528,"f":41231468,"t":"Привет,\n\n1. 29х18х14, 0.9 кг \n2. Город отправителя Магнитогорск, город получателя Москва \n3. От отделения до отделения \n4. Получатель Максим Корзинин 89680968971 \n5. Нижний сусальный переулок 5с1 помещение 23","d":508943306,"a":[],"m":[]},{"i":2505454,"f":15267753,"t":"+","d":508612198,"a":[],"m":[]},{"i":2505444,"f":41231468,"t":"Ушли, спасибо","d":508612100,"a":[],"m":[]},{"i":2505421,"f":15267753,"t":"Накладная успешно создана с номером: 1323213893\n350","d":508611908,"a":[],"m":[]},{"i":2505415,"f":15267753,"t":"привет","d":508611843,"a":[],"m":[]},{"i":2505382,"f":41231468,"t":"Привет","d":508611552,"a":[],"m":[]},{"i":2505380,"f":41231468,"t":"1. 30x19x40, 2.5 кг \n2. Город отправителя Санкт-Петербург, город получателя Москва \n3. От отделения до отделения \n4. Получатель Максим Корзинин 89680968971 \n5. Нижний сусальный переулок 5с1 помещение 23","d":508611550,"a":[],"m":[]},{"i":2492359,"f":41231468,"t":"Сори, суетливый этот выбил меня из колеи)","d":508008270,"a":[],"m":[]},{"i":2492358,"f":41231468,"t":"Да, на сбере не было ничего","d":508008256,"a":[],"m":[]},{"i":2492356,"f":15267753,"t":"Да)","d":508008241,"a":[],"m":[]},{"i":2492354,"f":41231468,"t":"Походу и не кидал😂😂","d":508008233,"a":[],"m":[]},{"i":2492352,"f":41231468,"t":"Так, сейчас проверю","d":508008229,"a":[],"m":[]},{"i":2492351,"f":15267753,"t":"А ты куда скидывал я чет не вижу)","d":508008190,"a":[],"m":[]},{"i":2492350,"f":41231468,"t":"👍🏽","d":508008147,"a":[],"m":[]},{"i":2492349,"f":15267753,"t":"Ток не забудь","d":508008143,"a":[],"m":[]},{"i":2492348,"f":15267753,"t":"Да ок","d":508008140,"a":[],"m":[]},{"i":2492347,"f":41231468,"t":"Все равно ещё делать буду, можем оставить эту сумму в счёт следующей накладной","d":508008121,"a":[],"m":[]},{"i":2492346,"f":41231468,"t":"Или смотри","d":508008106,"a":[],"m":[]},{"i":2492345,"f":41231468,"t":"5469380018921436 , Максим Геннадьевич","d":508008087,"a":[],"m":[]},{"i":2492342,"f":15267753,"t":"Да ок","d":508008014,"a":[],"m":[]},{"i":2492341,"f":41231468,"t":"Давай отменим, тут подставили чутка меня","d":508008010,"a":[],"m":[]},{"i":2492340,"f":15267753,"t":"Можно","d":508007987,"a":[],"m":[]},{"i":2492339,"f":41231468,"t":"","d":508007987,"a":[],"m":[{"f":298782821,"t":"Бля мужик тысяча извинений там сотрудник еблан 🤦\nДай карту я обратно скину","d":508007558,"a":[]},{"f":298782821,"t":"Переклеил ценник пока пару выносил","d":508007585,"a":[]},{"f":41231468,"t":"С затратами на накладную что мне делать?","d":508007854,"a":[]},{"f":298782821,"t":"Там нет затрат пока она не вручена","d":508007954,"a":[]}]},{"i":2492338,"f":41231468,"t":"Подскажи, можно ее отменить как-то?","d":508007978,"a":[],"m":[]},{"i":2492328,"f":41231468,"t":"Спасибо","d":508007237,"a":[],"m":[]},{"i":2492324,"f":15267753,"t":"привет","d":508007154,"a":[],"m":[]},{"i":2492290,"f":41231468,"t":"1. 28x18x14, 0.8 кг \n2. Город отправителя Москва, Митино (он сказал именно так указывать), город получателя Москва \n3. От отделения до отделения \n4. Получатель Максим Корзинин 89680968971 \n5. Нижний сусальный переулок 5с1 помещение 23 \nОтправитель. : Студенов Андрей","d":508005161,"a":[],"m":[]},{"i":2492287,"f":41231468,"t":"Привет","d":508005058,"a":[],"m":[]},{"i":2487460,"f":15267753,"t":"++++","d":507738263,"a":[],"m":[]},{"i":2487456,"f":41231468,"t":"Ушли, спасибо","d":507738211,"a":[],"m":[]},{"i":2487445,"f":15267753,"t":"89059515168 сбер","d":507738018,"a":[],"m":[]},{"i":2487444,"f":41231468,"t":"Сбер скинь пж","d":507737998,"a":[],"m":[]},{"i":2487443,"f":15267753,"t":"Накладная успешно создана с номером: 1321086622\n550","d":507737988,"a":[],"m":[]},{"i":2487441,"f":15267753,"t":"Накладная успешно создана с номером: 1321086412\n550","d":507737953,"a":[],"m":[]},{"i":2487432,"f":41231468,"t":"Отправители разные","d":507737878,"a":[],"m":[]},{"i":2487431,"f":41231468,"t":"По 5 пар в каждой","d":507737868,"a":[],"m":[]},{"i":2487430,"f":15267753,"t":"а они одинаковые чтоли","d":507737840,"a":[],"m":[]},{"i":2487423,"f":41231468,"t":"Отлично, жду","d":507737750,"a":[],"m":[]},{"i":2487420,"f":15267753,"t":"да","d":507737743,"a":[],"m":[]},{"i":2487419,"f":41231468,"t":"Сделаем?","d":507737740,"a":[],"m":[]},{"i":2487416,"f":41231468,"t":"","d":507737731,"a":[],"m":[{"f":41231468,"t":"1. 30х35х40, 4.5 кг \n2. Город отправителя Ижевск, город получателя Москва \n3. От отделения до отделения \n4. Получатель Максим Корзинин 89680968971 \n5. Нижний сусальный переулок 5с1 помещение 23 \nОтправитель. : Котельников Илья\n89124584887","d":507679296,"a":[]},{"f":41231468,"t":"1. 30х35х40, 4.5 кг \n2. Город отправителя Ижевск, город получателя Москва \n3. От отделения до отделения \n4. Получатель Максим Корзинин 89680968971 \n5. Нижний сусальный переулок 5с1 помещение 23 \nОтправитель. : Соловьев Антон Игоревич \n+79058755569","d":507680406,"a":[]}]},{"i":2487413,"f":15267753,"t":"да","d":507737718,"a":[],"m":[]},{"i":2487412,"f":15267753,"t":"привет","d":507737718,"a":[],"m":[]},{"i":2487411,"f":41231468,"t":"Ты сдэк в курилке делаешь же?","d":507737707,"a":[],"m":[]},{"i":2487407,"f":41231468,"t":"Привет","d":507737698,"a":[],"m":[]}]}