{"meta":{"v":"1.2","p":342107671,"a":15267753,"t":"Plane Walrus","d":1691415764},"data":[{"i":2879212,"f":15267753,"t":"обращайся!","d":532134370,"a":[],"m":[]},{"i":2879210,"f":342107671,"t":"спасибо!","d":532134359,"a":[],"m":[]},{"i":2879209,"f":15267753,"t":"+++","d":532134349,"a":[],"m":[]},{"i":2879206,"f":342107671,"t":"","d":532134285,"a":[{"t":0,"s":{"m":"https://sun9-2.userapi.com/impg/5Fz2tLSCwmNLPlQ8VbtAG6T_Yae9gaHTEdd9vA/A7uDoqfbp50.jpg?size=510x340&quality=95&crop=105,0,1074,716&sign=e31b52f65c1ee8be7a3fc351fdee8370&c_uniq_tag=frHagTHoB29QY3f1vzOcZgu4c-If9LJ-DOBJGLM15fY&type=album","s":"https://sun9-2.userapi.com/impg/5Fz2tLSCwmNLPlQ8VbtAG6T_Yae9gaHTEdd9vA/A7uDoqfbp50.jpg?size=200x133&quality=95&crop=103,0,1077,716&sign=dae8b5ea4ee9abc2bf87775c21583152&c_uniq_tag=BWRXYUJvWIKhY2JCSOF_vQ5Fn2UOxXBWUhUmHaDZhoQ&type=album","n":"https://sun9-2.userapi.com/impg/5Fz2tLSCwmNLPlQ8VbtAG6T_Yae9gaHTEdd9vA/A7uDoqfbp50.jpg?size=1284x716&quality=95&sign=039ab413ba09876e01c840f825d598c0&c_uniq_tag=uaUR8LDdKKUceVTPexA5vg2usWKLg-FmVls_SUsgYWQ&type=album","o":"https://sun9-2.userapi.com/impg/5Fz2tLSCwmNLPlQ8VbtAG6T_Yae9gaHTEdd9vA/A7uDoqfbp50.jpg?size=1280x714&quality=95&sign=d8fec209a53fb31dfac4d877df380596&c_uniq_tag=DVwlP62S7ccVMIVXNtUjYwoJBj0J6ZkB-uoDdKvaC6A&type=album","t":"https://sun9-2.userapi.com/impg/5Fz2tLSCwmNLPlQ8VbtAG6T_Yae9gaHTEdd9vA/A7uDoqfbp50.jpg?size=604x337&quality=95&sign=a897aff5cd990b1d6f66da7d687735a3&c_uniq_tag=-LImrOoLiAghfUQBbwR5FMyrLDrxVd_GuKd_8T80slg&type=album"},"z":"","q":0,"w":0,"o":342107671,"i":457253090,"d":532134284}],"m":[]},{"i":2879205,"f":342107671,"t":"спасибо","d":532134227,"a":[],"m":[]},{"i":2879204,"f":342107671,"t":"хорошо","d":532134225,"a":[],"m":[{"f":15267753,"t":"350 шип 50 пакет включил","d":532134215,"a":[]}]},{"i":2879203,"f":15267753,"t":"89059515168 сбер","d":532134218,"a":[],"m":[]},{"i":2879202,"f":15267753,"t":"350 шип 50 пакет включил","d":532134215,"a":[],"m":[]},{"i":2879201,"f":15267753,"t":"Номер заказа СДЭК 1387021124 \n400","d":532134210,"a":[],"m":[]},{"i":2879196,"f":342107671,"t":"все норм, жду","d":532134021,"a":[],"m":[]},{"i":2879195,"f":15267753,"t":"ща скажу, отвлекли, сорри","d":532134000,"a":[],"m":[]},{"i":2879165,"f":342107671,"t":"переводить сколько?)","d":532131288,"a":[],"m":[{"f":342107671,"t":"Самара, ул. Революционная, 70 стр.3\nкостров максим владимирович \n89063453913","d":532120842,"a":[]}]},{"i":2878743,"f":342107671,"t":"да","d":532121813,"a":[],"m":[]},{"i":2878735,"f":15267753,"t":"его включать?","d":532121429,"a":[],"m":[]},{"i":2878714,"f":342107671,"t":"размер пакета а2","d":532121171,"a":[],"m":[{"f":342107671,"t":"Самара, ул. Революционная, 70 стр.3\nкостров максим владимирович \n89063453913","d":532120842,"a":[]}]},{"i":2878694,"f":342107671,"t":"Самара, ул. Революционная, 70 стр.3\nкостров максим владимирович \n89063453913","d":532120842,"a":[],"m":[]},{"i":2878684,"f":15267753,"t":"привет","d":532120650,"a":[],"m":[]},{"i":2878683,"f":15267753,"t":"данные","d":532120649,"a":[],"m":[]},{"i":2878669,"f":342107671,"t":"накладную надо сделать, отправка из мск","d":532120314,"a":[],"m":[]},{"i":2878662,"f":342107671,"t":"приветствую","d":532120265,"a":[],"m":[]}]}