{"meta":{"v":"1.2","p":264619671,"a":15267753,"t":"Кирилл Кириллов","d":1691415858},"data":[{"i":2823396,"f":264619671,"t":"Уже сделали","d":528123430,"a":[],"m":[]},{"i":2823342,"f":15267753,"t":"Чуть позже только","d":528120699,"a":[],"m":[{"f":264619671,"t":"Сможешь накладную сделать?","d":528120651,"a":[]}]},{"i":2823341,"f":264619671,"t":"Сможешь накладную сделать?","d":528120651,"a":[],"m":[]},{"i":2792385,"f":15267753,"t":"прив","d":526154520,"a":[],"m":[]},{"i":2792302,"f":264619671,"t":"Привет","d":526150237,"a":[],"m":[]},{"i":2771052,"f":15267753,"t":"+++","d":524957077,"a":[],"m":[]},{"i":2770745,"f":264619671,"t":"Спасибо","d":524942402,"a":[],"m":[]},{"i":2770743,"f":15267753,"t":"Накладная успешно создана с номером: 1363327726\n1650","d":524942130,"a":[],"m":[]},{"i":2770695,"f":264619671,"t":"1","d":524941301,"a":[],"m":[]},{"i":2770690,"f":15267753,"t":"одну или две","d":524941177,"a":[],"m":[]},{"i":2770688,"f":264619671,"t":"Сделай пж","d":524941165,"a":[],"m":[]},{"i":2770684,"f":15267753,"t":"да","d":524941117,"a":[],"m":[]},{"i":2770682,"f":264619671,"t":"60*50*60 влезет?","d":524941070,"a":[],"m":[]},{"i":2770678,"f":15267753,"t":"я хз","d":524940651,"a":[],"m":[]},{"i":2770677,"f":264619671,"t":"А какие там максимальные?","d":524940642,"a":[],"m":[]},{"i":2770662,"f":15267753,"t":"оно не лезет на малиновского из за гаьаритов","d":524940171,"a":[],"m":[]},{"i":2770656,"f":15267753,"t":"привет","d":524940011,"a":[],"m":[]},{"i":2770609,"f":264619671,"t":"100*50*100","d":524938833,"a":[],"m":[]},{"i":2770603,"f":264619671,"t":"Привет \nСделай пж из спб до Мирного","d":524938814,"a":[],"m":[]},{"i":2729930,"f":15267753,"t":"закинешь сдек завтра платить","d":521765111,"a":[],"m":[]},{"i":2728339,"f":15267753,"t":"Накладная успешно создана с номером: 1354247765\n350","d":521660223,"a":[],"m":[{"f":264619671,"t":"Сделай пж от Феликса \n\nСамара\nУл. Ново-Садовая, 220а\nПожаров Александр Сергеевич \n8-917-141-11-53","d":521655784,"a":[]}]},{"i":2728338,"f":15267753,"t":"+","d":521660172,"a":[],"m":[]},{"i":2728248,"f":264619671,"t":"1 место","d":521655790,"a":[],"m":[]},{"i":2728247,"f":264619671,"t":"Сделай пж от Феликса \n\nСамара\nУл. Ново-Садовая, 220а\nПожаров Александр Сергеевич \n8-917-141-11-53","d":521655784,"a":[],"m":[]},{"i":2727037,"f":264619671,"t":"Спасибо","d":521574768,"a":[],"m":[]},{"i":2727036,"f":264619671,"t":"А то опять потерял","d":521574764,"a":[],"m":[]},{"i":2727035,"f":15267753,"t":"89059515168 сбер","d":521574764,"a":[],"m":[]},{"i":2727034,"f":264619671,"t":"И можно твой номер пж","d":521574750,"a":[],"m":[]},{"i":2727032,"f":15267753,"t":"Накладная успешно создана с номером: 1354115976\n350","d":521574617,"a":[],"m":[{"f":264619671,"t":"Самара\nУл. Ново-Садовая, 220а\nПожаров Александр Сергеевич \n8-917-141-11-53","d":521574394,"a":[]}]},{"i":2727031,"f":264619671,"t":"Самара\nУл. Ново-Садовая, 220а\nПожаров Александр Сергеевич \n8-917-141-11-53","d":521574394,"a":[],"m":[]},{"i":2727030,"f":264619671,"t":"От меня из спб","d":521574392,"a":[],"m":[]},{"i":2727029,"f":264619671,"t":"Срочно","d":521574386,"a":[],"m":[]},{"i":2724607,"f":264619671,"t":"Да","d":521464102,"a":[],"m":[]},{"i":2724605,"f":15267753,"t":"мирнывй закинет?","d":521464079,"a":[],"m":[]},{"i":2724604,"f":15267753,"t":"Накладная успешно создана с номером: 1353710644\n400","d":521464077,"a":[],"m":[]},{"i":2724421,"f":264619671,"t":"Сделай пж 30*30*30 от Феликса до Мирного","d":521459406,"a":[],"m":[]},{"i":2718053,"f":15267753,"t":"+","d":521042261,"a":[],"m":[]},{"i":2718041,"f":264619671,"t":"✅","d":521042188,"a":[],"m":[]},{"i":2717939,"f":15267753,"t":"ты закидывал?","d":521040460,"a":[],"m":[]},{"i":2715923,"f":264619671,"t":"Спасибо","d":520900952,"a":[],"m":[]},{"i":2715865,"f":15267753,"t":"поменял","d":520897301,"a":[],"m":[{"f":264619671,"t":"Ты имя и номер не поменял?","d":520893876,"a":[]}]},{"i":2715864,"f":15267753,"t":"угу не кидал","d":520897298,"a":[],"m":[]},{"i":2715771,"f":264619671,"t":"И я тебе вроде ₽ не скинул","d":520893895,"a":[],"m":[]},{"i":2715770,"f":264619671,"t":"В это *","d":520893884,"a":[],"m":[{"f":15267753,"t":"Накладная успешно создана с номером: 1351500034\n250","d":520607141,"a":[]}]},{"i":2715769,"f":264619671,"t":"Ты имя и номер не поменял?","d":520893876,"a":[],"m":[]},{"i":2710154,"f":15267753,"t":"Накладная успешно создана с номером: 1351500034\n250","d":520607141,"a":[],"m":[]},{"i":2710056,"f":264619671,"t":"Только имя другое\n\nАлександр Мишин \n\n8 (981) 851-10-54","d":520604839,"a":[],"m":[]},{"i":2710055,"f":264619671,"t":"Сделай пж ещё одну","d":520604815,"a":[],"m":[{"f":264619671,"t":"1 место \n\nОт Феликса до меня","d":520290577,"a":[]}]},{"i":2705910,"f":15267753,"t":"Накладная успешно создана с номером: 1350916800\n250","d":520290886,"a":[],"m":[]},{"i":2705909,"f":264619671,"t":"Yes","d":520290876,"a":[],"m":[]},{"i":2705907,"f":15267753,"t":"Сюда да","d":520290805,"a":[],"m":[{"f":264619671,"t":"2 солмейта\n\nВ спб\n\nКириллов Кирилл\n \nПроспект Ветеранов 73","d":510692365,"a":[]}]},{"i":2705904,"f":264619671,"t":"1 место \n\nОт Феликса до меня","d":520290577,"a":[],"m":[]},{"i":2701792,"f":264619671,"t":"Да","d":520091358,"a":[],"m":[]},{"i":2701784,"f":15267753,"t":"мирный платит?","d":520091246,"a":[],"m":[]},{"i":2701783,"f":15267753,"t":"Накладная успешно создана с номером: 1350303221\n450","d":520091244,"a":[],"m":[]},{"i":2701750,"f":264619671,"t":"30*30*30","d":520090767,"a":[],"m":[]},{"i":2701726,"f":15267753,"t":"габаирт","d":520090171,"a":[],"m":[]},{"i":2701725,"f":264619671,"t":"Сделай пж от Феликса до Мирного","d":520090166,"a":[],"m":[]},{"i":2701724,"f":15267753,"t":"прив","d":520090160,"a":[],"m":[]},{"i":2701723,"f":264619671,"t":"Привет","d":520090156,"a":[],"m":[]},{"i":2668545,"f":15267753,"t":"+","d":518131745,"a":[],"m":[]},{"i":2668542,"f":264619671,"t":"Ща","d":518131562,"a":[],"m":[]},{"i":2668517,"f":15267753,"t":"прив закинешь два сдека","d":518130469,"a":[],"m":[]},{"i":2667025,"f":15267753,"t":"Накладная успешно создана с номером: 1345241370\n250","d":518020474,"a":[],"m":[{"f":264619671,"t":"От меня 1 пара","d":518020138,"a":[]}]},{"i":2667009,"f":264619671,"t":"В Москву","d":518020151,"a":[],"m":[{"f":264619671,"t":"Волков Данила Дмитриевич \nсдек: Жулебинский бульвар, 30 к1\n79250668853","d":518020143,"a":[]}]},{"i":2667008,"f":264619671,"t":"Волков Данила Дмитриевич \nсдек: Жулебинский бульвар, 30 к1\n79250668853","d":518020143,"a":[],"m":[]},{"i":2667007,"f":264619671,"t":"От меня 1 пара","d":518020138,"a":[],"m":[]},{"i":2665421,"f":15267753,"t":"Накладная успешно создана с номером: 1344890120\n250","d":517871224,"a":[],"m":[]},{"i":2665411,"f":264619671,"t":".","d":517869354,"a":[],"m":[{"f":264619671,"t":"2 солмейта\n\nВ спб\n\nКириллов Кирилл\n \nПроспект Ветеранов 73","d":510692365,"a":[]}]},{"i":2665410,"f":264619671,"t":"На меня","d":517869341,"a":[],"m":[]},{"i":2665409,"f":15267753,"t":"Туда же?","d":517869288,"a":[],"m":[]},{"i":2665408,"f":264619671,"t":"И ещё одну пару отдельно","d":517869210,"a":[],"m":[]},{"i":2665405,"f":15267753,"t":"Поменял","d":517869059,"a":[],"m":[]},{"i":2665380,"f":264619671,"t":"","d":517868782,"a":[],"m":[{"f":512004799,"t":"30 30 30\n6кг","d":517865912,"a":[]}]},{"i":2665378,"f":264619671,"t":"Ещё можно переделать?","d":517868767,"a":[],"m":[]},{"i":2665374,"f":264619671,"t":"Да","d":517868755,"a":[],"m":[{"f":15267753,"t":"большой какой то не?","d":517868444,"a":[]}]},{"i":2665327,"f":15267753,"t":"Накладная успешно создана с номером: 1344886972\n500","d":517868499,"a":[],"m":[{"f":264619671,"t":"80*70*60","d":517864633,"a":[]}]},{"i":2665314,"f":15267753,"t":"большой какой то не?","d":517868444,"a":[],"m":[]},{"i":2665113,"f":264619671,"t":"80*70*60","d":517864633,"a":[],"m":[]},{"i":2665068,"f":15267753,"t":"габарит","d":517863555,"a":[],"m":[]},{"i":2664891,"f":264619671,"t":"Да","d":517856149,"a":[],"m":[{"f":15267753,"t":"Это сбп?","d":517854656,"a":[]}]},{"i":2664849,"f":15267753,"t":"Это сбп?","d":517854656,"a":[],"m":[{"f":264619671,"t":"Нечаев Михаил Александрович \n89119998112\nПвз \nВосточно-выборгское шоссе 25","d":517854614,"a":[]}]},{"i":2664848,"f":15267753,"t":"Скажешь габарит","d":517854653,"a":[],"m":[]},{"i":2664847,"f":264619671,"t":"5 пар","d":517854631,"a":[],"m":[]},{"i":2664846,"f":264619671,"t":"Нечаев Михаил Александрович \n89119998112\nПвз \nВосточно-выборгское шоссе 25","d":517854614,"a":[],"m":[]},{"i":2664845,"f":264619671,"t":"От Феликса","d":517854612,"a":[],"m":[]},{"i":2626569,"f":15267753,"t":"Накладная успешно создана с номером: 1339293405\n350","d":515601987,"a":[],"m":[{"f":264619671,"t":"И от Феликса до Мирного надо","d":515601658,"a":[]}]},{"i":2626568,"f":15267753,"t":"+","d":515601984,"a":[],"m":[]},{"i":2626567,"f":264619671,"t":"Пакет небольшой","d":515601669,"a":[],"m":[]},{"i":2626566,"f":264619671,"t":"И от Феликса до Мирного надо","d":515601658,"a":[],"m":[]},{"i":2626565,"f":264619671,"t":"✅","d":515601649,"a":[],"m":[]},{"i":2623207,"f":15267753,"t":"Накладная успешно создана с номером: 1338680524\n250","d":515348566,"a":[],"m":[]},{"i":2623146,"f":264619671,"t":"Да","d":515347271,"a":[],"m":[]},{"i":2623145,"f":264619671,"t":"Да","d":515347267,"a":[],"m":[]},{"i":2623141,"f":15267753,"t":"пара?","d":515346897,"a":[],"m":[]},{"i":2623140,"f":15267753,"t":"сюд","d":515346893,"a":[],"m":[{"f":264619671,"t":"2 солмейта\n\nВ спб\n\nКириллов Кирилл\n \nПроспект Ветеранов 73","d":510692365,"a":[]}]},{"i":2623134,"f":264619671,"t":"Сделай пж из мск до меня","d":515346793,"a":[],"m":[]},{"i":2617824,"f":15267753,"t":"Чуть позже занят пока","d":515005857,"a":[],"m":[]},{"i":2617823,"f":264619671,"t":"Там накладная от моего адресса","d":515005661,"a":[],"m":[]},{"i":2617822,"f":264619671,"t":"Ответь пж Олегу Пантелееву","d":515005632,"a":[],"m":[]},{"i":2617816,"f":15267753,"t":"?","d":515005540,"a":[],"m":[]},{"i":2617792,"f":264619671,"t":"","d":515002831,"a":[{"t":-1,"s":"call","v":{"type":"call","call":{"initiator_id":264619671,"receiver_id":15267753,"state":"canceled_by_initiator","time":1653744031,"duration":0,"video":false}}}],"m":[]},{"i":2615021,"f":264619671,"t":"Ой","d":514852279,"a":[],"m":[]},{"i":2615014,"f":15267753,"t":"?","d":514851841,"a":[],"m":[]},{"i":2615013,"f":264619671,"t":"https://vk.com/ilya_trishin","d":514851770,"a":[],"m":[]},{"i":2587431,"f":264619671,"t":"С найса доставки сейчас нет","d":512928768,"a":[],"m":[]},{"i":2587401,"f":15267753,"t":"dn2067-600\ndo9373-001\nпервые на найсе дешевые, около 650 юаней, но чет видимо с гоата будет дешевле притащить, там около 80 баксов они были","d":512928415,"a":[],"m":[]},{"i":2587359,"f":264619671,"t":"Можешь кинуть Арты сделаем расчёт","d":512926107,"a":[],"m":[]},{"i":2587316,"f":264619671,"t":"Да","d":512924880,"a":[],"m":[]},{"i":2587299,"f":15267753,"t":"Отлично. Это твое?","d":512924591,"a":[],"m":[]},{"i":2587263,"f":264619671,"t":"https://vk.com/chinashipment","d":512922967,"a":[],"m":[]},{"i":2587261,"f":264619671,"t":"Дороговато","d":512922949,"a":[],"m":[]},{"i":2587207,"f":15267753,"t":"прив, да одну или две пары. пара 600-700 юаней стоит, с хелпом пацаны мне 13к выставили )","d":512921535,"a":[],"m":[]},{"i":2586817,"f":264619671,"t":"Привет, тебе с найса надо привезти что-то?","d":512877348,"a":[],"m":[]},{"i":2552619,"f":15267753,"t":"+","d":510868465,"a":[],"m":[]},{"i":2552598,"f":264619671,"t":"Ща проверю","d":510868236,"a":[],"m":[]},{"i":2552592,"f":15267753,"t":"кидал же за нее?","d":510868194,"a":[],"m":[]},{"i":2550460,"f":15267753,"t":"Накладная успешно создана с номером: 1328098739\n300","d":510697124,"a":[],"m":[{"f":264619671,"t":"2 солмейта\n\nВ спб\n\nКириллов Кирилл\n \nПроспект Ветеранов 73","d":510692365,"a":[]}]},{"i":2550317,"f":264619671,"t":"2 солмейта\n\nВ спб\n\nКириллов Кирилл\n \nПроспект Ветеранов 73","d":510692365,"a":[],"m":[]},{"i":2550311,"f":264619671,"t":"","d":510692303,"a":[],"m":[{"f":191028770,"t":"Казань","d":510691900,"a":[]},{"f":191028770,"t":"Набиуллин Муса Юсупович","d":510691907,"a":[]}]},{"i":2550292,"f":264619671,"t":"Мирный закинет","d":510691466,"a":[],"m":[{"f":15267753,"t":"Накладная успешно создана с номером: 1327777538\n400","d":510587764,"a":[]}]},{"i":2547659,"f":15267753,"t":"Накладная успешно создана с номером: 1327777538\n400","d":510587764,"a":[],"m":[{"f":264619671,"t":"","d":510576770,"a":[],"m":[{"f":88608571,"t":"Семенов Александр Сергеевич \n\nКарбышева 41","d":510576713,"a":[]},{"f":88608571,"t":"Пермь","d":510576759,"a":[]}]}]},{"i":2547643,"f":264619671,"t":"Костюм 1 шт","d":510587441,"a":[],"m":[]},{"i":2547638,"f":15267753,"t":"пара?","d":510587357,"a":[],"m":[]},{"i":2547263,"f":264619671,"t":"От него до Мирного","d":510576777,"a":[],"m":[]},{"i":2547262,"f":264619671,"t":"","d":510576770,"a":[],"m":[{"f":88608571,"t":"Семенов Александр Сергеевич \n\nКарбышева 41","d":510576713,"a":[]},{"f":88608571,"t":"Пермь","d":510576759,"a":[]}]},{"i":2546882,"f":15267753,"t":"+","d":510539825,"a":[],"m":[]},{"i":2546856,"f":264619671,"t":"Мб забыл","d":510535953,"a":[],"m":[]},{"i":2546855,"f":264619671,"t":"Ща чекну","d":510535951,"a":[],"m":[]},{"i":2541500,"f":15267753,"t":"Прив а ты сдек кидал? Не помню чета(","d":510288076,"a":[],"m":[]},{"i":2507814,"f":15267753,"t":"ага","d":508715560,"a":[],"m":[]},{"i":2507813,"f":264619671,"t":"А я не тот скопировал","d":508715552,"a":[],"m":[]},{"i":2507778,"f":15267753,"t":"Накладная успешно создана с номером: 1323543958\n500","d":508714100,"a":[],"m":[]},{"i":2507777,"f":264619671,"t":"","d":508713859,"a":[],"m":[{"f":512004799,"t":"Давыдов Феликс Андреевич \nГ Москва\n89169421919","d":508539923,"a":[{"t":0,"s":{"m":"https://sun9-62.userapi.com/impg/2pRSRak3wmYbXjfyhgOS9rXLyJJzzj7-KlOUPA/Wt1l7FFXlOU.jpg?size=510x900&quality=95&crop=0,0,856,1511&sign=89711cf4807112574a66ffb0c7237adf&c_uniq_tag=0wIEHHZmUsH7KW-PE5tQ0eNsRDI_oXZmo0q0M_OyxPw&type=album","s":"https://sun9-62.userapi.com/impg/2pRSRak3wmYbXjfyhgOS9rXLyJJzzj7-KlOUPA/Wt1l7FFXlOU.jpg?size=200x433&quality=95&sign=ed2fc7f75a1018c05a5e4d53231f4c9e&c_uniq_tag=Xz2dr5bMfo1tgb-AuqfMmkRCSExChdiBta6cuEEbe0E&type=album","n":"https://sun9-62.userapi.com/impg/2pRSRak3wmYbXjfyhgOS9rXLyJJzzj7-KlOUPA/Wt1l7FFXlOU.jpg?size=856x1852&quality=95&sign=faddb76409f7673f2c50d9c16e5e5ff9&c_uniq_tag=75kTWBALe8vDau6N-PZxf4FToaLfPmeQ3M9xddAY-Fc&type=album","o":"https://sun9-62.userapi.com/impg/2pRSRak3wmYbXjfyhgOS9rXLyJJzzj7-KlOUPA/Wt1l7FFXlOU.jpg?size=499x1080&quality=95&sign=5972252be8ee4a1b0ad82f46eec1f45a&c_uniq_tag=GYtkn_O7p8Ic0muEXtktw-ftt6kp3fJIXEOfkNoJLVo&type=album","t":"https://sun9-62.userapi.com/impg/2pRSRak3wmYbXjfyhgOS9rXLyJJzzj7-KlOUPA/Wt1l7FFXlOU.jpg?size=279x604&quality=95&sign=1a4583abb8e76ae58f0b13d19ff3bc1f&c_uniq_tag=qPgD19JEmLVMcFzQJE3TDOaWCDITHmLRK-Q9CjmRXIo&type=album"},"z":"","q":0,"w":0,"o":512004799,"i":457260476,"d":508539909}]}]},{"i":2507776,"f":264619671,"t":"Из спб","d":508713849,"a":[],"m":[]},{"i":2507775,"f":264619671,"t":"43*45*32","d":508713843,"a":[],"m":[]},{"i":2472222,"f":15267753,"t":"ок спосибо","d":507225558,"a":[],"m":[]},{"i":2472218,"f":264619671,"t":"","d":507225522,"a":[{"t":0,"s":{"m":"https://sun9-66.userapi.com/impg/HIPhy7wM_QMr42LVAIwVv3SB6HQqNKBdK7zgbg/3y04LfcQW_o.jpg?size=510x900&quality=95&crop=0,0,856,1511&sign=acd18f6cdb0b8aa2f1a20af471bfa57f&c_uniq_tag=guGdSVLvPACbxJHhm9vsYv6CphWek1-SDumHRvxdxq0&type=album","s":"https://sun9-66.userapi.com/impg/HIPhy7wM_QMr42LVAIwVv3SB6HQqNKBdK7zgbg/3y04LfcQW_o.jpg?size=200x433&quality=95&sign=9cd98cf3dfcf7d187396d22928c9dffb&c_uniq_tag=lmsRV2kK4uw632-tBHPJQY3tG1oSwjWjiZIFrKXe_tU&type=album","n":"https://sun9-66.userapi.com/impg/HIPhy7wM_QMr42LVAIwVv3SB6HQqNKBdK7zgbg/3y04LfcQW_o.jpg?size=856x1852&quality=95&sign=f94f18f0bde142c8826ac342f547b47e&c_uniq_tag=A7663fxZ_RJgt7_L4ZuyhLieFmiWTo4yp6AXUcokV84&type=album","o":"https://sun9-66.userapi.com/impg/HIPhy7wM_QMr42LVAIwVv3SB6HQqNKBdK7zgbg/3y04LfcQW_o.jpg?size=499x1080&quality=95&sign=dcf2ed96523221bae8b1d07b2c084a26&c_uniq_tag=5rYksc27cT02RPSlKeWHxleiMm-EtbeuwyvO8Q94zzA&type=album","t":"https://sun9-66.userapi.com/impg/HIPhy7wM_QMr42LVAIwVv3SB6HQqNKBdK7zgbg/3y04LfcQW_o.jpg?size=279x604&quality=95&sign=4347f8a960b3316e02dd06f52727b789&c_uniq_tag=5WERag9S1xnFsHaolmsXFI-dRWYiy4fR4vsp8gCUHmM&type=album"},"z":"","q":0,"w":0,"o":264619671,"i":457256219,"d":507225522}],"m":[]},{"i":2472187,"f":15267753,"t":"чек плз","d":507225174,"a":[],"m":[]},{"i":2472185,"f":264619671,"t":"Да, но проверю","d":507225162,"a":[],"m":[]},{"i":2472179,"f":15267753,"t":"прив, а ты кидал сдек?","d":507225019,"a":[],"m":[]},{"i":2416531,"f":15267753,"t":"","d":503868340,"a":[{"t":4}],"m":[]},{"i":2415225,"f":264619671,"t":"Хорошо","d":503801664,"a":[],"m":[]},{"i":2415223,"f":15267753,"t":"Ток не забадь закинуть за нее плз)","d":503801077,"a":[],"m":[]},{"i":2414514,"f":15267753,"t":"Накладная успешно создана с номером: 1308223891\n1900","d":503773392,"a":[],"m":[]},{"i":2414513,"f":264619671,"t":"Окей","d":503773387,"a":[],"m":[]},{"i":2414509,"f":15267753,"t":"сюда по габаритам","d":503773347,"a":[{"t":0,"s":{"m":"https://sun9-32.userapi.com/impg/1TlqsHe__xxOIjpon48Gzs0IwFyR9o3rd-rhYw/R4PLMPfoodU.jpg?size=396x136&quality=96&sign=b17ef340c3d88884af0963baf03a3341&c_uniq_tag=pvhUzBi2rCuauQ64z-ftJ45-qtyJ747tlkzyZwjZ9L8&type=album","s":"https://sun9-32.userapi.com/impg/1TlqsHe__xxOIjpon48Gzs0IwFyR9o3rd-rhYw/R4PLMPfoodU.jpg?size=396x136&quality=96&sign=b17ef340c3d88884af0963baf03a3341&c_uniq_tag=pvhUzBi2rCuauQ64z-ftJ45-qtyJ747tlkzyZwjZ9L8&type=album","n":"https://sun9-32.userapi.com/impg/1TlqsHe__xxOIjpon48Gzs0IwFyR9o3rd-rhYw/R4PLMPfoodU.jpg?size=320x136&quality=96&crop=38,0,320,136&sign=a3f0da6185916dcfa44f81cab395e30b&c_uniq_tag=nnTR4YtvweKDcGIPVDxeYNW-khWXAWJCxjHh1w5Xk-M&type=album","o":"https://sun9-32.userapi.com/impg/1TlqsHe__xxOIjpon48Gzs0IwFyR9o3rd-rhYw/R4PLMPfoodU.jpg?size=200x133&quality=96&crop=95,0,205,136&sign=e8d3facfb56da3d1a67ad58ff859950b&c_uniq_tag=0wrBd72HA_M_kypzOeCPrJoE6sJjqu8foEIzyshofos&type=album","t":"https://sun9-32.userapi.com/impg/1TlqsHe__xxOIjpon48Gzs0IwFyR9o3rd-rhYw/R4PLMPfoodU.jpg?size=130x87&quality=96&crop=96,0,203,136&sign=727f5b21b86e8ad8e51211d13a6ea84f&c_uniq_tag=lmT_vP_6epksZxZ62uhcm7JFP8tEUNuePN0ZLt-IGOE&type=album"},"z":"","q":0,"w":0,"o":15267753,"i":457258053,"d":503773346}],"m":[]},{"i":2414507,"f":264619671,"t":"На Габруся из спб","d":503773198,"a":[],"m":[]},{"i":2414506,"f":264619671,"t":"77*53*60","d":503773187,"a":[],"m":[]},{"i":2414505,"f":264619671,"t":"Сделай накладную пж","d":503773159,"a":[],"m":[]},{"i":2402624,"f":15267753,"t":"+","d":502913798,"a":[],"m":[]},{"i":2402596,"f":264619671,"t":"✅","d":502911958,"a":[],"m":[]},{"i":2402595,"f":264619671,"t":"?","d":502911871,"a":[],"m":[]},{"i":2402594,"f":15267753,"t":"А ты за них закинешь за пред вроде не кидал","d":502911667,"a":[],"m":[]},{"i":2402571,"f":15267753,"t":"Накладная успешно создана с номером: 1305560829\n550","d":502909013,"a":[],"m":[{"f":264619671,"t":"Резаев Владислав Дмитриевич \n89650334812 \nТележная ул., 9, Санкт-Петербург","d":502908562,"a":[]}]},{"i":2402562,"f":15267753,"t":"Габариты скажешь","d":502908641,"a":[],"m":[]},{"i":2402561,"f":15267753,"t":"Привет","d":502908636,"a":[],"m":[]},{"i":2402558,"f":264619671,"t":"Резаев Владислав Дмитриевич \n89650334812 \nТележная ул., 9, Санкт-Петербург","d":502908562,"a":[],"m":[]},{"i":2402556,"f":264619671,"t":"4 пары","d":502908552,"a":[],"m":[]},{"i":2402555,"f":264619671,"t":"Накладную от Ильина сделай пж","d":502908548,"a":[],"m":[]},{"i":2389881,"f":15267753,"t":"Накладная успешно создана с номером: 1303308984\n350","d":501785058,"a":[],"m":[]},{"i":2389880,"f":264619671,"t":"У нас габариты не проверяют","d":501785042,"a":[],"m":[]},{"i":2389879,"f":264619671,"t":"Пуховик","d":501785032,"a":[],"m":[]},{"i":2389878,"f":15267753,"t":"пара?","d":501785007,"a":[],"m":[]},{"i":2389868,"f":264619671,"t":"Из спб","d":501784904,"a":[],"m":[]},{"i":2389867,"f":264619671,"t":"1 место","d":501784901,"a":[],"m":[]},{"i":2389865,"f":264619671,"t":"Поляков Вячеслав Алексеевич \nВологда \nСеверная ул., 12А \n+79005002195","d":501784898,"a":[],"m":[]},{"i":2389863,"f":15267753,"t":"Давай","d":501784862,"a":[],"m":[]},{"i":2389862,"f":264619671,"t":"Срочно, накладную сделаешь?","d":501784853,"a":[],"m":[]},{"i":2380090,"f":15267753,"t":"ок","d":501085946,"a":[],"m":[]},{"i":2380089,"f":264619671,"t":"Мирный закинет","d":501085896,"a":[],"m":[]},{"i":2380088,"f":15267753,"t":"600\nНакладная успешно создана с номером: 1300790895","d":501085834,"a":[],"m":[]},{"i":2380075,"f":264619671,"t":"71*35*23","d":501085555,"a":[],"m":[]},{"i":2380067,"f":15267753,"t":"габарит скажешь","d":501085415,"a":[],"m":[]},{"i":2380066,"f":15267753,"t":"прив","d":501085413,"a":[],"m":[]},{"i":2380065,"f":264619671,"t":"Сможешь оформить?","d":501085413,"a":[],"m":[]},{"i":2380063,"f":264619671,"t":"6 пар","d":501085405,"a":[],"m":[]},{"i":2380062,"f":264619671,"t":"На Мирного из спб","d":501085402,"a":[],"m":[]},{"i":2380061,"f":264619671,"t":"Привет","d":501085398,"a":[],"m":[]},{"i":2372985,"f":15267753,"t":"+","d":500563521,"a":[],"m":[]},{"i":2372980,"f":264619671,"t":"✅","d":500562833,"a":[],"m":[]},{"i":2372950,"f":15267753,"t":"Накладная успешно создана с номером: 1298594147\n350","d":500559497,"a":[],"m":[]},{"i":2372926,"f":264619671,"t":"1 пара из спб","d":500558152,"a":[],"m":[]},{"i":2372925,"f":264619671,"t":"","d":500558147,"a":[],"m":[{"f":47274917,"t":"","d":500398854,"a":[],"m":[{"f":47274917,"t":"Город Казань, Республика Татарстан \nИндекс 420141 \nФИО Гаязов Рамиль Даминович \nАдрес ул. Юлиуса Фучика, д.107, кв. 27 \n89625629138","d":482681922,"a":[]}]}]},{"i":2352684,"f":264619671,"t":"Спасибо!!!","d":499086504,"a":[],"m":[]},{"i":2352683,"f":15267753,"t":"1300","d":499086498,"a":[],"m":[]},{"i":2352682,"f":15267753,"t":"Накладная успешно создана с номером: 1293227812","d":499086497,"a":[],"m":[]},{"i":2352679,"f":264619671,"t":"Я просто к сдэк подъезжаю","d":499086395,"a":[],"m":[]},{"i":2352638,"f":264619671,"t":"50*50*40","d":499082619,"a":[],"m":[]},{"i":2352423,"f":264619671,"t":"Ща дано измерю","d":499035993,"a":[],"m":[]},{"i":2352410,"f":15267753,"t":"Таких две?","d":499035354,"a":[],"m":[]},{"i":2352409,"f":264619671,"t":"","d":499035337,"a":[],"m":[{"f":264619671,"t":"Высота 50\nШирина 50\nДлинна 34","d":485725759,"a":[]}]},{"i":2352407,"f":264619671,"t":"Можешь как 2 коробки оформить","d":499035323,"a":[],"m":[]},{"i":2352406,"f":15267753,"t":"Габариты","d":499035321,"a":[],"m":[]},{"i":2352405,"f":264619671,"t":"15 пар из Питера","d":499035312,"a":[],"m":[]},{"i":2352404,"f":264619671,"t":"И надо на мирного","d":499035306,"a":[],"m":[]},{"i":2352374,"f":15267753,"t":"+","d":499033723,"a":[],"m":[]},{"i":2352373,"f":264619671,"t":"+","d":499033711,"a":[],"m":[]},{"i":2352204,"f":15267753,"t":"89059515168 сбер","d":499023198,"a":[],"m":[]},{"i":2352107,"f":264619671,"t":"Напомни пж номер","d":499021782,"a":[],"m":[]},{"i":2352106,"f":15267753,"t":"Поменял, 550 стало","d":499021775,"a":[],"m":[]},{"i":2352093,"f":264619671,"t":"Через скок +-?","d":499021449,"a":[],"m":[]},{"i":2352092,"f":15267753,"t":"Ок чуть позже","d":499021421,"a":[],"m":[]},{"i":2352091,"f":264619671,"t":"В сумме 3 пары","d":499021411,"a":[],"m":[]},{"i":2352090,"f":264619671,"t":"Добавь туда 1 пару пж","d":499021407,"a":[],"m":[]},{"i":2350967,"f":15267753,"t":"Накладная успешно создана с номером: 1292698336\n450","d":498935473,"a":[],"m":[]},{"i":2350949,"f":264619671,"t":"Da","d":498934999,"a":[],"m":[]},{"i":2350942,"f":15267753,"t":"Из спб?","d":498934820,"a":[],"m":[]},{"i":2350938,"f":264619671,"t":"1 место 2 пары","d":498934789,"a":[],"m":[{"f":264619671,"t":"Сколько шип будет?\n\nТимофеев Кирилл \nБрест \nУл Карбышева 36 (отделение сдек)","d":498081801,"a":[]}]},{"i":2339679,"f":264619671,"t":"Ща напишу","d":498242842,"a":[],"m":[]},{"i":2339678,"f":264619671,"t":"Он закинет","d":498242838,"a":[],"m":[]},{"i":2339675,"f":15267753,"t":"Закинешь сразу за нее?","d":498242580,"a":[],"m":[]},{"i":2339587,"f":15267753,"t":"Накладная успешно создана с номером: 1290305105\n1000","d":498239228,"a":[],"m":[]},{"i":2339562,"f":15267753,"t":"Ща сделаю","d":498238364,"a":[],"m":[]},{"i":2339561,"f":264619671,"t":"50*50*50","d":498238331,"a":[],"m":[]},{"i":2339558,"f":264619671,"t":"На мирного из спб","d":498238320,"a":[],"m":[]},{"i":2337322,"f":15267753,"t":"350","d":498081918,"a":[],"m":[]},{"i":2337316,"f":264619671,"t":"Спб","d":498081865,"a":[],"m":[]},{"i":2337314,"f":15267753,"t":"Откуда","d":498081853,"a":[],"m":[]},{"i":2337312,"f":264619671,"t":"1 пара","d":498081805,"a":[],"m":[]},{"i":2337311,"f":264619671,"t":"Сколько шип будет?\n\nТимофеев Кирилл \nБрест \nУл Карбышева 36 (отделение сдек)","d":498081801,"a":[],"m":[]},{"i":2306618,"f":15267753,"t":"+","d":496156557,"a":[],"m":[]},{"i":2306610,"f":264619671,"t":"Да","d":496156466,"a":[],"m":[]},{"i":2306538,"f":15267753,"t":"а сразу закинешь? я плочу за сдек щас поййду","d":496155726,"a":[],"m":[]},{"i":2306537,"f":15267753,"t":"950","d":496155701,"a":[],"m":[]},{"i":2306536,"f":15267753,"t":"Накладная успешно создана с номером: 1284297937","d":496155699,"a":[],"m":[]},{"i":2306529,"f":264619671,"t":"Спб","d":496155577,"a":[],"m":[]},{"i":2306525,"f":15267753,"t":"из мск ?","d":496155559,"a":[],"m":[]},{"i":2306523,"f":15267753,"t":"да","d":496155554,"a":[],"m":[]},{"i":2306521,"f":264619671,"t":"Можешь пж сейчас сделать","d":496155548,"a":[],"m":[]},{"i":2306520,"f":264619671,"t":"51*23*68","d":496155519,"a":[],"m":[]},{"i":2306511,"f":264619671,"t":"Ща габариты напишу","d":496155314,"a":[],"m":[]},{"i":2306510,"f":264619671,"t":".","d":496155303,"a":[],"m":[{"f":264619671,"t":"","d":485718209,"a":[],"m":[{"f":17193906,"t":"Г Минск ул держинского 11\nГабрусь Сергей Леонидович \n+375292514284","d":485705818,"a":[]}]}]},{"i":2306509,"f":15267753,"t":"привет","d":496155297,"a":[],"m":[]},{"i":2306507,"f":264619671,"t":"Привет","d":496155291,"a":[],"m":[]},{"i":2263201,"f":15267753,"t":"+++","d":493560217,"a":[],"m":[]},{"i":2263200,"f":264619671,"t":"600 от Габруся","d":493560215,"a":[],"m":[]},{"i":2263199,"f":264619671,"t":"+","d":493560209,"a":[],"m":[]},{"i":2227991,"f":15267753,"t":"+","d":491505613,"a":[],"m":[]},{"i":2227990,"f":264619671,"t":"+","d":491505602,"a":[],"m":[]},{"i":2227966,"f":15267753,"t":"89059515168 сбер","d":491502902,"a":[],"m":[]},{"i":2227965,"f":264619671,"t":"Напомни номер","d":491502885,"a":[],"m":[]},{"i":2188447,"f":15267753,"t":"350","d":488991941,"a":[],"m":[]},{"i":2188446,"f":15267753,"t":"Накладная успешно создана с номером: 1265758386","d":488991940,"a":[],"m":[]},{"i":2188436,"f":264619671,"t":"","d":488991459,"a":[{"t":0,"s":{"m":"https://sun9-23.userapi.com/impg/lMIfIn4sFPIJjJa8gXNlK_vIE4F2ywvE_UTCbQ/Jj2fz42gBoQ.jpg?size=499x1080&quality=96&sign=25f5f0742cbc9a7a0f3672fe12c0218d&c_uniq_tag=ZOm74oE8iUzX9qA6_2AG3JrhiOR6fjvwm91tnMXw8YU&type=album","s":"https://sun9-23.userapi.com/impg/lMIfIn4sFPIJjJa8gXNlK_vIE4F2ywvE_UTCbQ/Jj2fz42gBoQ.jpg?size=279x604&quality=96&sign=9c30f47c4f5eb7b37738fa5299a96653&c_uniq_tag=n1Ki5_WG0cPAgSBUXjlPKoQRwVSYyki5XVCEBG6N1rc&type=album","n":"https://sun9-23.userapi.com/impg/lMIfIn4sFPIJjJa8gXNlK_vIE4F2ywvE_UTCbQ/Jj2fz42gBoQ.jpg?size=35x75&quality=96&sign=9b6814a1217bc00eb29e0edcb6af04a5&c_uniq_tag=HX8HNWq7CrxSj7x8oUUK6fd7_EE3DSctqCJjOwMj35I&type=album","o":"https://sun9-23.userapi.com/impg/lMIfIn4sFPIJjJa8gXNlK_vIE4F2ywvE_UTCbQ/Jj2fz42gBoQ.jpg?size=510x900&quality=96&crop=0,0,828,1461&sign=560fa657e0a1515c73ec04909d040f5f&c_uniq_tag=Vg2-yWRLbvK5_FbxZcVnG2iyIrQoVB3eL1TciXPurnQ&type=album","t":"https://sun9-23.userapi.com/impg/lMIfIn4sFPIJjJa8gXNlK_vIE4F2ywvE_UTCbQ/Jj2fz42gBoQ.jpg?size=200x433&quality=96&sign=944b2b7fb5640da3eabd12f9c69d83a2&c_uniq_tag=3yV06p_n7pTck3K1MKpasnrCqHV_4ePb_dku8raVz_s&type=album"},"z":"","q":0,"w":0,"o":264619671,"i":457254754,"d":488991459}],"m":[]},{"i":2188400,"f":15267753,"t":"Пункт спроси какой у него","d":488990739,"a":[],"m":[]},{"i":2188398,"f":264619671,"t":"Туда из спб обычный бокс","d":488990716,"a":[],"m":[]},{"i":2188388,"f":264619671,"t":"","d":488990546,"a":[],"m":[{"f":96891850,"t":"","d":488989493,"a":[],"m":[{"f":96891850,"t":"","d":488282375,"a":[],"m":[{"f":96891850,"t":"","d":486660013,"a":[],"m":[{"f":96891850,"t":"г. Белгород 308000 улица губкина 42 Г кв 6, Рачевский Данил Николаевич\nБелгородская область","d":472062132,"a":[]},{"f":96891850,"t":"89102286222","d":472062174,"a":[]}]}]}]}]},{"i":2176099,"f":15267753,"t":"","d":488298160,"a":[{"t":0,"s":{"m":"https://sun9-77.userapi.com/impg/KCh1YJZzqETWhxtmiF0c7Bu-zMJD0ydNuCV-nA/0KCYccHaEdQ.jpg?size=1280x240&quality=96&sign=c4a9057321ef1356bf60332349c59ffd&c_uniq_tag=FCHYKRoTWrgaleCK67mTGe9ePbgI4UvoOZrNT7YwS0I&type=album","s":"https://sun9-77.userapi.com/impg/KCh1YJZzqETWhxtmiF0c7Bu-zMJD0ydNuCV-nA/0KCYccHaEdQ.jpg?size=604x113&quality=96&sign=be6a2c9589ab20db59423da8087b4bc2&c_uniq_tag=Hvio2AmLe5JZ0ZnhZRxMeVZIOjswM5xTgxzcUYws7Jk&type=album","n":"https://sun9-77.userapi.com/impg/KCh1YJZzqETWhxtmiF0c7Bu-zMJD0ydNuCV-nA/0KCYccHaEdQ.jpg?size=75x14&quality=96&sign=f17864283b0e6128ec5b6aee6727c0a4&c_uniq_tag=DeZ_-Pr2s904oD5Bi09slZKKQ3HayB1fTwXcFyXMU70&type=album","o":"https://sun9-77.userapi.com/impg/KCh1YJZzqETWhxtmiF0c7Bu-zMJD0ydNuCV-nA/0KCYccHaEdQ.jpg?size=510x340&quality=96&crop=676,0,531,354&sign=ea988960d8846b0303853aca144eb1e2&c_uniq_tag=iISajdOqzSyZsYjfMTgzeV6rwoP2xokHJC1DIPdvjTg&type=album","t":"https://sun9-77.userapi.com/impg/KCh1YJZzqETWhxtmiF0c7Bu-zMJD0ydNuCV-nA/0KCYccHaEdQ.jpg?size=200x133&quality=96&crop=676,0,532,354&sign=02313b676445c6deafe5606c593fa0da&c_uniq_tag=bghV4E_BSYZKZcXTvdnzUdRUMxSJupLaMfYySP43NOs&type=album"},"z":"","q":0,"w":0,"o":15267753,"i":457257406,"d":488298159}],"m":[]},{"i":2176094,"f":264619671,"t":"Можно скрин","d":488298120,"a":[],"m":[]},{"i":2173918,"f":15267753,"t":"Вручнена она да","d":488201845,"a":[],"m":[]},{"i":2173577,"f":15267753,"t":"завтра точнее узнаю","d":488152456,"a":[],"m":[]},{"i":2173576,"f":15267753,"t":"написано вручено","d":488152449,"a":[],"m":[{"f":15267753,"t":"Накладная успешно создана с номером: 1260997570","d":486910731,"a":[]},{"f":264619671,"t":"Кроме этой","d":488142535,"a":[],"m":[{"f":15267753,"t":"Накладная успешно создана с номером: 1260997570","d":486910731,"a":[]}]}]},{"i":2173369,"f":15267753,"t":"Сполшу завтра у менеддера","d":488142627,"a":[],"m":[]},{"i":2173366,"f":15267753,"t":"Типа ошибка отслеживания","d":488142609,"a":[],"m":[]},{"i":2173364,"f":264619671,"t":"Эта просто пропала","d":488142541,"a":[],"m":[]},{"i":2173362,"f":264619671,"t":"Кроме этой","d":488142535,"a":[],"m":[{"f":15267753,"t":"Накладная успешно создана с номером: 1260997570","d":486910731,"a":[]}]},{"i":2173359,"f":264619671,"t":"У меня уже все пришли","d":488142518,"a":[],"m":[]},{"i":2169502,"f":15267753,"t":"400","d":487961363,"a":[],"m":[]},{"i":2169501,"f":15267753,"t":"Накладная успешно создана с номером: 1263352035","d":487961362,"a":[],"m":[]},{"i":2169484,"f":264619671,"t":"Обычный мелкий пакет сдэк","d":487961173,"a":[],"m":[]},{"i":2169482,"f":15267753,"t":"а че па габаритам","d":487961158,"a":[],"m":[]},{"i":2169472,"f":264619671,"t":"Из спб до двери кита","d":487961018,"a":[],"m":[]},{"i":2169471,"f":264619671,"t":"","d":487961003,"a":[{"t":0,"s":{"m":"https://sun9-29.userapi.com/impg/NFzUoSOmUbYhMHThJkGCgzcKIu8_rXBTYHnMCQ/vT9kuHW15c8.jpg?size=810x1080&quality=96&sign=4c34ea2074398622b20460f8eb8dc29e&c_uniq_tag=gTKE42Pt0Q9bdfh5_-W2HlQ5bdsxMwaf5LkU7Kzl4Uo&type=album","s":"https://sun9-29.userapi.com/impg/NFzUoSOmUbYhMHThJkGCgzcKIu8_rXBTYHnMCQ/vT9kuHW15c8.jpg?size=453x604&quality=96&sign=874d9cce6aaae3ad3a60f5e218220641&c_uniq_tag=gTASL_j__zxGeTdGpiI6OV0rw4sCrPhe9Nrykqf5Fus&type=album","n":"https://sun9-29.userapi.com/impg/NFzUoSOmUbYhMHThJkGCgzcKIu8_rXBTYHnMCQ/vT9kuHW15c8.jpg?size=56x75&quality=96&sign=ef078e8388ac1b4ca3478691f3357eeb&c_uniq_tag=fIqZQl_4PB5dHzLF-cYv7LEmhI7diF9NWjDpFKwz3yw&type=album","o":"https://sun9-29.userapi.com/impg/NFzUoSOmUbYhMHThJkGCgzcKIu8_rXBTYHnMCQ/vT9kuHW15c8.jpg?size=510x680&quality=96&sign=c748fbd5d31928d949ab3e0e1258e057&c_uniq_tag=FWUoMyOhcG-jErDlKQwO1AFq4ab_xY-MDWZWwuuXi5A&type=album","t":"https://sun9-29.userapi.com/impg/NFzUoSOmUbYhMHThJkGCgzcKIu8_rXBTYHnMCQ/vT9kuHW15c8.jpg?size=200x267&quality=96&sign=22a32c656c532358a8de8632a05a1d89&c_uniq_tag=O8z1MFKwOXPURs5NE5lcZyL0lZqfzW6EeaNxj6_tizg&type=album"},"z":"","q":0,"w":0,"o":264619671,"i":457254635,"d":487961003}],"m":[]},{"i":2169046,"f":264619671,"t":"","d":487941512,"a":[{"t":3,"o":264619671,"i":606026540,"n":"audio_msg.opus","e":"ogg","s":14437,"url":"https://vk.com/doc264619671_606026540?hash=VANmCZ5xO5PY5aZp2xjKyt9qFxlLZSx3qnsFG9OklvL&dl=Dbz7Yz12nOtlMqizHUvt71COtJbuJKEtUl7hOliezzs&api=1&no_preview=1"}],"m":[]},{"i":2169045,"f":15267753,"t":"Чет у сдека отслеживание сломалось","d":487941496,"a":[],"m":[]},{"i":2168988,"f":264619671,"t":"Посмотри пж, это вручено?","d":487936849,"a":[],"m":[{"f":15267753,"t":"Накладная успешно создана с номером: 1260997570","d":486910731,"a":[]}]},{"i":2166771,"f":15267753,"t":"+","d":487771277,"a":[],"m":[]},{"i":2166769,"f":15267753,"t":"700","d":487770982,"a":[],"m":[]},{"i":2166768,"f":15267753,"t":"Накладная успешно создана с номером: 1262998022","d":487770981,"a":[],"m":[]},{"i":2166767,"f":264619671,"t":"Сюда до двери","d":487770865,"a":[],"m":[{"f":264619671,"t":"","d":486826460,"a":[{"t":0,"s":{"m":"https://sun9-3.userapi.com/impg/tFNDj5DY5UlpNeicq2Ilt5F4edAK86bdkl8SMA/0Exby6ysQFk.jpg?size=1125x423&quality=96&sign=4f7e3a4c4e3c013ecb86f6c63f39825f&c_uniq_tag=1FN35fvFSSCQrW1TcjfswOgFB8xhE8tJO5_EijGqo8Y&type=album","s":"https://sun9-3.userapi.com/impg/tFNDj5DY5UlpNeicq2Ilt5F4edAK86bdkl8SMA/0Exby6ysQFk.jpg?size=604x227&quality=96&sign=fe087973672809a8131ab21eb1efc5e1&c_uniq_tag=wnLi012P6N1o1Fl-Jdb2ZcGVlWU9BzlKRnqokoTMg7U&type=album","n":"https://sun9-3.userapi.com/impg/tFNDj5DY5UlpNeicq2Ilt5F4edAK86bdkl8SMA/0Exby6ysQFk.jpg?size=510x340&quality=96&crop=245,0,634,423&sign=abe22dbf1e725ff42da59defb6d17e5c&c_uniq_tag=_lCQPCnVMDBJB62dHayeqKBPTaq8Mf_rLpPd8rbEli4&type=album","o":"https://sun9-3.userapi.com/impg/tFNDj5DY5UlpNeicq2Ilt5F4edAK86bdkl8SMA/0Exby6ysQFk.jpg?size=320x213&quality=96&crop=245,0,635,423&sign=498072edd7d1b034f572d3bbb3f56d81&c_uniq_tag=9DWx0S2GVWTm-CdxA8jQP9baeNFi966HTJv4euv1gCc&type=album","t":"https://sun9-3.userapi.com/impg/tFNDj5DY5UlpNeicq2Ilt5F4edAK86bdkl8SMA/0Exby6ysQFk.jpg?size=130x87&quality=96&crop=246,0,632,423&sign=6f8d1298c289a3b2a203f4a4d2d68f18&c_uniq_tag=5htfkQTmQI0PUlbeHALDpV7eWN-QKRX_liEWu-BzDBg&type=album"},"z":"","q":0,"w":0,"o":264619671,"i":457254479,"d":486826460}]}]},{"i":2166766,"f":264619671,"t":"Отсюда","d":487770856,"a":[],"m":[]},{"i":2166765,"f":264619671,"t":"","d":487770853,"a":[],"m":[{"f":191028770,"t":"53 38 22","d":487770699,"a":[]},{"f":191028770,"t":"Казань","d":487770826,"a":[]},{"f":191028770,"t":"89179325673\nНабиуллин Муса\nна всякий","d":487770842,"a":[]}]},{"i":2166764,"f":15267753,"t":"Привет","d":487770851,"a":[],"m":[]},{"i":2166763,"f":264619671,"t":"Добре утро","d":487770842,"a":[],"m":[]},{"i":2156367,"f":15267753,"t":"+","d":487270410,"a":[],"m":[]},{"i":2156365,"f":264619671,"t":"Готово","d":487270250,"a":[],"m":[]},{"i":2155958,"f":15267753,"t":"1500","d":487256360,"a":[],"m":[]},{"i":2155957,"f":15267753,"t":"Накладная успешно создана с номером: 1261714777","d":487256351,"a":[],"m":[]},{"i":2155944,"f":264619671,"t":"Да","d":487256193,"a":[],"m":[]},{"i":2155940,"f":15267753,"t":"из спб?","d":487256138,"a":[],"m":[]},{"i":2155899,"f":264619671,"t":"Две коробки","d":487253003,"a":[],"m":[]},{"i":2155898,"f":264619671,"t":"600*400*400","d":487253000,"a":[],"m":[]},{"i":2155897,"f":264619671,"t":"","d":487252981,"a":[],"m":[{"f":17193906,"t":"Минск","d":487252950,"a":[]},{"f":17193906,"t":"Держинского 11\n+375292514284\nГабрусь Сергей Леонидович","d":487252970,"a":[]}]},{"i":2150688,"f":15267753,"t":"+","d":486915346,"a":[],"m":[]},{"i":2150687,"f":264619671,"t":"Готово","d":486915333,"a":[],"m":[]},{"i":2150543,"f":15267753,"t":"","d":486910881,"a":[],"m":[{"f":15267753,"t":"Накладная успешно создана с номером: 1260998431\n400","d":486910876,"a":[]}]},{"i":2150537,"f":15267753,"t":"ща","d":486910801,"a":[],"m":[]},{"i":2150535,"f":264619671,"t":"Да","d":486910799,"a":[],"m":[]},{"i":2150534,"f":15267753,"t":"тоже на кита до дома?","d":486910795,"a":[],"m":[]},{"i":2150532,"f":264619671,"t":"И от Даникян","d":486910778,"a":[],"m":[]},{"i":2150524,"f":15267753,"t":"500","d":486910732,"a":[],"m":[]},{"i":2150523,"f":15267753,"t":"Накладная успешно создана с номером: 1260997570","d":486910731,"a":[],"m":[]},{"i":2150500,"f":264619671,"t":"Обычный бокс 1 кг","d":486910445,"a":[],"m":[]},{"i":2150499,"f":264619671,"t":"Сюда до двери","d":486910437,"a":[],"m":[{"f":264619671,"t":"","d":486826460,"a":[{"t":0,"s":{"m":"https://sun9-3.userapi.com/impg/tFNDj5DY5UlpNeicq2Ilt5F4edAK86bdkl8SMA/0Exby6ysQFk.jpg?size=1125x423&quality=96&sign=4f7e3a4c4e3c013ecb86f6c63f39825f&c_uniq_tag=1FN35fvFSSCQrW1TcjfswOgFB8xhE8tJO5_EijGqo8Y&type=album","s":"https://sun9-3.userapi.com/impg/tFNDj5DY5UlpNeicq2Ilt5F4edAK86bdkl8SMA/0Exby6ysQFk.jpg?size=604x227&quality=96&sign=fe087973672809a8131ab21eb1efc5e1&c_uniq_tag=wnLi012P6N1o1Fl-Jdb2ZcGVlWU9BzlKRnqokoTMg7U&type=album","n":"https://sun9-3.userapi.com/impg/tFNDj5DY5UlpNeicq2Ilt5F4edAK86bdkl8SMA/0Exby6ysQFk.jpg?size=510x340&quality=96&crop=245,0,634,423&sign=abe22dbf1e725ff42da59defb6d17e5c&c_uniq_tag=_lCQPCnVMDBJB62dHayeqKBPTaq8Mf_rLpPd8rbEli4&type=album","o":"https://sun9-3.userapi.com/impg/tFNDj5DY5UlpNeicq2Ilt5F4edAK86bdkl8SMA/0Exby6ysQFk.jpg?size=320x213&quality=96&crop=245,0,635,423&sign=498072edd7d1b034f572d3bbb3f56d81&c_uniq_tag=9DWx0S2GVWTm-CdxA8jQP9baeNFi966HTJv4euv1gCc&type=album","t":"https://sun9-3.userapi.com/impg/tFNDj5DY5UlpNeicq2Ilt5F4edAK86bdkl8SMA/0Exby6ysQFk.jpg?size=130x87&quality=96&crop=246,0,632,423&sign=6f8d1298c289a3b2a203f4a4d2d68f18&c_uniq_tag=5htfkQTmQI0PUlbeHALDpV7eWN-QKRX_liEWu-BzDBg&type=album"},"z":"","q":0,"w":0,"o":264619671,"i":457254479,"d":486826460}]}]},{"i":2150497,"f":264619671,"t":"Из новосиба","d":486910428,"a":[],"m":[]},{"i":2150494,"f":15267753,"t":"не","d":486910281,"a":[],"m":[]},{"i":2150493,"f":15267753,"t":"привет","d":486910281,"a":[],"m":[]},{"i":2150492,"f":264619671,"t":"Агафонова адресс знаешь?","d":486910271,"a":[],"m":[]},{"i":2150491,"f":264619671,"t":"Привет","d":486910262,"a":[],"m":[]},{"i":2148830,"f":15267753,"t":"+++","d":486828872,"a":[],"m":[]},{"i":2148827,"f":264619671,"t":"Кайф!","d":486828796,"a":[],"m":[]},{"i":2148826,"f":15267753,"t":"Да","d":486828750,"a":[],"m":[]},{"i":2148824,"f":264619671,"t":"Ты же до двери поставил?","d":486828738,"a":[],"m":[]},{"i":2148821,"f":264619671,"t":"Готово","d":486828703,"a":[],"m":[]},{"i":2148819,"f":15267753,"t":"","d":486828469,"a":[],"m":[{"f":15267753,"t":"Накладная успешно создана с номером: 1260781462","d":486828457,"a":[]},{"f":15267753,"t":"600","d":486828459,"a":[]}]},{"i":2148810,"f":264619671,"t":"До двери","d":486828365,"a":[],"m":[{"f":264619671,"t":"","d":486826460,"a":[{"t":0,"s":{"m":"https://sun9-3.userapi.com/impg/tFNDj5DY5UlpNeicq2Ilt5F4edAK86bdkl8SMA/0Exby6ysQFk.jpg?size=1125x423&quality=96&sign=4f7e3a4c4e3c013ecb86f6c63f39825f&c_uniq_tag=1FN35fvFSSCQrW1TcjfswOgFB8xhE8tJO5_EijGqo8Y&type=album","s":"https://sun9-3.userapi.com/impg/tFNDj5DY5UlpNeicq2Ilt5F4edAK86bdkl8SMA/0Exby6ysQFk.jpg?size=604x227&quality=96&sign=fe087973672809a8131ab21eb1efc5e1&c_uniq_tag=wnLi012P6N1o1Fl-Jdb2ZcGVlWU9BzlKRnqokoTMg7U&type=album","n":"https://sun9-3.userapi.com/impg/tFNDj5DY5UlpNeicq2Ilt5F4edAK86bdkl8SMA/0Exby6ysQFk.jpg?size=510x340&quality=96&crop=245,0,634,423&sign=abe22dbf1e725ff42da59defb6d17e5c&c_uniq_tag=_lCQPCnVMDBJB62dHayeqKBPTaq8Mf_rLpPd8rbEli4&type=album","o":"https://sun9-3.userapi.com/impg/tFNDj5DY5UlpNeicq2Ilt5F4edAK86bdkl8SMA/0Exby6ysQFk.jpg?size=320x213&quality=96&crop=245,0,635,423&sign=498072edd7d1b034f572d3bbb3f56d81&c_uniq_tag=9DWx0S2GVWTm-CdxA8jQP9baeNFi966HTJv4euv1gCc&type=album","t":"https://sun9-3.userapi.com/impg/tFNDj5DY5UlpNeicq2Ilt5F4edAK86bdkl8SMA/0Exby6ysQFk.jpg?size=130x87&quality=96&crop=246,0,632,423&sign=6f8d1298c289a3b2a203f4a4d2d68f18&c_uniq_tag=5htfkQTmQI0PUlbeHALDpV7eWN-QKRX_liEWu-BzDBg&type=album"},"z":"","q":0,"w":0,"o":264619671,"i":457254479,"d":486826460}]}]},{"i":2148686,"f":15267753,"t":"а габариты примерно","d":486826582,"a":[],"m":[]},{"i":2148684,"f":264619671,"t":"20 поясных сумок","d":486826524,"a":[],"m":[]},{"i":2148678,"f":15267753,"t":"Пара?","d":486826494,"a":[],"m":[]},{"i":2148675,"f":264619671,"t":"От неё сюда","d":486826478,"a":[],"m":[]},{"i":2148674,"f":264619671,"t":"","d":486826460,"a":[{"t":0,"s":{"m":"https://sun9-3.userapi.com/impg/tFNDj5DY5UlpNeicq2Ilt5F4edAK86bdkl8SMA/0Exby6ysQFk.jpg?size=1125x423&quality=96&sign=4f7e3a4c4e3c013ecb86f6c63f39825f&c_uniq_tag=1FN35fvFSSCQrW1TcjfswOgFB8xhE8tJO5_EijGqo8Y&type=album","s":"https://sun9-3.userapi.com/impg/tFNDj5DY5UlpNeicq2Ilt5F4edAK86bdkl8SMA/0Exby6ysQFk.jpg?size=604x227&quality=96&sign=fe087973672809a8131ab21eb1efc5e1&c_uniq_tag=wnLi012P6N1o1Fl-Jdb2ZcGVlWU9BzlKRnqokoTMg7U&type=album","n":"https://sun9-3.userapi.com/impg/tFNDj5DY5UlpNeicq2Ilt5F4edAK86bdkl8SMA/0Exby6ysQFk.jpg?size=510x340&quality=96&crop=245,0,634,423&sign=abe22dbf1e725ff42da59defb6d17e5c&c_uniq_tag=_lCQPCnVMDBJB62dHayeqKBPTaq8Mf_rLpPd8rbEli4&type=album","o":"https://sun9-3.userapi.com/impg/tFNDj5DY5UlpNeicq2Ilt5F4edAK86bdkl8SMA/0Exby6ysQFk.jpg?size=320x213&quality=96&crop=245,0,635,423&sign=498072edd7d1b034f572d3bbb3f56d81&c_uniq_tag=9DWx0S2GVWTm-CdxA8jQP9baeNFi966HTJv4euv1gCc&type=album","t":"https://sun9-3.userapi.com/impg/tFNDj5DY5UlpNeicq2Ilt5F4edAK86bdkl8SMA/0Exby6ysQFk.jpg?size=130x87&quality=96&crop=246,0,632,423&sign=6f8d1298c289a3b2a203f4a4d2d68f18&c_uniq_tag=5htfkQTmQI0PUlbeHALDpV7eWN-QKRX_liEWu-BzDBg&type=album"},"z":"","q":0,"w":0,"o":264619671,"i":457254479,"d":486826460}],"m":[]},{"i":2148673,"f":15267753,"t":"да","d":486826402,"a":[],"m":[]},{"i":2148670,"f":264619671,"t":"Анастасии","d":486826375,"a":[],"m":[]},{"i":2148669,"f":264619671,"t":"Ты делал Доникян накладные?","d":486826372,"a":[],"m":[]},{"i":2148662,"f":15267753,"t":"привет","d":486826044,"a":[],"m":[]},{"i":2148661,"f":264619671,"t":"Привет","d":486826035,"a":[],"m":[]},{"i":2145053,"f":15267753,"t":"+++","d":486737111,"a":[],"m":[]},{"i":2145052,"f":264619671,"t":"Секунду","d":486736971,"a":[],"m":[]},{"i":2145051,"f":264619671,"t":"Оу","d":486736968,"a":[],"m":[]},{"i":2145047,"f":15267753,"t":"йо а ты не закинул тогда?)","d":486736911,"a":[],"m":[]},{"i":2134195,"f":15267753,"t":"89059515168 сбер","d":486130641,"a":[],"m":[]},{"i":2134194,"f":264619671,"t":"Напомни номер пж","d":486130627,"a":[],"m":[]},{"i":2134193,"f":264619671,"t":"Да","d":486130621,"a":[],"m":[]},{"i":2134190,"f":15267753,"t":"а закинешь мне над сдек оплатить","d":486130362,"a":[],"m":[]},{"i":2130883,"f":15267753,"t":"да оке","d":485818838,"a":[],"m":[]},{"i":2130873,"f":264619671,"t":"","d":485818778,"a":[{"t":3,"o":264619671,"i":603508422,"n":"audio_msg.opus","e":"ogg","s":29311,"url":"https://vk.com/doc264619671_603508422?hash=zp5sJEKEj1CLHffzc32jUVAfaQbCxkWhHM9LODiNiB8&dl=anj92aXQWutvQ6e4wFcGKClKC1JfRu8J3JArTmNaIJD&api=1&no_preview=1"}],"m":[]},{"i":2130859,"f":15267753,"t":"а ты закинешь кеша","d":485818726,"a":[],"m":[]},{"i":2129581,"f":15267753,"t":"1150","d":485726025,"a":[],"m":[]},{"i":2129580,"f":15267753,"t":"Накладная успешно создана с номером: 1258343832","d":485726024,"a":[],"m":[]},{"i":2129574,"f":264619671,"t":"Высота 50\nШирина 50\nДлинна 34","d":485725759,"a":[],"m":[]},{"i":2129442,"f":264619671,"t":"Ща, приеду замерю","d":485718268,"a":[],"m":[]},{"i":2129440,"f":15267753,"t":"Нет под рукой коробок просто)","d":485718253,"a":[],"m":[]},{"i":2129439,"f":15267753,"t":"Ну прикинь 8 пар","d":485718242,"a":[],"m":[]},{"i":2129436,"f":15267753,"t":"Габариты нада(","d":485718233,"a":[],"m":[]},{"i":2129435,"f":264619671,"t":"Габариты мирный не дал(","d":485718227,"a":[],"m":[]},{"i":2129434,"f":264619671,"t":"8 пар","d":485718221,"a":[],"m":[]},{"i":2129433,"f":264619671,"t":"Сюда","d":485718211,"a":[],"m":[]},{"i":2129432,"f":264619671,"t":"","d":485718209,"a":[],"m":[{"f":17193906,"t":"Г Минск ул держинского 11\nГабрусь Сергей Леонидович \n+375292514284","d":485705818,"a":[]}]},{"i":2129431,"f":15267753,"t":"Привет","d":485718190,"a":[],"m":[]},{"i":2129430,"f":264619671,"t":"Отсюда","d":485718182,"a":[{"t":0,"s":{"m":"https://sun9-49.userapi.com/impg/E9fg0xXmbGonSlgiyvhrfOF1XxNzGWjzfmfRkA/cUqE9HHCV4o.jpg?size=499x1080&quality=96&sign=a5bb90a1cb8eaf2ffb9f60036b47b8ae&c_uniq_tag=cURya4MNYUWJf5EDKVZJRdwCg4A5zhQYgPpwRLseCLY&type=album","s":"https://sun9-49.userapi.com/impg/E9fg0xXmbGonSlgiyvhrfOF1XxNzGWjzfmfRkA/cUqE9HHCV4o.jpg?size=279x604&quality=96&sign=2ddb760e6548c3b4cc3a200be834ad0c&c_uniq_tag=Md33ef3otBwM8C0TVgm5WLHsnuriJChkgnCM9XUP7hg&type=album","n":"https://sun9-49.userapi.com/impg/E9fg0xXmbGonSlgiyvhrfOF1XxNzGWjzfmfRkA/cUqE9HHCV4o.jpg?size=35x75&quality=96&sign=967d9bb85c74fe9dcb1044a85cbbb97e&c_uniq_tag=9cc3T--Eb-d5uRZmuSHYrbi3DZWi7A59joA8JbJ8xMY&type=album","o":"https://sun9-49.userapi.com/impg/E9fg0xXmbGonSlgiyvhrfOF1XxNzGWjzfmfRkA/cUqE9HHCV4o.jpg?size=510x900&quality=96&crop=0,0,828,1461&sign=5fe744a498c4f8a708e7f426bd8a1e86&c_uniq_tag=wPHdAKwCVN_aw2FIqvsv8hXKVuaNVraBheBpqxDXc24&type=album","t":"https://sun9-49.userapi.com/impg/E9fg0xXmbGonSlgiyvhrfOF1XxNzGWjzfmfRkA/cUqE9HHCV4o.jpg?size=200x433&quality=96&sign=c4ade3fb462ae3395647deb41a8afd1c&c_uniq_tag=yzsVxbbnK6kKm2v7RWn4RXSJVdaz0_naJ6IS_XNYxhI&type=album"},"z":"","q":0,"w":0,"o":264619671,"i":457254217,"d":485028080}],"m":[]},{"i":2129429,"f":264619671,"t":"Привет","d":485718155,"a":[],"m":[]},{"i":2117139,"f":15267753,"t":"Через бота не получится","d":484929594,"a":[],"m":[]},{"i":2117138,"f":15267753,"t":"Да человека вызове","d":484929594,"a":[],"m":[]},{"i":2117133,"f":264619671,"t":"","d":484929393,"a":[{"t":0,"s":{"m":"https://sun9-74.userapi.com/impg/ORvsvZShh5Hsivkju2gEAOWfSurecKuS_4oQ8g/iDJ0H1EHN2Q.jpg?size=499x1080&quality=96&sign=37a9c777f0672c046ed9734b3d910c61&c_uniq_tag=YWmkcO8cB99C79hzPpzU-Smv_DHxOFobcl-dwkyRgbE&type=album","s":"https://sun9-74.userapi.com/impg/ORvsvZShh5Hsivkju2gEAOWfSurecKuS_4oQ8g/iDJ0H1EHN2Q.jpg?size=279x604&quality=96&sign=6bd87c89bf811df5bd00a5eddfcb74f2&c_uniq_tag=QT-zrfbWMYZy94ZOtVNmjbaqI1mqxhNFI1ntwhIHunY&type=album","n":"https://sun9-74.userapi.com/impg/ORvsvZShh5Hsivkju2gEAOWfSurecKuS_4oQ8g/iDJ0H1EHN2Q.jpg?size=35x75&quality=96&sign=ac5cbb618ba75c65a53a18c24adafe11&c_uniq_tag=mK-327Nd6mivadQ8NLM3SS5ifhWNaIBDXa9dMXAXEpU&type=album","o":"https://sun9-74.userapi.com/impg/ORvsvZShh5Hsivkju2gEAOWfSurecKuS_4oQ8g/iDJ0H1EHN2Q.jpg?size=510x900&quality=96&crop=0,0,828,1461&sign=fc39b9a10f2e1515e6b849c8156514e7&c_uniq_tag=yJJUsf-AgmfA8lbIs2GMaHp26brtuoLdJmRqpRvNSOE&type=album","t":"https://sun9-74.userapi.com/impg/ORvsvZShh5Hsivkju2gEAOWfSurecKuS_4oQ8g/iDJ0H1EHN2Q.jpg?size=200x433&quality=96&sign=42f799512836db67ec9f8dc0e0df70c6&c_uniq_tag=RZUIDXW0PpTqWC01quvVSPyRtvhXsADmM04_LLL-6M0&type=album"},"z":"","q":0,"w":0,"o":264619671,"i":457254206,"d":484929393}],"m":[]},{"i":2117124,"f":264619671,"t":"Окей","d":484929160,"a":[],"m":[]},{"i":2117123,"f":15267753,"t":"Им","d":484929157,"a":[],"m":[]},{"i":2117122,"f":15267753,"t":"Попробуй в чат написать ис","d":484929155,"a":[],"m":[]},{"i":2117117,"f":264619671,"t":"Странно","d":484929085,"a":[],"m":[]},{"i":2117116,"f":15267753,"t":"","d":484929074,"a":[{"t":0,"s":{"m":"https://sun9-57.userapi.com/impg/OxOS4L2HhTPPNS5uCJmO0KB_mH17RrXPJFMHUA/tcqIdxU8ANI.jpg?size=499x1080&quality=96&sign=1b3987e4199650223838d60a9145cdea&c_uniq_tag=ulDogIHoDAsGKNqeqfv3SUlissZUHxaENV8BJCX-aPQ&type=album","s":"https://sun9-57.userapi.com/impg/OxOS4L2HhTPPNS5uCJmO0KB_mH17RrXPJFMHUA/tcqIdxU8ANI.jpg?size=279x604&quality=96&sign=f5f0938eeea54d28c7cfc2e266dedcdc&c_uniq_tag=X-I0NKdSxqQhJts5KoyfhKAV2g8W9BW3OZmMmTGYT90&type=album","n":"https://sun9-57.userapi.com/impg/OxOS4L2HhTPPNS5uCJmO0KB_mH17RrXPJFMHUA/tcqIdxU8ANI.jpg?size=35x75&quality=96&sign=2ad3fb4fe2669e65f429fcea31384a37&c_uniq_tag=KY7AcgwJQtuIDcRt0JoxmsLQStR6IkhVOK_sRvi3t2c&type=album","o":"https://sun9-57.userapi.com/impg/OxOS4L2HhTPPNS5uCJmO0KB_mH17RrXPJFMHUA/tcqIdxU8ANI.jpg?size=510x900&quality=96&crop=0,0,750,1324&sign=26a3e1c0475a7d142614027db5c394c2&c_uniq_tag=z6_oQ3PY4XM-BMieXulj1QF3xICJ_3BDiQqH8SPXaqI&type=album","t":"https://sun9-57.userapi.com/impg/OxOS4L2HhTPPNS5uCJmO0KB_mH17RrXPJFMHUA/tcqIdxU8ANI.jpg?size=200x433&quality=96&sign=f27b8832c99b019a2b56232b515ab83b&c_uniq_tag=900xwPXiKjnDkGtp5kG95Or3h1Td7FkCEYBlLOZdlsU&type=album"},"z":"","q":0,"w":0,"o":15267753,"i":457257156,"d":484929074}],"m":[]},{"i":2117111,"f":264619671,"t":"1255787411","d":484929024,"a":[],"m":[]},{"i":2117110,"f":15267753,"t":"Трек кинь","d":484929021,"a":[],"m":[]},{"i":2117108,"f":264619671,"t":"Посылочка от Габруся","d":484929008,"a":[],"m":[]},{"i":2117105,"f":264619671,"t":"","d":484929001,"a":[{"t":0,"s":{"m":"https://sun9-19.userapi.com/impg/9Zx9vgq1iF7Sjt7ELH9FnSUM8aVEgmst_NP_qg/zElkFluxVUM.jpg?size=499x1080&quality=96&sign=1dc10a60cac08632b62f1c47c6be4551&c_uniq_tag=ERJl_IU7JcOY07SLbQGT4mNM1omcq0X_m2GDXrnigJM&type=album","s":"https://sun9-19.userapi.com/impg/9Zx9vgq1iF7Sjt7ELH9FnSUM8aVEgmst_NP_qg/zElkFluxVUM.jpg?size=279x604&quality=96&sign=51064fc2a7cc802c23a47c99ca8ee38a&c_uniq_tag=zMsXIc_JjricoqbYPKKrmjtXb7XBJdDZtp-l8tBcpG8&type=album","n":"https://sun9-19.userapi.com/impg/9Zx9vgq1iF7Sjt7ELH9FnSUM8aVEgmst_NP_qg/zElkFluxVUM.jpg?size=35x75&quality=96&sign=4ddfc459cbc6e011fe738705ca7d3e26&c_uniq_tag=uJWnqYMobmGN5LmSqg8gWM_tGLaCb0OZ11tF6u6gdzs&type=album","o":"https://sun9-19.userapi.com/impg/9Zx9vgq1iF7Sjt7ELH9FnSUM8aVEgmst_NP_qg/zElkFluxVUM.jpg?size=510x900&quality=96&crop=0,0,828,1461&sign=70f2531fb38221f6135d22f30c2099e8&c_uniq_tag=wTSK_N256_0Zzo8coQr5p6xlAkDy5MP_xad0y-hOlwg&type=album","t":"https://sun9-19.userapi.com/impg/9Zx9vgq1iF7Sjt7ELH9FnSUM8aVEgmst_NP_qg/zElkFluxVUM.jpg?size=200x433&quality=96&sign=9f69849c2b626cd7a3e9fcb283878ff6&c_uniq_tag=dj6LO-W077yONgtbr0fSqqmnrn_l23FC5R2RXjrHDUA&type=album"},"z":"","q":0,"w":0,"o":264619671,"i":457254205,"d":484929000}],"m":[]},{"i":2109549,"f":15267753,"t":"+++","d":484516477,"a":[],"m":[]},{"i":2109548,"f":264619671,"t":"Готово","d":484516462,"a":[],"m":[]},{"i":2109546,"f":264619671,"t":"Ща","d":484516315,"a":[],"m":[]},{"i":2109545,"f":264619671,"t":"Оу","d":484516312,"a":[],"m":[]},{"i":2104796,"f":15267753,"t":"Йо а ты не кидал это","d":484256919,"a":[],"m":[{"f":15267753,"t":"1150","d":483552241,"a":[]}]},{"i":2089857,"f":15267753,"t":"1150","d":483552241,"a":[],"m":[]},{"i":2089856,"f":15267753,"t":"Накладная успешно создана с номером: 1253215791","d":483552238,"a":[],"m":[{"f":264619671,"t":"Зарецкий Марат Эдуардович \n247500 Индекс \nг. Речица, ул. Красина 2а/1 \nМобильный +375293808700","d":483546654,"a":[]}]},{"i":2089808,"f":264619671,"t":"До дома и надо","d":483551486,"a":[],"m":[]},{"i":2089769,"f":15267753,"t":"До дома тока 1150","d":483550290,"a":[],"m":[]},{"i":2089768,"f":15267753,"t":"А там нет офиса","d":483550286,"a":[],"m":[]},{"i":2089757,"f":264619671,"t":"","d":483549974,"a":[],"m":[{"f":206914044,"t":"Гомельская область","d":483549959,"a":[]}]},{"i":2089661,"f":15267753,"t":"А модешь уточниьь какой именно","d":483548494,"a":[{"t":0,"s":{"m":"https://sun9-77.userapi.com/impg/qTiigvBAzwHTJdHE2YJMII_wjGtplXcE5MpZNw/8Z8H6OHtFGI.jpg?size=499x1080&quality=96&sign=a2757545666167a35f5d1d5974d523b0&c_uniq_tag=m6yEWwky9y-R1QFxh2-bFAj24hd_FAXexQFT4h718LU&type=album","s":"https://sun9-77.userapi.com/impg/qTiigvBAzwHTJdHE2YJMII_wjGtplXcE5MpZNw/8Z8H6OHtFGI.jpg?size=279x604&quality=96&sign=caca7e0f128043403ba2f15f1b39467c&c_uniq_tag=lTLEwBgy2Jj14BjpAythkYI2kdGxGlWl7D1D5WuqzUg&type=album","n":"https://sun9-77.userapi.com/impg/qTiigvBAzwHTJdHE2YJMII_wjGtplXcE5MpZNw/8Z8H6OHtFGI.jpg?size=35x75&quality=96&sign=28c05c5a3b02c08eee2938967e757e33&c_uniq_tag=mlkr585_P7OnFYpBzpqzzKomuueVc4K3h0zeC6KadwU&type=album","o":"https://sun9-77.userapi.com/impg/qTiigvBAzwHTJdHE2YJMII_wjGtplXcE5MpZNw/8Z8H6OHtFGI.jpg?size=510x900&quality=96&crop=0,0,750,1324&sign=fdc85f04860ccdbbc75f469697765b94&c_uniq_tag=9MyA7EWncfm-shsp1EwNEpZ7a-HMLs992ez2IgTjRQ8&type=album","t":"https://sun9-77.userapi.com/impg/qTiigvBAzwHTJdHE2YJMII_wjGtplXcE5MpZNw/8Z8H6OHtFGI.jpg?size=200x433&quality=96&sign=5f455fdb19f3d208fdb266f94fda5cb2&c_uniq_tag=qHNW7YaLIqpCfpxF0KWvJZ4fztg5w7_N0HLc2YYJ60c&type=album"},"z":"","q":0,"w":0,"o":15267753,"i":457257120,"d":483548489}],"m":[]},{"i":2089594,"f":264619671,"t":"Да","d":483546675,"a":[],"m":[]},{"i":2089593,"f":15267753,"t":"Из спб да","d":483546672,"a":[],"m":[]},{"i":2089592,"f":15267753,"t":"Ща сделаю минутку)","d":483546665,"a":[],"m":[]},{"i":2089591,"f":264619671,"t":"Зарецкий Марат Эдуардович \n247500 Индекс \nг. Речица, ул. Красина 2а/1 \nМобильный +375293808700","d":483546654,"a":[],"m":[]},{"i":2089586,"f":15267753,"t":"Привет","d":483546638,"a":[],"m":[]},{"i":2089583,"f":264619671,"t":"Привет","d":483546632,"a":[],"m":[]},{"i":2046672,"f":15267753,"t":"+","d":481293800,"a":[],"m":[]},{"i":2046671,"f":15267753,"t":"+","d":481293761,"a":[],"m":[{"f":264619671,"t":"1350","d":481293747,"a":[]}]},{"i":2046670,"f":15267753,"t":"Накладная успешно создана с номером: 1247916766\n350","d":481293750,"a":[],"m":[]},{"i":2046669,"f":264619671,"t":"1350","d":481293747,"a":[],"m":[]},{"i":2046668,"f":264619671,"t":"Ща Р закину","d":481293726,"a":[],"m":[]},{"i":2046667,"f":264619671,"t":"1 пара","d":481293664,"a":[],"m":[]},{"i":2046666,"f":264619671,"t":"","d":481293661,"a":[],"m":[{"f":158943623,"t":"сдэк хочет\nЮсупов Роман Александрович \nСтарый Оскол, Проспект Губкина 5 \n89999724838","d":480964744,"a":[]}]},{"i":2042290,"f":264619671,"t":"Ок","d":481037902,"a":[],"m":[]},{"i":2042289,"f":15267753,"t":"напишешь как закинешь могу не заметить","d":481037898,"a":[],"m":[]},{"i":2042274,"f":264619671,"t":"Нет","d":481037679,"a":[],"m":[]},{"i":2042272,"f":15267753,"t":"а ты 1350 не кидал же?","d":481037664,"a":[],"m":[{"f":15267753,"t":"2800 она вышла","d":480804356,"a":[]}]},{"i":2042271,"f":15267753,"t":"короч все че объема больше двух боксов 60 40 40 через договор не выгодно шипить","d":481037654,"a":[],"m":[]},{"i":2037753,"f":15267753,"t":"2800 она вышла","d":480804356,"a":[],"m":[]},{"i":2037510,"f":264619671,"t":"Хорошо","d":480791514,"a":[],"m":[]},{"i":2037509,"f":15267753,"t":"С компа посмотою","d":480791514,"a":[],"m":[]},{"i":2037508,"f":15267753,"t":"Дома бужу скажу скока","d":480791510,"a":[],"m":[]},{"i":2037507,"f":15267753,"t":"Там чета почти в даа раза дороже стало","d":480791504,"a":[],"m":[]},{"i":2037505,"f":15267753,"t":"5 мин поменяется","d":480791495,"a":[],"m":[]},{"i":2037504,"f":15267753,"t":"Поиенял","d":480791491,"a":[],"m":[]},{"i":2037499,"f":264619671,"t":"Да","d":480791369,"a":[],"m":[]},{"i":2037498,"f":15267753,"t":"Эти которые?","d":480791365,"a":[],"m":[{"f":264619671,"t":"300*400*300","d":479837530,"a":[]}]},{"i":2037497,"f":264619671,"t":"Где коробки","d":480791347,"a":[],"m":[{"f":15267753,"t":"Это где две пары?","d":480791340,"a":[]}]},{"i":2037496,"f":15267753,"t":"Это где две пары?","d":480791340,"a":[],"m":[{"f":264619671,"t":"52*39*32","d":480791292,"a":[]}]},{"i":2037495,"f":15267753,"t":"Да","d":480791331,"a":[],"m":[]},{"i":2037494,"f":264619671,"t":"Поменяешь?","d":480791324,"a":[],"m":[]},{"i":2037492,"f":15267753,"t":"Аааааааа","d":480791297,"a":[],"m":[]},{"i":2037491,"f":264619671,"t":"57*39*32","d":480791292,"a":[],"m":[]},{"i":2037490,"f":264619671,"t":"За размеры ебут","d":480791279,"a":[],"m":[]},{"i":2037489,"f":264619671,"t":"","d":480791273,"a":[{"t":-1,"s":"call","v":{"type":"call","call":{"initiator_id":264619671,"receiver_id":15267753,"state":"canceled_by_initiator","time":1619532473,"duration":0,"video":false}}}],"m":[]},{"i":2037474,"f":15267753,"t":"+","d":480790872,"a":[],"m":[]},{"i":2037473,"f":264619671,"t":"Класс","d":480790808,"a":[],"m":[]},{"i":2037472,"f":15267753,"t":"На 50 меньше","d":480790755,"a":[],"m":[]},{"i":2037470,"f":264619671,"t":"Сколько Р?","d":480790717,"a":[],"m":[]},{"i":2037457,"f":15267753,"t":"Готово","d":480790028,"a":[],"m":[]},{"i":2037456,"f":264619671,"t":"Спасибо","d":480789970,"a":[],"m":[]},{"i":2037455,"f":264619671,"t":"","d":480789964,"a":[{"t":-1,"s":"call","v":{"type":"call","call":{"initiator_id":264619671,"receiver_id":15267753,"state":"canceled_by_receiver","time":1619531164,"duration":0,"video":false}}}],"m":[]},{"i":2037454,"f":15267753,"t":"Ща","d":480789960,"a":[],"m":[]},{"i":2037453,"f":264619671,"t":"Просто 5 коробок","d":480789958,"a":[],"m":[]},{"i":2037452,"f":264619671,"t":"Можешь пж 2 места убрать?","d":480789946,"a":[],"m":[]},{"i":2037442,"f":15267753,"t":"Сбер","d":480788758,"a":[],"m":[]},{"i":2037441,"f":15267753,"t":"89059515168","d":480788756,"a":[],"m":[]},{"i":2037440,"f":264619671,"t":"Номер плз","d":480788684,"a":[],"m":[]},{"i":2037439,"f":15267753,"t":"1500","d":480788570,"a":[],"m":[]},{"i":2037438,"f":15267753,"t":"Накладная успешно создана с номером: 1246914781","d":480788569,"a":[],"m":[]},{"i":2037437,"f":264619671,"t":"Да","d":480788305,"a":[],"m":[]},{"i":2037436,"f":264619671,"t":"И 2 пары в ленту","d":480788300,"a":[],"m":[]},{"i":2037435,"f":15267753,"t":"Из спб?","d":480788295,"a":[],"m":[]},{"i":2037434,"f":264619671,"t":"5 коробок","d":480788293,"a":[],"m":[]},{"i":2037433,"f":264619671,"t":"300*400*300","d":480788289,"a":[],"m":[]},{"i":2037432,"f":264619671,"t":"","d":480788269,"a":[{"t":0,"s":{"m":"https://sun9-46.userapi.com/impg/9KZn27RUo11oK4fno-J_q-eacaC7Kt5bs3R38Q/433VqYorHxQ.jpg?size=1242x1139&quality=96&sign=f09c127508366ea13692af33a77a41b6&c_uniq_tag=PwoWuxHV6o1gNp7JxoQv96DEaM3kB8rJNeKAeCfnotU&type=album","s":"https://sun9-46.userapi.com/impg/9KZn27RUo11oK4fno-J_q-eacaC7Kt5bs3R38Q/433VqYorHxQ.jpg?size=604x554&quality=96&sign=1c6cc55243ae601e6411103834596c4f&c_uniq_tag=IK6VMuzEwDcHKc-d3BPzunU9aB4jaZFbKTCx3yOP5zg&type=album","n":"https://sun9-46.userapi.com/impg/9KZn27RUo11oK4fno-J_q-eacaC7Kt5bs3R38Q/433VqYorHxQ.jpg?size=75x69&quality=96&sign=4f944bfa9ebd46ab684a0d9e5704cecd&c_uniq_tag=SPKpBrLezeYZuVdXFn8WoxpY2tzyM8-ygIlJY6IoK5k&type=album","o":"https://sun9-46.userapi.com/impg/9KZn27RUo11oK4fno-J_q-eacaC7Kt5bs3R38Q/433VqYorHxQ.jpg?size=510x468&quality=96&sign=efb9a619a50117498740656c5ff70ab1&c_uniq_tag=433ytxfywlda4S_PuwfStAbYTxhmAhmtUYvc_bRdo-Y&type=album","t":"https://sun9-46.userapi.com/impg/9KZn27RUo11oK4fno-J_q-eacaC7Kt5bs3R38Q/433VqYorHxQ.jpg?size=200x183&quality=96&sign=11caa6c6e249a8f197dacb62307833b8&c_uniq_tag=8_Hxwb0XpeNkoYKcSGBc82Enrueouh8WzCJiBr6seCk&type=album"},"z":"","q":0,"w":0,"o":264619671,"i":457253573,"d":480788269}],"m":[]},{"i":2023453,"f":264619671,"t":"Ок","d":479839218,"a":[],"m":[]},{"i":2023452,"f":15267753,"t":"1200 вышло","d":479839174,"a":[],"m":[]},{"i":2023451,"f":15267753,"t":"через 2 минуты поменяется","d":479839170,"a":[],"m":[]},{"i":2023450,"f":15267753,"t":"поменял","d":479839166,"a":[],"m":[]},{"i":2023448,"f":15267753,"t":"ща сек","d":479839129,"a":[],"m":[]},{"i":2023447,"f":15267753,"t":"а я коробьок 3 сделал а не 4","d":479839127,"a":[],"m":[]},{"i":2023446,"f":15267753,"t":"Ща нляну","d":479839094,"a":[],"m":[]},{"i":2023445,"f":264619671,"t":"Глянь пж","d":479839092,"a":[],"m":[]},{"i":2023444,"f":15267753,"t":"Эм","d":479839087,"a":[],"m":[]},{"i":2023443,"f":15267753,"t":"Там же?","d":479839084,"a":[],"m":[]},{"i":2023442,"f":264619671,"t":"Говорят там только 4 места","d":479839083,"a":[],"m":[]},{"i":2023441,"f":264619671,"t":"А 2 пары ??","d":479839071,"a":[],"m":[]},{"i":2023422,"f":15267753,"t":"Окей","d":479838160,"a":[],"m":[]},{"i":2023418,"f":264619671,"t":"","d":479838016,"a":[{"t":3,"o":264619671,"i":595437436,"n":"audio_msg.opus","e":"ogg","s":10293,"url":"https://vk.com/doc264619671_595437436?hash=FanCfDnLMpg8BHG1kbrnxs2hU3JVDYts13jCXkTS0us&dl=utaqJVZbNpN7FgF6PAGtnFukdLIr78UhjjrVixj8sZk&api=1&no_preview=1"}],"m":[]},{"i":2023417,"f":264619671,"t":"Спасибо","d":479838010,"a":[],"m":[]},{"i":2023414,"f":15267753,"t":"1100","d":479837787,"a":[],"m":[]},{"i":2023413,"f":15267753,"t":"Накладная успешно создана с номером: 1244595049","d":479837785,"a":[],"m":[]},{"i":2023406,"f":15267753,"t":"ща сдел","d":479837576,"a":[],"m":[]},{"i":2023405,"f":264619671,"t":"","d":479837567,"a":[{"t":-1,"s":"call","v":{"type":"call","call":{"initiator_id":264619671,"receiver_id":15267753,"state":"canceled_by_receiver","time":1618578767,"duration":0,"video":false}}}],"m":[]},{"i":2023404,"f":264619671,"t":"2 пары просто заматаю","d":479837553,"a":[],"m":[]},{"i":2023403,"f":264619671,"t":"4 коробки +2 пары","d":479837543,"a":[],"m":[]},{"i":2023401,"f":264619671,"t":"300*400*300","d":479837530,"a":[],"m":[]},{"i":2023399,"f":264619671,"t":"","d":479837508,"a":[{"t":0,"s":{"m":"https://sun9-7.userapi.com/impg/PN3O9lQieM4Z6-7pOWuBZUw1VnqMQBrUVxLHTA/J0UyBx-Jn_o.jpg?size=810x1080&quality=96&sign=dfac10cd6e612299989fa87a4c90d175&c_uniq_tag=LbqP4ocGEF344ZMKuhwIjnkDvgRNrJ13A-hI2a8btjQ&type=album","s":"https://sun9-7.userapi.com/impg/PN3O9lQieM4Z6-7pOWuBZUw1VnqMQBrUVxLHTA/J0UyBx-Jn_o.jpg?size=453x604&quality=96&sign=d889cfde0831413380fe3370ebcb514a&c_uniq_tag=2gqauMbJgTah8PWzw-pqfzAiG5NffZaCLgV5Znl5M2E&type=album","n":"https://sun9-7.userapi.com/impg/PN3O9lQieM4Z6-7pOWuBZUw1VnqMQBrUVxLHTA/J0UyBx-Jn_o.jpg?size=56x75&quality=96&sign=e7fea1aabe28a86ae6d6ee776be6426e&c_uniq_tag=lr4ONZPP3vMIlfE3lHc9xy0j9vYMdDMK_xpHzmUZaq0&type=album","o":"https://sun9-7.userapi.com/impg/PN3O9lQieM4Z6-7pOWuBZUw1VnqMQBrUVxLHTA/J0UyBx-Jn_o.jpg?size=510x680&quality=96&sign=323a9d383a63711f5207af70988b61fb&c_uniq_tag=-Gb6aQyY4H3jM5_yIR96JEL6900BEa7CGvwpyDHjXb4&type=album","t":"https://sun9-7.userapi.com/impg/PN3O9lQieM4Z6-7pOWuBZUw1VnqMQBrUVxLHTA/J0UyBx-Jn_o.jpg?size=200x267&quality=96&sign=4395212dcc2c66a2718c02bbfd772525&c_uniq_tag=Dm71RNsIuAKzfhK_SBdDcXg0rZbpU20ul66m-Ad8yxY&type=album"},"z":"","q":0,"w":0,"o":264619671,"i":457253429,"d":479837508}],"m":[]},{"i":2015122,"f":264619671,"t":"Да","d":479386386,"a":[],"m":[]},{"i":2015121,"f":264619671,"t":"Аааа","d":479386383,"a":[],"m":[]},{"i":2015118,"f":15267753,"t":"Случайно нав","d":479386342,"a":[],"m":[]},{"i":2015117,"f":15267753,"t":"Ну звонил ща","d":479386338,"a":[],"m":[]},{"i":2015116,"f":264619671,"t":"Всм?","d":479386325,"a":[],"m":[]},{"i":2015115,"f":15267753,"t":"Што еще?))","d":479386223,"a":[],"m":[]},{"i":2015114,"f":264619671,"t":"Спасибо","d":479386142,"a":[],"m":[]},{"i":2015113,"f":15267753,"t":"Готово","d":479386128,"a":[],"m":[]},{"i":2015112,"f":264619671,"t":"Да","d":479386055,"a":[],"m":[]},{"i":2015110,"f":15267753,"t":"На этот обратно могу на сбер?","d":479385912,"a":[],"m":[]},{"i":2015109,"f":15267753,"t":"8 (921) 413-08-96","d":479385907,"a":[],"m":[]},{"i":2015108,"f":15267753,"t":"","d":479385896,"a":[{"t":0,"s":{"m":"https://sun9-30.userapi.com/impg/DFrF7j6lVBD0VF22B7PKZpA-rQ-T0t3c-bdABA/2n66Uwq9nB8.jpg?size=499x1080&quality=96&sign=fc3a28006d4765f206e034aa9c7c2337&c_uniq_tag=twZV6GpYoIkD0Hcayt1JMjIETzmmHywMVQWha1NRV_Y&type=album","s":"https://sun9-30.userapi.com/impg/DFrF7j6lVBD0VF22B7PKZpA-rQ-T0t3c-bdABA/2n66Uwq9nB8.jpg?size=279x604&quality=96&sign=fa6eaefaaaf4f5df6a2e7650e85eb002&c_uniq_tag=zXwDF27Ixkn6G--rzAxZvIBliBHnrkToPzXZu34EFhM&type=album","n":"https://sun9-30.userapi.com/impg/DFrF7j6lVBD0VF22B7PKZpA-rQ-T0t3c-bdABA/2n66Uwq9nB8.jpg?size=35x75&quality=96&sign=0c59dce01ee0cf2e27206e6595a321b1&c_uniq_tag=98Yqpll8iiz6KR41JGCxc5P_LEtaLQGWQxKun6J1uFI&type=album","o":"https://sun9-30.userapi.com/impg/DFrF7j6lVBD0VF22B7PKZpA-rQ-T0t3c-bdABA/2n66Uwq9nB8.jpg?size=510x900&quality=96&crop=0,0,750,1324&sign=7bda0614ab87e9ac9c4269d4304f1749&c_uniq_tag=BZIM1izOhRcpso7doWye4QYcso5wACVxWUPuGWsFCy0&type=album","t":"https://sun9-30.userapi.com/impg/DFrF7j6lVBD0VF22B7PKZpA-rQ-T0t3c-bdABA/2n66Uwq9nB8.jpg?size=200x433&quality=96&sign=2bfcf20782abb3c130a7988b79e323a3&c_uniq_tag=SiFPyNi8SQLlXgZXN0HYOPT4RdhD4FWNMK6KIkio57c&type=album"},"z":"","q":0,"w":0,"o":15267753,"i":457256972,"d":479385896}],"m":[]},{"i":2015107,"f":264619671,"t":"Спасибо","d":479385867,"a":[],"m":[]},{"i":2015105,"f":264619671,"t":"89214130886, куда удобнее","d":479385852,"a":[],"m":[]},{"i":2015104,"f":15267753,"t":"Куда тебе","d":479385841,"a":[],"m":[]},{"i":2015103,"f":15267753,"t":"Вижу лол)","d":479385838,"a":[],"m":[]},{"i":2015102,"f":15267753,"t":"А","d":479385834,"a":[],"m":[]},{"i":2015101,"f":15267753,"t":"Шо токое","d":479385823,"a":[],"m":[]},{"i":2015100,"f":264619671,"t":"Я тебе случайно 7к закинул","d":479385821,"a":[],"m":[]},{"i":2015099,"f":15267753,"t":"Вижу да)","d":479385821,"a":[],"m":[]},{"i":2015098,"f":15267753,"t":"Приве","d":479385817,"a":[],"m":[]},{"i":2015097,"f":264619671,"t":"Привет","d":479385813,"a":[],"m":[]},{"i":2012271,"f":264619671,"t":"Это нормально","d":479178099,"a":[],"m":[]},{"i":2012270,"f":264619671,"t":"Ахххах","d":479178095,"a":[],"m":[]},{"i":2012269,"f":15267753,"t":"сорри чет первый раз так проебался)","d":479178089,"a":[],"m":[]},{"i":2012267,"f":15267753,"t":"сдек чет не сходиться, смотрю куда плюсы не отправлял","d":479178083,"a":[],"m":[]},{"i":2012265,"f":15267753,"t":"да я тоже у меня 5 уже","d":479178073,"a":[],"m":[]},{"i":2012264,"f":15267753,"t":"+","d":479178068,"a":[],"m":[]},{"i":2012261,"f":264619671,"t":"Я просто сонный уже","d":479177981,"a":[],"m":[]},{"i":2012259,"f":264619671,"t":"89214130896","d":479177974,"a":[],"m":[]},{"i":2012258,"f":15267753,"t":"номер скажи","d":479177968,"a":[],"m":[]},{"i":2012257,"f":15267753,"t":"ща верн","d":479177966,"a":[],"m":[]},{"i":2012256,"f":15267753,"t":"ааАА","d":479177964,"a":[],"m":[]},{"i":2012255,"f":15267753,"t":"кидал","d":479177963,"a":[],"m":[]},{"i":2012254,"f":264619671,"t":"600 лишние","d":479177961,"a":[],"m":[]},{"i":2012253,"f":264619671,"t":"","d":479177954,"a":[{"t":0,"s":{"m":"https://sun9-47.userapi.com/impg/wBj26De-xCHmwjYWwOu4PFzXl_sH-zkjkN9OPg/l701c5LxMlY.jpg?size=828x828&quality=96&sign=f4c9bf6408cfadce78bc469fc1befed7&c_uniq_tag=kOs7rpGOkUsecHG8Nb0B5ve_u9FMOVUjxyhSO5CV0vo&type=album","s":"https://sun9-47.userapi.com/impg/wBj26De-xCHmwjYWwOu4PFzXl_sH-zkjkN9OPg/l701c5LxMlY.jpg?size=604x604&quality=96&sign=5343763e3f824739961b5c7b938e253d&c_uniq_tag=fL1x85Gz-OzvtJd3bPr-uXJu4OUSca42SbI6PUqPbcw&type=album","n":"https://sun9-47.userapi.com/impg/wBj26De-xCHmwjYWwOu4PFzXl_sH-zkjkN9OPg/l701c5LxMlY.jpg?size=510x510&quality=96&sign=461fca7fb8bf4b6861c1fc9e5b45ffd6&c_uniq_tag=tIy3i_Vb9ZARoo2zSSO1u_vHY2CQ9XMmwzeTwo2JeEw&type=album","o":"https://sun9-47.userapi.com/impg/wBj26De-xCHmwjYWwOu4PFzXl_sH-zkjkN9OPg/l701c5LxMlY.jpg?size=320x320&quality=96&sign=7826cf5bb1e25ccbf47a1ece2cdb7363&c_uniq_tag=VcvxdhH_DrZbXm6U8R7Ib2mnC6FUy13rHf4NsUSgpOs&type=album","t":"https://sun9-47.userapi.com/impg/wBj26De-xCHmwjYWwOu4PFzXl_sH-zkjkN9OPg/l701c5LxMlY.jpg?size=130x130&quality=96&sign=2cb3a4e3ef73d19c28a97bfeabad1eaf&c_uniq_tag=M4943F_a3v1-RrnaMCftfkL1DALB4EzoQwieW7wp9tE&type=album"},"z":"","q":0,"w":0,"o":264619671,"i":457253369,"d":479177954}],"m":[]},{"i":2012252,"f":264619671,"t":"Стоп","d":479177945,"a":[],"m":[]},{"i":2012250,"f":264619671,"t":"Ща проверю","d":479177907,"a":[],"m":[]},{"i":2012249,"f":15267753,"t":"я просто потерял","d":479177907,"a":[],"m":[]},{"i":2012248,"f":15267753,"t":"глянь в переводах","d":479177904,"a":[],"m":[]},{"i":2012247,"f":15267753,"t":"а эту кидал?)","d":479177896,"a":[],"m":[{"f":15267753,"t":"1100","d":477166826,"a":[]}]},{"i":2012245,"f":264619671,"t":"Готово","d":479177881,"a":[],"m":[]},{"i":2012223,"f":264619671,"t":"Секунду, исправим","d":479177565,"a":[],"m":[]},{"i":2012222,"f":264619671,"t":"Оуу","d":479177555,"a":[],"m":[]},{"i":2012214,"f":15267753,"t":"йо, а ты не закидывал за сдек последнии","d":479177335,"a":[],"m":[]},{"i":1995882,"f":15267753,"t":"600","d":478292772,"a":[],"m":[]},{"i":1995881,"f":264619671,"t":"Сколько р","d":478292760,"a":[],"m":[]},{"i":1995880,"f":15267753,"t":"Накладная успешно создана с номером: 1240579523","d":478292745,"a":[],"m":[]},{"i":1995877,"f":264619671,"t":"","d":478292654,"a":[],"m":[{"f":264619671,"t":"Минск \nДержинского 11\nГабрусь Сергей Леонидович \n+375292514284","d":474060694,"a":[]},{"f":264619671,"t":"300×400×300","d":475521216,"a":[]}]},{"i":1971708,"f":264619671,"t":"Ща закину","d":477168948,"a":[],"m":[]},{"i":1971707,"f":264619671,"t":"Спасибо","d":477168947,"a":[],"m":[]},{"i":1971671,"f":15267753,"t":"1100","d":477166826,"a":[],"m":[]},{"i":1971670,"f":15267753,"t":"Накладная успешно создана с номером: 1237894806","d":477166823,"a":[],"m":[]},{"i":1971659,"f":264619671,"t":"И в эту накладную +1 место под  пару в стретче","d":477166586,"a":[],"m":[]},{"i":1971658,"f":264619671,"t":"3 коррбки","d":477166566,"a":[],"m":[]},{"i":1971657,"f":264619671,"t":"300×400×300","d":477166561,"a":[],"m":[]},{"i":1971656,"f":264619671,"t":"Получатель: Волосецкий Сергей Иванович\n344091, Ростовская обл, Ростов-на- Дону г, Малиновского ул, дом N3, (961)293-14-96\nПаспорт: Загранпаспорт серия ВК 578398","d":477166552,"a":[],"m":[]},{"i":1971655,"f":15267753,"t":"Привет","d":477166549,"a":[],"m":[]},{"i":1971654,"f":264619671,"t":"Привет","d":477166541,"a":[],"m":[]},{"i":1958764,"f":15267753,"t":"+","d":476385548,"a":[],"m":[]},{"i":1958753,"f":264619671,"t":"Готово","d":476385423,"a":[],"m":[]},{"i":1958750,"f":264619671,"t":"2250","d":476385352,"a":[],"m":[]},{"i":1958737,"f":15267753,"t":"1150","d":476385210,"a":[],"m":[]},{"i":1958736,"f":15267753,"t":"Накладная успешно создана с номером: 1236018598","d":476385206,"a":[],"m":[]},{"i":1958721,"f":264619671,"t":"Да","d":476385078,"a":[],"m":[]},{"i":1958649,"f":15267753,"t":"Одно место под две пары просто сделать?","d":476384337,"a":[],"m":[]},{"i":1958646,"f":264619671,"t":"2 пары","d":476384244,"a":[],"m":[]},{"i":1958645,"f":264619671,"t":"Я в стретч","d":476384240,"a":[],"m":[]},{"i":1958644,"f":264619671,"t":"Нене","d":476384236,"a":[],"m":[]},{"i":1958594,"f":15267753,"t":"За 50 пакет?","d":476383905,"a":[],"m":[]},{"i":1958584,"f":264619671,"t":"Посчитал?","d":476383826,"a":[],"m":[{"f":264619671,"t":"И один пакет","d":476383115,"a":[]}]},{"i":1958579,"f":15267753,"t":"Ща вторую","d":476383779,"a":[],"m":[]},{"i":1958578,"f":15267753,"t":"Накладная успешно создана с номером: 1236015999\n1100","d":476383777,"a":[],"m":[]},{"i":1958577,"f":264619671,"t":"Шикарно","d":476383712,"a":[],"m":[]},{"i":1958576,"f":15267753,"t":"2 сделаю да там на сотку доооже всего","d":476383657,"a":[],"m":[]},{"i":1958575,"f":264619671,"t":"Мб двумя накладными","d":476383626,"a":[],"m":[]},{"i":1958574,"f":15267753,"t":"Либо в др отделение дибо побить на 2 накл","d":476383626,"a":[],"m":[]},{"i":1958573,"f":15267753,"t":"На малиновского нельзя стока обьема","d":476383606,"a":[],"m":[]},{"i":1958571,"f":264619671,"t":"Спасибо","d":476383521,"a":[],"m":[]},{"i":1958570,"f":15267753,"t":"Ща тогда","d":476383483,"a":[],"m":[]},{"i":1958567,"f":264619671,"t":"Срочно надо","d":476383457,"a":[],"m":[]},{"i":1958543,"f":15267753,"t":"Попозже сделаю до компа дойду?","d":476383174,"a":[],"m":[]},{"i":1958542,"f":15267753,"t":"+","d":476383161,"a":[],"m":[{"f":15267753,"t":"Накладная успешно создана с номером: 1235701695\n300","d":476194816,"a":[]}]},{"i":1958538,"f":264619671,"t":"Тоже туда","d":476383120,"a":[],"m":[]},{"i":1958537,"f":264619671,"t":"И один пакет","d":476383115,"a":[],"m":[]},{"i":1958534,"f":264619671,"t":"300×400×300","d":476383107,"a":[],"m":[]},{"i":1958533,"f":264619671,"t":"8 коробок","d":476383080,"a":[],"m":[]},{"i":1958532,"f":264619671,"t":"","d":476383072,"a":[{"t":0,"s":{"m":"https://sun9-29.userapi.com/impg/DZ0MoFHTcKiSSQPMqJ_siFw4S3NHmE5uaPeVgQ/M1UFpvadEFQ.jpg?size=1280x304&quality=96&sign=ef2ceeb1c29ad6662b0f08fc0536b9aa&c_uniq_tag=TpoaN-FCX98tAs2lDsPcVWs4RGsUMjNNfLGpqgpfnac&type=album","s":"https://sun9-29.userapi.com/impg/DZ0MoFHTcKiSSQPMqJ_siFw4S3NHmE5uaPeVgQ/M1UFpvadEFQ.jpg?size=604x143&quality=96&sign=86ff7240764e6742999604d31db92ecd&c_uniq_tag=zn39MKaKu6H_PcBVHKRZ97VyHZeHILokaqHtslH11fo&type=album","n":"https://sun9-29.userapi.com/impg/DZ0MoFHTcKiSSQPMqJ_siFw4S3NHmE5uaPeVgQ/M1UFpvadEFQ.jpg?size=510x304&quality=96&crop=385,0,510,304&sign=167ecd16573179854fb55fb2053d9bb3&c_uniq_tag=SnPlIYMMOYeq3zJMnhS6t1k_GgeI9wTHGuHkmp9U3QA&type=album","o":"https://sun9-29.userapi.com/impg/DZ0MoFHTcKiSSQPMqJ_siFw4S3NHmE5uaPeVgQ/M1UFpvadEFQ.jpg?size=320x213&quality=96&crop=411,0,457,304&sign=14c67b0a2b9b3167c6215c9f9f6c6ce7&c_uniq_tag=4pgltSl-vBoJR_hBELBK1eweLqdKCGZ6GQBelIyKyXg&type=album","t":"https://sun9-29.userapi.com/impg/DZ0MoFHTcKiSSQPMqJ_siFw4S3NHmE5uaPeVgQ/M1UFpvadEFQ.jpg?size=130x87&quality=96&crop=413,0,454,304&sign=aa87f039e4c3cb972a9c1043d80e7d30&c_uniq_tag=5W-8cJQdP5GRIAmZVhkHVqLo54mR_Z-sdc61jVH2Xe0&type=album"},"z":"","q":0,"w":0,"o":264619671,"i":457253215,"d":476383072}],"m":[]},{"i":1956019,"f":15267753,"t":"оке","d":476217438,"a":[],"m":[]},{"i":1956018,"f":264619671,"t":"","d":476217281,"a":[{"t":3,"o":264619671,"i":590599413,"n":"264619671_1614958401.ogg","e":"ogg","s":17226,"url":"https://vk.com/doc264619671_590599413?hash=lYVq506qJayAVomXRLgCUAsTZJUUkVhs1ocA9x7OMrT&dl=Z1POx4ppUve2bxX0UrfTpar3XDP690jNHbn8lIep8Lz&api=1&no_preview=1"}],"m":[]},{"i":1955469,"f":264619671,"t":"Ок","d":476196896,"a":[],"m":[]},{"i":1955366,"f":15267753,"t":"ток там пункт не 37 а 33 адрес","d":476194825,"a":[],"m":[]},{"i":1955365,"f":15267753,"t":"Накладная успешно создана с номером: 1235701695\n300","d":476194816,"a":[],"m":[]},{"i":1955353,"f":15267753,"t":"ща сдела","d":476194648,"a":[],"m":[]},{"i":1955347,"f":264619671,"t":"Да","d":476194505,"a":[],"m":[]},{"i":1955319,"f":15267753,"t":"От тебя туда пара?","d":476192719,"a":[],"m":[]},{"i":1955207,"f":264619671,"t":"","d":476181131,"a":[],"m":[{"f":29292999,"t":"Миронов Дмитрий Викторович, г. Ялта, ул. Московская 37( отделение почты России) 298612 +79787259159","d":476122364,"a":[]}]},{"i":1951338,"f":15267753,"t":"Не","d":475962087,"a":[],"m":[]},{"i":1951337,"f":264619671,"t":"С шипом?","d":475962083,"a":[],"m":[]},{"i":1951336,"f":15267753,"t":"На 7-11","d":475962070,"a":[],"m":[]},{"i":1951334,"f":15267753,"t":"5.2 офер есть","d":475962065,"a":[],"m":[]},{"i":1951333,"f":264619671,"t":"Предложи","d":475962057,"a":[],"m":[]},{"i":1951331,"f":15267753,"t":"Почем забираешь)","d":475962030,"a":[],"m":[{"f":264619671,"t":"С -30 \n8-12 нужны","d":475961006,"a":[{"t":0,"s":{"m":"https://sun9-77.userapi.com/impg/Gs9GJB4SDrztecHvBzVHlv_El5JKxjf7Pow3Yw/xUsyy1wzXKA.jpg?size=607x1080&quality=96&sign=ee638c52c58d35080f2b845a2c4fe060&c_uniq_tag=ULvkmivFgG15Q--HkJJWMz4Vys9DzB3Rp3hB8nXa8vI&type=album","s":"https://sun9-77.userapi.com/impg/Gs9GJB4SDrztecHvBzVHlv_El5JKxjf7Pow3Yw/xUsyy1wzXKA.jpg?size=340x604&quality=96&sign=6c5c2bb491f23fa0b37d3d010cb1b94e&c_uniq_tag=Is92BJigsa1mYhv4sWN4bgKCXBXaImWJnEnpxZg0KYI&type=album","n":"https://sun9-77.userapi.com/impg/Gs9GJB4SDrztecHvBzVHlv_El5JKxjf7Pow3Yw/xUsyy1wzXKA.jpg?size=42x75&quality=96&sign=ab90ad7ed047ad947e0b10b01dbfa51f&c_uniq_tag=lZpCwr0cZpir3PMrxcMmBkw32sATLkAc_On4WOI2lWY&type=album","o":"https://sun9-77.userapi.com/impg/Gs9GJB4SDrztecHvBzVHlv_El5JKxjf7Pow3Yw/xUsyy1wzXKA.jpg?size=510x900&quality=96&crop=0,0,720,1271&sign=4b6112be49a7a90cff051e083957d8e9&c_uniq_tag=NcesgJCAUpnNFEIIFtUPlaKO3L9MfQSa7_uzJOzElmQ&type=album","t":"https://sun9-77.userapi.com/impg/Gs9GJB4SDrztecHvBzVHlv_El5JKxjf7Pow3Yw/xUsyy1wzXKA.jpg?size=200x356&quality=96&sign=5123c54a91d441ded090d3665c647c98&c_uniq_tag=3KFLJvINhI4eHyFydYN1fsHmF6mskxhvKbigfIWheJU&type=album"},"z":"","q":0,"w":0,"o":264619671,"i":457253176,"d":475961005}]}]},{"i":1951219,"f":15267753,"t":"Ну бывает)","d":475959983,"a":[],"m":[]},{"i":1951215,"f":264619671,"t":"Сори, в прошлый раз забыл...","d":475959797,"a":[],"m":[]},{"i":1951213,"f":15267753,"t":"+","d":475959777,"a":[],"m":[]},{"i":1951206,"f":15267753,"t":"дова","d":475959431,"a":[],"m":[]},{"i":1951162,"f":264619671,"t":"Так, ща езе  350 подкину","d":475958045,"a":[],"m":[]},{"i":1951014,"f":15267753,"t":"Накладная успешно создана с номером: 1235022294\n350","d":475954611,"a":[],"m":[]},{"i":1950922,"f":15267753,"t":"+","d":475952070,"a":[],"m":[]},{"i":1950893,"f":15267753,"t":"3 пришло\nОсталось 1150","d":475950972,"a":[],"m":[]},{"i":1950892,"f":264619671,"t":"А пох","d":475950938,"a":[],"m":[{"f":15267753,"t":"Ск стоит он","d":475950856,"a":[]}]},{"i":1950891,"f":15267753,"t":"Ск стоит он","d":475950856,"a":[],"m":[]},{"i":1950890,"f":15267753,"t":"А какой","d":475950848,"a":[],"m":[]},{"i":1950889,"f":264619671,"t":"Брят, еще пакет(((","d":475950832,"a":[],"m":[{"f":15267753,"t":"2650","d":475950681,"a":[]}]},{"i":1950888,"f":15267753,"t":"2650","d":475950681,"a":[],"m":[{"f":15267753,"t":"Накладная успешно создана с номером: 1234998738\n2150","d":475950188,"a":[]}]},{"i":1950886,"f":15267753,"t":"Сумма изменится","d":475950601,"a":[],"m":[]},{"i":1950885,"f":15267753,"t":"А ща поправою","d":475950598,"a":[],"m":[]},{"i":1950884,"f":264619671,"t":"+1 нужна","d":475950592,"a":[],"m":[{"f":15267753,"t":"А 5 это где","d":475950581,"a":[]}]},{"i":1950883,"f":15267753,"t":"А 5 это где","d":475950581,"a":[],"m":[{"f":264619671,"t":"5 крробок","d":475950542,"a":[]}]},{"i":1950882,"f":264619671,"t":"Лови","d":475950573,"a":[],"m":[]},{"i":1950881,"f":264619671,"t":"2150+1500","d":475950568,"a":[],"m":[]},{"i":1950880,"f":15267753,"t":"Да","d":475950559,"a":[],"m":[{"f":264619671,"t":"2150 за все 4?","d":475950553,"a":[]}]},{"i":1950879,"f":264619671,"t":"2150 за все 4?","d":475950553,"a":[],"m":[{"f":15267753,"t":"Накладная успешно создана с номером: 1234998738\n2150","d":475950188,"a":[]}]},{"i":1950878,"f":264619671,"t":"5 крробок","d":475950542,"a":[],"m":[]},{"i":1950877,"f":15267753,"t":".","d":475950475,"a":[],"m":[{"f":15267753,"t":"Накладная успешно создана с номером: 1233867231\n900","d":475506209,"a":[]}]},{"i":1950876,"f":15267753,"t":"Эти","d":475950472,"a":[],"m":[{"f":15267753,"t":"Накладная успешно создана с номером: 1233963606\n\n600","d":475521427,"a":[]}]},{"i":1950875,"f":264619671,"t":"Всм??","d":475950456,"a":[],"m":[]},{"i":1950873,"f":15267753,"t":"а ты за предыдущие не кидал да","d":475950200,"a":[],"m":[]},{"i":1950872,"f":15267753,"t":"Накладная успешно создана с номером: 1234998738\n2650","d":475950188,"a":[],"m":[]},{"i":1950869,"f":15267753,"t":"ща сделаю","d":475949946,"a":[],"m":[]},{"i":1950867,"f":264619671,"t":"4 коробки","d":475949925,"a":[],"m":[]},{"i":1950866,"f":264619671,"t":"Габариты","d":475949915,"a":[],"m":[{"f":264619671,"t":"300 высота\n400 ширина\n600 длина","d":474139295,"a":[]}]},{"i":1950865,"f":264619671,"t":"","d":475949895,"a":[],"m":[{"f":438806943,"t":"Швецов Кирилл \nДекабристов 16/18 пункт \nЕкатеринбург \n89221245978","d":475722703,"a":[]}]},{"i":1943646,"f":264619671,"t":"Окей","d":475522023,"a":[],"m":[]},{"i":1943645,"f":15267753,"t":"Нет тинька","d":475522013,"a":[],"m":[{"f":264619671,"t":"Тинька норм?","d":475522001,"a":[]}]},{"i":1943644,"f":264619671,"t":"Тинька норм?","d":475522001,"a":[],"m":[]},{"i":1943632,"f":15267753,"t":"Накладная успешно создана с номером: 1233963606\n\n600","d":475521427,"a":[],"m":[]},{"i":1943627,"f":264619671,"t":"300×400×300","d":475521216,"a":[],"m":[]},{"i":1943626,"f":264619671,"t":"вторая туда же","d":475521205,"a":[],"m":[]},{"i":1942975,"f":15267753,"t":"Накладная успешно создана с номером: 1233867231\n900","d":475506209,"a":[],"m":[]},{"i":1942969,"f":15267753,"t":"Ок","d":475506129,"a":[],"m":[]},{"i":1942968,"f":264619671,"t":"Вторую замерю","d":475506118,"a":[],"m":[]},{"i":1942967,"f":264619671,"t":"Одна, да","d":475506111,"a":[],"m":[]},{"i":1942963,"f":15267753,"t":"С такими же габаритами?","d":475506056,"a":[],"m":[{"f":264619671,"t":".","d":475505987,"a":[]}]},{"i":1942960,"f":15267753,"t":"Да щас","d":475506034,"a":[],"m":[]},{"i":1942959,"f":15267753,"t":"Привет","d":475506033,"a":[],"m":[]},{"i":1942955,"f":264619671,"t":"И еще одну замерб","d":475505999,"a":[],"m":[]},{"i":1942953,"f":264619671,"t":".","d":475505987,"a":[],"m":[{"f":264619671,"t":"300 высота\n400 ширина\n600 длина","d":474139295,"a":[]}]},{"i":1942950,"f":264619671,"t":"Можно накладнуюна тот же адресс","d":475505975,"a":[],"m":[]},{"i":1942949,"f":264619671,"t":"Привет","d":475505959,"a":[],"m":[]},{"i":1921589,"f":15267753,"t":"+","d":474139658,"a":[],"m":[]},{"i":1921587,"f":264619671,"t":"Готово","d":474139639,"a":[{"t":0,"s":{"m":"https://sun9-59.userapi.com/impg/unrh-4QVcYHgNQRBHi77iHG4ZnSgkIWD0DEnOA/QXm8sAJ-f9g.jpg?size=512x1080&quality=96&sign=fa045566512948a353e5f0c6d64a1643&c_uniq_tag=NiB_TFcDfRija8WxDJGU-5XnFBT5U8HjLJeQagGKdu0&type=album","s":"https://sun9-59.userapi.com/impg/unrh-4QVcYHgNQRBHi77iHG4ZnSgkIWD0DEnOA/QXm8sAJ-f9g.jpg?size=286x604&quality=96&sign=3f2a7b9db054c0286f3f3394800b49eb&c_uniq_tag=C7D120qZfsoJxqiKAjibwFcG32BoTlsU2pH4zHtYR08&type=album","n":"https://sun9-59.userapi.com/impg/unrh-4QVcYHgNQRBHi77iHG4ZnSgkIWD0DEnOA/QXm8sAJ-f9g.jpg?size=36x75&quality=96&sign=d6d70fa7b16a5d2c6714e8e8df4c431c&c_uniq_tag=vNmJz8jAt0WCj92rf8O1kgpOz__MQw5zpgpyLmAskEA&type=album","o":"https://sun9-59.userapi.com/impg/unrh-4QVcYHgNQRBHi77iHG4ZnSgkIWD0DEnOA/QXm8sAJ-f9g.jpg?size=510x900&quality=96&crop=0,0,720,1271&sign=a612a46f046f2e866540be208890cdb6&c_uniq_tag=oAe7jsT4Ibp9WFkICtQCPel4VdgPj-AO9NND3i3zFTw&type=album","t":"https://sun9-59.userapi.com/impg/unrh-4QVcYHgNQRBHi77iHG4ZnSgkIWD0DEnOA/QXm8sAJ-f9g.jpg?size=200x422&quality=96&sign=c5cac14c17c22558fb694d9cdb5cc5df&c_uniq_tag=M9jh8BHz0lc5OzWltSJMwJcpbCgmUbeHS6FfBWD1dFc&type=album"},"z":"","q":0,"w":0,"o":264619671,"i":457253097,"d":474139639}],"m":[]},{"i":1921586,"f":15267753,"t":"да","d":474139546,"a":[],"m":[]},{"i":1921585,"f":264619671,"t":"900р?","d":474139538,"a":[],"m":[]},{"i":1921584,"f":15267753,"t":"на сбер 89059515168","d":474139523,"a":[],"m":[]},{"i":1921583,"f":15267753,"t":"Накладная успешно создана с номером: 1230488336\n900","d":474139517,"a":[],"m":[]},{"i":1921577,"f":264619671,"t":"300 высота\n400 ширина\n600 длина","d":474139295,"a":[],"m":[]},{"i":1920291,"f":264619671,"t":"Хорошо","d":474060886,"a":[],"m":[]},{"i":1920290,"f":264619671,"t":"Ок","d":474060878,"a":[],"m":[]},{"i":1920289,"f":15267753,"t":"ну мне в любом случае габариты нужны","d":474060870,"a":[],"m":[]},{"i":1920280,"f":264619671,"t":"В стрэтч","d":474060740,"a":[],"m":[]},{"i":1920279,"f":264619671,"t":"Я в сдэке запакую","d":474060738,"a":[],"m":[]},{"i":1920278,"f":15267753,"t":"как упакуешь замерь их","d":474060728,"a":[],"m":[]},{"i":1920277,"f":264619671,"t":"5 пар","d":474060717,"a":[],"m":[]},{"i":1920276,"f":15267753,"t":"или габариты","d":474060712,"a":[],"m":[]},{"i":1920275,"f":15267753,"t":"пара?","d":474060710,"a":[],"m":[]},{"i":1920274,"f":15267753,"t":"ща сделаю","d":474060708,"a":[],"m":[]},{"i":1920273,"f":15267753,"t":"привет","d":474060706,"a":[],"m":[]},{"i":1920271,"f":264619671,"t":"Минск \nДержинского 11\nГабрусь Сергей Леонидович \n+375292514284","d":474060694,"a":[],"m":[]},{"i":1920270,"f":264619671,"t":"Можешь пж накладную сделать","d":474060690,"a":[],"m":[]},{"i":1920268,"f":264619671,"t":"Привет","d":474060682,"a":[],"m":[]}]}