{"meta":{"v":"1.2","p":14465234,"a":15267753,"t":"Катя Гречка","d":1691416303},"data":[{"i":2364096,"f":15267753,"t":"Привет","d":499952367,"a":[],"m":[]},{"i":2364056,"f":14465234,"t":"Привет","d":499946235,"a":[],"m":[]},{"i":1430593,"f":14465234,"t":"Ясно)","d":445045800,"a":[],"m":[]},{"i":1430592,"f":15267753,"t":"А я хз, вроде он отдал админку. Не знаю что за стори там","d":445045785,"a":[],"m":[{"f":14465234,"t":"А Гудас что","d":445045751,"a":[]}]},{"i":1430591,"f":15267753,"t":"Денис в угарах постоянно","d":445045761,"a":[],"m":[]},{"i":1430590,"f":14465234,"t":"Он же вроде админил","d":445045757,"a":[],"m":[]},{"i":1430589,"f":14465234,"t":"А Гудас что","d":445045751,"a":[],"m":[]},{"i":1430588,"f":15267753,"t":"Игорь забил","d":445045749,"a":[],"m":[]},{"i":1430587,"f":15267753,"t":"Я чуть за порядком слежу","d":445045743,"a":[],"m":[]},{"i":1430586,"f":14465234,"t":"Самый туз? За всем следит?","d":445045743,"a":[],"m":[]},{"i":1430585,"f":15267753,"t":"Никто","d":445045739,"a":[],"m":[]},{"i":1430584,"f":15267753,"t":"Да хз","d":445045737,"a":[],"m":[]},{"i":1430583,"f":14465234,"t":"А кто ща на ск?","d":445045732,"a":[],"m":[]},{"i":1430582,"f":15267753,"t":")))","d":445045726,"a":[],"m":[]},{"i":1430579,"f":14465234,"t":"А сори помойку перепутал с родным домом","d":445045708,"a":[],"m":[]},{"i":1430577,"f":15267753,"t":"Сх мне тож пофиг)","d":445045672,"a":[],"m":[]},{"i":1430576,"f":15267753,"t":"Я про ск)","d":445045659,"a":[],"m":[]},{"i":1430575,"f":14465234,"t":"Матвиенко","d":445045653,"a":[],"m":[]},{"i":1430574,"f":14465234,"t":"Старые я обязательно удаляю","d":445045635,"a":[],"m":[]},{"i":1430573,"f":15267753,"t":"Дима какой?","d":445045632,"a":[],"m":[]},{"i":1430572,"f":14465234,"t":"Но да лучше будет с размерами","d":445045627,"a":[],"m":[]},{"i":1430571,"f":14465234,"t":"Им тип пофиг говорят","d":445045621,"a":[],"m":[]},{"i":1430570,"f":14465234,"t":"Филиппу и Диме","d":445045606,"a":[],"m":[]},{"i":1430569,"f":14465234,"t":"Писал несколько раз","d":445045601,"a":[],"m":[]},{"i":1430568,"f":14465234,"t":"Я расшил справщиков","d":445045598,"a":[],"m":[]},{"i":1430567,"f":15267753,"t":"Спасибо!","d":445045597,"a":[],"m":[]},{"i":1430566,"f":14465234,"t":"И залью коллажами","d":445045590,"a":[],"m":[]},{"i":1430565,"f":15267753,"t":"Кайф!","d":445045589,"a":[],"m":[]},{"i":1430564,"f":14465234,"t":"Все понял, в следующий раз разобью по размерам","d":445045582,"a":[],"m":[]},{"i":1430563,"f":15267753,"t":"Привет, а можно тебя попросить заливать в ск коллажами, а то слишком много фото что то :)","d":445045554,"a":[],"m":[]}]}