{"meta":{"v":"1.2","p":5580821,"a":15267753,"t":"Яков Герш","d":1691416134},"data":[{"i":2592687,"f":15267753,"t":"Понял, спасибо большое!","d":513282134,"a":[],"m":[]},{"i":2592686,"f":5580821,"t":"Да реально)","d":513281881,"a":[],"m":[]},{"i":2592678,"f":15267753,"t":"А ее продать реально? Рынок на комнаты есть вообще?)","d":513281378,"a":[],"m":[]},{"i":2592675,"f":5580821,"t":"Привет) комнаты не берём обмен. Проще продать)","d":513281290,"a":[],"m":[]},{"i":2592671,"f":15267753,"t":"Приветствую.\nВозможно подскажешь мне,\nЕсть комната в общаге на ольги жилиной 90, 15кв. \nЕсли через вас ее менять, во сколько оцените примерно? Или проще ее продать? Я просто хз, комнаты как рынок есть вообще, продаются они или нет.","d":513281251,"a":[],"m":[]},{"i":777319,"f":15267753,"t":"","d":372536661,"a":[],"m":[{"f":24046387,"t":"Я знаю ты хочешь помочь заработать мне и себе. Все что нужно - зарегистрируй себя и своих друзей(близких), друзей друзей, и так по цепочке. Выбери город Новосибирск, любой размер и заполни все поля. Если ты с телефона, то размеры спокойно можно по скроллить. В случае успешного выигрыша право на покупку, тебе на ящик упадет сообщение (22 или 23 числа), что ты выиграл право на покупку. Ответь на него что ты их приобретешь, и в субботу я жду тебя в ауре) Приобретешь пару на мои денежки, отдашь мне, а я тебе приятный финансовый бонус в 2000 рублей. Можешь замутить сетевуху, аля, 1500 другу и 500 себе, но такие темы уже на твое усмотрение. Зарегистрироваться нужно до 22.11.2017 до 16:00 по Нск) И помни - чем больше народу, тем больше шансов заработать) Кто выигрывает право - пусть пишут тебе или же мне) мир всем, мир в семьи) \nhttp://yeezyboost-adidas.ru/","d":372529344,"a":[]}]},{"i":777318,"f":15267753,"t":"ща)","d":372536651,"a":[],"m":[]},{"i":777317,"f":15267753,"t":"бл","d":372536651,"a":[],"m":[]},{"i":777316,"f":5580821,"t":"Тогда ничего не понял)","d":372536644,"a":[],"m":[]},{"i":777313,"f":15267753,"t":"за мои бабки, я просто пару к отдам с них )","d":372536606,"a":[],"m":[]},{"i":777312,"f":15267753,"t":":(","d":372536598,"a":[],"m":[]},{"i":777311,"f":5580821,"t":"Не охота кроссовки покупать","d":372536552,"a":[],"m":[]},{"i":777309,"f":15267753,"t":"в субботу купить пару","d":372536527,"a":[],"m":[]},{"i":777308,"f":15267753,"t":"если выйграешь","d":372536522,"a":[],"m":[]},{"i":777307,"f":15267753,"t":"и ждать","d":372536517,"a":[],"m":[]},{"i":777306,"f":15267753,"t":"зарегаца на адике","d":372536515,"a":[],"m":[]},{"i":777305,"f":15267753,"t":"там просто","d":372536512,"a":[],"m":[]},{"i":777304,"f":15267753,"t":"людей надо","d":372536508,"a":[],"m":[]},{"i":777303,"f":15267753,"t":"в нск будут","d":372536506,"a":[],"m":[]},{"i":777301,"f":15267753,"t":"изи буст","d":372536501,"a":[],"m":[]},{"i":777300,"f":15267753,"t":"адидас","d":372536497,"a":[],"m":[]},{"i":777299,"f":15267753,"t":"кроссовки )","d":372536495,"a":[],"m":[]},{"i":777296,"f":5580821,"t":"Что такое кросся","d":372536481,"a":[],"m":[]},{"i":777290,"f":15267753,"t":"помочь с кросами не хочешь и бабок немного сделать?","d":372536459,"a":[],"m":[]},{"i":777289,"f":5580821,"t":"Привет да","d":372536444,"a":[],"m":[]},{"i":777235,"f":15267753,"t":"ты в нск?","d":372536133,"a":[],"m":[]},{"i":777234,"f":15267753,"t":"дороу","d":372536131,"a":[],"m":[]},{"i":305112,"f":15267753,"t":"Ok","d":282501816,"a":[],"m":[]},{"i":305111,"f":5580821,"t":"Если надо будет э помощь, то 8 923 195 03 09","d":282501569,"a":[],"m":[]},{"i":305060,"f":5580821,"t":"Европейский берег  тоже мне нравится","d":282497992,"a":[],"m":[]},{"i":305059,"f":5580821,"t":"Сейчас самое время вкидываться в недвижимость","d":282497864,"a":[],"m":[]},{"i":305058,"f":5580821,"t":"В зависимости от ремонта и места","d":282497796,"a":[],"m":[]},{"i":305057,"f":15267753,"t":"Неа, за такую сумму там я думаю нечего делать","d":282497784,"a":[],"m":[]},{"i":305056,"f":5580821,"t":"Вторичный рынок не рассматриваешь?","d":282497768,"a":[],"m":[]},{"i":305055,"f":15267753,"t":"Да","d":282497760,"a":[],"m":[]},{"i":305054,"f":5580821,"t":"Студия, однешка да?","d":282497756,"a":[],"m":[]},{"i":305053,"f":15267753,"t":"1-3","d":282497744,"a":[],"m":[]},{"i":305052,"f":5580821,"t":"По срокам сколько ждать хочешь?","d":282497732,"a":[],"m":[]},{"i":305051,"f":15267753,"t":"Это я пока не знаю. С деньгами сейчас туго(","d":282497728,"a":[],"m":[]},{"i":305050,"f":15267753,"t":"2.3 примерно, стройка.","d":282497716,"a":[],"m":[]},{"i":305049,"f":5580821,"t":"Наличные, ипотека?","d":282497700,"a":[],"m":[]},{"i":305048,"f":5580821,"t":"А в какую сумму хочешь уложиться?","d":282497687,"a":[],"m":[]},{"i":305046,"f":5580821,"t":"Пробки конечно везде, главное чтобы душа лежала","d":282497671,"a":[],"m":[]},{"i":305045,"f":15267753,"t":"Да","d":282497640,"a":[],"m":[]},{"i":305044,"f":15267753,"t":"А тату район самый ахуенный, мне все там понравилось)","d":282497636,"a":[],"m":[]},{"i":305043,"f":5580821,"t":"Европейский берег?","d":282497632,"a":[],"m":[]},{"i":305042,"f":15267753,"t":"+ пробки","d":282497624,"a":[],"m":[]},{"i":305041,"f":15267753,"t":"Но без тачки не особо удобно","d":282497620,"a":[],"m":[]},{"i":305040,"f":15267753,"t":"Не далеко конечно","d":282497608,"a":[],"m":[]},{"i":305039,"f":15267753,"t":"Сибгути","d":282497604,"a":[],"m":[]},{"i":305038,"f":5580821,"t":"А какой универ?","d":282497596,"a":[],"m":[]},{"i":305037,"f":5580821,"t":"Нормально все там, +акции и скидки предусмотрены. Все индивидуально","d":282497584,"a":[],"m":[]},{"i":305036,"f":15267753,"t":"В декабре хотел взять там, но район все таки не удобно до вузика","d":282497568,"a":[],"m":[]},{"i":305035,"f":15267753,"t":"Там цены вроде как серьезно подняли","d":282497540,"a":[],"m":[]},{"i":305034,"f":15267753,"t":"Не давно смотрел","d":282497536,"a":[],"m":[]},{"i":305033,"f":15267753,"t":"Просто интересно","d":282497532,"a":[],"m":[]},{"i":305032,"f":15267753,"t":"Европейский","d":282497528,"a":[],"m":[]},{"i":305031,"f":15267753,"t":"Не","d":282497524,"a":[],"m":[]},{"i":305030,"f":15267753,"t":"Привет","d":282497520,"a":[],"m":[]},{"i":305029,"f":5580821,"t":"В астре","d":282497472,"a":[],"m":[]},{"i":305028,"f":5580821,"t":"А что именно интересует ?","d":282497468,"a":[],"m":[]},{"i":305027,"f":5580821,"t":"Привет :)","d":282497464,"a":[],"m":[]},{"i":233461,"f":5580821,"t":"Привет. Вступай :)) http://vk.com/public71157716","d":261094660,"a":[],"m":[]},{"i":6980,"f":5580821,"t":"(","d":137529656,"a":[],"m":[]},{"i":6979,"f":15267753,"t":"кусочки только","d":137529624,"a":[],"m":[]},{"i":6978,"f":5580821,"t":"привет\nцепи случайно нет?","d":137529476,"a":[],"m":[]},{"i":3430,"f":15267753,"t":"привет\nнет","d":123701836,"a":[],"m":[]},{"i":3429,"f":5580821,"t":"ау епта","d":123701460,"a":[],"m":[]},{"i":3426,"f":5580821,"t":"привет\nты ночью гудишь где-нить?","d":123699968,"a":[],"m":[]},{"i":300,"f":15267753,"t":"хз все я паехал..","d":106928062,"a":[],"m":[]},{"i":299,"f":5580821,"t":"ладно батарейки найдем где-нить..\nих на скок хватает?","d":106927959,"a":[],"m":[]},{"i":298,"f":15267753,"t":"там обыкнавенные такие маленькие батарейки(мизинчиковые))) можно аакумы вставить","d":106927930,"a":[],"m":[]},{"i":297,"f":5580821,"t":"ну окей, мы короч подойдем на сибирь..\nаккумялторов нет это всмысле? батерейки нужны или зарядки нет?","d":106927868,"a":[],"m":[]},{"i":296,"f":15267753,"t":"да я понял(= я щас катацо мож встретемся.. ток у меня аккумуляторов нет","d":106927807,"a":[],"m":[]},{"i":295,"f":5580821,"t":"сможешь дать?\nты если не понял, то я Яха, просто имя на нормальное не меняется))","d":106927733,"a":[],"m":[]},{"i":294,"f":15267753,"t":"ммм...","d":106927691,"a":[],"m":[]},{"i":292,"f":5580821,"t":"вот ему на неделю надо...","d":106927646,"a":[],"m":[]},{"i":290,"f":15267753,"t":"ну..","d":106927616,"a":[],"m":[]},{"i":288,"f":5580821,"t":"Жеку Сидорова же знаешь?","d":106927583,"a":[],"m":[]},{"i":286,"f":15267753,"t":"привет! ну могу дать(=","d":106927546,"a":[],"m":[]},{"i":284,"f":5580821,"t":"привет, нет плеера свободного?)","d":106927460,"a":[],"m":[]}]}