{"meta":{"v":"1.2","p":137829743,"a":15267753,"t":"Иван Фёдоров","d":1691415387},"data":[{"i":3093220,"f":137829743,"t":"Он отправил по старой накладной зачем то","d":547572948,"a":[],"m":[]},{"i":3093219,"f":15267753,"t":"Он ошибся или в сдеке?","d":547572934,"a":[],"m":[]},{"i":3093217,"f":15267753,"t":"Пусть по другому треку","d":547572926,"a":[],"m":[]},{"i":3093216,"f":15267753,"t":"Ну пусть сходит скажет что ошибка в номере","d":547572918,"a":[],"m":[]},{"i":3093215,"f":15267753,"t":"Привет","d":547572910,"a":[],"m":[]},{"i":3093213,"f":137829743,"t":"Я так понимаю что если он туда пойдет и попросит назад вещь, то ему не выдадут \nТак как его фио нет в накладной","d":547572882,"a":[],"m":[]},{"i":3093192,"f":137829743,"t":"Приедет ли вещь вообще?\nИ что делать в такой ситуации \nЯ хз как у него приняли вообще вещь","d":547571488,"a":[],"m":[]},{"i":3093190,"f":137829743,"t":"Уже все приехало давно \nИ вчера отправил по этой же накладной еще одну вещь","d":547571449,"a":[],"m":[]},{"i":3093189,"f":137829743,"t":"Человек отправил 28 числа обувь мне по накладной этой","d":547571432,"a":[],"m":[{"f":15267753,"t":"1434074301\n350","d":547176841,"a":[]}]},{"i":3093188,"f":137829743,"t":"Подскажи","d":547571415,"a":[],"m":[]},{"i":3093187,"f":137829743,"t":"Привет","d":547571411,"a":[],"m":[]},{"i":3089993,"f":15267753,"t":"+","d":547249375,"a":[],"m":[]},{"i":3089990,"f":137829743,"t":"✅","d":547248634,"a":[],"m":[]},{"i":3089989,"f":15267753,"t":"Номер заказа СДЭК 1436508110\n250","d":547248522,"a":[],"m":[{"f":137829743,"t":"Из Москвы\n\nПолучатель \n\nКудрово\nЛенинградская 9/8\n188691\n89312131712\nФедоров Иван Германович\n\nОдна футболка будет","d":547246831,"a":[]}]},{"i":3089988,"f":15267753,"t":"привет","d":547248458,"a":[],"m":[]},{"i":3089970,"f":137829743,"t":"","d":547246838,"a":[{"t":4}],"m":[]},{"i":3089968,"f":137829743,"t":"Из Москвы\n\nПолучатель \n\nКудрово\nЛенинградская 9/8\n188691\n89312131712\nФедоров Иван Германович\n\nОдна футболка будет","d":547246831,"a":[],"m":[]},{"i":3089404,"f":137829743,"t":"Закинул","d":547219974,"a":[],"m":[]},{"i":3089125,"f":15267753,"t":"1434074301\n350","d":547176841,"a":[],"m":[]},{"i":3088441,"f":137829743,"t":"Рассчитай эту","d":547133312,"a":[],"m":[{"f":15267753,"t":"Номер заказа СДЭК 1434074301","d":546528159,"a":[]}]},{"i":3083222,"f":15267753,"t":"+","d":546528483,"a":[],"m":[]},{"i":3083219,"f":137829743,"t":"","d":546528356,"a":[{"t":3,"o":137829743,"i":666229042,"n":"receipt_28.05.2023.pdf","e":"pdf","s":119069,"url":"https://vk.com/doc137829743_666229042?hash=mCttvqP89JUQ805KrgxjglGfbo3rEgRt6qmmaMp9fZo&dl=PYzGIiDSJpvKmH7ZQZeqk3zQctLe42NmPhoXeyInhL4&api=1&no_preview=1"}],"m":[]},{"i":3083218,"f":137829743,"t":"Да","d":546528310,"a":[],"m":[]},{"i":3083217,"f":15267753,"t":"угу, а верхнюю как отправишь скажешь напишу цену","d":546528299,"a":[],"m":[]},{"i":3083214,"f":137829743,"t":"550 скидываю тогда","d":546528244,"a":[],"m":[]},{"i":3083212,"f":15267753,"t":"эта 350 стала","d":546528195,"a":[],"m":[{"f":137829743,"t":".","d":546425595,"a":[]}]},{"i":3083211,"f":15267753,"t":"Номер заказа СДЭК 1434074301","d":546528159,"a":[],"m":[{"f":137829743,"t":"Из Москвы\n\nПолучатель \n\nКудрово\nЛенинградская 9/8\n188691\n89312131712\nФедоров Иван Германович\n\nМожно также по факту оплатить","d":546516426,"a":[]}]},{"i":3083210,"f":137829743,"t":"Привет","d":546528138,"a":[],"m":[]},{"i":3083205,"f":15267753,"t":"щас все сделаю","d":546528051,"a":[],"m":[]},{"i":3083204,"f":15267753,"t":"привет","d":546528049,"a":[],"m":[]},{"i":3082967,"f":137829743,"t":"Из Москвы\n\nПолучатель \n\nКудрово\nЛенинградская 9/8\n188691\n89312131712\nФедоров Иван Германович\n\nМожно также по факту оплатить","d":546516426,"a":[],"m":[]},{"i":3082966,"f":137829743,"t":"Еще накладная нужна","d":546516418,"a":[],"m":[]},{"i":3082402,"f":137829743,"t":".","d":546425595,"a":[],"m":[{"f":15267753,"t":"Номер заказа СДЭК 1432001493\n300","d":545913430,"a":[]}]},{"i":3082309,"f":15267753,"t":"привет, а какой именно трек","d":546393736,"a":[],"m":[]},{"i":3081753,"f":137829743,"t":"Привет\nОтправили","d":546366885,"a":[],"m":[]},{"i":3078969,"f":15267753,"t":"напишешь","d":546128925,"a":[],"m":[]},{"i":3078968,"f":15267753,"t":"ок","d":546128920,"a":[],"m":[]},{"i":3078883,"f":137829743,"t":"Закину","d":546124557,"a":[],"m":[]},{"i":3078882,"f":137829743,"t":"По этой отправят еще вещи\nПотом напишешь сколько в сумме вместе с этим","d":546124556,"a":[],"m":[{"f":15267753,"t":"1426507330 100 \n1426502996 100\nи вот за ети еще доплатить нужно","d":545963983,"a":[]}]},{"i":3077040,"f":15267753,"t":"точные габариты и вес — точная цена","d":546005610,"a":[],"m":[]},{"i":3077008,"f":137829743,"t":"Так там был дабл бокс \nВ нем и привезли все\nКак могут быть габариты больше чем сам дабл бокс?\nПро дабл бокс я тебе писал в тех накладных","d":546003811,"a":[],"m":[]},{"i":3076995,"f":15267753,"t":"добавили упаковку или поменяли габариты","d":546002026,"a":[],"m":[]},{"i":3076806,"f":137829743,"t":"А что там?","d":545964078,"a":[],"m":[]},{"i":3076803,"f":15267753,"t":"1426507330 100 \n1426502996 100\nи вот за ети еще доплатить нужно","d":545963983,"a":[],"m":[]},{"i":3076225,"f":137829743,"t":"Отправил","d":545913736,"a":[],"m":[]},{"i":3076213,"f":15267753,"t":"Номер заказа СДЭК 1432001493\n300","d":545913430,"a":[],"m":[{"f":137829743,"t":"Из Москвы\n\nПолучатель \n\nКудрово\nЛенинградская 9/8\n188691\n89312131712\nФедоров Иван Германович\n\nМожно также по факту оплатить?\nТам одни штаны и все","d":545875676,"a":[]}]},{"i":3076187,"f":15267753,"t":"Ща","d":545911353,"a":[],"m":[{"f":137829743,"t":"Сделаешь?","d":545910052,"a":[]}]},{"i":3076184,"f":137829743,"t":"Сделаешь?","d":545910052,"a":[],"m":[]},{"i":3076082,"f":137829743,"t":"Из Москвы\n\nПолучатель \n\nКудрово\nЛенинградская 9/8\n188691\n89312131712\nФедоров Иван Германович\n\nМожно также по факту оплатить?\nТам одни штаны и все","d":545875676,"a":[],"m":[]},{"i":3076081,"f":137829743,"t":"Привет","d":545875654,"a":[],"m":[]},{"i":3072033,"f":137829743,"t":"","d":545494863,"a":[{"t":4}],"m":[]},{"i":3072032,"f":137829743,"t":"","d":545494854,"a":[{"t":3,"o":137829743,"i":665562461,"n":"receipt_16.05.2023.pdf","e":"pdf","s":119071,"url":"https://vk.com/doc137829743_665562461?hash=cEZt0TeLMoP83ORbaaCZUqv7hman1MOIBMxzY1ERttT&dl=ldN0e87IxB9PdHtwCRuejXICFKaK0ihFb1ezhp0J51P&api=1&no_preview=1"}],"m":[]},{"i":3072031,"f":15267753,"t":"1429919925\n600","d":545494791,"a":[],"m":[]},{"i":3072029,"f":15267753,"t":"ща гляну","d":545494771,"a":[],"m":[]},{"i":3072028,"f":15267753,"t":"ога","d":545494770,"a":[],"m":[]},{"i":3072027,"f":15267753,"t":"привет","d":545494769,"a":[],"m":[]},{"i":3072026,"f":137829743,"t":"Тут?","d":545494758,"a":[],"m":[]},{"i":3071236,"f":137829743,"t":"Привет\nПосмотри \nВроде отправили","d":545421646,"a":[],"m":[]},{"i":3069931,"f":137829743,"t":"","d":545324004,"a":[{"t":4}],"m":[]},{"i":3069929,"f":15267753,"t":"отправят скажешь — напишу цену","d":545323988,"a":[],"m":[]},{"i":3069928,"f":15267753,"t":"Номер заказа СДЭК 1429919925","d":545323979,"a":[],"m":[{"f":137829743,"t":"Из Москвы\n\nПолучатель \n\nКудрово\nЛенинградская 9/8\n188691\n89312131712\nФедоров Иван Германович\n\nДабл бокс хл","d":545323284,"a":[]}]},{"i":3069927,"f":15267753,"t":"ок","d":545323977,"a":[],"m":[]},{"i":3069925,"f":137829743,"t":"Завтра-послезавтра отправят только","d":545323954,"a":[],"m":[]},{"i":3069924,"f":137829743,"t":"Оке","d":545323937,"a":[],"m":[]},{"i":3069923,"f":15267753,"t":"в накладную","d":545323934,"a":[],"m":[]},{"i":3069922,"f":15267753,"t":"да они сами поменяют там добавят","d":545323931,"a":[],"m":[]},{"i":3069919,"f":137829743,"t":"То есть какие по факту боксы подойдут?","d":545323912,"a":[],"m":[]},{"i":3069918,"f":137829743,"t":"Окей","d":545323903,"a":[],"m":[]},{"i":3069917,"f":15267753,"t":"я могу тебе сделать обычную а там как отредачат скажу цену","d":545323876,"a":[],"m":[]},{"i":3069909,"f":137829743,"t":"У меня 2 пары и 3 вещи \nДва Л бокса взять тогда?","d":545323793,"a":[],"m":[]},{"i":3069904,"f":15267753,"t":"xl такого нет","d":545323686,"a":[],"m":[]},{"i":3069898,"f":137829743,"t":"Из Москвы\n\nПолучатель \n\nКудрово\nЛенинградская 9/8\n188691\n89312131712\nФедоров Иван Германович\n\nДабл бокс хл","d":545323284,"a":[],"m":[]},{"i":3069897,"f":15267753,"t":"Прив давай","d":545323279,"a":[],"m":[]},{"i":3069896,"f":137829743,"t":"Привет\nСделаешь накладную?","d":545323259,"a":[],"m":[]},{"i":3058315,"f":15267753,"t":"+","d":544200283,"a":[],"m":[]},{"i":3058314,"f":15267753,"t":"Накладная успешно создана с номером: 1426507330\n350","d":544200282,"a":[],"m":[]},{"i":3058313,"f":137829743,"t":"","d":544200273,"a":[{"t":3,"o":137829743,"i":664766074,"n":"receipt_01.05.2023.pdf","e":"pdf","s":119247,"url":"https://vk.com/doc137829743_664766074?hash=G3pH86OW0ZOcoFmGGi8M11gmuvKEVAUZgRPcZ1CZ8GL&dl=Td80o4LzS9liEUcKHCspdqxCTUXOUChr5CGiWyPnOLL&api=1&no_preview=1"}],"m":[]},{"i":3058312,"f":137829743,"t":"Один в один","d":544200234,"a":[],"m":[]},{"i":3058311,"f":137829743,"t":"Нужна еще одна такая же накладная","d":544200231,"a":[],"m":[]},{"i":3058309,"f":137829743,"t":"Спасибо","d":544199851,"a":[],"m":[]},{"i":3058308,"f":137829743,"t":"","d":544199845,"a":[{"t":3,"o":137829743,"i":664765694,"n":"receipt_01.05.2023.pdf","e":"pdf","s":119248,"url":"https://vk.com/doc137829743_664765694?hash=zC6EQGMqZabqafXPyBCYX5VTfc181OGHeZR8jRj9KPD&dl=R4HLiKTVL2yr7LzMlEE7LZabs67Uz6TSA954iD7xmCH&api=1&no_preview=1"}],"m":[]},{"i":3058300,"f":15267753,"t":"Номер заказа СДЭК 1426502996\n350","d":544199151,"a":[],"m":[{"f":137829743,"t":"Отправитель \n\nМосква\nШаболовка 24\n7 (901) 797-99-78\nСтойчевски Даниэл Марьянович\n\nПолучатель \n\nКудрово\nЛенинградская 9/8\n188691\n89312131712\nФедоров Иван Германович\n\nДабл бокс Л","d":544198451,"a":[]}]},{"i":3058295,"f":137829743,"t":"Отправитель \n\nМосква\nШаболовка 24\n7 (901) 797-99-78\nСтойчевски Даниэл Марьянович\n\nПолучатель \n\nКудрово\nЛенинградская 9/8\n188691\n89312131712\nФедоров Иван Германович\n\nДабл бокс Л","d":544198451,"a":[],"m":[]},{"i":3058292,"f":15267753,"t":"Прив да","d":544198386,"a":[],"m":[]},{"i":3058291,"f":137829743,"t":"Привет \nНакладные делаешь еще?","d":544198374,"a":[],"m":[]},{"i":2685041,"f":15267753,"t":"+","d":519072870,"a":[],"m":[]},{"i":2685002,"f":137829743,"t":"Спасибо","d":519072131,"a":[],"m":[]},{"i":2685001,"f":15267753,"t":"Накладная успешно создана с номером: 1347911196\n500","d":519072053,"a":[],"m":[{"f":137829743,"t":"Отправка из Москвы \n\nПолучатель \nФёдоров Иван Германович\n89312131712\n\nКудрово\nЛенинградская 9/8\n\nДабл бокс L","d":519071162,"a":[]}]},{"i":2684980,"f":137829743,"t":"Отправка из Москвы \n\nПолучатель \nФёдоров Иван Германович\n89312131712\n\nКудрово\nЛенинградская 9/8\n\nДабл бокс L","d":519071162,"a":[],"m":[]},{"i":2684979,"f":137829743,"t":"Гуд","d":519071090,"a":[],"m":[]},{"i":2684978,"f":15267753,"t":"Привет да","d":519071085,"a":[],"m":[]},{"i":2684977,"f":137829743,"t":"Привет\nДелаешь накладные ещё?","d":519071076,"a":[],"m":[]},{"i":2599544,"f":15267753,"t":"+","d":513795609,"a":[],"m":[]},{"i":2599461,"f":137829743,"t":"✅","d":513789507,"a":[],"m":[]},{"i":2599457,"f":15267753,"t":"Накладная успешно создана с номером: 1334799878\n400","d":513789088,"a":[],"m":[{"f":137829743,"t":"Дабл бокс под эти габариты \n\n35 см на 14 на 12","d":513788345,"a":[]}]},{"i":2599446,"f":137829743,"t":"Дабл бокс под эти габариты \n\n35 см на 14 на 12","d":513788345,"a":[],"m":[]},{"i":2599445,"f":137829743,"t":"Отправитель \n\nСанкт-Петербург \n\nПолучатель \n\nМосква, Кутузовская ул 3\n\nЯновский Тимофей Дмитриевич\n\n+79204486368","d":513788329,"a":[],"m":[]},{"i":2599444,"f":15267753,"t":"Прив да","d":513788257,"a":[],"m":[]},{"i":2599433,"f":137829743,"t":"Привет\nСделаешь накладную?","d":513787925,"a":[],"m":[]},{"i":2576723,"f":15267753,"t":"+","d":512227640,"a":[],"m":[]},{"i":2576715,"f":137829743,"t":"✅","d":512227570,"a":[],"m":[]},{"i":2576710,"f":15267753,"t":"Накладная успешно создана с номером: 1331602202\n650","d":512227498,"a":[],"m":[{"f":137829743,"t":"Отправка Путилково\nКрасногорский район\n\nПолучатель\nГабдуллин Данияр Фанисович \n\n89950070177\n\nКазань, адоратского 4\n\n35 30 25\nДлина ширина высота","d":512227249,"a":[]}]},{"i":2576707,"f":137829743,"t":"Дабл бокс под эти размеры","d":512227259,"a":[],"m":[]},{"i":2576705,"f":137829743,"t":"Отправка Путилково\nКрасногорский район\n\nПолучатель\nГабдуллин Данияр Фанисович \n\n89950070177\n\nКазань, адоратского 4\n\n35 30 25\nДлина ширина высота","d":512227249,"a":[],"m":[]},{"i":2576702,"f":15267753,"t":"прив да","d":512227245,"a":[],"m":[]},{"i":2576700,"f":137829743,"t":"Привет\nСделаешь накладную?","d":512227188,"a":[],"m":[]},{"i":2576116,"f":15267753,"t":"+","d":512168062,"a":[],"m":[]},{"i":2576114,"f":137829743,"t":"Спасибо","d":512168045,"a":[],"m":[]},{"i":2576110,"f":137829743,"t":"✅","d":512167971,"a":[],"m":[]},{"i":2576106,"f":15267753,"t":"Накладная успешно создана с номером: 1331472208\n520","d":512167836,"a":[],"m":[{"f":137829743,"t":"Отправка из Москвы \n\nПолучатель\n\nГабдуллин Данияр Фанисович \n\n89950070177\n\nКазань, адоратского 4 \n\nДабл бокс L","d":512167546,"a":[]}]},{"i":2576098,"f":137829743,"t":"Отправка из Москвы \n\nПолучатель\n\nГабдуллин Данияр Фанисович \n\n89950070177\n\nКазань, адоратского 4 \n\nДабл бокс L","d":512167546,"a":[],"m":[]},{"i":2576095,"f":15267753,"t":"Прив да","d":512167296,"a":[],"m":[]},{"i":2576094,"f":137829743,"t":"Привет \nСделаешь накладную?","d":512167274,"a":[],"m":[]},{"i":2551090,"f":137829743,"t":"🤝","d":510758768,"a":[],"m":[]},{"i":2551089,"f":15267753,"t":"+","d":510758753,"a":[],"m":[]},{"i":2551078,"f":15267753,"t":"Накладная успешно создана с номером: 1328157776\n450","d":510758529,"a":[],"m":[]},{"i":2551069,"f":137829743,"t":"Высота 12","d":510758045,"a":[],"m":[]},{"i":2551067,"f":137829743,"t":"Ширина 22","d":510758037,"a":[],"m":[]},{"i":2551066,"f":137829743,"t":"Длина 31","d":510758031,"a":[],"m":[]},{"i":2551065,"f":137829743,"t":"Дабл бокс под эти параметры","d":510758025,"a":[],"m":[]},{"i":2551063,"f":137829743,"t":"Отправитель \n\nФёдоров Иван Германович\nКудрово\nЛенинградская 9/8\n\nКрасногорск \nКрасногорский бульвар 20\nСклад Сдек\n8968 709 4188\nДжикия Вахтанг Сергеевич","d":510758008,"a":[],"m":[]},{"i":2551058,"f":137829743,"t":"Не могу найти \nЛадно","d":510757876,"a":[],"m":[]},{"i":2551055,"f":137829743,"t":"Сек","d":510757643,"a":[],"m":[]},{"i":2551054,"f":15267753,"t":"Зачем?","d":510757619,"a":[],"m":[]},{"i":2551053,"f":137829743,"t":"Что делать если это была онлайн покупка и чек электронный?","d":510757617,"a":[],"m":[]},{"i":2551052,"f":137829743,"t":"Я видел там теперь надо пары с чеками отправлять","d":510757606,"a":[],"m":[]},{"i":2551051,"f":15267753,"t":"Привет да","d":510757588,"a":[],"m":[]},{"i":2551049,"f":137829743,"t":"Привет \nСделаешь накладную?","d":510757578,"a":[],"m":[]},{"i":2494913,"f":15267753,"t":"+","d":508111298,"a":[],"m":[]},{"i":2494912,"f":137829743,"t":"Скинул\nСпасибо","d":508111259,"a":[],"m":[]},{"i":2494890,"f":15267753,"t":"Накладная успешно создана с номером: 1321902054\n400","d":508110647,"a":[],"m":[]},{"i":2494742,"f":137829743,"t":"Под эти габариты дабл бокс ещё\n\nДлина 32\nШирина 23\nВысота 14","d":508107554,"a":[],"m":[]},{"i":2494739,"f":137829743,"t":"Получатель \n\nКостырев Максим Андреевич \n\nул. Академика Крылова д. 4, пом. 10-12, Санкт-Петербург, Россия, 197183\n\n9117176171","d":508107504,"a":[],"m":[]},{"i":2494737,"f":137829743,"t":"Отправка из Москвы","d":508107487,"a":[],"m":[]},{"i":2494730,"f":15267753,"t":"Угу","d":508107415,"a":[],"m":[]},{"i":2494729,"f":15267753,"t":"Привет","d":508107415,"a":[],"m":[]},{"i":2494728,"f":137829743,"t":"Привет\nСделаешь накладную?","d":508107390,"a":[],"m":[]},{"i":2487442,"f":137829743,"t":"Да, он вроде","d":507737954,"a":[],"m":[{"f":15267753,"t":"Степан Павлович если то да","d":507737913,"a":[]}]},{"i":2487438,"f":15267753,"t":"Сбер тупит седня оч","d":507737918,"a":[],"m":[]},{"i":2487437,"f":15267753,"t":"Степан Павлович если то да","d":507737913,"a":[],"m":[]},{"i":2487390,"f":137829743,"t":"Перевели","d":507737535,"a":[],"m":[]},{"i":2487338,"f":15267753,"t":"вроде нет","d":507736825,"a":[],"m":[]},{"i":2487328,"f":137829743,"t":"Перевели тебе?","d":507736203,"a":[],"m":[]},{"i":2487300,"f":15267753,"t":"Накладная успешно создана с номером: 1321068162\n350","d":507735505,"a":[],"m":[{"f":137829743,"t":"","d":507735361,"a":[],"m":[{"f":523153404,"t":"","d":507735348,"a":[],"m":[{"f":178880867,"t":"42х33х17","d":507735266,"a":[]}]}]}]},{"i":2487294,"f":137829743,"t":"","d":507735361,"a":[],"m":[{"f":523153404,"t":"","d":507735348,"a":[],"m":[{"f":178880867,"t":"42х33х17","d":507735266,"a":[]}]}]},{"i":2487239,"f":15267753,"t":"ок","d":507734496,"a":[],"m":[]},{"i":2487238,"f":137829743,"t":"Сейчас напишет итоговые габариты","d":507734491,"a":[],"m":[{"f":523153404,"t":"","d":507734420,"a":[],"m":[{"f":178880867,"t":"А всё \nНашёл дома коробку","d":507734403,"a":[]},{"f":178880867,"t":"Ща упакую","d":507734406,"a":[]}]}]},{"i":2487237,"f":137829743,"t":"Не нужен дабл бокс","d":507734478,"a":[],"m":[]},{"i":2487210,"f":137829743,"t":"Окей","d":507733578,"a":[],"m":[]},{"i":2487209,"f":15267753,"t":"10 мин","d":507733570,"a":[],"m":[]},{"i":2487208,"f":15267753,"t":"Ща домой щайду с компа посмотрю","d":507733568,"a":[],"m":[]},{"i":2487207,"f":137829743,"t":"Нет ничего?","d":507733552,"a":[],"m":[]},{"i":2487169,"f":15267753,"t":"Ща гляну какие еще есть","d":507732431,"a":[],"m":[]},{"i":2487168,"f":15267753,"t":"Она 34 33 26","d":507732421,"a":[],"m":[]},{"i":2487167,"f":15267753,"t":"А в лку не влезет","d":507732414,"a":[],"m":[]},{"i":2487164,"f":137829743,"t":"38х25х14\n\nГарабиры пары самый\nНужен дабл бокс ещё","d":507732371,"a":[],"m":[]},{"i":2487161,"f":137829743,"t":"Отправитель \n\nМосква\nБойцовая ул 13 корп 1\n\nПолучаетесь \n\nКостырев Максим Андреевич \n\nул. Академика Крылова д. 4, пом. 10-12, Санкт-Петербург, Россия, 197183\n\n9117176171","d":507732330,"a":[],"m":[]},{"i":2487159,"f":15267753,"t":"Да","d":507732279,"a":[],"m":[]},{"i":2487158,"f":15267753,"t":"Привет","d":507732278,"a":[],"m":[]},{"i":2487156,"f":137829743,"t":"Привет\nСделаешь накладную?","d":507732249,"a":[],"m":[]},{"i":2482142,"f":137829743,"t":"Спасибо 🤝","d":507555903,"a":[],"m":[]},{"i":2482141,"f":15267753,"t":"Поменял","d":507555888,"a":[],"m":[]},{"i":2482139,"f":137829743,"t":"Да","d":507555826,"a":[],"m":[]},{"i":2482138,"f":15267753,"t":"Тут?","d":507555823,"a":[],"m":[{"f":15267753,"t":"Накладная успешно создана с номером: 1320360896\n250","d":507498041,"a":[]}]},{"i":2482137,"f":137829743,"t":"Кудрово был","d":507555815,"a":[],"m":[]},{"i":2482136,"f":15267753,"t":"Какой город","d":507555810,"a":[],"m":[]},{"i":2482135,"f":137829743,"t":"А то ЛО","d":507555804,"a":[],"m":[]},{"i":2482133,"f":137829743,"t":"Это Спб","d":507555799,"a":[],"m":[{"f":137829743,"t":"Гражданский 84\n\n195257","d":507555744,"a":[]}]},{"i":2482132,"f":137829743,"t":"Другой город","d":507555794,"a":[],"m":[]},{"i":2482131,"f":15267753,"t":"Главное что бы город был один","d":507555779,"a":[],"m":[]},{"i":2482130,"f":15267753,"t":"А да отправить из любого пункта можно","d":507555765,"a":[],"m":[]},{"i":2482129,"f":137829743,"t":"Номер накладной тот же будет?","d":507555763,"a":[],"m":[]},{"i":2482128,"f":137829743,"t":"Помещение 36H","d":507555754,"a":[],"m":[]},{"i":2482127,"f":137829743,"t":"Гражданский 84\n\n195257","d":507555744,"a":[],"m":[]},{"i":2482122,"f":15267753,"t":"Da","d":507555665,"a":[],"m":[]},{"i":2482120,"f":137829743,"t":"Бро\nМесто отправления можно изменить?","d":507555645,"a":[],"m":[]},{"i":2480968,"f":15267753,"t":"+++","d":507498286,"a":[],"m":[]},{"i":2480960,"f":137829743,"t":"Спасибо 🤝","d":507498193,"a":[],"m":[]},{"i":2480958,"f":137829743,"t":"Закинул","d":507498191,"a":[],"m":[]},{"i":2480957,"f":137829743,"t":"89059515168 сбер сбп есть","d":507498171,"a":[],"m":[]},{"i":2480949,"f":15267753,"t":"Накладная успешно создана с номером: 1320360896\n250","d":507498041,"a":[],"m":[]},{"i":2480933,"f":137829743,"t":"Длина 31 \nШирина 20\nВысота 11","d":507497923,"a":[],"m":[]},{"i":2480909,"f":137829743,"t":"Дабл бокс сейчас измеряю","d":507497806,"a":[],"m":[]},{"i":2480907,"f":137829743,"t":"Получатель \n\nБуду забирать в сдек из пункта самовывоз \n\nМосква, Можайское шоссе дом 30\n8-985-920-6333\nДжанумов Армен Рафаэлевич","d":507497800,"a":[],"m":[]},{"i":2480905,"f":137829743,"t":"Отправитель \n\nФедоров Иван Германович\n\nКудрово\nЛенинградская 9/8\n\n9312131712","d":507497795,"a":[],"m":[]},{"i":2480898,"f":15267753,"t":"Да конено","d":507497766,"a":[],"m":[]},{"i":2480897,"f":15267753,"t":"Привет","d":507497764,"a":[],"m":[]},{"i":2480895,"f":137829743,"t":"Привет\nСделаешь накладную?","d":507497740,"a":[],"m":[]},{"i":2449599,"f":137829743,"t":"Перевёл на сбер\nСпасибо ✊🏻","d":506028626,"a":[],"m":[]},{"i":2449598,"f":15267753,"t":"+","d":506028624,"a":[],"m":[]},{"i":2449597,"f":15267753,"t":"Накладная успешно создана с номером: 1315472137\n400","d":506028562,"a":[],"m":[{"f":137829743,"t":"Отправитель \n\nМосква\nСтаропетровский проезд 1с2\n\nПолучатель\n\nФёдоров Иван Германович\n\nКудрово\nЛенинградская 9/8\n\n89312131712","d":506028425,"a":[]}]},{"i":2449596,"f":137829743,"t":"Можно чтобы с запасом ещё было пару см","d":506028496,"a":[],"m":[]},{"i":2449595,"f":137829743,"t":"Высота 14","d":506028484,"a":[],"m":[]},{"i":2449594,"f":137829743,"t":"Ширина 22","d":506028473,"a":[],"m":[]},{"i":2449593,"f":137829743,"t":"Длина 31","d":506028465,"a":[],"m":[]},{"i":2449592,"f":137829743,"t":"Да","d":506028445,"a":[],"m":[{"f":15267753,"t":"Коробку нада?","d":506028442,"a":[]}]},{"i":2449591,"f":15267753,"t":"Коробку нада?","d":506028442,"a":[],"m":[]},{"i":2449590,"f":137829743,"t":"Дабл бокс ещё по габаритам","d":506028429,"a":[],"m":[]},{"i":2449589,"f":137829743,"t":"Отправитель \n\nМосква\nСтаропетровский проезд 1с2\n\nПолучатель\n\nФёдоров Иван Германович\n\nКудрово\nЛенинградская 9/8\n\n89312131712","d":506028425,"a":[],"m":[]},{"i":2449588,"f":137829743,"t":"Оке\nОтпишу","d":506028298,"a":[],"m":[]},{"i":2449587,"f":15267753,"t":"Да","d":506028284,"a":[],"m":[]},{"i":2449586,"f":15267753,"t":"Привет","d":506028282,"a":[],"m":[]},{"i":2449585,"f":137829743,"t":"Привет\nДелаешь накладные ещё?","d":506028270,"a":[],"m":[]},{"i":2397823,"f":137829743,"t":"Понял","d":502478893,"a":[],"m":[]},{"i":2397822,"f":15267753,"t":"да бессрочна, пока я не удалю или не отправят по ней","d":502478883,"a":[],"m":[]},{"i":2397821,"f":15267753,"t":"да","d":502478877,"a":[],"m":[]},{"i":2397816,"f":137829743,"t":"Сколько у неё срок вообще","d":502478178,"a":[],"m":[]},{"i":2397815,"f":137829743,"t":"Завтра будет ещё накладная работать?","d":502478168,"a":[],"m":[]},{"i":2397481,"f":15267753,"t":"+","d":502447759,"a":[],"m":[]},{"i":2397480,"f":137829743,"t":"","d":502447664,"a":[{"t":0,"s":{"m":"https://sun9-19.userapi.com/impg/2yMfCv2q0esyKaljdwZaWNfx4fBissKvaqS5Dg/GD0A55Ol2ZQ.jpg?size=510x900&quality=95&crop=0,0,828,1461&sign=f0ea86e942ccbd9d8e37800fd257afca&c_uniq_tag=VDLPzWwsAah3XE-8q2_CkpYiFThQYZ5o83fOCapdwyI&type=album","s":"https://sun9-19.userapi.com/impg/2yMfCv2q0esyKaljdwZaWNfx4fBissKvaqS5Dg/GD0A55Ol2ZQ.jpg?size=200x433&quality=95&sign=4a89096701c39ccb2862d6fb72f16df3&c_uniq_tag=3fqb568PHj_uJ5gWhh954UkrRtHayMfEnNrpay9mGr8&type=album","n":"https://sun9-19.userapi.com/impg/2yMfCv2q0esyKaljdwZaWNfx4fBissKvaqS5Dg/GD0A55Ol2ZQ.jpg?size=828x1792&quality=95&sign=5c66561c1c5e8b83f3e13aa8b21dc384&c_uniq_tag=DagjUwbaM_dSZFOeRuyyd03HQ0iudF570F_nUJEKqLw&type=album","o":"https://sun9-19.userapi.com/impg/2yMfCv2q0esyKaljdwZaWNfx4fBissKvaqS5Dg/GD0A55Ol2ZQ.jpg?size=499x1080&quality=95&sign=1ac6ea76b8cee710c5681c8e9e204ff4&c_uniq_tag=bec7BRCG0eos59_oTWUHf9HsgwJyamH9RIJSrSAUbt8&type=album","t":"https://sun9-19.userapi.com/impg/2yMfCv2q0esyKaljdwZaWNfx4fBissKvaqS5Dg/GD0A55Ol2ZQ.jpg?size=279x604&quality=95&sign=588b4952fc2598edd406e1c1ac2af176&c_uniq_tag=6dBP1VIaHqyydx3zdeaYsVYQj32QqcA4UF4v2GvtpV4&type=album"},"z":"","q":0,"w":0,"o":137829743,"i":457256770,"d":502447663}],"m":[]},{"i":2397479,"f":137829743,"t":"Спасибо","d":502447632,"a":[],"m":[]},{"i":2397464,"f":15267753,"t":"Накладная успешно создана с номером: 1304617282\n450","d":502446350,"a":[],"m":[]},{"i":2397463,"f":15267753,"t":"ну такая только есть, добавил ее )","d":502446249,"a":[{"t":0,"s":{"m":"https://sun9-2.userapi.com/impg/f9dTjjw2lSxW8lx-W-SA2Fco1EKzlYaEOIDIDg/NhD-d9H5nA0.jpg?size=636x154&quality=96&sign=0654809453f5892ab7cc45f5feb42acd&c_uniq_tag=YepniavvJI-Om4G0m3SQfKxf8ynrbRGSQJEdgnz2xEY&type=album","s":"https://sun9-2.userapi.com/impg/f9dTjjw2lSxW8lx-W-SA2Fco1EKzlYaEOIDIDg/NhD-d9H5nA0.jpg?size=75x18&quality=96&sign=86405e8b186c216d9e3b379e30eaf20c&c_uniq_tag=XICNkxxbSfoLde8Zln5zIMvE_-LVJEF4FvqteR7kiEw&type=album","n":"https://sun9-2.userapi.com/impg/f9dTjjw2lSxW8lx-W-SA2Fco1EKzlYaEOIDIDg/NhD-d9H5nA0.jpg?size=510x154&quality=96&crop=63,0,510,154&sign=47719753bdb95df5264a9aca19ecaf0c&c_uniq_tag=_UC0KoCST8i8NdtAB4LtNDGMpwE-pSrDkbn2DQZ7asU&type=album","o":"https://sun9-2.userapi.com/impg/f9dTjjw2lSxW8lx-W-SA2Fco1EKzlYaEOIDIDg/NhD-d9H5nA0.jpg?size=320x154&quality=96&crop=158,0,320,154&sign=4f852c3ee871b66b7c7c5a85e69c32fe&c_uniq_tag=i-0GhN3jvtWBluM1auQnwt8w6pE-oss3ov-X0jbNy5U&type=album","t":"https://sun9-2.userapi.com/impg/f9dTjjw2lSxW8lx-W-SA2Fco1EKzlYaEOIDIDg/NhD-d9H5nA0.jpg?size=130x87&quality=96&crop=203,0,230,154&sign=532c3b24186885660a1d26e887257451&c_uniq_tag=3s5r2CA9Nvug4z4EYOAjOyKb4KrAfXmUxiCZSLMu810&type=album"},"z":"","q":0,"w":0,"o":15267753,"i":457258005,"d":502446200}],"m":[]},{"i":2396972,"f":137829743,"t":"Без проблем","d":502379482,"a":[],"m":[]},{"i":2396971,"f":15267753,"t":"хотя я обманул, он не сохраняет накладную( ночью сделаю тогда","d":502379474,"a":[{"t":0,"s":{"m":"https://sun9-20.userapi.com/impg/FF7LNBFxyaAWHPREsHKXnXYNy0OlSgqZf59prQ/xXxr7AxmKBo.jpg?size=1212x358&quality=96&sign=bfa7c4abd292f2d14f460dd443be679c&c_uniq_tag=OpUkrD7Vt0RxIWRf0gYZ3775F0zCeY-FjQN1gSTQnxg&type=album","s":"https://sun9-20.userapi.com/impg/FF7LNBFxyaAWHPREsHKXnXYNy0OlSgqZf59prQ/xXxr7AxmKBo.jpg?size=604x178&quality=96&sign=e26adaafa9d317749535618503a269b9&c_uniq_tag=MRTn50MdqQ5hZfx8tTDUtWmtVBGkcoH3AnNYHVbW9LE&type=album","n":"https://sun9-20.userapi.com/impg/FF7LNBFxyaAWHPREsHKXnXYNy0OlSgqZf59prQ/xXxr7AxmKBo.jpg?size=510x340&quality=96&crop=337,0,537,358&sign=45d35a7f65c9c7d94b7920a4273557d5&c_uniq_tag=IHt8OYMbYxEGzAVoixm06OT1dlF7M6fZLVDREVpWMM4&type=album","o":"https://sun9-20.userapi.com/impg/FF7LNBFxyaAWHPREsHKXnXYNy0OlSgqZf59prQ/xXxr7AxmKBo.jpg?size=320x213&quality=96&crop=337,0,538,358&sign=15f6417c429cc463176ff36b92e193d3&c_uniq_tag=J0UvFO9cc4UM4liaQmmbjv6f_Iz7uW__q6x3iyIINP0&type=album","t":"https://sun9-20.userapi.com/impg/FF7LNBFxyaAWHPREsHKXnXYNy0OlSgqZf59prQ/xXxr7AxmKBo.jpg?size=130x87&quality=96&crop=338,0,535,358&sign=cc82df7e03629e5c95b354569bc06d2b&c_uniq_tag=gYj0XPV0RJbP25ba0d8tV0j3w5mZfGKLh7uDpIQPWXk&type=album"},"z":"","q":0,"w":0,"o":15267753,"i":457257998,"d":502379473}],"m":[]},{"i":2396969,"f":137829743,"t":"Для этих параметров дабл бокс нужен","d":502379435,"a":[],"m":[]},{"i":2396968,"f":137829743,"t":"Длина 31\nШирина 24.5\nВысота 15.5\n\nЭто с запасом 1 см","d":502379427,"a":[],"m":[]},{"i":2396966,"f":137829743,"t":"А то мне там мозги ебут каждый раз что вот эти М,L это для физ лиц","d":502379337,"a":[],"m":[]},{"i":2396965,"f":137829743,"t":"Сейчас я скажу габариты коробки кросс","d":502379313,"a":[],"m":[]},{"i":2396963,"f":137829743,"t":"Отправитель:\n\nФёдоров Иван Германович \n89312131712\n\nКудрово\nЛенинградская 9/8 \n\n——\n\nПолучатель:\n\nИванов Ванес Дмитриевич\n89998375386\n\nМосква\nТаганрогская 11 к3\n109386\n\nВ посылке кроссы","d":502379305,"a":[],"m":[]},{"i":2396959,"f":137829743,"t":"Привет","d":502379268,"a":[],"m":[]},{"i":2396957,"f":15267753,"t":"заработал сдек","d":502379227,"a":[],"m":[]},{"i":2396551,"f":137829743,"t":"Да уже прочитал \nСпасибо","d":502299869,"a":[],"m":[]},{"i":2396548,"f":15267753,"t":"График технических работ:\n\n31 декабря, 20:00 по Москве — 3 января, 02:00 по Москве — не работают отслеживание и создание заказов, личный кабинет, мобильное приложение. Перебои в работе сайта cdek.ru и CDEK Market.\n\n3 января, с 02:00 по Москве — все сервисы работают, но возможны задержки при загрузке.\n\n5 января — все сервисы работают без задержек и перебоев.","d":502299670,"a":[{"t":6,"v":"http://cdek.ru"}],"m":[]},{"i":2396504,"f":137829743,"t":"Понял","d":502295225,"a":[],"m":[]},{"i":2396502,"f":15267753,"t":"","d":502295208,"a":[{"t":0,"s":{"m":"https://sun9-53.userapi.com/impg/1rPbguEAYKEC0xP9VPREzLvxJcgdy3-bHqFpDQ/5NTW4VnVFVY.jpg?size=510x900&quality=95&crop=0,0,828,1461&sign=8d835261f1cf813e1b29f540d56f0ba8&c_uniq_tag=eA0IZnAk8OON3lu8EFMeMJWvj88Eh6mMxe184sM8M7Q&type=album","s":"https://sun9-53.userapi.com/impg/1rPbguEAYKEC0xP9VPREzLvxJcgdy3-bHqFpDQ/5NTW4VnVFVY.jpg?size=200x433&quality=95&sign=8ff7b6e167688e95f96148bef8504212&c_uniq_tag=z5Q3xuyRvSyWK5G6Z5z9aejg0aHxCR_ESBUYWDUjDwU&type=album","n":"https://sun9-53.userapi.com/impg/1rPbguEAYKEC0xP9VPREzLvxJcgdy3-bHqFpDQ/5NTW4VnVFVY.jpg?size=828x1792&quality=95&sign=4f71e820a925497c718e2b386778122f&c_uniq_tag=W5sVivrT1amZ86YQ0RQaVLGVQKf2UlBu2MAGQFIpY0I&type=album","o":"https://sun9-53.userapi.com/impg/1rPbguEAYKEC0xP9VPREzLvxJcgdy3-bHqFpDQ/5NTW4VnVFVY.jpg?size=499x1080&quality=95&sign=62d80fa01262c40216e923248905bab2&c_uniq_tag=CwjRRsB8sFCsH27396BmFAO86fGIF3zmEsT7fg1yAJc&type=album","t":"https://sun9-53.userapi.com/impg/1rPbguEAYKEC0xP9VPREzLvxJcgdy3-bHqFpDQ/5NTW4VnVFVY.jpg?size=279x604&quality=95&sign=8a08aec32e9a27b246849784a14251ba&c_uniq_tag=PRKx14gIiIn7lKhQZaLyYqzHcLl3PME4A364RLYa7j0&type=album"},"z":"","q":0,"w":0,"o":15267753,"i":457257997,"d":502295208}],"m":[]},{"i":2396501,"f":15267753,"t":"Сдек лежит","d":502295205,"a":[],"m":[]},{"i":2396500,"f":15267753,"t":"Привет","d":502295203,"a":[],"m":[]},{"i":2396499,"f":137829743,"t":"Сделаешь?","d":502295200,"a":[],"m":[]},{"i":2396498,"f":137829743,"t":"Привет\nНужна накладная","d":502295182,"a":[],"m":[]},{"i":2389240,"f":15267753,"t":"Оке","d":501701115,"a":[],"m":[]},{"i":2389224,"f":137829743,"t":"Отбой\nТам почту России выбрали","d":501700465,"a":[],"m":[]},{"i":2389213,"f":15267753,"t":"Да","d":501699732,"a":[],"m":[]},{"i":2389212,"f":15267753,"t":"Привет","d":501699731,"a":[],"m":[]},{"i":2389207,"f":137829743,"t":"Привет\nНужна накладная \nРаботаем?","d":501699644,"a":[],"m":[]},{"i":2372159,"f":137829743,"t":"Благодарю","d":500487080,"a":[],"m":[]},{"i":2372158,"f":15267753,"t":"отписал )","d":500486990,"a":[],"m":[]},{"i":2371613,"f":137829743,"t":"Хаха \nНе знаю даже\n\n«Работали много раз, все хорошо» \n\nМожно так","d":500434193,"a":[],"m":[]},{"i":2371611,"f":15267753,"t":"Привет, а что написать?)","d":500434135,"a":[],"m":[]},{"i":2371603,"f":137829743,"t":"Привет\nНе знаю уместно ли тут это \n\nНо можешь отзыв написать, пожалуйста\n\nhttps://vk.com/wall-209472150_1?api_access_key=e64e70b332e7ca6029","d":500433146,"a":[],"m":[]},{"i":2367212,"f":15267753,"t":"+++","d":500154931,"a":[],"m":[]},{"i":2367208,"f":137829743,"t":"","d":500154865,"a":[{"t":0,"s":{"m":"https://sun9-41.userapi.com/impg/N-Y6eQZ2VoX6Lmz9FIvt5iPluKV1YB6ikbCa6g/HUlPZdoLgZY.jpg?size=510x900&quality=95&crop=0,0,828,1461&sign=e07dc995762bde8d88d274f60c767dba&c_uniq_tag=sX3E6Op2sQlONa2bJi0NDTn8CyWMAuyYQtAoP_4BPsM&type=album","s":"https://sun9-41.userapi.com/impg/N-Y6eQZ2VoX6Lmz9FIvt5iPluKV1YB6ikbCa6g/HUlPZdoLgZY.jpg?size=200x433&quality=95&sign=a984c0f48e9433a662bae60624a08faf&c_uniq_tag=Z1_FFzJnrbbVkKS8x_ltLcPg39voY2XbB7vP6JE6hRo&type=album","n":"https://sun9-41.userapi.com/impg/N-Y6eQZ2VoX6Lmz9FIvt5iPluKV1YB6ikbCa6g/HUlPZdoLgZY.jpg?size=828x1792&quality=95&sign=014681d243e0cfb041f0acc974cc34ac&c_uniq_tag=FNHh4nXZGrppCxFqC3H8CpT1eMlexcQOgMeVSxLGZ48&type=album","o":"https://sun9-41.userapi.com/impg/N-Y6eQZ2VoX6Lmz9FIvt5iPluKV1YB6ikbCa6g/HUlPZdoLgZY.jpg?size=499x1080&quality=95&sign=83a78b1daf7a430a47dee9c0a867fa28&c_uniq_tag=Ym7JqwEnSEyUJW8toOw44r4TMl8O5KBEZ63dSZlNlQ0&type=album","t":"https://sun9-41.userapi.com/impg/N-Y6eQZ2VoX6Lmz9FIvt5iPluKV1YB6ikbCa6g/HUlPZdoLgZY.jpg?size=279x604&quality=95&sign=310ff0cc078ba009ea50bb2b96073bf1&c_uniq_tag=dN0wwwKsFFtO_uyvzayYqckjiKK1TKQ_KJHhP6Nr7Ow&type=album"},"z":"","q":0,"w":0,"o":137829743,"i":457256153,"d":500154864}],"m":[]},{"i":2367200,"f":15267753,"t":"Накладная успешно создана с номером: 1297228390\n500","d":500154692,"a":[],"m":[]},{"i":2367196,"f":137829743,"t":"Да","d":500154451,"a":[],"m":[]},{"i":2367194,"f":15267753,"t":"из кудрово да","d":500154448,"a":[],"m":[]},{"i":2367191,"f":137829743,"t":"Дабл бокс как обычно","d":500154281,"a":[],"m":[]},{"i":2367190,"f":137829743,"t":"Отправитель\n\nФёдоров Иван Германович\nКудрово\nЛенинградская 9/8\n\nПолучатель \n\nТолпыго Андрей Игоревич\nМосква Соколово-Мещерская 14 \n+7(977)350-30-53","d":500154256,"a":[],"m":[]},{"i":2367187,"f":15267753,"t":"привет давай","d":500154182,"a":[],"m":[]},{"i":2367186,"f":137829743,"t":"Привет\nРаботаем?","d":500154168,"a":[],"m":[]},{"i":2365618,"f":15267753,"t":"+","d":500067812,"a":[],"m":[]},{"i":2365600,"f":137829743,"t":"","d":500066873,"a":[{"t":0,"s":{"m":"https://sun9-28.userapi.com/impg/wuVeAkrDV_CVN0COr1LVt3f3lV6ZlgOdKw9rHA/JqIc7MggyJs.jpg?size=510x900&quality=95&crop=0,0,828,1461&sign=676349c291b9c5af6c74d57625649a1f&c_uniq_tag=RP2uDqlQwShkGUqtUS650pL0u_NgAkAuGMJEdQP6mOA&type=album","s":"https://sun9-28.userapi.com/impg/wuVeAkrDV_CVN0COr1LVt3f3lV6ZlgOdKw9rHA/JqIc7MggyJs.jpg?size=200x433&quality=95&sign=ead155409563ea6f42b75b06b261b684&c_uniq_tag=Xd7g_BAtsqfkTnmaTnONuAyNIUclmUEu6D8EfI0muxg&type=album","n":"https://sun9-28.userapi.com/impg/wuVeAkrDV_CVN0COr1LVt3f3lV6ZlgOdKw9rHA/JqIc7MggyJs.jpg?size=828x1792&quality=95&sign=a433f463eedc853cb04712757b001b7a&c_uniq_tag=HMYdCWYOgUuCsACY0OYNpR3wVmAeMmuShaX4q6cMbtY&type=album","o":"https://sun9-28.userapi.com/impg/wuVeAkrDV_CVN0COr1LVt3f3lV6ZlgOdKw9rHA/JqIc7MggyJs.jpg?size=499x1080&quality=95&sign=3ce30c405b800e3a9f1bb3cdeaeba7b2&c_uniq_tag=p0OT_1Q6PglXdlpsByXvCZYOXGFgYLddD2rfKGgQpW0&type=album","t":"https://sun9-28.userapi.com/impg/wuVeAkrDV_CVN0COr1LVt3f3lV6ZlgOdKw9rHA/JqIc7MggyJs.jpg?size=279x604&quality=95&sign=8b0e339bb2a8c0ca3ac4b885791c9d3f&c_uniq_tag=SZKTUwlFW72IUaTBAtRUbOK5vI2SWLo6-2sR2usJAfI&type=album"},"z":"","q":0,"w":0,"o":137829743,"i":457256142,"d":500066872}],"m":[]},{"i":2365599,"f":15267753,"t":"Накладная успешно создана с номером: 1296855046\n430","d":500066815,"a":[],"m":[]},{"i":2365595,"f":137829743,"t":"Понял","d":500066562,"a":[],"m":[]},{"i":2365594,"f":15267753,"t":"ща 5 мин сделаю","d":500066558,"a":[],"m":[]},{"i":2365593,"f":15267753,"t":"только город всегда нуден)","d":500066553,"a":[],"m":[]},{"i":2365592,"f":137829743,"t":"Оке","d":500066551,"a":[],"m":[]},{"i":2365591,"f":15267753,"t":"нет","d":500066548,"a":[],"m":[]},{"i":2365589,"f":137829743,"t":"Имя отправителя обязательно надо?","d":500066451,"a":[],"m":[]},{"i":2365588,"f":137829743,"t":"Отправитель \n\n89161075841\n\nМалый левшинский пер., 5, Москва, 119034\n\nПолучатель \n\nФёдоров Иван Германович \n89312131712\n\nКудрово\nЛенинградская 9/8 \n\nВ посылке кроссы\nДабл бокс L","d":500066444,"a":[],"m":[]},{"i":2365578,"f":137829743,"t":"Сек","d":500066003,"a":[],"m":[]},{"i":2365577,"f":15267753,"t":"привет да","d":500065985,"a":[],"m":[]},{"i":2365576,"f":137829743,"t":"Привет\nСейчас сможешь накладную сделать?","d":500065973,"a":[],"m":[]},{"i":2362053,"f":15267753,"t":"+++","d":499736421,"a":[],"m":[]},{"i":2362051,"f":137829743,"t":"","d":499736107,"a":[{"t":0,"s":{"m":"https://sun9-29.userapi.com/impg/9sGIXmGXAg_bFyTVfuagmwni9KLy3k-zRDdI4Q/F8scEHvNkpU.jpg?size=510x900&quality=95&crop=0,0,828,1461&sign=d1fc0e733267a1b7284eabb85d582bac&c_uniq_tag=n_Bx0jJNQHMEJLbCDX8kg7LX7_7N6G5d7ZoRNex6APw&type=album","s":"https://sun9-29.userapi.com/impg/9sGIXmGXAg_bFyTVfuagmwni9KLy3k-zRDdI4Q/F8scEHvNkpU.jpg?size=200x433&quality=95&sign=b9bc386a723243e6dfa25c9742c3d6e3&c_uniq_tag=CD9yRatr_TjwqUYNPjHJODae8UEEf4QB6eCgzrDk5a8&type=album","n":"https://sun9-29.userapi.com/impg/9sGIXmGXAg_bFyTVfuagmwni9KLy3k-zRDdI4Q/F8scEHvNkpU.jpg?size=828x1792&quality=95&sign=31ee67f522ac94d0ca09e69f32a4991f&c_uniq_tag=-R-SLeu9pSjqx2ItqDbYUTFfuSxdqNiANGV3t8HpqVE&type=album","o":"https://sun9-29.userapi.com/impg/9sGIXmGXAg_bFyTVfuagmwni9KLy3k-zRDdI4Q/F8scEHvNkpU.jpg?size=499x1080&quality=95&sign=daf6722b20a12ac8e19f9b5472ac1590&c_uniq_tag=maD-Iy0po4u1-SsSnPBJefS0a91vwA3UbNmmEh2Y7Ug&type=album","t":"https://sun9-29.userapi.com/impg/9sGIXmGXAg_bFyTVfuagmwni9KLy3k-zRDdI4Q/F8scEHvNkpU.jpg?size=279x604&quality=95&sign=ff3c2f8d1ddbf53213b1a6d9679a1f8e&c_uniq_tag=Ka0SSk2Jy9HyqZkHEv7gC_YvN1HMTMWupVHI1G13Ens&type=album"},"z":"","q":0,"w":0,"o":137829743,"i":457256095,"d":499736106}],"m":[]},{"i":2362050,"f":137829743,"t":".","d":499736074,"a":[],"m":[{"f":15267753,"t":"89059515168 сбер сбп есть","d":497896538,"a":[]}]},{"i":2362049,"f":137829743,"t":"Окей","d":499736065,"a":[],"m":[]},{"i":2362048,"f":15267753,"t":"ну так сделал попробуешь что скажут","d":499736044,"a":[],"m":[]},{"i":2362047,"f":15267753,"t":"1295817409\n500","d":499736038,"a":[],"m":[]},{"i":2362046,"f":137829743,"t":"Что выбирать тогда","d":499735944,"a":[],"m":[]},{"i":2362045,"f":15267753,"t":"но там очень много всякой упаковки сделали они и не очевидно где какая","d":499735903,"a":[],"m":[]},{"i":2362044,"f":15267753,"t":"ну поидее так","d":499735876,"a":[],"m":[]},{"i":2362041,"f":137829743,"t":"Впритык получается\n\nПросто в прошлый раз мне сказали, что вот это коробки (s,m.l и тд)\n\nОни только для физ лиц\nДля юр лиц там какие-то другие коробки","d":499735718,"a":[],"m":[]},{"i":2362036,"f":15267753,"t":"в л должно влезть","d":499735647,"a":[],"m":[]},{"i":2362035,"f":15267753,"t":"сейчас сделаю","d":499735642,"a":[],"m":[]},{"i":2362034,"f":137829743,"t":"35х25х15","d":499735634,"a":[],"m":[]},{"i":2362033,"f":137829743,"t":"Нужен будет дабл бокс ещё","d":499735609,"a":[],"m":[]},{"i":2362032,"f":137829743,"t":"Сейчас габариты коробки у пары скажу","d":499735602,"a":[],"m":[]},{"i":2362031,"f":137829743,"t":"Отправитель:\n\nФёдоров Иван Германович \n89312131712\n\nСанкт-Петербург\nГражданский проспект 84, пом 15H\n\n——\n\nПолучатель:\n\nГабдуллин Данияр фанисович \n\n89950070177\n\nКазань\nУлица Адоратского, 4","d":499735587,"a":[],"m":[]},{"i":2362030,"f":15267753,"t":"давай","d":499735561,"a":[],"m":[]},{"i":2362029,"f":15267753,"t":"привет","d":499735561,"a":[],"m":[]},{"i":2362026,"f":137829743,"t":"Работаем?","d":499735418,"a":[],"m":[]},{"i":2362024,"f":137829743,"t":"Привет\nНужна накладная","d":499735402,"a":[],"m":[]},{"i":2354513,"f":15267753,"t":"+++","d":499186167,"a":[],"m":[]},{"i":2354511,"f":137829743,"t":"Перевёл\nСпасибо 🤝","d":499186163,"a":[],"m":[]},{"i":2354506,"f":15267753,"t":"Накладная успешно создана с номером: 1293716841\n500","d":499186112,"a":[],"m":[]},{"i":2354500,"f":137829743,"t":"Отправитель:\n\nФёдоров Иван Германович \n89312131712\n\nКудрово\nЛенинградская 9/8 \n\n——\n\nПолучатель:\n\nИванов Ванес Дмитриевич\n89998375386\n\nМосква\nТаганрогская 11 к3\n109386\n\nДабл бокс размера L\n\nВ посылке кроссы","d":499185974,"a":[],"m":[]},{"i":2354497,"f":15267753,"t":"Привет давай","d":499185847,"a":[],"m":[]},{"i":2354494,"f":137829743,"t":"Привет\nСделаешь накладную?","d":499185749,"a":[],"m":[]},{"i":2352237,"f":15267753,"t":"+","d":499024734,"a":[],"m":[]},{"i":2352227,"f":137829743,"t":"Спасибо","d":499024458,"a":[],"m":[]},{"i":2352226,"f":137829743,"t":"","d":499024456,"a":[{"t":0,"s":{"m":"https://sun9-72.userapi.com/impg/l10zMGL_qUHHd28HnMTCQRRBNvn42_12r6DCTw/B1e97cedLpE.jpg?size=499x1080&quality=96&sign=66b1bc4b06d9b8901e4f0fe4271fef5c&c_uniq_tag=NEhvahi2BzeofWiGmTY9nVWrqWvIk6oVvDS8LkUt5I0&type=album","s":"https://sun9-72.userapi.com/impg/l10zMGL_qUHHd28HnMTCQRRBNvn42_12r6DCTw/B1e97cedLpE.jpg?size=279x604&quality=96&sign=69ed6476f7f8f61ad651dfccc332180f&c_uniq_tag=1QmUWbREVi4N45rN1AxyHMFz7cdWu-6Qfooo10C4sR4&type=album","n":"https://sun9-72.userapi.com/impg/l10zMGL_qUHHd28HnMTCQRRBNvn42_12r6DCTw/B1e97cedLpE.jpg?size=35x75&quality=96&sign=00093b99ad1a9ab14e9642d4fefab2a6&c_uniq_tag=NcFG8jdyR-0-ZOW4QZRgk3UIWLNKqGA9Y69HLHpuKZM&type=album","o":"https://sun9-72.userapi.com/impg/l10zMGL_qUHHd28HnMTCQRRBNvn42_12r6DCTw/B1e97cedLpE.jpg?size=510x900&quality=96&crop=0,0,828,1461&sign=9dc6031712d97a4eedd90a362fcaa429&c_uniq_tag=grjJb3j71Kd42MKcmvy9fY_KVwepJUDj44c7-3eyrzM&type=album","t":"https://sun9-72.userapi.com/impg/l10zMGL_qUHHd28HnMTCQRRBNvn42_12r6DCTw/B1e97cedLpE.jpg?size=200x433&quality=96&sign=30b161c883c5f125fe59ba69566a9517&c_uniq_tag=k040N5qzky9Vw8AQu-E35xzqH4dSw5NiATNC3veoLWI&type=album"},"z":"","q":0,"w":0,"o":137829743,"i":457255952,"d":499024456}],"m":[]},{"i":2352210,"f":15267753,"t":"Накладная успешно создана с номером: 1293073420\n\n550 с боксом","d":499023623,"a":[],"m":[]},{"i":2352209,"f":15267753,"t":"Бокс добавляю да","d":499023505,"a":[],"m":[]},{"i":2352208,"f":137829743,"t":"Отправитель:\n\nФёдоров Иван Германович \n89312131712\n\nКудрово\nЛенинградская 9/8 \n\n——\n\nПолучатель:\n\nВасильев Кирилл Андреевич \n89174833322\n\nУфа\nУл. Новомостовая, 7\n\nДабл бокс размера L\n\nВ посылке кроссы","d":499023461,"a":[],"m":[]},{"i":2352203,"f":15267753,"t":"Да","d":499023188,"a":[],"m":[]},{"i":2352202,"f":15267753,"t":"Привет","d":499023187,"a":[],"m":[]},{"i":2352170,"f":137829743,"t":"Работаем?","d":499022848,"a":[],"m":[]},{"i":2352169,"f":137829743,"t":"Привет\nНужна накладная","d":499022834,"a":[],"m":[]},{"i":2343558,"f":137829743,"t":"🤝","d":498424327,"a":[],"m":[]},{"i":2343555,"f":15267753,"t":"+","d":498424315,"a":[],"m":[]},{"i":2343554,"f":137829743,"t":"Перевёл","d":498424313,"a":[],"m":[]},{"i":2343543,"f":15267753,"t":"Накладная успешно создана с номером: 1291062935\n500","d":498424111,"a":[],"m":[]},{"i":2343532,"f":137829743,"t":"Да","d":498424039,"a":[],"m":[]},{"i":2343531,"f":15267753,"t":"Коробка нужна?","d":498424034,"a":[],"m":[]},{"i":2343528,"f":137829743,"t":"Отправитель:\n\nФёдоров Иван Германович \n89312131712\n\nСанкт-Петербург\nГражданский проспект 84, пом 15H\n\n——\n\nПолучатель:\n\nГабдуллин Данияр фанисович \n\n89950070177\n\nКазань\nУлица Адоратского, 4\n\nДабл бокс размера L\n\nВ посылке кроссы","d":498423986,"a":[],"m":[]},{"i":2343486,"f":15267753,"t":"Привет, да","d":498423715,"a":[],"m":[]},{"i":2343484,"f":137829743,"t":"Привет\nСделаешь накладную?","d":498423698,"a":[],"m":[]},{"i":2334154,"f":15267753,"t":"Обращайся!","d":497896847,"a":[],"m":[]},{"i":2334150,"f":137829743,"t":"Спасибо","d":497896745,"a":[],"m":[]},{"i":2334149,"f":15267753,"t":"+","d":497896735,"a":[],"m":[]},{"i":2334146,"f":137829743,"t":"","d":497896601,"a":[{"t":0,"s":{"m":"https://sun9-48.userapi.com/impg/WCOwxmzfciMZamwguXJTF7B49kW_9lyWoC9rhg/2uqcsh7fXu4.jpg?size=499x1080&quality=96&sign=0407f09f5a167da5c05d490924fe1a4f&c_uniq_tag=fseInKQ5jftX7AGoLeOBtBoqNduQvhqqOpxsvts9vhE&type=album","s":"https://sun9-48.userapi.com/impg/WCOwxmzfciMZamwguXJTF7B49kW_9lyWoC9rhg/2uqcsh7fXu4.jpg?size=279x604&quality=96&sign=e39d25134b40663956c9a9e1d8af7903&c_uniq_tag=aGd93AGiOsSikRMaWsG6tdAT6iRaQnL_6bbmIOeJVek&type=album","n":"https://sun9-48.userapi.com/impg/WCOwxmzfciMZamwguXJTF7B49kW_9lyWoC9rhg/2uqcsh7fXu4.jpg?size=35x75&quality=96&sign=f93c3a35d7b7171cbf233fad6a4fb94b&c_uniq_tag=15BPszQmNlEmdSfY4VjVpPy1tCQBRfaE90IejEO0Mwo&type=album","o":"https://sun9-48.userapi.com/impg/WCOwxmzfciMZamwguXJTF7B49kW_9lyWoC9rhg/2uqcsh7fXu4.jpg?size=510x900&quality=96&crop=0,0,828,1461&sign=b19da68a27e3ddfc0adea29ee7fbbece&c_uniq_tag=AgnIrMzz_My9A43J7MGqVlLjGegUOBComIVhTN7oBWM&type=album","t":"https://sun9-48.userapi.com/impg/WCOwxmzfciMZamwguXJTF7B49kW_9lyWoC9rhg/2uqcsh7fXu4.jpg?size=200x433&quality=96&sign=d8e217d7f7144f900af7b3aa70bc1bd0&c_uniq_tag=5BhxAWlwsTQ3o8LgXVQSZvgHSb5mjTCHp6WGlY7W1fo&type=album"},"z":"","q":0,"w":0,"o":137829743,"i":457255775,"d":497896600}],"m":[]},{"i":2334145,"f":15267753,"t":"89059515168 сбер сбп есть","d":497896538,"a":[],"m":[]},{"i":2334144,"f":15267753,"t":"Накладная успешно создана с номером: 1289177563\n400","d":497896528,"a":[],"m":[]},{"i":2334142,"f":137829743,"t":"В сдэке","d":497896457,"a":[],"m":[]},{"i":2334141,"f":15267753,"t":"Ну бокс у тебя есть или в сдеке нужно что бы дали его?","d":497896446,"a":[],"m":[]},{"i":2334140,"f":137829743,"t":"Это габариры бокса L\nВ нем и надо отправить","d":497896426,"a":[],"m":[{"f":15267753,"t":"34 33 26?","d":497896379,"a":[]}]},{"i":2334139,"f":15267753,"t":"Бокс есть или нужен?","d":497896407,"a":[],"m":[]},{"i":2334138,"f":137829743,"t":"Вот вместе в боксом L","d":497896393,"a":[],"m":[{"f":15267753,"t":"34 33 26?","d":497896379,"a":[]}]},{"i":2334137,"f":15267753,"t":"И бокс добавиьь?","d":497896382,"a":[],"m":[]},{"i":2334136,"f":15267753,"t":"34 33 26?","d":497896379,"a":[],"m":[]},{"i":2334135,"f":15267753,"t":"Ну мне нужен упакованый габарит","d":497896366,"a":[],"m":[]},{"i":2334134,"f":137829743,"t":"","d":497896360,"a":[{"t":0,"s":{"m":"https://sun9-22.userapi.com/impg/93P2OINS70qTfARDOfkcawxG_6xtjT6qR8oefw/2OAkbO-O37U.jpg?size=499x1080&quality=96&sign=21960bf6c728f542d6c8feacacb75d0a&c_uniq_tag=Rs7Mjwbvukarc9a5s5LP8Lhq56nv6kl-GedIwYN3V4E&type=album","s":"https://sun9-22.userapi.com/impg/93P2OINS70qTfARDOfkcawxG_6xtjT6qR8oefw/2OAkbO-O37U.jpg?size=279x604&quality=96&sign=19a06d14389c6dd9b50eff1005f2cb13&c_uniq_tag=KqlL6KS5UG2cJlq7SQUaixA7HQ3Ercci_A2t05UH9_c&type=album","n":"https://sun9-22.userapi.com/impg/93P2OINS70qTfARDOfkcawxG_6xtjT6qR8oefw/2OAkbO-O37U.jpg?size=35x75&quality=96&sign=476565f9d75f947afce69075c8abaade&c_uniq_tag=WA-Sl2PADK9lqyBXrTtqv4EZnOSaEzWwS1FezhjoN2U&type=album","o":"https://sun9-22.userapi.com/impg/93P2OINS70qTfARDOfkcawxG_6xtjT6qR8oefw/2OAkbO-O37U.jpg?size=510x900&quality=96&crop=0,0,750,1324&sign=4e35e4e8979ca7606cc5e0ce8833eaca&c_uniq_tag=m-bdwRkD7iA5iaEcavdLmXGtKrQSghLhVrfMeD2xDCI&type=album","t":"https://sun9-22.userapi.com/impg/93P2OINS70qTfARDOfkcawxG_6xtjT6qR8oefw/2OAkbO-O37U.jpg?size=200x433&quality=96&sign=8f1588fe0cecda9da9a668fa47398b7f&c_uniq_tag=brZfMQEcAMab6iaQym1Nt8M9vn5p0fRm1KqpDW_RV24&type=album"},"z":"","q":0,"w":0,"o":137829743,"i":457255774,"d":497896360}],"m":[]},{"i":2334133,"f":137829743,"t":"Это размер коробки от самих кросс","d":497896342,"a":[],"m":[]},{"i":2334130,"f":137829743,"t":"","d":497896294,"a":[],"m":[{"f":646416537,"t":"38х26х15","d":497896189,"a":[]}]},{"i":2334124,"f":15267753,"t":"Габариты нужны, я не знаю размеры бокса л","d":497895493,"a":[],"m":[]},{"i":2334122,"f":137829743,"t":"Отправитель:\n\nБагимов Алексей Геннадьевич \n89035280106\n\nМосква \nПерерва 31, 109341\n\n——\n\nПолучатель:\n\nФёдоров Иван Германович \n89312131712\n\nСанкт-Петербург, Кудрово\nЛенинградская 9/8, 188691\n\nДабл бокс размера L\n\nВ посылке кроссы","d":497895406,"a":[],"m":[]},{"i":2334117,"f":15267753,"t":"Привет да","d":497895334,"a":[],"m":[]},{"i":2334098,"f":137829743,"t":"Привет\nЧерез тебя можно накладную сдэк сделать?","d":497894664,"a":[],"m":[]}]}