{"meta":{"v":"1.2","p":390518653,"a":15267753,"t":"Денис Грасс","d":1691415415},"data":[{"i":3081846,"f":390518653,"t":"Отправил, спасибо!","d":546370845,"a":[],"m":[]},{"i":3081842,"f":390518653,"t":"Сейчас отправляю","d":546370817,"a":[],"m":[]},{"i":3081841,"f":390518653,"t":"Извини я пропустил в вк не захожу особо","d":546370816,"a":[],"m":[]},{"i":3081839,"f":390518653,"t":"Привет","d":546370794,"a":[],"m":[]},{"i":3076823,"f":15267753,"t":"за ету докинуть еще нужно 1429983690 85","d":545964309,"a":[],"m":[]},{"i":3070433,"f":15267753,"t":"++++","d":545360249,"a":[],"m":[]},{"i":3070429,"f":390518653,"t":"Спасибо большое, перевел","d":545360167,"a":[],"m":[]},{"i":3070427,"f":390518653,"t":"секу","d":545360124,"a":[],"m":[]},{"i":3070426,"f":390518653,"t":"89059515168 сбер","d":545360123,"a":[],"m":[]},{"i":3070425,"f":15267753,"t":"Номер заказа СДЭК 1429983690\n400","d":545360110,"a":[],"m":[{"f":390518653,"t":"Привет! Оформим пожалуйста:\n33х21х11 (1.1 кг) \nгород отправления: Москва\nполучатель: Гуменюк Денис Николаевич. \nПункт СДЭК SMF15 \nСимферополь, ул.Киевская, 163 \n+79186438428","d":545352680,"a":[]}]},{"i":3070424,"f":390518653,"t":"О, не ожидал ночью что ответишь, приятно","d":545360058,"a":[],"m":[]},{"i":3070423,"f":15267753,"t":"привет","d":545360039,"a":[],"m":[]},{"i":3070257,"f":390518653,"t":"Привет! Оформим пожалуйста:\n33х21х11 (1.1 кг) \nгород отправления: Москва\nполучатель: Гуменюк Денис Николаевич. \nПункт СДЭК SMF15 \nСимферополь, ул.Киевская, 163 \n+79186438428","d":545352680,"a":[],"m":[]},{"i":3060767,"f":15267753,"t":"обращайся!","d":544398267,"a":[],"m":[]},{"i":3060766,"f":15267753,"t":"++++++","d":544398264,"a":[],"m":[]},{"i":3060764,"f":390518653,"t":"Отправил\nОгромное спасибо, очень выручаешь","d":544398098,"a":[],"m":[]},{"i":3060668,"f":15267753,"t":"Сюда же","d":544391124,"a":[],"m":[{"f":15267753,"t":"89059515168 сбер","d":541128078,"a":[]}]},{"i":3060666,"f":390518653,"t":"Спасибо большое!","d":544390951,"a":[],"m":[]},{"i":3060664,"f":390518653,"t":"Куда переводить?","d":544390947,"a":[],"m":[]},{"i":3060655,"f":15267753,"t":"Номер заказа СДЭК 1427268382 \n1650","d":544390243,"a":[],"m":[{"f":390518653,"t":"город отправления: Санкт Петербург\nполучатель: Гуменюк Денис Николаевич. \nПункт СДЭК SMF15 \nСимферополь, ул.Киевская, 163\n+79186438428\n\n33х49х70 7.8кг","d":544389272,"a":[]}]},{"i":3060637,"f":390518653,"t":"город отправления: Санкт Петербург\nполучатель: Гуменюк Денис Николаевич. \nПункт СДЭК SMF15 \nСимферополь, ул.Киевская, 163\n+79186438428\n\n33х49х70 7.8кг","d":544389272,"a":[],"m":[]},{"i":3060625,"f":15267753,"t":"города отправления получателя фио тел габарит вес пункт сдек","d":544388015,"a":[],"m":[]},{"i":3060616,"f":390518653,"t":"А все понял, я думал они так в лайв режиме не могут, отлично! \nНапомни какие данные если Склад-Склад отправление","d":544387841,"a":[],"m":[]},{"i":3060613,"f":15267753,"t":"перемерят я скажу на сколько цена поменялась","d":544387779,"a":[],"m":[]},{"i":3060514,"f":390518653,"t":"Или придется заново оформлять","d":544381215,"a":[],"m":[]},{"i":3060513,"f":390518653,"t":"Илюх скажи пожалуйста:\nВот габариты выше что писал- это посылка так в Европу пришла. Но человек мне потом на сдэке в их коробку уже складывать будет. Если мы оформим накладную с габаритами выше, а условно сдэк даст коробку с другими габаритами чуть (но вес тот же)- это не проблема ?","d":544381211,"a":[],"m":[]},{"i":3060214,"f":15267753,"t":"1650","d":544369381,"a":[],"m":[]},{"i":3060210,"f":15267753,"t":"приает","d":544369351,"a":[],"m":[]},{"i":3059935,"f":390518653,"t":"Привет! \nКак будет возможность, подскажи пожалуйста стоимость СДЕКА:\nСпб-Симферополь\n33х49х70 7.8кг","d":544332412,"a":[],"m":[]},{"i":3016342,"f":15267753,"t":"+++","d":541128203,"a":[],"m":[]},{"i":3016331,"f":390518653,"t":"Отправил\nОгромное спасибо!","d":541128110,"a":[],"m":[]},{"i":3016324,"f":390518653,"t":"Понял, спасибо","d":541128080,"a":[],"m":[]},{"i":3016323,"f":15267753,"t":"89059515168 сбер","d":541128078,"a":[],"m":[{"f":390518653,"t":"И дай пж, куда оплата","d":541128036,"a":[]}]},{"i":3016322,"f":15267753,"t":"он в любом случае заранее звонит курьер и там договариваются уже","d":541128071,"a":[],"m":[]},{"i":3016321,"f":15267753,"t":"блин там уже не поменять в готовом","d":541128057,"a":[],"m":[]},{"i":3016319,"f":390518653,"t":"И дай пж, куда оплата","d":541128036,"a":[],"m":[]},{"i":3016318,"f":390518653,"t":"Просто девочке должен еще кура успеть доставить мою посылку другой, а потом этот забрать))","d":541128027,"a":[],"m":[]},{"i":3016317,"f":390518653,"t":"Там промежуток какой-то типо 15-18","d":541128008,"a":[],"m":[]},{"i":3016316,"f":15267753,"t":"какое","d":541127996,"a":[],"m":[]},{"i":3016315,"f":390518653,"t":"А можем пж указать","d":541127991,"a":[],"m":[]},{"i":3016314,"f":15267753,"t":"да","d":541127981,"a":[],"m":[]},{"i":3016313,"f":390518653,"t":"Мне вроде говорили там 3 часовые зоны","d":541127976,"a":[],"m":[]},{"i":3016312,"f":390518653,"t":"Можно указать?","d":541127969,"a":[],"m":[]},{"i":3016311,"f":390518653,"t":"А там время для курьера","d":541127966,"a":[],"m":[]},{"i":3016310,"f":390518653,"t":"Да все равно кайф, спасибо","d":541127963,"a":[],"m":[]},{"i":3016309,"f":15267753,"t":"на 27 число забор","d":541127958,"a":[],"m":[]},{"i":3016308,"f":15267753,"t":"обманул тебя чуть на 50р)","d":541127951,"a":[],"m":[]},{"i":3016307,"f":15267753,"t":"Номер заказа СДЭК 1415830445 \n750","d":541127947,"a":[],"m":[]},{"i":3016302,"f":390518653,"t":"Сорокина Лея Евгеньевна (это отправитель)\n\nГуменюк Денис Николаевич (получатель)","d":541126435,"a":[],"m":[]},{"i":3016301,"f":390518653,"t":"Сек*","d":541126392,"a":[],"m":[]},{"i":3016299,"f":390518653,"t":"Мне","d":541126388,"a":[],"m":[]},{"i":3016298,"f":15267753,"t":"фио обоих еще","d":541126351,"a":[],"m":[]},{"i":3016293,"f":390518653,"t":"Так, Москва, адрес Каширское шоссе 24 \n89782094673 (сюда курьера вызвать)\n\nСимферополь, Симферополь, ул.Киевская, 163 (Склад)\n+79186438428","d":541126052,"a":[],"m":[]},{"i":3016286,"f":15267753,"t":"данные пиши все","d":541125923,"a":[],"m":[]},{"i":3016285,"f":15267753,"t":"ну можно попробовать","d":541125920,"a":[],"m":[]},{"i":3016277,"f":390518653,"t":"там есть возможность на сегодня уже 27.03 чтобы курьер забрал?","d":541125858,"a":[],"m":[]},{"i":3016274,"f":390518653,"t":"можем оформить","d":541125847,"a":[],"m":[]},{"i":3016273,"f":390518653,"t":"О","d":541125846,"a":[],"m":[]},{"i":3016272,"f":390518653,"t":"J","d":541125845,"a":[],"m":[]},{"i":3016269,"f":15267753,"t":"700р","d":541125820,"a":[],"m":[]},{"i":3016219,"f":15267753,"t":"прив ща гляну","d":541125268,"a":[],"m":[]},{"i":3016211,"f":390518653,"t":"Илюх?","d":541125121,"a":[],"m":[]},{"i":3015978,"f":390518653,"t":"Слушай, я думаю что-то вроде 74-35-8 см размер\nВес 0.87 кг \nМосква-Симферополь Дверь-склад","d":541119668,"a":[],"m":[]},{"i":3015974,"f":390518653,"t":"Можешь расчитать пж","d":541119640,"a":[],"m":[]},{"i":3015973,"f":390518653,"t":"Привет!","d":541119638,"a":[],"m":[]},{"i":2899962,"f":15267753,"t":"Ну новый год все тяжело едет","d":533510044,"a":[],"m":[]},{"i":2899527,"f":390518653,"t":"Двинулось сегодня, только выслали ко мне\nНадеюсь просто задержалось на сорте, а то у меня когда с асоса так зажерживалось где-то, потом пустая посылка приходила ))","d":533497036,"a":[],"m":[]},{"i":2898680,"f":15267753,"t":"Там отслеживание кривое иногда","d":533422667,"a":[],"m":[]},{"i":2898679,"f":15267753,"t":"Ну она сразу может потом двинуться в пункт назначения","d":533422658,"a":[],"m":[]},{"i":2898258,"f":390518653,"t":"А что значит повышенный срок, когда 4 дня просто не двигается с сорта не объяснили","d":533402843,"a":[],"m":[]},{"i":2898256,"f":390518653,"t":"Ну поддержки номера нет, в чате стандартно отписались про повышенный срок))","d":533402827,"a":[],"m":[]},{"i":2898254,"f":390518653,"t":"Да вот эта\nЯ хз какой там приметный, просто первый раз столкнулся с тем, что именно на сорте оно просто мертво лежит, подумал уже мб обокрасть решили посылку\nМне в параллель отправили 2 другие посылки с крупной темой для машины, и все уже пришло","d":533402813,"a":[],"m":[{"f":15267753,"t":"Накладная успешно создана с номером: 1389656333\n400","d":532797252,"a":[]}]},{"i":2898243,"f":15267753,"t":"Срок прошел примерной доставки?","d":533402497,"a":[],"m":[]},{"i":2898242,"f":15267753,"t":"Ща мб перед новым годом все долго","d":533402484,"a":[],"m":[]},{"i":2898241,"f":15267753,"t":"А какая посылка","d":533402477,"a":[],"m":[]},{"i":2898240,"f":15267753,"t":"Прив","d":533402470,"a":[],"m":[]},{"i":2898118,"f":390518653,"t":"У меня посылка на след. день в сортировку заехала и все, никакого движения\nя чет давно с таким не сталкивался","d":533397072,"a":[],"m":[]},{"i":2898117,"f":390518653,"t":"Привет\nПодскажи, у тебя по ИП, нет отдельного чата с поддержкой?","d":533397053,"a":[],"m":[]},{"i":2890019,"f":390518653,"t":"Но размер не знаю конечно, просто выбрал маленькую коробку","d":532797559,"a":[],"m":[]},{"i":2890018,"f":390518653,"t":"Мб 200 с коробкой вместе","d":532797545,"a":[],"m":[]},{"i":2890017,"f":390518653,"t":"Мышка вести","d":532797539,"a":[],"m":[]},{"i":2890016,"f":390518653,"t":"Ну там 100грамм","d":532797536,"a":[],"m":[]},{"i":2890015,"f":15267753,"t":"Ну если точные габариьы будет точнее)","d":532797529,"a":[],"m":[]},{"i":2890014,"f":390518653,"t":"Во))\nНу я перевёл, спасибо","d":532797485,"a":[{"t":0,"s":{"m":"https://sun9-17.userapi.com/impg/NVN7Fj7IHmLHuzzBPExoNAkRyaY45ANtl1GCWg/4ZX-td6IXKA.jpg?size=510x382&quality=95&sign=294937f82933f9101223081c0205ebb4&c_uniq_tag=6FhaUM9X2FWJtgW4-45uyn6WcmQwebYk4hOXtgsQWlc&type=album","s":"https://sun9-17.userapi.com/impg/NVN7Fj7IHmLHuzzBPExoNAkRyaY45ANtl1GCWg/4ZX-td6IXKA.jpg?size=200x150&quality=95&sign=6cec65c6b6d2a2d2338fe88139ac254e&c_uniq_tag=kTz3UW3xOdQ_9Y3EIU9LAqAhIjj-NrbcnkyG7vmBu_Q&type=album","n":"https://sun9-17.userapi.com/impg/NVN7Fj7IHmLHuzzBPExoNAkRyaY45ANtl1GCWg/4ZX-td6IXKA.jpg?size=1920x1440&quality=95&sign=6e9498b9b091682ff4561bfe449e40e4&c_uniq_tag=HHA1qlF41FT2Bg8gIy-lZ1UkZt3m-oxsD-xB8tw4qNQ&type=album","o":"https://sun9-17.userapi.com/impg/NVN7Fj7IHmLHuzzBPExoNAkRyaY45ANtl1GCWg/4ZX-td6IXKA.jpg?size=1280x960&quality=95&sign=51130d8277a5ede6d6f632b308333b19&c_uniq_tag=C7I7nx3b1KRvufoWRI1DdWFjoZtZhnGdGTJdfUA8vFU&type=album","t":"https://sun9-17.userapi.com/impg/NVN7Fj7IHmLHuzzBPExoNAkRyaY45ANtl1GCWg/4ZX-td6IXKA.jpg?size=604x453&quality=95&sign=737817e2ea415862d11f74748b67a2bc&c_uniq_tag=TvG_eARnF3os9XPbVO8G_hp6O5rm5WGC9ls3YCjIcqs&type=album"},"z":"","q":0,"w":0,"o":390518653,"i":457248759,"d":532797474}],"m":[]},{"i":2890011,"f":15267753,"t":"Я хз","d":532797385,"a":[],"m":[]},{"i":2890010,"f":390518653,"t":"Мне просто казалось там 400 и так на сайте за мелкую коробку","d":532797375,"a":[],"m":[]},{"i":2890009,"f":15267753,"t":"Почему","d":532797374,"a":[],"m":[]},{"i":2890008,"f":390518653,"t":"Бро, а у тебя без скидки что ли идет накладная ?","d":532797365,"a":[],"m":[]},{"i":2890007,"f":15267753,"t":"89059515168\nСбер или тиньк","d":532797288,"a":[],"m":[]},{"i":2890006,"f":390518653,"t":"Можно карту, куда платить","d":532797274,"a":[],"m":[]},{"i":2890005,"f":15267753,"t":"Накладная успешно создана с номером: 1389656333\n400","d":532797252,"a":[],"m":[{"f":390518653,"t":"Откуда:\nМосква\nКуда:\nСимферополь, Киевская 163  (отделение)\nГуменюк Денис Николаевич \n+79186438428\n\nСклад склад","d":532796818,"a":[]}]},{"i":2889999,"f":390518653,"t":"Посылка маленькая, там мышка для пк","d":532796833,"a":[],"m":[]},{"i":2889998,"f":390518653,"t":"Откуда:\nМосква\nКуда:\nСимферополь, Киевская 163  (отделение)\nГуменюк Денис Николаевич \n+79186438428\n\nСклад склад","d":532796818,"a":[],"m":[]},{"i":2889987,"f":15267753,"t":"Прив давай","d":532796511,"a":[],"m":[]},{"i":2889985,"f":390518653,"t":"Можно накладную сделать?)","d":532796383,"a":[],"m":[]},{"i":2889984,"f":390518653,"t":"Привет","d":532796377,"a":[],"m":[]},{"i":2313570,"f":15267753,"t":"+++","d":496600164,"a":[],"m":[]},{"i":2313567,"f":390518653,"t":"Спасибо !!","d":496599961,"a":[],"m":[]},{"i":2313566,"f":390518653,"t":"Отправил*","d":496599959,"a":[],"m":[]},{"i":2313565,"f":390518653,"t":"Я потравил","d":496599956,"a":[],"m":[]},{"i":2313562,"f":15267753,"t":"Сбер","d":496599764,"a":[],"m":[]},{"i":2313561,"f":15267753,"t":"4276441235123937","d":496599761,"a":[],"m":[]},{"i":2313560,"f":390518653,"t":"","d":496599726,"a":[{"t":3,"o":390518653,"i":617869775,"n":"audio_msg.opus","e":"ogg","s":16468,"url":"https://vk.com/doc390518653_617869775?hash=zfrww5DCs1608lCH0IvpzlFGb3amfHUoyLiNVbnIwkP&dl=m9j9gzbIPWt0LXYJuyIuJHRDfVcoZPlxr3HK7wzIhaX&api=1&no_preview=1"}],"m":[]},{"i":2313532,"f":15267753,"t":"89059515168 сбер сбп есть","d":496598141,"a":[],"m":[]},{"i":2313531,"f":15267753,"t":"Накладная успешно создана с номером: 1285533515\n\n300","d":496598133,"a":[],"m":[]},{"i":2313529,"f":15267753,"t":"Сейчас","d":496598061,"a":[],"m":[]},{"i":2313528,"f":15267753,"t":"Это все","d":496598059,"a":[],"m":[]},{"i":2313526,"f":390518653,"t":"Ещё что-то надо скинуть?","d":496598038,"a":[],"m":[]},{"i":2313525,"f":390518653,"t":"Откуда: \nАдрес отделения: Москва, ул. Международная 15\nКуда: \nГуменюк Денис Николаевич \nГород Симферополь, ул киевская 163 (отделение)\n+79186438428 \n\nДо 1кг, склад склад","d":496598031,"a":[],"m":[]},{"i":2313524,"f":15267753,"t":"Могу да","d":496597911,"a":[],"m":[]},{"i":2313523,"f":390518653,"t":"Сережа Ефимов скинул контакт, сказал можешь помочь с накладной сдека","d":496597904,"a":[],"m":[]},{"i":2313522,"f":15267753,"t":"Привет","d":496597902,"a":[],"m":[]},{"i":2313521,"f":390518653,"t":"Привет","d":496597894,"a":[],"m":[]}]}