{"meta":{"v":"1.2","p":156807686,"a":15267753,"t":"Андрей Михайлов","d":1691415766},"data":[{"i":2876669,"f":15267753,"t":"+","d":531945676,"a":[],"m":[]},{"i":2876668,"f":156807686,"t":"👌","d":531945670,"a":[],"m":[]},{"i":2876665,"f":15267753,"t":"89059515168 сбер","d":531945432,"a":[],"m":[]},{"i":2876664,"f":15267753,"t":"Накладная успешно создана с номером: 1386423084\n400","d":531945428,"a":[],"m":[{"f":156807686,"t":"Лысьва, ул. Репина, 25\nМихайлов Андрей Андреевич\n79027925862","d":531944573,"a":[]}]},{"i":2876656,"f":156807686,"t":"Меньше 1кг","d":531944606,"a":[],"m":[]},{"i":2876655,"f":156807686,"t":"Одна пара обуви","d":531944602,"a":[],"m":[]},{"i":2876654,"f":15267753,"t":"Габарит еще","d":531944590,"a":[],"m":[]},{"i":2876653,"f":156807686,"t":"Лысьва, ул. Репина, 25\nМихайлов Андрей Андреевич\n79027925862","d":531944573,"a":[],"m":[]},{"i":2876648,"f":156807686,"t":"От Ромы Ильина","d":531944316,"a":[],"m":[]},{"i":2876647,"f":156807686,"t":"Мне из Самары","d":531944312,"a":[],"m":[]},{"i":2876646,"f":156807686,"t":"Так, что нужно?","d":531944306,"a":[],"m":[]},{"i":2876644,"f":15267753,"t":"Прив давай","d":531944148,"a":[],"m":[]},{"i":2876633,"f":156807686,"t":"Привет, можешь сдэк сделать?","d":531943242,"a":[],"m":[]}]}