{"meta":{"v":"1.2","p":156090102,"a":15267753,"t":"Sayidali Burkhonov","d":1691416239},"data":[{"i":2468154,"f":156090102,"t":"Отдуши","d":507043450,"a":[],"m":[]},{"i":2468127,"f":15267753,"t":"Изменения внесены.","d":507042975,"a":[],"m":[]},{"i":2468080,"f":156090102,"t":"89775728744 мой номер","d":507042269,"a":[],"m":[]},{"i":2468079,"f":156090102,"t":"","d":507042265,"a":[{"t":0,"s":{"m":"https://sun9-46.userapi.com/impg/bKZAuTEMpoQSkFe1b5y1_qSqzQCxA_jo2uFUpQ/cuHJ6MS5Kag.jpg?size=510x900&quality=95&crop=0,0,828,1461&sign=6ba0285227aa9c5d7e3faa87520968b1&c_uniq_tag=6ut5a-pnEj7U8pM8heUh-iRMh31XA29dzrfbw49pTQk&type=album","s":"https://sun9-46.userapi.com/impg/bKZAuTEMpoQSkFe1b5y1_qSqzQCxA_jo2uFUpQ/cuHJ6MS5Kag.jpg?size=200x433&quality=95&sign=0a1981827f2782b002c9b3d3945b876d&c_uniq_tag=u_urJIB4qtTsjxhklsJVdVBoaw3gnaF-K3OJhRay-sk&type=album","n":"https://sun9-46.userapi.com/impg/bKZAuTEMpoQSkFe1b5y1_qSqzQCxA_jo2uFUpQ/cuHJ6MS5Kag.jpg?size=828x1792&quality=95&sign=731f5b8855bb1e5df5a4f96a1ebed4df&c_uniq_tag=BInfYzQH_Wj8F2o4q-qmC_gHbb5QjXm6OC_R8xIOdK8&type=album","o":"https://sun9-46.userapi.com/impg/bKZAuTEMpoQSkFe1b5y1_qSqzQCxA_jo2uFUpQ/cuHJ6MS5Kag.jpg?size=499x1080&quality=95&sign=9696f0d7ba9914d9cf874059412714fc&c_uniq_tag=aeO0SmeeTZtk5l0S8QTNcCGLuGmkI36d3JSvEHVxZpA&type=album","t":"https://sun9-46.userapi.com/impg/bKZAuTEMpoQSkFe1b5y1_qSqzQCxA_jo2uFUpQ/cuHJ6MS5Kag.jpg?size=279x604&quality=95&sign=10a6a2457e3eb22f7626227ac242905b&c_uniq_tag=C7oOaJQjH8wQ7kSExDKoLwIjdfoxAAASYtk06O69iWM&type=album"},"z":"","q":0,"w":0,"o":156090102,"i":457259771,"d":507042189}],"m":[]},{"i":2468078,"f":15267753,"t":"и тел еще","d":507042260,"a":[],"m":[]},{"i":2468077,"f":15267753,"t":"номер в какой накл","d":507042257,"a":[],"m":[]},{"i":2468068,"f":156090102,"t":"Бурхонов Саидгуфрон Саидвали угли","d":507042171,"a":[],"m":[]},{"i":2468058,"f":156090102,"t":"Сейчас скину ФИО","d":507042109,"a":[],"m":[]},{"i":2468048,"f":15267753,"t":"привет, да можно","d":507042086,"a":[],"m":[]},{"i":2468044,"f":156090102,"t":"А я не в городе \nМожно как-то дистанционно поменять ФИО получателя? \nЧтобы сразу можно было прийти и забрать \nБез ожидания одобрений и т.д","d":507042068,"a":[],"m":[]},{"i":2468039,"f":156090102,"t":"Илья, привет \nУ меня статус готов к выдаче","d":507042040,"a":[],"m":[{"f":15267753,"t":"Накладная успешно создана с номером: 1318297279\n500","d":506807341,"a":[]}]},{"i":2463444,"f":15267753,"t":"окей)","d":506809519,"a":[],"m":[]},{"i":2463442,"f":156090102,"t":"Понял, завтра ещё нужно будет \nЯ отпишу \nСпасибо тебе🙏🏼","d":506809445,"a":[],"m":[]},{"i":2463441,"f":156090102,"t":"Позже привезут😂","d":506809431,"a":[],"m":[{"f":15267753,"t":"ну на это число не стоить ориентироваться","d":506809422,"a":[]}]},{"i":2463440,"f":15267753,"t":"ну на это число не стоить ориентироваться","d":506809422,"a":[],"m":[]},{"i":2463439,"f":15267753,"t":"а хз","d":506809415,"a":[],"m":[]},{"i":2463438,"f":156090102,"t":"Почему так долго? \nВ тот раз было через день","d":506809374,"a":[],"m":[]},{"i":2463437,"f":156090102,"t":"Илья, там написано, что 28 число доставка","d":506809363,"a":[],"m":[]},{"i":2463436,"f":15267753,"t":"+","d":506809359,"a":[],"m":[]},{"i":2463435,"f":156090102,"t":"Перевёл деньги","d":506809353,"a":[],"m":[]},{"i":2463413,"f":15267753,"t":"угу без проблем)","d":506807751,"a":[],"m":[]},{"i":2463411,"f":156090102,"t":"Бля \nМожно чуть позже закину? \nЗа приставку оплатил \nЗабил что на карте 0 осталось","d":506807696,"a":[],"m":[]},{"i":2463410,"f":15267753,"t":"да можно тиьнк","d":506807661,"a":[],"m":[]},{"i":2463408,"f":15267753,"t":"89059515168","d":506807658,"a":[],"m":[]},{"i":2463400,"f":156090102,"t":"На тинк удобно было перевести мне \nЕсли есть","d":506807458,"a":[],"m":[]},{"i":2463399,"f":156090102,"t":"Номер скажешь?","d":506807449,"a":[],"m":[]},{"i":2463397,"f":15267753,"t":"Накладная успешно создана с номером: 1318297279\n500","d":506807341,"a":[],"m":[]},{"i":2463394,"f":156090102,"t":"В районе 7кг \n47х43х18см","d":506807173,"a":[],"m":[]},{"i":2463393,"f":156090102,"t":"Чебоксары \nМосква: Черепановых проезд, 36 \n89775728744 \nБурхонов Саидали","d":506807162,"a":[],"m":[]},{"i":2463392,"f":156090102,"t":"Аааа ну тогда давай создадим","d":506807141,"a":[],"m":[]},{"i":2463390,"f":15267753,"t":"можно хоть через год)","d":506807139,"a":[],"m":[]},{"i":2463389,"f":15267753,"t":"можно","d":506807134,"a":[],"m":[]},{"i":2463388,"f":156090102,"t":"Или день в день надо?","d":506807127,"a":[],"m":[]},{"i":2463387,"f":156090102,"t":"Если ты сегодня создашь накладную \nМой человек может завтра уже передать в сдэк на доставку?","d":506807124,"a":[],"m":[]},{"i":2463383,"f":156090102,"t":"Илья","d":506807099,"a":[],"m":[]},{"i":2462394,"f":156090102,"t":"Понял, спасибо","d":506782591,"a":[],"m":[]},{"i":2462391,"f":15267753,"t":"да конечно","d":506782535,"a":[],"m":[]},{"i":2462390,"f":15267753,"t":"привет","d":506782534,"a":[],"m":[]},{"i":2462388,"f":156090102,"t":"Если да, чуть позже \nЯ все данные скину","d":506782508,"a":[],"m":[]},{"i":2462387,"f":156090102,"t":"Есть возможность накладную сделать?","d":506782499,"a":[],"m":[]},{"i":2462386,"f":156090102,"t":"Привет, как твои дела?","d":506782489,"a":[],"m":[]},{"i":2420714,"f":156090102,"t":"Да😂","d":504110255,"a":[],"m":[]},{"i":2420713,"f":15267753,"t":"Странно)","d":504110240,"a":[],"m":[]},{"i":2420712,"f":156090102,"t":"Никаких","d":504110225,"a":[],"m":[]},{"i":2420711,"f":156090102,"t":"Не было пупырок","d":504110223,"a":[],"m":[]},{"i":2420710,"f":156090102,"t":"Но","d":504110213,"a":[],"m":[]},{"i":2420569,"f":15267753,"t":"тут когда отправляли пупырку еще добавли в накладную","d":504104250,"a":[{"t":0,"s":{"m":"https://sun9-36.userapi.com/impg/T-PpkeOSXyL7wMcf2x8SYUNrxQSwtKfgfu_mrw/TIEc71g2ebk.jpg?size=1280x95&quality=96&sign=3772e89117727591800d4945c0b60eaf&c_uniq_tag=yltKjek2miiSjnJPHoc4MsT5a2PdRAONJq1vFEVpeLE&type=album","s":"https://sun9-36.userapi.com/impg/T-PpkeOSXyL7wMcf2x8SYUNrxQSwtKfgfu_mrw/TIEc71g2ebk.jpg?size=604x45&quality=96&sign=55e68933110c8b99e8484480346b1fb3&c_uniq_tag=IVDQAWP3558ENHox6aLUtFO0mYiyVp16aOELKvkmPd8&type=album","n":"https://sun9-36.userapi.com/impg/T-PpkeOSXyL7wMcf2x8SYUNrxQSwtKfgfu_mrw/TIEc71g2ebk.jpg?size=75x6&quality=96&sign=ec44020976c2d30b98b59bb0a18fc919&c_uniq_tag=469UqJDoQBToEhO-sDgkBw0SbhhTkuEa_D4WCvb_rVM&type=album","o":"https://sun9-36.userapi.com/impg/T-PpkeOSXyL7wMcf2x8SYUNrxQSwtKfgfu_mrw/TIEc71g2ebk.jpg?size=510x108&quality=96&crop=469,0,510,108&sign=ca526b09c3817e68a05b11bf0b977dd2&c_uniq_tag=JBES3bY1cuuDARDhTcRTPllUyIzi0GPTWwnPk23UOyc&type=album","t":"https://sun9-36.userapi.com/impg/T-PpkeOSXyL7wMcf2x8SYUNrxQSwtKfgfu_mrw/TIEc71g2ebk.jpg?size=200x108&quality=96&crop=624,0,200,108&sign=b1fc0aa6ad72dbae1b55b14ff6b27b87&c_uniq_tag=3lpWCYzcXGGruhEDrhLUiwwIUJgnHGrBDHlAWQxUdyg&type=album"},"z":"","q":0,"w":0,"o":15267753,"i":457258070,"d":504104249}],"m":[{"f":15267753,"t":"Накладная успешно создана с номером: 1306242867\n500","d":503157618,"a":[]}]},{"i":2413056,"f":15267753,"t":"+","d":503687885,"a":[],"m":[]},{"i":2413052,"f":156090102,"t":"Перевёл","d":503687798,"a":[],"m":[]},{"i":2413035,"f":156090102,"t":"Отдуши","d":503687478,"a":[],"m":[]},{"i":2413034,"f":156090102,"t":"Ааа все","d":503687477,"a":[],"m":[]},{"i":2413033,"f":15267753,"t":"Накладная успешно создана с номером: 1307891002\n300","d":503687463,"a":[],"m":[]},{"i":2413031,"f":156090102,"t":"Что по цене будет \nПодскажи пожалуйста","d":503687422,"a":[],"m":[]},{"i":2413022,"f":156090102,"t":"Да","d":503687353,"a":[],"m":[]},{"i":2413014,"f":15267753,"t":"Чебоксары москва?","d":503687137,"a":[],"m":[]},{"i":2413004,"f":156090102,"t":"Даже 1кг \n1-1,5кг \nЯ ошибся \nТам свитшот \nНе мало весит","d":503686901,"a":[],"m":[]},{"i":2412990,"f":156090102,"t":"Чебоксары \n\nЧерепановых проезд, 32 (пвз)","d":503686389,"a":[],"m":[]},{"i":2412982,"f":15267753,"t":"Откуда куда продублируй плз","d":503686334,"a":[],"m":[]},{"i":2412979,"f":156090102,"t":"Габариты хз \nВ пакете просто будет отправлять","d":503686319,"a":[],"m":[]},{"i":2412977,"f":156090102,"t":"Скок будет стоить?","d":503686311,"a":[],"m":[]},{"i":2412976,"f":156090102,"t":"Кофта стон \nВес где-то 0,5","d":503686309,"a":[],"m":[]},{"i":2412974,"f":15267753,"t":"Привет да","d":503686298,"a":[],"m":[]},{"i":2412973,"f":156090102,"t":"Только габариты другие","d":503686291,"a":[],"m":[]},{"i":2412972,"f":156090102,"t":"Илья привет \nСделаешь трек?","d":503686285,"a":[],"m":[]},{"i":2405585,"f":156090102,"t":"Спасибо🙏🏼","d":503157802,"a":[],"m":[]},{"i":2405584,"f":15267753,"t":"+++","d":503157791,"a":[],"m":[]},{"i":2405580,"f":156090102,"t":"Ушли","d":503157720,"a":[],"m":[]},{"i":2405576,"f":156090102,"t":"Кидаю","d":503157699,"a":[],"m":[]},{"i":2405571,"f":15267753,"t":"Накладная успешно создана с номером: 1306242867\n500","d":503157618,"a":[],"m":[]},{"i":2405569,"f":156090102,"t":"Чебоксары","d":503157552,"a":[],"m":[]},{"i":2405567,"f":15267753,"t":"А город откуда","d":503157547,"a":[],"m":[]},{"i":2405566,"f":156090102,"t":"Ага","d":503157537,"a":[],"m":[{"f":15267753,"t":"На тебя так же да","d":503157532,"a":[]}]},{"i":2405565,"f":156090102,"t":".","d":503157534,"a":[],"m":[{"f":156090102,"t":"В районе 7кг \n47х43х18см","d":503068013,"a":[]}]},{"i":2405564,"f":15267753,"t":"На тебя так же да","d":503157532,"a":[],"m":[]},{"i":2405563,"f":156090102,"t":".","d":503157531,"a":[],"m":[{"f":156090102,"t":"Получатель: Москва, Бурхонов Саидали \n89775728744\nПункт выдачи: Черепановых проезд, 32 \n \nОтправитель: Чебоксары","d":503067879,"a":[]}]},{"i":2405562,"f":156090102,"t":"Тот же адрес","d":503157527,"a":[],"m":[]},{"i":2405561,"f":156090102,"t":"Такие же габариты","d":503157514,"a":[],"m":[]},{"i":2405560,"f":15267753,"t":"Да","d":503157513,"a":[],"m":[]},{"i":2405559,"f":156090102,"t":"Сделаешь пожалуйста","d":503157502,"a":[],"m":[]},{"i":2405558,"f":156090102,"t":"Илья","d":503157499,"a":[],"m":[]},{"i":2405516,"f":156090102,"t":"Добро","d":503154699,"a":[],"m":[{"f":15267753,"t":"На сайте лучше смотри","d":503154687,"a":[]}]},{"i":2405515,"f":15267753,"t":"Приложение лагает","d":503154696,"a":[],"m":[]},{"i":2405514,"f":15267753,"t":"На сайте лучше смотри","d":503154687,"a":[],"m":[]},{"i":2405513,"f":156090102,"t":"","d":503154685,"a":[{"t":0,"s":{"m":"https://sun9-29.userapi.com/impg/HsGY23NoO1z_FglwwIdjRcs0BRcX7proD8LPaA/MmaPlExhbBw.jpg?size=510x900&quality=95&crop=0,0,828,1461&sign=96edfd00c682b0f0a1ed1e26ec4b3b6a&c_uniq_tag=Ol8cNjV67bz_qXv2ROWhRETQ7LBx1tz4DRRrFmQHXXU&type=album","s":"https://sun9-29.userapi.com/impg/HsGY23NoO1z_FglwwIdjRcs0BRcX7proD8LPaA/MmaPlExhbBw.jpg?size=200x433&quality=95&sign=dd2138dce177937db25edbcb1e1a2591&c_uniq_tag=HHUUwQz1BaYoq1FR3fqO_f_IsVanffBvpqTL1q2ijvA&type=album","n":"https://sun9-29.userapi.com/impg/HsGY23NoO1z_FglwwIdjRcs0BRcX7proD8LPaA/MmaPlExhbBw.jpg?size=828x1792&quality=95&sign=8238cea2540d44f312b841e96bba6835&c_uniq_tag=Vhm9poiAmfJEjJqskiHzxrKG3ST2lv0OXbuKtiExRnc&type=album","o":"https://sun9-29.userapi.com/impg/HsGY23NoO1z_FglwwIdjRcs0BRcX7proD8LPaA/MmaPlExhbBw.jpg?size=499x1080&quality=95&sign=50c411a1e1cea0b661a6ad45f94c5d0e&c_uniq_tag=TnMR9nFHC64gZlLeo33QdSAr5ZAOyt6e3jKJDtuI8Hk&type=album","t":"https://sun9-29.userapi.com/impg/HsGY23NoO1z_FglwwIdjRcs0BRcX7proD8LPaA/MmaPlExhbBw.jpg?size=279x604&quality=95&sign=93a5b450d63a7e373974c6c0627d6a93&c_uniq_tag=h7JD_stXQ9_Bai4SI6rnyBKifDz1vQ3lN3Kz_ze1ry0&type=album"},"z":"","q":0,"w":0,"o":156090102,"i":457259446,"d":503154684}],"m":[]},{"i":2405512,"f":15267753,"t":"Да","d":503154680,"a":[],"m":[]},{"i":2405510,"f":156090102,"t":"Ещё такой момент \nВчерашний трек не двигается \nЭто норм?","d":503154675,"a":[],"m":[]},{"i":2405509,"f":15267753,"t":"Оке","d":503154670,"a":[],"m":[]},{"i":2405508,"f":156090102,"t":"Жду ответа от друга \nКак заберёт \nНапишу тебе","d":503154663,"a":[],"m":[]},{"i":2405505,"f":15267753,"t":"Привет давай","d":503154642,"a":[],"m":[]},{"i":2405495,"f":156090102,"t":"Приветствую, Илья \nЕсли что, сможешь ещё 1 накладную сделать?","d":503154306,"a":[],"m":[]},{"i":2404269,"f":156090102,"t":"Спасибо🙏🏼","d":503068381,"a":[],"m":[]},{"i":2404268,"f":15267753,"t":"+","d":503068334,"a":[],"m":[]},{"i":2404262,"f":156090102,"t":"Ушли деньги","d":503068222,"a":[],"m":[]},{"i":2404255,"f":156090102,"t":"Ща кидаю","d":503068165,"a":[],"m":[]},{"i":2404251,"f":15267753,"t":"просто приходит в сдек говорит оптарвить по готовой накладной","d":503068136,"a":[],"m":[]},{"i":2404248,"f":15267753,"t":"тогда пусть в сдеке просит упаковку которая бесплатная)","d":503068123,"a":[],"m":[{"f":156090102,"t":"Бля надеюсь не поменяют \nА то все в притык идёт","d":503068052,"a":[]}]},{"i":2404243,"f":156090102,"t":"Сек","d":503068119,"a":[],"m":[]},{"i":2404240,"f":15267753,"t":"89059515168 сбер сбп есть","d":503068113,"a":[],"m":[]},{"i":2404238,"f":15267753,"t":"Накладная успешно создана с номером: 1305888376\n500","d":503068107,"a":[],"m":[]},{"i":2404217,"f":156090102,"t":"Бля надеюсь не поменяют \nА то все в притык идёт","d":503068052,"a":[],"m":[]},{"i":2404211,"f":15267753,"t":"а то они могут)","d":503068042,"a":[],"m":[]},{"i":2404210,"f":15267753,"t":"если они цену поменяют я тебе скажу","d":503068039,"a":[],"m":[]},{"i":2404207,"f":15267753,"t":"оки","d":503068032,"a":[],"m":[]},{"i":2404204,"f":156090102,"t":"Кент там в пакеты положит😂","d":503068027,"a":[],"m":[]},{"i":2404201,"f":156090102,"t":"В районе 7кг \n47х43х18см","d":503068013,"a":[],"m":[]},{"i":2404198,"f":15267753,"t":"и габарит )","d":503067996,"a":[],"m":[]},{"i":2404186,"f":156090102,"t":"Получатель: Москва, Бурхонов Саидали \n89775728744\nПункт выдачи: Черепановых проезд, 32 \n \nОтправитель: Чебоксары","d":503067879,"a":[],"m":[]},{"i":2404181,"f":15267753,"t":"давай","d":503067816,"a":[],"m":[]},{"i":2404180,"f":15267753,"t":"привет","d":503067815,"a":[],"m":[]},{"i":2404179,"f":156090102,"t":"Привет \nМожешь сделать накладную пожалуйста","d":503067735,"a":[],"m":[]},{"i":2403894,"f":156090102,"t":"Да, лучше будет \nЧтоб сдэк все сам сделал","d":503020100,"a":[],"m":[]},{"i":2403893,"f":15267753,"t":"Угу, доброй!","d":503020098,"a":[],"m":[]},{"i":2403892,"f":156090102,"t":"Все базар \nОтдуши \nДобрых снов","d":503020091,"a":[],"m":[]},{"i":2403891,"f":15267753,"t":"Это не обязательно","d":503020083,"a":[],"m":[]},{"i":2403890,"f":15267753,"t":"Ну можно напечатать, тогда просто в сдеке кинуть можно будет посылку они сами разберутся там с ней","d":503020068,"a":[],"m":[]},{"i":2403889,"f":15267753,"t":"Я номер накладнлй дам","d":503020048,"a":[],"m":[]},{"i":2403888,"f":15267753,"t":"Нет, в сдеке все сделают","d":503020042,"a":[],"m":[]},{"i":2403887,"f":156090102,"t":"Ему нужно распечатать надо будет что-то и приклеить да?","d":503020033,"a":[],"m":[]},{"i":2403886,"f":15267753,"t":"Да ок","d":503020025,"a":[],"m":[]},{"i":2403885,"f":15267753,"t":"Ну как готовая посылка будет пиши все данные я сделаб","d":503020024,"a":[],"m":[]},{"i":2403884,"f":156090102,"t":"Понял, тогда завтра отпишу тебе \nЗавтра отправлять он будет","d":503020019,"a":[],"m":[]},{"i":2403883,"f":15267753,"t":"Отпраавителя только город","d":503020005,"a":[],"m":[]},{"i":2403882,"f":15267753,"t":"Получателя","d":503020000,"a":[],"m":[]},{"i":2403881,"f":15267753,"t":"Фио номер тел пункт выдачи","d":503019997,"a":[],"m":[]},{"i":2403880,"f":156090102,"t":"Принял","d":503019992,"a":[],"m":[{"f":15267753,"t":"Упаковать лучше самостоятельно, а то в сдеке тебе могут обрешетку впарить да и врядли у них есть боксы такие","d":503019978,"a":[]}]},{"i":2403879,"f":156090102,"t":"Отправлять будет друг \nЧто ему нужно сделать \n1й раз обращаюсь к тебе","d":503019980,"a":[],"m":[]},{"i":2403878,"f":15267753,"t":"Упаковать лучше самостоятельно, а то в сдеке тебе могут обрешетку впарить да и врядли у них есть боксы такие","d":503019978,"a":[],"m":[]},{"i":2403877,"f":15267753,"t":"500 1-2 дня","d":503019948,"a":[],"m":[]},{"i":2403876,"f":156090102,"t":"47 x 43 x 18 см \nВес 6,33 \nчисто коробка ПС5 \nНаверное ещё защитная коробка нужна будет","d":503019862,"a":[],"m":[]},{"i":2403875,"f":156090102,"t":"Сек","d":503019781,"a":[],"m":[]},{"i":2403874,"f":15267753,"t":"Габариты нужны точные","d":503019761,"a":[],"m":[]},{"i":2403873,"f":156090102,"t":"Вес 7кг (если округлить)","d":503019711,"a":[],"m":[]},{"i":2403872,"f":156090102,"t":"Желательно экспресс","d":503019693,"a":[],"m":[]},{"i":2403871,"f":156090102,"t":"Сколько будет стоит \nШипнуть ПС5 из Чебоксар в Мск","d":503019688,"a":[],"m":[]},{"i":2403869,"f":15267753,"t":"Привет, да","d":503019450,"a":[],"m":[]},{"i":2403868,"f":156090102,"t":"Илья, привет \nМне друг посоветовал тебя \nТы делаешь сдэк 50%?","d":503019415,"a":[],"m":[]}]}