{"meta":{"v":"1.2","p":137890430,"a":15267753,"t":"Даниил Грибов","d":1691415963},"data":[{"i":2760489,"f":137890430,"t":"Позже отпишу","d":524226954,"a":[],"m":[]},{"i":2760488,"f":15267753,"t":"В см","d":524226743,"a":[],"m":[]},{"i":2760486,"f":137890430,"t":"5 футболок vlone","d":524226729,"a":[],"m":[{"f":15267753,"t":"Габарит","d":524226690,"a":[]}]},{"i":2760485,"f":15267753,"t":"Габарит","d":524226690,"a":[],"m":[]},{"i":2760484,"f":15267753,"t":"Привет","d":524226687,"a":[],"m":[]},{"i":2760483,"f":137890430,"t":"1L","d":524226649,"a":[{"t":0,"s":{"m":"https://sun9-27.userapi.com/impg/onh52xw2EX1ogOw39z2vE8yC3DYdwjCop42KVQ/G3cv7ntvO14.jpg?size=261x284&quality=95&sign=cb45c90c19b2b98f0665b31c30b2db9f&c_uniq_tag=qB0ka5GoqbIKZGJ1ikLaEgcGvsboYxdNz3ibgfSLTz8&type=album","s":"https://sun9-27.userapi.com/impg/onh52xw2EX1ogOw39z2vE8yC3DYdwjCop42KVQ/G3cv7ntvO14.jpg?size=200x218&quality=95&sign=e49e465042c8ec3b1a44c4b74fd25bd5&c_uniq_tag=lj5chEBDsH6fTYZ00maMUY0_JmdApd3enmPY7UxPaMk&type=album","n":"https://sun9-27.userapi.com/impg/onh52xw2EX1ogOw39z2vE8yC3DYdwjCop42KVQ/G3cv7ntvO14.jpg?size=130x141&quality=95&sign=0e6b92d6eb98c0570c759e406516a604&c_uniq_tag=1f-_91pnO7eyVxG0LkAQ04-YltdtmOMjT_qG5r_QWPg&type=album","o":"https://sun9-27.userapi.com/impg/onh52xw2EX1ogOw39z2vE8yC3DYdwjCop42KVQ/G3cv7ntvO14.jpg?size=261x284&quality=95&sign=cb45c90c19b2b98f0665b31c30b2db9f&c_uniq_tag=qB0ka5GoqbIKZGJ1ikLaEgcGvsboYxdNz3ibgfSLTz8&type=album","t":"https://sun9-27.userapi.com/impg/onh52xw2EX1ogOw39z2vE8yC3DYdwjCop42KVQ/G3cv7ntvO14.jpg?size=119x130&quality=95&sign=f883d6e1272c218ed522a21923bb6131&c_uniq_tag=HAXbUJFDMFJjEB0kty9elW0i97FY1LJO41-IhrFk6Rc&type=album"},"z":"","q":0,"w":0,"o":137890430,"i":457265383,"d":524226646}],"m":[]},{"i":2760482,"f":137890430,"t":"2L 2L","d":524226643,"a":[{"t":0,"s":{"m":"https://sun9-49.userapi.com/impg/t0F2WGI5JBQscMPWuqNR3eTDFg_Tqm161_cZRg/uPU9-lxZHvA.jpg?size=510x340&quality=95&crop=1,0,546,364&sign=7f0062e907e7ef12fa74f3ef04ec9937&c_uniq_tag=7XXPNMdqkbZcgQNxMEoYjFLaYTvFo1DgHJyYFpg_dnA&type=album","s":"https://sun9-49.userapi.com/impg/t0F2WGI5JBQscMPWuqNR3eTDFg_Tqm161_cZRg/uPU9-lxZHvA.jpg?size=200x133&quality=95&sign=b2b84fd5aa609e40e34a4bf8597df15c&c_uniq_tag=SMT_sAp5S_KcuitJvHoJO8sfFmjZ0PVx3Lg_AzOkMpo&type=album","n":"https://sun9-49.userapi.com/impg/t0F2WGI5JBQscMPWuqNR3eTDFg_Tqm161_cZRg/uPU9-lxZHvA.jpg?size=130x87&quality=95&crop=2,0,544,364&sign=b547a497a57b5016051e3a9a43dcde63&c_uniq_tag=r2_cGvfGv3IfZzr_BxPkajAeAlPuHMvBjafuFCfnskU&type=album","o":"https://sun9-49.userapi.com/impg/t0F2WGI5JBQscMPWuqNR3eTDFg_Tqm161_cZRg/uPU9-lxZHvA.jpg?size=548x364&quality=95&sign=c37d9c8c2d46a0ffc2fff945d94d5a28&c_uniq_tag=erbrG72mYevCMST6kUOe8IMDq8TAbMgV7s4LKVtZ90U&type=album","t":"https://sun9-49.userapi.com/impg/t0F2WGI5JBQscMPWuqNR3eTDFg_Tqm161_cZRg/uPU9-lxZHvA.jpg?size=130x86&quality=95&sign=6035b4bc0dbd77955f0d2f0777442bf5&c_uniq_tag=60WbUCpMbQbrHZk4eR8_GnSgmgMzp_S-ncYK7L-AKvc&type=album"},"z":"","q":0,"w":0,"o":137890430,"i":457265382,"d":524226638}],"m":[]},{"i":2760481,"f":137890430,"t":"Курьер-склад\nМосква \n5-й Монетчиковский переулок, 3с1 \n89692812400\n \nГрибов Даниил Александрович \n+79817071176\nЛенинградская ул., 9/8, Кудрово, 188691\n\nКурьеру указать: 5 футболок","d":524226634,"a":[],"m":[]},{"i":2760480,"f":137890430,"t":"Привет 👋","d":524226630,"a":[],"m":[]},{"i":2745572,"f":15267753,"t":"+","d":523032972,"a":[],"m":[]},{"i":2745571,"f":137890430,"t":"Спасибо, хорошего Вам дня","d":523032963,"a":[{"t":0,"s":{"m":"https://sun9-24.userapi.com/impg/dwF2LSSjDu8DeXMnq3lbq7x9DYREocdpTvTNVg/IThvAmwGvW0.jpg?size=510x900&quality=95&crop=0,0,828,1461&sign=36bafa2fd77c44bc21e0a8d2fd20e074&c_uniq_tag=Rv9m6yAdqEB0vpq-97DF4FNoidXzZuX4SVOOaUL8c0c&type=album","s":"https://sun9-24.userapi.com/impg/dwF2LSSjDu8DeXMnq3lbq7x9DYREocdpTvTNVg/IThvAmwGvW0.jpg?size=200x433&quality=95&sign=db200e9e3829ee5cea97bd6cd2647047&c_uniq_tag=jFyv-OmRPYR8QTLndu6HhkA3OL_yGfbXWX1ohDDfSCw&type=album","n":"https://sun9-24.userapi.com/impg/dwF2LSSjDu8DeXMnq3lbq7x9DYREocdpTvTNVg/IThvAmwGvW0.jpg?size=828x1792&quality=95&sign=7c20a0a6de0b0cd2b4ce58a6706ea72c&c_uniq_tag=b3P3llNFsFp7LAYKn_hqP_pbSgw2fQhOgjEDMG-kruU&type=album","o":"https://sun9-24.userapi.com/impg/dwF2LSSjDu8DeXMnq3lbq7x9DYREocdpTvTNVg/IThvAmwGvW0.jpg?size=499x1080&quality=95&sign=c40b446d5a12ed167ae21eb0285a4702&c_uniq_tag=dTanBnx17GdNPDuiKKWwXHAXWTPBqBhVQZY4zfLFcp8&type=album","t":"https://sun9-24.userapi.com/impg/dwF2LSSjDu8DeXMnq3lbq7x9DYREocdpTvTNVg/IThvAmwGvW0.jpg?size=279x604&quality=95&sign=d251d30d61ff2c1c19a2a337fe9e2616&c_uniq_tag=63ca4L8FyqwDon_bthSD9junBL9DFkQoQoOMYphxH4Q&type=album"},"z":"","q":0,"w":0,"o":137890430,"i":457265346,"d":523032958}],"m":[]},{"i":2745568,"f":15267753,"t":"89059515168 сбер","d":523032908,"a":[],"m":[]},{"i":2745567,"f":15267753,"t":"Накладная успешно создана с номером: 1357824830\nЗаявка на вызов курьера с номером: 38449137\n550","d":523032898,"a":[],"m":[{"f":137890430,"t":"Курьер-склад\nМосква \n5-й Монетчиковский переулок, 3с1 \n89692812400\n \nГрибов Даниил Александрович \n+79817071176\nЛенинградская ул., 9/8, Кудрово, 188691\n\nКурьеру указать: номер заказа 1626, 1627","d":523032158,"a":[]}]},{"i":2745559,"f":137890430,"t":"Две пары кроссовок заказывал \nФорсы лоу \nДанки лоу","d":523032701,"a":[],"m":[]},{"i":2745554,"f":15267753,"t":"габарит нужен еще","d":523032532,"a":[],"m":[]},{"i":2745553,"f":15267753,"t":"привет","d":523032529,"a":[],"m":[]},{"i":2745550,"f":137890430,"t":"Курьер-склад\nМосква \n5-й Монетчиковский переулок, 3с1 \n89692812400\n \nГрибов Даниил Александрович \n+79817071176\nЛенинградская ул., 9/8, Кудрово, 188691\n\nКурьеру указать: номер заказа 1626, 1627","d":523032158,"a":[],"m":[]},{"i":2745549,"f":137890430,"t":"Мне сказали по поводу отправки вещей обращаться к тебе","d":523032155,"a":[],"m":[]},{"i":2745548,"f":137890430,"t":"Привет 👋","d":523032142,"a":[],"m":[]}]}