{"meta":{"v":"1.2","p":744149311,"a":15267753,"t":"Кристина Рокоссовская","d":1691415954},"data":[{"i":2763573,"f":744149311,"t":"","d":524449731,"a":[{"t":-1,"s":"wall","v":{"type":"wall","wall":{"id":19,"from_id":-207949230,"to_id":-207949230,"date":1663179352,"type":"post","is_deleted":true,"deleted_reason":"Запись удалена","deleted_details":"","owner_id":-207949230,"text":"Запись удалена "}}}],"m":[]},{"i":2763572,"f":744149311,"t":"Привет,я начинающий музыкант и если не сложно послушай и подпишись на мой паблик пожалуйста🙏🏻Буду очень благодарен 😇","d":524449728,"a":[],"m":[]}]}