{"meta":{"v":"1.2","p":9323045,"a":15267753,"t":"Олег Корнилов","d":1691416072},"data":[{"i":2658384,"f":15267753,"t":"+++","d":517507301,"a":[],"m":[]},{"i":2658357,"f":9323045,"t":"Улетели,Спасибо)","d":517505987,"a":[],"m":[]},{"i":2658356,"f":9323045,"t":"","d":517505977,"a":[{"t":0,"s":{"m":"https://sun9-37.userapi.com/impg/VaQh_0VbQnDYUyFYYPJ-NjMtfCSja-tIivmiYQ/R9YElSio85Y.jpg?size=510x900&quality=95&crop=0,0,828,1461&sign=764e03edb778f11f026fca4c18ba9320&c_uniq_tag=b9A1HPaQqt3JR6ltz2XQTgmS67oxfoyDHAcUZPXg08c&type=album","s":"https://sun9-37.userapi.com/impg/VaQh_0VbQnDYUyFYYPJ-NjMtfCSja-tIivmiYQ/R9YElSio85Y.jpg?size=200x433&quality=95&sign=85a2a718cc2a5ab787794d38fa380b87&c_uniq_tag=wj6NUUoqOge04UVTS7Z8THUVUt-007R1XDzqAnDVefY&type=album","n":"https://sun9-37.userapi.com/impg/VaQh_0VbQnDYUyFYYPJ-NjMtfCSja-tIivmiYQ/R9YElSio85Y.jpg?size=828x1792&quality=95&sign=205131846f0916a775822370ff516936&c_uniq_tag=r3Sun7BKIJEcuvFR61VpXkcD6ImRn2lBlXVBEWiLSh4&type=album","o":"https://sun9-37.userapi.com/impg/VaQh_0VbQnDYUyFYYPJ-NjMtfCSja-tIivmiYQ/R9YElSio85Y.jpg?size=499x1080&quality=95&sign=0657f625fd3c10653c6a78d92a256d3f&c_uniq_tag=BG_L9hQJ8FgHYyQd6gPRkxYTcJgtDStK6PnXZ3tYEIc&type=album","t":"https://sun9-37.userapi.com/impg/VaQh_0VbQnDYUyFYYPJ-NjMtfCSja-tIivmiYQ/R9YElSio85Y.jpg?size=279x604&quality=95&sign=1bb7c0b5d614ee10cdac8c40a31571f3&c_uniq_tag=AwBFO7Xfw8ZFOqKWWUmyipU69YQoIi4pBH_fjfSQSbU&type=album"},"z":"","q":0,"w":0,"o":9323045,"i":457254237,"d":517505977}],"m":[]},{"i":2658355,"f":15267753,"t":"Да","d":517505918,"a":[],"m":[]},{"i":2658354,"f":9323045,"t":"Сюда 300 скидывать?","d":517505900,"a":[],"m":[{"f":15267753,"t":"сбер 89059515168","d":480189271,"a":[]}]},{"i":2658282,"f":15267753,"t":"Накладная успешно создана с номером: 1343827571\n300","d":517503888,"a":[],"m":[{"f":9323045,"t":"В пвз\nЖуковский, ул. Молодежная, 22\nКорнилов Олег Сергеевич \n+79160722255","d":517499368,"a":[]}]},{"i":2658265,"f":9323045,"t":"Да","d":517503561,"a":[],"m":[]},{"i":2658238,"f":15267753,"t":"Пара?","d":517503427,"a":[],"m":[]},{"i":2658093,"f":9323045,"t":"В пвз\nЖуковский, ул. Молодежная, 22\nКорнилов Олег Сергеевич \n+79160722255","d":517499368,"a":[],"m":[]},{"i":2658089,"f":9323045,"t":"Отправление будет из Кингисеппа","d":517499254,"a":[],"m":[]},{"i":2658084,"f":15267753,"t":"Прив давай","d":517499120,"a":[],"m":[]},{"i":2658073,"f":9323045,"t":"Привет)\nСдэк сделаем?)","d":517498792,"a":[],"m":[]},{"i":2149106,"f":9323045,"t":"ну тогда ладно, спасибо)","d":486835062,"a":[],"m":[]},{"i":2149099,"f":15267753,"t":"вот ток они остались","d":486834944,"a":[],"m":[]},{"i":2149098,"f":9323045,"t":"эти видал\nсайз 8-8,5 нужен","d":486834857,"a":[],"m":[]},{"i":2149097,"f":15267753,"t":"","d":486834826,"a":[],"m":[{"f":77335226,"t":"5000-20%\nFX4403\n9,5us","d":486485441,"a":[{"t":0,"s":{"m":"https://sun9-42.userapi.com/impg/l2omfNGpbTg5MDyFsefcqJxn5w9XKsKzSmJMAA/_n2cZ9lqDkg.jpg?size=810x1080&quality=96&sign=c36742467fa54684f3a8b9ca95318847&c_uniq_tag=pgW73HIwutEMWGpU0PTG1LnDgSqJIHUaXAb_d0bCPFA&type=album","s":"https://sun9-42.userapi.com/impg/l2omfNGpbTg5MDyFsefcqJxn5w9XKsKzSmJMAA/_n2cZ9lqDkg.jpg?size=453x604&quality=96&sign=714d85a89092423fb43fdcfdd01590ee&c_uniq_tag=PzGNpG2AAiTrQ5rILx3Y0BQ_s1VM4FN2YhTALhhqw0Q&type=album","n":"https://sun9-42.userapi.com/impg/l2omfNGpbTg5MDyFsefcqJxn5w9XKsKzSmJMAA/_n2cZ9lqDkg.jpg?size=56x75&quality=96&sign=d79fa058e7cee00851223f52ce13c77c&c_uniq_tag=PLvaHqje9pZfgjolayqXDIIkIzMjTyBE1BGKtsOUrKg&type=album","o":"https://sun9-42.userapi.com/impg/l2omfNGpbTg5MDyFsefcqJxn5w9XKsKzSmJMAA/_n2cZ9lqDkg.jpg?size=510x680&quality=96&sign=c5dc54115b09350d95a3d4e900bc5962&c_uniq_tag=MmLwH54oZ12SH87PY1RW9N3c5jh3RS3VRS0h1kLJEFM&type=album","t":"https://sun9-42.userapi.com/impg/l2omfNGpbTg5MDyFsefcqJxn5w9XKsKzSmJMAA/_n2cZ9lqDkg.jpg?size=200x267&quality=96&sign=b2354eb6686eabc9154b05f169df6f67&c_uniq_tag=ot74sz3VSAEhBrtUGbWmuWqu3_2b3Ah4ly6x5oD1EjE&type=album"},"z":"","q":0,"w":0,"o":77335226,"i":457254998,"d":486485419}]}]},{"i":2149096,"f":15267753,"t":"ща найду фотку","d":486834774,"a":[],"m":[]},{"i":2149094,"f":15267753,"t":"там осталисьс не именно черные","d":486834772,"a":[],"m":[]},{"i":2149092,"f":15267753,"t":"я думал ты никитосы отписал","d":486834761,"a":[],"m":[]},{"i":2149091,"f":15267753,"t":"привет, не я не был даже","d":486834756,"a":[],"m":[]},{"i":2149090,"f":9323045,"t":"привет мужик, не заходил в рибок?","d":486834745,"a":[],"m":[]},{"i":2136752,"f":15267753,"t":"Да ок","d":486305479,"a":[],"m":[]},{"i":2136748,"f":9323045,"t":"Ну как будешь в следущий раз глянь пожалуйста)","d":486305393,"a":[],"m":[]},{"i":2136641,"f":9323045,"t":"Бля(","d":486302654,"a":[],"m":[]},{"i":2136592,"f":15267753,"t":"Скк","d":486301718,"a":[{"t":0,"s":{"m":"https://sun9-5.userapi.com/impg/XkDQiicmIiBm1X2a1-W7z5NHcqVdjySc_xDqKA/aq5yf3cqQ7A.jpg?size=810x1080&quality=96&sign=5613bde27cd8df4576afe01a1a174398&c_uniq_tag=xdo6je7hss7Ds4gM6_BosvMmDYYNXnQESEwVL6A8ZvU&type=album","s":"https://sun9-5.userapi.com/impg/XkDQiicmIiBm1X2a1-W7z5NHcqVdjySc_xDqKA/aq5yf3cqQ7A.jpg?size=453x604&quality=96&sign=0e0aff616c9e8a9c8aaa0cf2404e0372&c_uniq_tag=35e6f19aixPiNcebNS5x-wFh-n39KL0kVYmVP3Xu8DU&type=album","n":"https://sun9-5.userapi.com/impg/XkDQiicmIiBm1X2a1-W7z5NHcqVdjySc_xDqKA/aq5yf3cqQ7A.jpg?size=56x75&quality=96&sign=dcc7266bfdbc58e94d109ae377ad3bb0&c_uniq_tag=9dyAgWa4KDkZm9ivDUth0QdiCOM_Dc0jbJX-NodX7eQ&type=album","o":"https://sun9-5.userapi.com/impg/XkDQiicmIiBm1X2a1-W7z5NHcqVdjySc_xDqKA/aq5yf3cqQ7A.jpg?size=510x680&quality=96&sign=378ca8c0a6e8a1d3cff45c48ccde6a06&c_uniq_tag=nEflW54dKHl5qOYSwaQSYz-zbAFru8EBO2VOyeHz0uY&type=album","t":"https://sun9-5.userapi.com/impg/XkDQiicmIiBm1X2a1-W7z5NHcqVdjySc_xDqKA/aq5yf3cqQ7A.jpg?size=200x267&quality=96&sign=8803c5cc8112729cfc195cf5dd429aa1&c_uniq_tag=Ed8frGWhDgiQfcv0DlIDAOimII_lkDEL6Dn1zc7KP0I&type=album"},"z":"","q":55.056758,"w":82.938064,"o":15267753,"i":457257216,"d":486301716}],"m":[]},{"i":2136294,"f":9323045,"t":"Ну мне бокс не важен","d":486251766,"a":[],"m":[]},{"i":2136211,"f":15267753,"t":"Они без бокса точно","d":486244624,"a":[],"m":[]},{"i":2136210,"f":15267753,"t":"Да завтра скажу","d":486244617,"a":[],"m":[]},{"i":2136209,"f":15267753,"t":"Привет","d":486244615,"a":[],"m":[]},{"i":2136192,"f":9323045,"t":"Если не сложно\nГлянь пожалуйста)","d":486243496,"a":[],"m":[{"f":15267753,"t":"у меня были 8.5 врод","d":486242810,"a":[],"m":[{"f":9323045,"t":"Ищу Ef8811\n8-8,5 юс","d":486239905,"a":[{"t":0,"s":{"m":"https://sun9-18.userapi.com/impg/bSyBpaWlsaQbWhw1YPPcOGN6c4kO5Nir_1lKiA/DKvgUcn0aeY.jpg?size=809x1080&quality=96&sign=c5ea5d7f18384b0980f87785b201a1e0&c_uniq_tag=LewU463C8kWjRUkbRjlWUTP9cCxS0fPVhsfhacSUfVk&type=album","s":"https://sun9-18.userapi.com/impg/bSyBpaWlsaQbWhw1YPPcOGN6c4kO5Nir_1lKiA/DKvgUcn0aeY.jpg?size=453x604&quality=96&sign=fbb9d511b9b3960ea438f9dc631ffa8f&c_uniq_tag=F3s-F0kZvBM2LhLKjpeQv7t63qXS0awJTeOCQA-2V-U&type=album","n":"https://sun9-18.userapi.com/impg/bSyBpaWlsaQbWhw1YPPcOGN6c4kO5Nir_1lKiA/DKvgUcn0aeY.jpg?size=56x75&quality=96&sign=2f72b508d6e1584932af9138357d1909&c_uniq_tag=8Vlqvx978miqUnmcQbwKPLaqd0IzRfIsbGNF0cnvSWU&type=album","o":"https://sun9-18.userapi.com/impg/bSyBpaWlsaQbWhw1YPPcOGN6c4kO5Nir_1lKiA/DKvgUcn0aeY.jpg?size=510x681&quality=96&sign=18377723151634342f18d25cf61fec66&c_uniq_tag=U9WQTf9A1oWooKaVR-69Cg6AOO5mI07zvAQFvS9rrMQ&type=album","t":"https://sun9-18.userapi.com/impg/bSyBpaWlsaQbWhw1YPPcOGN6c4kO5Nir_1lKiA/DKvgUcn0aeY.jpg?size=200x267&quality=96&sign=cc3f6c173ef5ca351884e01457b41e95&c_uniq_tag=Y_1l3H-ZBDy_ciGoxqcFz_W38PHYrE89khDkU-RTcGk&type=album"},"z":"","q":0,"w":0,"o":9323045,"i":457253841,"d":486239904}]}]}]},{"i":2136191,"f":9323045,"t":"Привет)","d":486243482,"a":[],"m":[]},{"i":2038542,"f":15267753,"t":"+","d":480859934,"a":[],"m":[]},{"i":2038541,"f":9323045,"t":"скинул)","d":480859802,"a":[],"m":[]},{"i":2038537,"f":9323045,"t":"кайф,спасибо)\nсейчас скину)","d":480859588,"a":[],"m":[]},{"i":2038535,"f":15267753,"t":"350","d":480859553,"a":[],"m":[]},{"i":2038534,"f":15267753,"t":"Накладная успешно создана с номером: 1247090162","d":480859552,"a":[],"m":[]},{"i":2038533,"f":9323045,"t":"да)","d":480859502,"a":[],"m":[]},{"i":2038532,"f":15267753,"t":"пара?","d":480859491,"a":[],"m":[]},{"i":2038530,"f":15267753,"t":"привет","d":480859485,"a":[],"m":[]},{"i":2038526,"f":9323045,"t":"Отправление из Жуковский мос область \nВ Город получателя: Гродно \nПВЗ получателя: Гродно, Гродненская обл., ул. Титова, 24\nСтепанишин Константин Андреевич\n+375298881502","d":480859463,"a":[],"m":[]},{"i":2038525,"f":9323045,"t":"привет,мужик)\nсделаем накладную?","d":480859444,"a":[],"m":[]},{"i":2028162,"f":9323045,"t":"Кайф,спасибо)","d":480189714,"a":[],"m":[]},{"i":2028160,"f":15267753,"t":"+","d":480189698,"a":[],"m":[]},{"i":2028158,"f":9323045,"t":"Улетели","d":480189685,"a":[{"t":0,"s":{"m":"https://sun9-15.userapi.com/impg/xnO2biq_Bvq0trtXDuI2XJF3ntrvJ3gi01JWUA/Eu25r777mfs.jpg?size=499x1080&quality=96&sign=440d18469a901daa89b2ba755ba2501e&c_uniq_tag=HYKkita_izIUTWoBHtsnYRtA73xKQaTD-kmnvPcqRME&type=album","s":"https://sun9-15.userapi.com/impg/xnO2biq_Bvq0trtXDuI2XJF3ntrvJ3gi01JWUA/Eu25r777mfs.jpg?size=279x604&quality=96&sign=0cb9f43a0607be84b6b42f6636268bb1&c_uniq_tag=wehAAHpLPoBkmowKx5gtnDAJsE2U6ZegNGdacGtNiKM&type=album","n":"https://sun9-15.userapi.com/impg/xnO2biq_Bvq0trtXDuI2XJF3ntrvJ3gi01JWUA/Eu25r777mfs.jpg?size=35x75&quality=96&sign=3889c70f9b666c979622fa05c5a35899&c_uniq_tag=vTTpRIKk8PsHJciLP7qvt_YA6z1i0xL1POBJQKEETYY&type=album","o":"https://sun9-15.userapi.com/impg/xnO2biq_Bvq0trtXDuI2XJF3ntrvJ3gi01JWUA/Eu25r777mfs.jpg?size=510x900&quality=96&crop=0,0,591,1043&sign=f1a9dd9535eb05f51e4df6edfbc42aee&c_uniq_tag=2cAo7yniH7gfSBfpQS71Hfyul9FxTUmZAqHvZjrw50Y&type=album","t":"https://sun9-15.userapi.com/impg/xnO2biq_Bvq0trtXDuI2XJF3ntrvJ3gi01JWUA/Eu25r777mfs.jpg?size=200x433&quality=96&sign=cd89f4639d52ca4585203540a2956fe9&c_uniq_tag=sCbiWNm0vQRm1TJH8R7io8LOSVZpfVgliVnEe0de8vk&type=album"},"z":"","q":0,"w":0,"o":9323045,"i":457253284,"d":480189684}],"m":[]},{"i":2028131,"f":15267753,"t":"сбер 89059515168","d":480189271,"a":[],"m":[]},{"i":2028130,"f":15267753,"t":"350","d":480189268,"a":[],"m":[]},{"i":2028129,"f":15267753,"t":"Накладная успешно создана с номером: 1245370896","d":480189266,"a":[],"m":[]},{"i":2028120,"f":9323045,"t":"Да","d":480189140,"a":[],"m":[{"f":15267753,"t":"пара?","d":480189047,"a":[]}]},{"i":2028115,"f":15267753,"t":"350","d":480189074,"a":[],"m":[]},{"i":2028113,"f":15267753,"t":"пара?","d":480189047,"a":[],"m":[]},{"i":2028107,"f":9323045,"t":"И сколько по сумме не подскажешь?","d":480188922,"a":[],"m":[]},{"i":2028106,"f":9323045,"t":"Так\nОтправление из Жуковский мос область\nВ \nМинск \nМинск, проспект Держинского 11\nКурило Руслан Вячеславович\n+375296972242","d":480188906,"a":[],"m":[]},{"i":2028052,"f":15267753,"t":"да","d":480186572,"a":[],"m":[]},{"i":2028051,"f":15267753,"t":"привет","d":480186570,"a":[],"m":[]},{"i":2028047,"f":9323045,"t":"Привет,мужик\nСможешь сделать сдэк накладную?)","d":480186286,"a":[],"m":[]},{"i":1813135,"f":9323045,"t":"Вот такие если что","d":467941162,"a":[{"t":0,"s":{"m":"https://sun9-76.userapi.com/impg/-FqKc7tQmSZb1gpifbXlkCgVup1R4CzCZbSllg/sr4BBoQWjEU.jpg?size=864x1080&quality=96&sign=0f1ba6c812493c782a30410b4e52ce94&c_uniq_tag=QPSwT_jGzlR7FBphDWR-xLQD3c6YlFjrehV9oQHIwyE&type=album","s":"https://sun9-76.userapi.com/impg/-FqKc7tQmSZb1gpifbXlkCgVup1R4CzCZbSllg/sr4BBoQWjEU.jpg?size=483x604&quality=96&sign=99ea595b282189ef2de22e725ba30ad2&c_uniq_tag=fyHYAmRrwNDzNmWRajoQbNqX0_YPh6y16sluKXTT72A&type=album","n":"https://sun9-76.userapi.com/impg/-FqKc7tQmSZb1gpifbXlkCgVup1R4CzCZbSllg/sr4BBoQWjEU.jpg?size=60x75&quality=96&sign=42afb3b2639b1527c9d3048121cdea43&c_uniq_tag=J8chqWtkWb3yFFLjCy9hkemvItQ_asaxLSsi8fDoJLc&type=album","o":"https://sun9-76.userapi.com/impg/-FqKc7tQmSZb1gpifbXlkCgVup1R4CzCZbSllg/sr4BBoQWjEU.jpg?size=510x637&quality=96&sign=4c1925110674e4f5ce3e4b4c265cdf72&c_uniq_tag=KuKb0RaJEM0F6yTovKpP6ejfAWiYTk1WPtwmwwm4uEk&type=album","t":"https://sun9-76.userapi.com/impg/-FqKc7tQmSZb1gpifbXlkCgVup1R4CzCZbSllg/sr4BBoQWjEU.jpg?size=200x250&quality=96&sign=e03c1e1dc9e1faa6e54a5199b33ec90e&c_uniq_tag=Z121cUonCPaHu-O8Dc0L8HbCCGxFVZ5sDnNxobDZybk&type=album"},"z":"","q":0,"w":0,"o":9323045,"i":457250280,"d":467941156}],"m":[]},{"i":1813134,"f":9323045,"t":"Хорошо)","d":467941139,"a":[],"m":[]},{"i":1813118,"f":15267753,"t":"Привет, ок, кинул чуваку если что напищеь теюе","d":467940683,"a":[],"m":[]},{"i":1813116,"f":9323045,"t":"Привет с ск\nЧисто белые есть реакты 9юс","d":467940595,"a":[],"m":[]},{"i":1306899,"f":15267753,"t":"Привет, кайф что хорошо все!","d":438028460,"a":[],"m":[]},{"i":1306267,"f":9323045,"t":"Здарова\nСовсем забыл тебе отписать как приехали вещи\nЧасы рабочие,упаковал все знатно\nОт души 👍","d":437964667,"a":[{"t":0,"s":{"m":"https://sun9-1.userapi.com/impg/7SXPGelQUt6bsQMTM0pWOuR9Yyk0bJkY-NQZxg/NaKbJ4aPiHg.jpg?size=810x1080&quality=96&sign=3d2465c7e4c28697607b340f263a8d66&c_uniq_tag=Ax9E2Mr8pBmSRIBIFcVuhs_pkdA41bSb1knvAkVM5HA&type=album","s":"https://sun9-1.userapi.com/impg/7SXPGelQUt6bsQMTM0pWOuR9Yyk0bJkY-NQZxg/NaKbJ4aPiHg.jpg?size=453x604&quality=96&sign=fe174645b5b6f684517d742a841f584c&c_uniq_tag=jR0BGQSEfP-XC8-jnrgRkzShzQx5cb1DrpLEQs5NreU&type=album","n":"https://sun9-1.userapi.com/impg/7SXPGelQUt6bsQMTM0pWOuR9Yyk0bJkY-NQZxg/NaKbJ4aPiHg.jpg?size=56x75&quality=96&sign=3ea0a864444557d7b645fe454fa06ecb&c_uniq_tag=_N6BECwm0ncwzPE4nCbXUO3MMODpASI5mXbDrMzudI0&type=album","o":"https://sun9-1.userapi.com/impg/7SXPGelQUt6bsQMTM0pWOuR9Yyk0bJkY-NQZxg/NaKbJ4aPiHg.jpg?size=510x680&quality=96&sign=1ddbd832d2e6db8b6c5d39f3f3b0edf8&c_uniq_tag=H-dkHg00xsevV4e0CrLnq5TFQX2IIvzVdH2md_YUZ9g&type=album","t":"https://sun9-1.userapi.com/impg/7SXPGelQUt6bsQMTM0pWOuR9Yyk0bJkY-NQZxg/NaKbJ4aPiHg.jpg?size=200x267&quality=96&sign=23464718fe2b71cdbbfba8e1ce9008e2&c_uniq_tag=NT0j0eYvkZngH0iYwLeqIONa97LhA6a9kvp6vYOjM6s&type=album"},"z":"","q":0,"w":0,"o":9323045,"i":457246978,"d":437964616}],"m":[]},{"i":1267719,"f":9323045,"t":"Окей)","d":435847392,"a":[],"m":[]},{"i":1267690,"f":15267753,"t":"Вижу. Кайф. Отпиши как придет","d":435846899,"a":[],"m":[]},{"i":1267672,"f":9323045,"t":"Перевёл","d":435845949,"a":[{"t":0,"s":{"m":"https://sun9-56.userapi.com/impg/pKpext5sPWGEhwVDMEGJOPDGHA3uHuySpPv-dA/6HK-Q-nEsOA.jpg?size=608x1080&quality=96&sign=336f7b067ec3fd6a71ae7da4e4baed51&c_uniq_tag=8c2F6SKtckALRCP2Yj9uxlBVGDPZP4uRCLEpd11aylw&type=album","s":"https://sun9-56.userapi.com/impg/pKpext5sPWGEhwVDMEGJOPDGHA3uHuySpPv-dA/6HK-Q-nEsOA.jpg?size=340x604&quality=96&sign=79883a7db9e88bcdad3689dfd61cbc32&c_uniq_tag=unFDedUnHduRFFi4JKobVEri0_UNHycJrI3i0mmctW4&type=album","n":"https://sun9-56.userapi.com/impg/pKpext5sPWGEhwVDMEGJOPDGHA3uHuySpPv-dA/6HK-Q-nEsOA.jpg?size=42x75&quality=96&sign=44ae95c31331e3eccea9cc067a557b0c&c_uniq_tag=dSSgdE6muYrDIGIRa8zeYM1Dk_HKvAgXz9Y79S4TMvU&type=album","o":"https://sun9-56.userapi.com/impg/pKpext5sPWGEhwVDMEGJOPDGHA3uHuySpPv-dA/6HK-Q-nEsOA.jpg?size=510x900&quality=96&crop=0,0,640,1129&sign=8967f4880d6f98ae4284d264b234cbb6&c_uniq_tag=t8j23CunSo4ZB55tr-kA57SxdCk9OZ-eeKvCU0sX9Hk&type=album","t":"https://sun9-56.userapi.com/impg/pKpext5sPWGEhwVDMEGJOPDGHA3uHuySpPv-dA/6HK-Q-nEsOA.jpg?size=200x355&quality=96&sign=ca89feddc3b04c1ec1aa9038facc76a3&c_uniq_tag=0GW-Q0Hm-Kk9xP_x8-Y4mZpAw9ZbVi0n3L95XOLLzFo&type=album"},"z":"","q":0,"w":0,"o":9323045,"i":457246884,"d":435845948}],"m":[]},{"i":1267671,"f":9323045,"t":"Сорян\nЗабыл вчера скинуть","d":435845944,"a":[],"m":[]},{"i":1266958,"f":15267753,"t":"да","d":435787276,"a":[],"m":[]},{"i":1266952,"f":9323045,"t":"Ещё 300 получается\nДа?","d":435787122,"a":[],"m":[]},{"i":1266762,"f":15267753,"t":"Пакет 88","d":435774634,"a":[{"t":0,"s":{"m":"https://sun9-52.userapi.com/impg/rfOD498qX4-B4KMECRo6g_kE6tQHp6GXL7_gTA/bVZWz1wz1mk.jpg?size=810x1080&quality=96&sign=80687e81a8fafa986037482998e4dd00&c_uniq_tag=WEEv_T2P24ztd5VbVCYWByhp4UAYQnk6MVkWVk9jxkI&type=album","s":"https://sun9-52.userapi.com/impg/rfOD498qX4-B4KMECRo6g_kE6tQHp6GXL7_gTA/bVZWz1wz1mk.jpg?size=453x604&quality=96&sign=3e4343b16b79d468e4c97480ea7b9d6d&c_uniq_tag=tvatqQpZ-H3mSbVj3daskSGyzJhrwJ4MFAQlrp80sNY&type=album","n":"https://sun9-52.userapi.com/impg/rfOD498qX4-B4KMECRo6g_kE6tQHp6GXL7_gTA/bVZWz1wz1mk.jpg?size=56x75&quality=96&sign=3cb620bd1f3fce0a5e33ebb06d49ea99&c_uniq_tag=2Ne3RgCxY7KXoHlt9lxoyjKXaSpgo79veGHoyPfy6Xs&type=album","o":"https://sun9-52.userapi.com/impg/rfOD498qX4-B4KMECRo6g_kE6tQHp6GXL7_gTA/bVZWz1wz1mk.jpg?size=510x680&quality=96&sign=0fb8d18afe15103312acd213f9612557&c_uniq_tag=Yrvlbwl10He72--omxzD_VcBIrrZYL6lzRPbaVDB-z8&type=album","t":"https://sun9-52.userapi.com/impg/rfOD498qX4-B4KMECRo6g_kE6tQHp6GXL7_gTA/bVZWz1wz1mk.jpg?size=200x267&quality=96&sign=6d86f5e20890080b5c5c4afb4594f5c9&c_uniq_tag=QCAbvOPMfSW3ckk2PN9ObOngqpP9AvwGJRXZDdMcDT8&type=album"},"z":"","q":54.98972,"w":83.003944,"o":15267753,"i":457252324,"d":435774633},{"t":0,"s":{"m":"https://sun9-59.userapi.com/impg/c855736/v855736074/17937d/u1Tx6I3Wrkw.jpg?size=810x1080&quality=96&sign=84760de30fd5019280c24f6042f5af8e&c_uniq_tag=SOACITclx9shOke1oW1zgqToeRFqCQRFSy7MHv7uEOE&type=album","s":"https://sun9-59.userapi.com/impg/c855736/v855736074/17937d/u1Tx6I3Wrkw.jpg?size=453x604&quality=96&sign=0ba6aa58ff28d1396d85d630442f1e4f&c_uniq_tag=uddHyNm17xojxBpROP23TW1dD1jp-8ip21kx_hlS77Y&type=album","n":"https://sun9-59.userapi.com/impg/c855736/v855736074/17937d/u1Tx6I3Wrkw.jpg?size=56x75&quality=96&sign=4bd663da52a3a6c99a4a2fcf4d963db0&c_uniq_tag=tmD1gDB1dXsF3axUBZPPCgvF1TAuba4VYnrmlg82Amc&type=album","o":"https://sun9-59.userapi.com/impg/c855736/v855736074/17937d/u1Tx6I3Wrkw.jpg?size=510x680&quality=96&sign=2e56ae0a40fb91badef577a06240760a&c_uniq_tag=9BwzJLFX5KjHOn-tK1NOvVmmtu2pgSXNDVCGmFerBGE&type=album","t":"https://sun9-59.userapi.com/impg/c855736/v855736074/17937d/u1Tx6I3Wrkw.jpg?size=200x267&quality=96&sign=abee72ced4ecf4d613e349c7849e87c4&c_uniq_tag=_x1ZL1Jm52Eqx3tyUXj1yvczOYjTyLIKp5UKbBZvLz8&type=album"},"z":"","q":54.990207,"w":83.004101,"o":15267753,"i":457252325,"d":435774633}],"m":[]},{"i":1266364,"f":9323045,"t":"Россия\nМосковская область\nГород Жуковский\nИндекс 140182\nУлица солнечная \nДом 1 \nКв 74\nКорнилов Олег Сергеевич","d":435754944,"a":[],"m":[]},{"i":1266361,"f":9323045,"t":"Привет","d":435754901,"a":[],"m":[]},{"i":1266357,"f":15267753,"t":"пиши адрес куда шип","d":435754853,"a":[],"m":[]},{"i":1266356,"f":15267753,"t":"привет","d":435754850,"a":[],"m":[]},{"i":1264697,"f":9323045,"t":"Базару ноль)","d":435677591,"a":[],"m":[]},{"i":1264696,"f":9323045,"t":"Ну я докину)","d":435677586,"a":[],"m":[]},{"i":1264694,"f":15267753,"t":"Упаковакь хорошотнада","d":435677576,"a":[],"m":[]},{"i":1264691,"f":9323045,"t":"","d":435677567,"a":[{"t":0,"s":{"m":"https://sun9-50.userapi.com/impg/WSmeJMx8SVjMwvI8zhz9e0RsfRvuAE91oTtZtg/opr7TwjmLp0.jpg?size=608x1080&quality=96&sign=a67b3a4d25ee7a131e27fbaa80251afc&c_uniq_tag=AqWcVyp5uRaKgS6umSHxuBLxQnL8AEbTPDptytW2Ols&type=album","s":"https://sun9-50.userapi.com/impg/WSmeJMx8SVjMwvI8zhz9e0RsfRvuAE91oTtZtg/opr7TwjmLp0.jpg?size=340x604&quality=96&sign=c33bdd5d05cde4f218dd728b1e39d92d&c_uniq_tag=QsZYwP7EThZuQ693g2H857BvqAluVzmJ5vxx_pH9YpU&type=album","n":"https://sun9-50.userapi.com/impg/WSmeJMx8SVjMwvI8zhz9e0RsfRvuAE91oTtZtg/opr7TwjmLp0.jpg?size=42x75&quality=96&sign=00c284136c675c660c06200d3e653a7e&c_uniq_tag=HBhsX8T3uW2h6WzjiTYI4-eztyXl75ldyDrDL2pRDnM&type=album","o":"https://sun9-50.userapi.com/impg/WSmeJMx8SVjMwvI8zhz9e0RsfRvuAE91oTtZtg/opr7TwjmLp0.jpg?size=510x900&quality=96&crop=0,0,640,1129&sign=afeaad0652d420db76792dda7e241038&c_uniq_tag=zcD8ptnrXMNOfrzSI3uvDMZI05NiXLLHkXI9B00Huwg&type=album","t":"https://sun9-50.userapi.com/impg/WSmeJMx8SVjMwvI8zhz9e0RsfRvuAE91oTtZtg/opr7TwjmLp0.jpg?size=200x355&quality=96&sign=8785137c8ddb72b70485a8f7396cd665&c_uniq_tag=JH08i78eKRoBKGammzHZFV3LRQb9BKLxX7ygBQaguuY&type=album"},"z":"","q":0,"w":0,"o":9323045,"i":457246882,"d":435677566}],"m":[]},{"i":1264689,"f":15267753,"t":"Часы огромные прост","d":435677565,"a":[],"m":[]},{"i":1264688,"f":15267753,"t":"Я сккж скока выйдет","d":435677558,"a":[],"m":[]},{"i":1264687,"f":15267753,"t":"Ток 300 шип врядли","d":435677553,"a":[],"m":[]},{"i":1264685,"f":15267753,"t":"Пришло","d":435677547,"a":[],"m":[]},{"i":1264684,"f":9323045,"t":"Перевёл","d":435677546,"a":[],"m":[]},{"i":1264680,"f":15267753,"t":"Да","d":435677513,"a":[],"m":[]},{"i":1264677,"f":9323045,"t":"Верно?","d":435677508,"a":[],"m":[]},{"i":1264676,"f":9323045,"t":"Илья Игоревич т","d":435677508,"a":[],"m":[]},{"i":1264660,"f":15267753,"t":"89059515168","d":435677441,"a":[],"m":[]},{"i":1264658,"f":15267753,"t":"Давай сбер/альфа/рокет","d":435677437,"a":[],"m":[]},{"i":1264657,"f":9323045,"t":"Да","d":435677419,"a":[],"m":[]},{"i":1264639,"f":15267753,"t":"Посл штуки","d":435677254,"a":[],"m":[]},{"i":1264638,"f":15267753,"t":"Часы пока в корзине у меня","d":435677252,"a":[],"m":[]},{"i":1264637,"f":15267753,"t":"А то я собрался домой","d":435677247,"a":[],"m":[]},{"i":1264636,"f":15267753,"t":"Шо берем","d":435677241,"a":[],"m":[]},{"i":1264604,"f":15267753,"t":"2900 и шип)","d":435676956,"a":[],"m":[]},{"i":1264603,"f":9323045,"t":"Понял\n3к получается,да?","d":435676924,"a":[],"m":[]},{"i":1264183,"f":15267753,"t":"89059515168","d":435670123,"a":[],"m":[]},{"i":1264181,"f":15267753,"t":"Сбер млжно да","d":435670112,"a":[],"m":[]},{"i":1264179,"f":15267753,"t":"Седня постараюсь","d":435670108,"a":[],"m":[]},{"i":1264178,"f":15267753,"t":"Да конечно","d":435670104,"a":[],"m":[]},{"i":1264176,"f":9323045,"t":"Если на днях сможешь отправить вообще кайф будет\nНа Сбер принимаешь?","d":435670092,"a":[],"m":[]},{"i":1264121,"f":15267753,"t":"Да, можно","d":435669680,"a":[],"m":[]},{"i":1264120,"f":9323045,"t":"варик к часам еще инструменты взять?)","d":435669669,"a":[],"m":[]},{"i":1264081,"f":9323045,"t":"Главное чтобы часы не разьебались по дороге)","d":435668840,"a":[],"m":[]},{"i":1263959,"f":9323045,"t":"отлично","d":435667713,"a":[],"m":[]},{"i":1263850,"f":15267753,"t":"Пока есть все","d":435667068,"a":[],"m":[]},{"i":1263838,"f":15267753,"t":"За можно)","d":435666980,"a":[],"m":[]},{"i":1263837,"f":15267753,"t":"Привет","d":435666978,"a":[],"m":[]},{"i":1263834,"f":9323045,"t":"привет,вижу доехал до икеи\nчасы варик у вас зацепить?","d":435666967,"a":[],"m":[]},{"i":1262205,"f":9323045,"t":"👌🏽\nОтлично","d":435606454,"a":[],"m":[]},{"i":1261904,"f":15267753,"t":"да по классике 300 )","d":435602488,"a":[],"m":[]},{"i":1261474,"f":9323045,"t":"Сколько Хэлп будет?)","d":435593075,"a":[],"m":[]},{"i":1261471,"f":9323045,"t":"Окей👌🏽","d":435592601,"a":[],"m":[]},{"i":1261465,"f":15267753,"t":"привет, да буду там, отпишу, что осталось","d":435592261,"a":[],"m":[]},{"i":1261464,"f":9323045,"t":"Привет с ск\nЯ насчёт часов \nЕсли когда поедешь завтра будут то было б отлично если б мне зацепил","d":435592239,"a":[],"m":[]},{"i":693203,"f":15267753,"t":"окей","d":359669006,"a":[],"m":[]},{"i":693160,"f":9323045,"t":"Хорошо,было б кайф если б помог","d":359667472,"a":[],"m":[]},{"i":693154,"f":15267753,"t":"Привет, времени нету чтото, с изями тут замуты, ща спрошу у знакомого","d":359667174,"a":[],"m":[]},{"i":693151,"f":9323045,"t":"Добрый день\nНе заходил посмотреть престо?","d":359666421,"a":[],"m":[]},{"i":689105,"f":15267753,"t":"Хорошо","d":359340630,"a":[],"m":[]},{"i":689104,"f":9323045,"t":"Если будет не сложно то посмотри пожалуйста","d":359340131,"a":[],"m":[]},{"i":689097,"f":15267753,"t":"Хс","d":359335399,"a":[],"m":[]},{"i":688990,"f":9323045,"t":"Точно точно \nА что больше подойдет на 8юс,не подскажешь?)","d":359327822,"a":[],"m":[]},{"i":688989,"f":15267753,"t":"С хс","d":359327217,"a":[],"m":[]},{"i":688988,"f":15267753,"t":"Там в др сетке немного","d":359327214,"a":[],"m":[]},{"i":688987,"f":15267753,"t":"Привет, завтра посмотрю","d":359327188,"a":[],"m":[]},{"i":688985,"f":9323045,"t":"Добрый вечер с ск\nНе подскажешь насчет фиолетовых престо за 1900?\nЕсть ли 8юс и сможешь ли помочь?","d":359326221,"a":[],"m":[]}]}