{"meta":{"v":"1.2","p":12019871,"a":15267753,"t":"Kirill Arutunian","d":1691416271},"data":[{"i":2417046,"f":15267753,"t":"+++","d":503925709,"a":[],"m":[]},{"i":2417034,"f":12019871,"t":"Спасибо!","d":503925284,"a":[],"m":[]},{"i":2417033,"f":12019871,"t":"Ушли!","d":503925281,"a":[],"m":[]},{"i":2417028,"f":15267753,"t":"Накладная успешно создана с номером: 1308703120\n300","d":503925184,"a":[],"m":[]},{"i":2417026,"f":12019871,"t":"Москва\nПара обуви без бокса, 30х10х5?","d":503925108,"a":[],"m":[]},{"i":2417025,"f":15267753,"t":"Откуда и габарит","d":503925083,"a":[],"m":[]},{"i":2417024,"f":12019871,"t":"Получатель \nЯрославль\nСклад Ул Большая Октябрьская 39\nГаврилов Владислав Михайлович\n89997997310","d":503925068,"a":[],"m":[]},{"i":2417022,"f":15267753,"t":"Да","d":503925046,"a":[],"m":[]},{"i":2417021,"f":15267753,"t":"Привет","d":503925045,"a":[],"m":[]},{"i":2417020,"f":12019871,"t":"Привет! Извиняй за беспокойство, есть ли возможность сделать накладную одну?","d":503925034,"a":[],"m":[]},{"i":2377406,"f":15267753,"t":"+","d":500915437,"a":[],"m":[]},{"i":2377387,"f":12019871,"t":"Перевёл! Спасибо!","d":500914487,"a":[],"m":[]},{"i":2377310,"f":15267753,"t":"89059515168 сбер сбп есть","d":500909117,"a":[],"m":[]},{"i":2377309,"f":15267753,"t":"Накладная успешно создана с номером: 1300104012\n350р","d":500909109,"a":[],"m":[]},{"i":2377285,"f":12019871,"t":"Ага, я, получатель","d":500908086,"a":[],"m":[{"f":15267753,"t":"Это мск да","d":500907586,"a":[]}]},{"i":2377270,"f":15267753,"t":"Это мск да","d":500907586,"a":[],"m":[{"f":12019871,"t":"Арутюнян Кирилл\n89636125914\nСклад сдек Люблинская 21к1","d":500907442,"a":[]}]},{"i":2377269,"f":15267753,"t":"Да скажи кто у меня данные есть наверняка)","d":500907582,"a":[],"m":[]},{"i":2377266,"f":12019871,"t":"вот и я попросил у него, а он говорит мол города достаточно… ещё раз написал, щас перешлю инфу))","d":500907522,"a":[],"m":[]},{"i":2377265,"f":15267753,"t":"Отправителя город только","d":500907447,"a":[],"m":[]},{"i":2377264,"f":12019871,"t":"Арутюнян Кирилл\n89636125914\nСклад сдек Люблинская 21к1","d":500907442,"a":[],"m":[]},{"i":2377263,"f":15267753,"t":"Фио и тел и пункт сдек у него","d":500907441,"a":[],"m":[]},{"i":2377261,"f":15267753,"t":"Ну получатель кто еще)","d":500907432,"a":[],"m":[]},{"i":2377259,"f":12019871,"t":"Это от отправителя","d":500907418,"a":[],"m":[]},{"i":2377258,"f":12019871,"t":"Там нужны только город и замеры бокса от меня \nГ. Минск \nЗамеры: \nДлина 35см\nШирина 24см \nВысота 12см","d":500907414,"a":[],"m":[]},{"i":2377254,"f":15267753,"t":"Привет, да, сделаем","d":500907395,"a":[],"m":[]},{"i":2377253,"f":12019871,"t":"Привет! Я за небольшой помощью по наводке, попросили накладную на сдек создать, если будет минутка, поможешь?","d":500907379,"a":[],"m":[]},{"i":883165,"f":12019871,"t":"Мерси!","d":387405872,"a":[],"m":[]},{"i":883125,"f":15267753,"t":"Привет, кайфарик ты! Крутая пара!","d":387398324,"a":[],"m":[]},{"i":883117,"f":12019871,"t":"Йо! Посылка долго шла, но к моему отъезду докатила до меня, все забрал!\nОгромное спасибо за помощь ещё раз!","d":387393932,"a":[{"t":0,"s":{"m":"https://sun9-36.userapi.com/impf/c845324/v845324432/549c4/ye-EfnzlREg.jpg?size=864x1080&quality=96&sign=5fdba92d1d95109e56c3e07948a9aad6&c_uniq_tag=jRSd6KjaMmCvirWr4_Z_8wcYXFtFNSnPhiCLtMwQ9bU&type=album","s":"https://sun9-36.userapi.com/impf/c845324/v845324432/549c4/ye-EfnzlREg.jpg?size=483x604&quality=96&sign=968aec27bc76f5dfe42691f726404118&c_uniq_tag=0xk8JWQQ308zyuskIyLYutIqWDdCpfzm_snnh0n5_RU&type=album","n":"https://sun9-36.userapi.com/impf/c845324/v845324432/549c4/ye-EfnzlREg.jpg?size=60x75&quality=96&sign=8d020148baf6721c4008cfbbf78765b3&c_uniq_tag=JOe7eYMKE58bfdzAP29rLxB3ws1zWIKNLAhWYYwsfZQ&type=album","o":"https://sun9-36.userapi.com/impf/c845324/v845324432/549c4/ye-EfnzlREg.jpg?size=510x638&quality=96&sign=b3e59e3fd6d183a2a11267dd9343ef25&c_uniq_tag=OOunQ_RGWzlr7HVfk5xJstJzsVC3cD1PzDIGlEi7Ros&type=album","t":"https://sun9-36.userapi.com/impf/c845324/v845324432/549c4/ye-EfnzlREg.jpg?size=200x250&quality=96&sign=f4747799e8138d53e59dfa682671611f&c_uniq_tag=6pG-vIgQA50TtWl2dA_MafR-WBgGUjQiCohoqxLHERQ&type=album"},"z":"","q":0,"w":0,"o":12019871,"i":456252650,"d":387393931}],"m":[]},{"i":871370,"f":12019871,"t":"Ну, главное начать)) как грится","d":385746393,"a":[],"m":[]},{"i":871321,"f":15267753,"t":"работает одно)))","d":385742907,"a":[],"m":[]},{"i":871320,"f":15267753,"t":"4 окна","d":385742904,"a":[],"m":[]},{"i":871319,"f":15267753,"t":"ну у нас отделение новое после ремонта типа","d":385742903,"a":[],"m":[]},{"i":871318,"f":15267753,"t":"пздц))","d":385742895,"a":[],"m":[]},{"i":871288,"f":12019871,"t":"Шёл 18й год","d":385742345,"a":[],"m":[]},{"i":871287,"f":12019871,"t":"У нас вроде даже в центральном отделении на чистых прудах только нал в центре отправки ахах","d":385742341,"a":[],"m":[]},{"i":871286,"f":15267753,"t":"Безнал тока в одном отделении города","d":385742311,"a":[],"m":[]},{"i":871285,"f":15267753,"t":"У нас нету","d":385742301,"a":[],"m":[]},{"i":871284,"f":15267753,"t":"Ээто кайф","d":385742299,"a":[],"m":[]},{"i":871283,"f":15267753,"t":"А","d":385742297,"a":[],"m":[]},{"i":871282,"f":12019871,"t":"Забирать т.е","d":385742294,"a":[],"m":[]},{"i":871281,"f":12019871,"t":"Зато сделали какую - то штуку, что посылки все можно без заполнения бланков и тп получать все","d":385742289,"a":[],"m":[]},{"i":871279,"f":12019871,"t":"У меня б/н до сих пор нету в отделении)))","d":385742265,"a":[],"m":[]},{"i":871278,"f":15267753,"t":"Я угараю чета с этого)","d":385742245,"a":[],"m":[]},{"i":871277,"f":15267753,"t":"Потом нет","d":385742241,"a":[],"m":[]},{"i":871276,"f":15267753,"t":"Безнал типа до 5 часов рабоает","d":385742239,"a":[],"m":[]},{"i":871275,"f":15267753,"t":"И ушли","d":385742233,"a":[],"m":[]},{"i":871274,"f":15267753,"t":"Технологии до нас дошли","d":385742231,"a":[],"m":[]},{"i":871273,"f":15267753,"t":"","d":385742217,"a":[{"t":0,"s":{"m":"https://sun9-54.userapi.com/impf/c831208/v831208031/e002e/K6Qm8i26tk0.jpg?size=810x1080&quality=96&sign=a59b0aee1da5ab40bdc73825237267cc&c_uniq_tag=Bcbg1VKyFtSVlKX3vXPD3qjjE2QRXzxw5sbGsMRQBw0&type=album","s":"https://sun9-54.userapi.com/impf/c831208/v831208031/e002e/K6Qm8i26tk0.jpg?size=453x604&quality=96&sign=d09edd6bf6879545fab85d72e2fb90fc&c_uniq_tag=ZEWjmKUqbfhhUiGPIoF-vTpfzieBclEUQCIsp-o2S4k&type=album","n":"https://sun9-54.userapi.com/impf/c831208/v831208031/e002e/K6Qm8i26tk0.jpg?size=56x75&quality=96&sign=dca5f5913f6d66cdee7b1c121b3d3750&c_uniq_tag=WDtm9b5bNN-7Lni7sn9I8WWI3d2dNWnxx1ThHlE0OUg&type=album","o":"https://sun9-54.userapi.com/impf/c831208/v831208031/e002e/K6Qm8i26tk0.jpg?size=510x680&quality=96&sign=3382b1dd5337608b1bdfa3ea34a38c6e&c_uniq_tag=qmMG6LSF-Y8W0OzGDRWLyFAj25TVRkTHTF5xt0yV-28&type=album","t":"https://sun9-54.userapi.com/impf/c831208/v831208031/e002e/K6Qm8i26tk0.jpg?size=200x267&quality=96&sign=eff75d5d1bd01c6647b919cea1bdf1aa&c_uniq_tag=IMzkly5BAxSoKN7gIGJ-ndSsdbqnwoQS1kvSzbC7m_w&type=album"},"z":"","q":0,"w":0,"o":15267753,"i":456247720,"d":385742217}],"m":[]},{"i":871272,"f":12019871,"t":"Надеюсь там в футбол не будут ею играть)","d":385742170,"a":[],"m":[]},{"i":871271,"f":12019871,"t":"Бля, кайф!!","d":385742157,"a":[],"m":[]},{"i":871270,"f":15267753,"t":"Ща чек","d":385742150,"a":[],"m":[]},{"i":871269,"f":12019871,"t":"Йеее!","d":385742144,"a":[],"m":[]},{"i":871268,"f":15267753,"t":"Защитил как яйца )","d":385742143,"a":[{"t":0,"s":{"m":"https://sun9-37.userapi.com/impf/c840636/v840636031/7e2db/b1yD68B9KaY.jpg?size=810x1080&quality=96&sign=f3e24650a235b2f6909477a6763094f5&c_uniq_tag=l_p72S9L8RyxY8IFila_ZWhjAZPS0xi_SF5AjKECR40&type=album","s":"https://sun9-37.userapi.com/impf/c840636/v840636031/7e2db/b1yD68B9KaY.jpg?size=453x604&quality=96&sign=332c8228b768be7afc4f6d0da7227b30&c_uniq_tag=5xE8kIn-Eewbt0t3wRHB1eMLGFMkfPHRsgPrZJljYMo&type=album","n":"https://sun9-37.userapi.com/impf/c840636/v840636031/7e2db/b1yD68B9KaY.jpg?size=56x75&quality=96&sign=97618519388b221a2caa3bfb4f09ec13&c_uniq_tag=f36aynYoOFgUJWDWKhrCVQtAqWszHFoNU38ILD_z-DE&type=album","o":"https://sun9-37.userapi.com/impf/c840636/v840636031/7e2db/b1yD68B9KaY.jpg?size=510x680&quality=96&sign=a4052da3608db1772a9bf6289e02e7d9&c_uniq_tag=9DS6UBoeaO4yOxdmWK9D_EOs7b-nnSnFT5wePUnzcqM&type=album","t":"https://sun9-37.userapi.com/impf/c840636/v840636031/7e2db/b1yD68B9KaY.jpg?size=200x267&quality=96&sign=5916f1a5e043d9209aeb81d91dd347b1&c_uniq_tag=pvpI4DWA6YakqPFekrc1yCiZ5y7qkZWjytLaotKSEXU&type=album"},"z":"","q":55.018116,"w":82.951873,"o":15267753,"i":456247719,"d":385742136}],"m":[]},{"i":871267,"f":15267753,"t":"Шиптд)","d":385742128,"a":[],"m":[]},{"i":871266,"f":15267753,"t":"Йо","d":385742124,"a":[],"m":[]},{"i":870203,"f":12019871,"t":"Или в пупырку попросить чтоб они там завернули))","d":385594936,"a":[],"m":[]},{"i":870201,"f":12019871,"t":"Попросить, чтоб наклеили что хрупкое","d":385594921,"a":[],"m":[]},{"i":870199,"f":12019871,"t":"Ну во","d":385594907,"a":[],"m":[]},{"i":870198,"f":15267753,"t":"я хз в хл влезет или нет","d":385594901,"a":[],"m":[]},{"i":870197,"f":12019871,"t":"Я просто не помню что у них там по размеру","d":385594897,"a":[],"m":[]},{"i":870196,"f":15267753,"t":"ну хотя адик в пакетах шипит","d":385594893,"a":[],"m":[]},{"i":870195,"f":12019871,"t":"А на почте думаешь не найдут подходящей?","d":385594888,"a":[],"m":[]},{"i":870193,"f":12019871,"t":"Мля(","d":385594875,"a":[],"m":[]},{"i":870190,"f":15267753,"t":"просто приехала коробка в смятку","d":385594860,"a":[],"m":[]},{"i":870189,"f":15267753,"t":"я ультрабусты отправлял разок в пакете","d":385594852,"a":[],"m":[]},{"i":870188,"f":12019871,"t":"3xl","d":385594843,"a":[],"m":[]},{"i":870187,"f":15267753,"t":"Я не хочу просто в пакете","d":385594838,"a":[],"m":[]},{"i":870186,"f":15267753,"t":"","d":385594828,"a":[{"t":0,"s":{"m":"https://sun9-53.userapi.com/impf/c824504/v824504366/11c09b/av1vqTw0cmk.jpg?size=810x1080&quality=96&sign=65fac42600078939d8fec5a4af112e8e&c_uniq_tag=xhEswveRAyM54Fuw4vJaWU5IQp7XYWUYtrZCimGiZ3I&type=album","s":"https://sun9-53.userapi.com/impf/c824504/v824504366/11c09b/av1vqTw0cmk.jpg?size=453x604&quality=96&sign=5d529c76788a5d4880e9f873990673e7&c_uniq_tag=pUDrqL2JvPl9du-PioYnPYmRam3_3yYH0xUqv0oGAbQ&type=album","n":"https://sun9-53.userapi.com/impf/c824504/v824504366/11c09b/av1vqTw0cmk.jpg?size=56x75&quality=96&sign=a6290f007b1a0bde0454655922ee3ede&c_uniq_tag=Hhnlh3kXgxXqjQk-CiUhHuq09NPBrJ9oN4BQER7G_gs&type=album","o":"https://sun9-53.userapi.com/impf/c824504/v824504366/11c09b/av1vqTw0cmk.jpg?size=510x680&quality=96&sign=7c91bd05111eb04f4af8e4131e01e37d&c_uniq_tag=0eH8lCAxQDyWquqTZb9N2xfcjuQN62V0zsVROn8wxhw&type=album","t":"https://sun9-53.userapi.com/impf/c824504/v824504366/11c09b/av1vqTw0cmk.jpg?size=200x267&quality=96&sign=e8523ddc97d9e1e5aacad7b8f3fa3d1d&c_uniq_tag=iRsChlqG3883nmoZdkRoJ3yQEHaVCcN1hmUNwSmemzo&type=album"},"z":"","q":0,"w":0,"o":15267753,"i":456247706,"d":385594826}],"m":[]},{"i":870185,"f":12019871,"t":"В пнд получится добраться до тех краев тебе?)","d":385594808,"a":[],"m":[]},{"i":870184,"f":12019871,"t":"Ну может тогда в родной пусть будут\nНадеюсь без происшествий дойдёт \nВроде все ок было за последнее время сколько получал)","d":385594794,"a":[],"m":[]},{"i":870183,"f":15267753,"t":"они огромные просто, в обычную коробку не влезут","d":385594733,"a":[],"m":[]},{"i":870182,"f":12019871,"t":"Слушай, на почте будет достаточно пакета почтового помимо родной коробки, думаю\nНу или может в коробку от обуви какую, если у тебя есть не нужная, просто сунуть, да и все)","d":385594307,"a":[],"m":[]},{"i":870181,"f":12019871,"t":"Хуя себе","d":385594264,"a":[],"m":[]},{"i":870180,"f":15267753,"t":"и еще коробку не могу найти для изиков, очень большие они)","d":385593947,"a":[],"m":[]},{"i":870178,"f":15267753,"t":"сегодня пытался этот вопрос решить целый день","d":385593904,"a":[],"m":[]},{"i":870177,"f":15267753,"t":"к","d":385593894,"a":[],"m":[]},{"i":870176,"f":15267753,"t":"тут парниша с моего города кинул китайца на 42у","d":385593893,"a":[],"m":[]},{"i":870175,"f":15267753,"t":"да, вообще не успел","d":385593883,"a":[],"m":[]},{"i":870174,"f":15267753,"t":"привет","d":385593872,"a":[],"m":[]},{"i":870173,"f":12019871,"t":"Йо!\nНу как, не успелось сегодня уже, да?","d":385593696,"a":[],"m":[]},{"i":868888,"f":12019871,"t":"89636125914","d":385480610,"a":[],"m":[]},{"i":868887,"f":15267753,"t":"И тел еще на всякиц","d":385480602,"a":[],"m":[]},{"i":868886,"f":12019871,"t":"Москва\nНовоясеневский проспект 19к1 кв 346\n117593\nАрутюнян Кирилл Суренович","d":385480573,"a":[],"m":[]},{"i":868885,"f":12019871,"t":"Каайф","d":385480528,"a":[],"m":[]},{"i":868884,"f":15267753,"t":"Адрес)","d":385480502,"a":[],"m":[]},{"i":868883,"f":15267753,"t":"Все пара у меня","d":385480249,"a":[],"m":[]},{"i":868850,"f":12019871,"t":"Кайфы! Ждемс!","d":385475787,"a":[],"m":[]},{"i":868849,"f":15267753,"t":"Деньги пришли!","d":385475777,"a":[],"m":[]},{"i":868848,"f":15267753,"t":"Ну всемчерещ час с ним славливаюсь","d":385475773,"a":[],"m":[]},{"i":868847,"f":12019871,"t":"Готово!","d":385475773,"a":[{"t":0,"s":{"m":"https://sun9-72.userapi.com/impf/Vn9R1HDp1-vhIYF6zAuPefRSmwmVT3xQlhztzA/_X_-M5cVQGE.jpg?size=607x1080&quality=96&sign=c83b91be85f63f9a12a2cd21d13a09b5&c_uniq_tag=lucscSbWZanh3hqrekgPsK8-SQJqXqmBiVEVb7SS2u4&type=album","s":"https://sun9-72.userapi.com/impf/Vn9R1HDp1-vhIYF6zAuPefRSmwmVT3xQlhztzA/_X_-M5cVQGE.jpg?size=340x604&quality=96&sign=8762d689da28e4d8910cda4ec76fc1b0&c_uniq_tag=fYBOXq5G6aak4SFRkEt_gMqbVqQO4ndWPiGXcPBQkZo&type=album","n":"https://sun9-72.userapi.com/impf/Vn9R1HDp1-vhIYF6zAuPefRSmwmVT3xQlhztzA/_X_-M5cVQGE.jpg?size=42x75&quality=96&sign=b78215dcc1fcce880bae2a3053bc5549&c_uniq_tag=kIOr300VU3AOuS_1_O8_vE21EVp6viRhnKagE59K5KA&type=album","o":"https://sun9-72.userapi.com/impf/Vn9R1HDp1-vhIYF6zAuPefRSmwmVT3xQlhztzA/_X_-M5cVQGE.jpg?size=510x900&quality=96&crop=0,0,750,1324&sign=aa447030d1d4d46ef8bd12e305dfda32&c_uniq_tag=qFeUJ6u8zPRuCRbYGxRcmBVOX3e3z4ArcyzjbOV0W00&type=album","t":"https://sun9-72.userapi.com/impf/Vn9R1HDp1-vhIYF6zAuPefRSmwmVT3xQlhztzA/_X_-M5cVQGE.jpg?size=200x356&quality=96&sign=37be5ea9262d48e65cd7528d31a82ca5&c_uniq_tag=d1pwUvC4h677vtv83Rgy5HxTefJGdqrVhebUM0oUdjg&type=album"},"z":"","q":0,"w":0,"o":12019871,"i":456252385,"d":385475771}],"m":[]},{"i":868843,"f":15267753,"t":"У нас уже вечер же","d":385475704,"a":[],"m":[]},{"i":868842,"f":15267753,"t":"Буду стараться ))","d":385475698,"a":[],"m":[]},{"i":868841,"f":12019871,"t":"Буду благодарен, если получится до выхов!","d":385475687,"a":[],"m":[]},{"i":868840,"f":15267753,"t":"Сегодня хз успею нет","d":385475679,"a":[],"m":[]},{"i":868839,"f":12019871,"t":"Ну и % за перевод на себя беру","d":385475675,"a":[],"m":[]},{"i":868838,"f":15267753,"t":"Тока я шипну мли завтра илм в понедельник","d":385475672,"a":[],"m":[]},{"i":868836,"f":15267753,"t":"Да, окей)","d":385475658,"a":[],"m":[]},{"i":868835,"f":12019871,"t":"Если 800 переведу к этой сумме за шип и на пиво - норм?","d":385475645,"a":[],"m":[]},{"i":868824,"f":15267753,"t":"К номеру карточки привязаны","d":385475505,"a":[],"m":[]},{"i":868823,"f":15267753,"t":"89059515168","d":385475497,"a":[],"m":[]},{"i":868822,"f":12019871,"t":"Скинешь контакты?","d":385475477,"a":[],"m":[]},{"i":868821,"f":12019871,"t":"В шоке, говорит, от такого\nНу лан, больше переведу просто","d":385475472,"a":[],"m":[{"f":211221000,"t":"О, мне написал Илья","d":385475074,"a":[]},{"f":211221000,"t":"Работал с ним уже","d":385475078,"a":[]},{"f":211221000,"t":"Слушай тут предложили 18500","d":385475100,"a":[]},{"f":211221000,"t":"Я аж в шоке от такого","d":385475116,"a":[]},{"f":211221000,"t":"Но могу тебе уступить так как уже почти договорились и так быстро покупаешь","d":385475135,"a":[]},{"f":211221000,"t":"За 18 отдам, хорошо?","d":385475153,"a":[]},{"f":12019871,"t":"В нске предложили?","d":385475172,"a":[]},{"f":211221000,"t":"Да, там челу стельку замерял, он сказал ему подходят и готов брать","d":385475199,"a":[]},{"f":12019871,"t":"Я просто уже деньги шас перевожу Илье","d":385475231,"a":[]},{"f":211221000,"t":"Ну ладно, давай за 17500","d":385475231,"a":[]},{"f":211221000,"t":"А то некрасиво получилось согласен","d":385475237,"a":[]},{"f":211221000,"t":"Я с ним сегодня встречусь","d":385475252,"a":[]},{"f":12019871,"t":"Я просто уже да, раз мы условились, и сумму приготовил, и договорился с ним(","d":385475261,"a":[]},{"f":211221000,"t":"Давай 17500","d":385475315,"a":[]},{"f":211221000,"t":"Сам не ллюблю когда так происходит","d":385475336,"a":[]},{"f":211221000,"t":"Но уступаю как могу","d":385475349,"a":[]}]},{"i":868820,"f":12019871,"t":"Оке!","d":385475430,"a":[],"m":[]},{"i":868812,"f":15267753,"t":"Почтой норм)","d":385474937,"a":[],"m":[]},{"i":868811,"f":15267753,"t":"Да, окей","d":385474932,"a":[],"m":[]},{"i":868810,"f":12019871,"t":"Какоучое с доставкой порешаем? Почтою или может какие связи есть поездами и тп?)","d":385474774,"a":[],"m":[]},{"i":868809,"f":12019871,"t":"Спишитесь?","d":385474729,"a":[],"m":[]},{"i":868808,"f":15267753,"t":"Можно езать забирать?)","d":385474615,"a":[],"m":[]},{"i":868807,"f":15267753,"t":"Окей","d":385474607,"a":[],"m":[]},{"i":868806,"f":12019871,"t":"Ну и за шип с помощью, естессно)","d":385474603,"a":[],"m":[]},{"i":868805,"f":12019871,"t":"Столько я переведу тебе за них)","d":385474594,"a":[],"m":[]},{"i":868804,"f":12019871,"t":"Условились на 17","d":385474583,"a":[],"m":[]},{"i":868779,"f":15267753,"t":"Вы только с ценником договоритесь )","d":385473792,"a":[],"m":[]},{"i":868778,"f":15267753,"t":"Привет, да конечно","d":385473781,"a":[],"m":[]},{"i":868777,"f":12019871,"t":"День добрый!\nПривезли ему их\nТы как, выручишь, заберёшь для меня их?)","d":385470933,"a":[],"m":[]},{"i":868657,"f":12019871,"t":"Он мне такого не вещал, так что я тоже не уверен) надеюсь заберу с твоей помощью да без особых проблем)","d":385427412,"a":[],"m":[]},{"i":868364,"f":15267753,"t":"его никто не зхнает","d":385416939,"a":[],"m":[]},{"i":868363,"f":15267753,"t":"ну он типа","d":385416937,"a":[],"m":[]},{"i":868362,"f":15267753,"t":"потому что это хз кто)","d":385416931,"a":[],"m":[]},{"i":868361,"f":15267753,"t":"сам он их шипать точно не будет","d":385416927,"a":[],"m":[]},{"i":868360,"f":15267753,"t":"хз какие ему 5 человек написали))","d":385416920,"a":[],"m":[]},{"i":868331,"f":12019871,"t":"Ну ниче","d":385411919,"a":[],"m":[]},{"i":868330,"f":12019871,"t":"Видимо сторгануться не получится)","d":385411918,"a":[],"m":[]},{"i":868326,"f":15267753,"t":"","d":385411879,"a":[],"m":[{"f":211221000,"t":"Мне 17к предложило 5 человек","d":385404049,"a":[]},{"f":15267753,"t":"Ок завтра решим","d":385411859,"a":[]}]},{"i":868315,"f":12019871,"t":"Ждемс)","d":385404641,"a":[],"m":[{"f":211221000,"t":"Перенесли доставку, завтра утром привезут","d":385404095,"a":[]}]},{"i":867780,"f":12019871,"t":"!","d":385333652,"a":[],"m":[]},{"i":867778,"f":12019871,"t":"Плюс! Спасибо?","d":385333651,"a":[],"m":[]},{"i":867775,"f":15267753,"t":"окей, как с ним порешаешь говори, я заберу у него )","d":385333633,"a":[],"m":[]},{"i":867768,"f":12019871,"t":"Ну ладно, это вопрос второй, порешаем по факту)","d":385333541,"a":[],"m":[]},{"i":867756,"f":15267753,"t":"полетит наврядли, на майские все обратно полетят )","d":385333391,"a":[],"m":[]},{"i":867747,"f":12019871,"t":"Если что - почтой просто или авось кто у тебя поедет на днях в мск)","d":385333173,"a":[],"m":[]},{"i":867745,"f":12019871,"t":"В мск просто по более - менее адекватным ценникам обе пары забрали, вот тут нашёл одну, посмотрим!","d":385333155,"a":[],"m":[]},{"i":867744,"f":12019871,"t":"Да по нему видно)","d":385333133,"a":[],"m":[]},{"i":867743,"f":15267753,"t":"молодой реселлер )","d":385333126,"a":[],"m":[]},{"i":867742,"f":15267753,"t":"ну он такой","d":385333122,"a":[],"m":[]},{"i":867741,"f":12019871,"t":"Ответит - договорюсь с ним\nМожет на 16,5 хотя бы сойдёмся ахах","d":385333107,"a":[],"m":[]},{"i":867740,"f":12019871,"t":"Ноуп. Оффлайн он(","d":385333092,"a":[],"m":[]},{"i":867738,"f":15267753,"t":"договорились с ним о чем нибудь?","d":385333010,"a":[],"m":[]},{"i":867737,"f":12019871,"t":"","d":385332790,"a":[],"m":[{"f":211221000,"t":"Привет, должны завтра приехать, ещё нет","d":385330103,"a":[]}]},{"i":867736,"f":12019871,"t":"А, слушай\nЯ в самом начале сообщение пропустил))","d":385332759,"a":[],"m":[]},{"i":867708,"f":12019871,"t":"Ща я спрошу у него","d":385331193,"a":[],"m":[]},{"i":867707,"f":12019871,"t":"Ахах","d":385331188,"a":[],"m":[]},{"i":867697,"f":15267753,"t":"он знает такую схему))","d":385331043,"a":[],"m":[]},{"i":867695,"f":15267753,"t":"","d":385331038,"a":[],"m":[{"f":211221000,"t":"И нужны 500 изи?","d":384950044,"a":[]},{"f":211221000,"t":"12 Uk","d":384950051,"a":[]},{"f":15267753,"t":"изи ритейл носить возьму","d":384950116,"a":[]}]},{"i":867692,"f":15267753,"t":"ну типа у него выбора нету","d":385331031,"a":[],"m":[]},{"i":867690,"f":15267753,"t":"то я за ритейо все равно хахаха","d":385331027,"a":[],"m":[]},{"i":867688,"f":15267753,"t":"и типа если не ты их заберешь","d":385331021,"a":[],"m":[]},{"i":867687,"f":15267753,"t":"кроме как мне","d":385330984,"a":[],"m":[]},{"i":867686,"f":15267753,"t":"потому что он никуда их не денег в нск","d":385330982,"a":[],"m":[]},{"i":867685,"f":15267753,"t":"напиши ему типа 16 го","d":385330974,"a":[],"m":[]},{"i":867684,"f":15267753,"t":"хммммм","d":385330969,"a":[],"m":[]},{"i":867683,"f":15267753,"t":"","d":385330967,"a":[],"m":[{"f":211221000,"t":"И нужны 500 изи?","d":384950044,"a":[]},{"f":211221000,"t":"12 Uk","d":384950051,"a":[]}]},{"i":867682,"f":12019871,"t":"Беру себе, честное пионерское","d":385330964,"a":[],"m":[]},{"i":867681,"f":12019871,"t":"Юс)","d":385330956,"a":[],"m":[]},{"i":867680,"f":15267753,"t":"12ук вроде","d":385330939,"a":[],"m":[]},{"i":867679,"f":15267753,"t":"там сайз редкий у него да вроде какой то?","d":385330936,"a":[],"m":[]},{"i":867678,"f":15267753,"t":"хотя","d":385330924,"a":[],"m":[]},{"i":867677,"f":15267753,"t":"врядли)","d":385330923,"a":[],"m":[]},{"i":867676,"f":12019871,"t":"То с меня процент жирный)))","d":385330921,"a":[],"m":[]},{"i":867675,"f":15267753,"t":"а ну норм","d":385330918,"a":[],"m":[]},{"i":867674,"f":12019871,"t":"Если сторгуешь ещё чуть","d":385330915,"a":[],"m":[]},{"i":867672,"f":12019871,"t":"17 ценник видел","d":385330907,"a":[],"m":[]},{"i":867671,"f":15267753,"t":"а то я у него все за ритейл забираю))","d":385330902,"a":[],"m":[]},{"i":867670,"f":15267753,"t":"а скока хочет?","d":385330895,"a":[],"m":[]},{"i":867669,"f":15267753,"t":"я у него забираю","d":385330892,"a":[],"m":[]},{"i":867668,"f":12019871,"t":"Ща узнаю, дошли ли","d":385330889,"a":[],"m":[]},{"i":867667,"f":15267753,"t":"а знаю","d":385330888,"a":[],"m":[]},{"i":867666,"f":12019871,"t":"Ему как раз онлайн шли","d":385330883,"a":[],"m":[]},{"i":867665,"f":15267753,"t":"ну я заберу без проблем )","d":385330879,"a":[],"m":[]},{"i":867664,"f":12019871,"t":"https://vk.com/id211221000","d":385330878,"a":[],"m":[]},{"i":867662,"f":15267753,"t":"а у нас релиза не было)","d":385330871,"a":[],"m":[]},{"i":867661,"f":15267753,"t":"онлайн еще врядли дошел","d":385330867,"a":[],"m":[]},{"i":867660,"f":15267753,"t":"откуда вообще у нас 500е","d":385330861,"a":[],"m":[]},{"i":867659,"f":12019871,"t":"Хз, нашёл просто вот его","d":385330860,"a":[],"m":[]},{"i":867657,"f":12019871,"t":"И тебе уже дать добро или же просто связать тебя с ним","d":385330853,"a":[],"m":[]},{"i":867656,"f":15267753,"t":"а что за парень?","d":385330853,"a":[],"m":[]},{"i":867654,"f":15267753,"t":"Привет","d":385330849,"a":[],"m":[]},{"i":867652,"f":12019871,"t":"Привет! Я хочу у парня 500е забрать \nЕсли есть возможность выручить, то я могу щас с ним уточниться","d":385330835,"a":[],"m":[]}]}