{"meta":{"v":"1.2","p":30379956,"a":15267753,"t":"Олег Фирсов","d":1691416245},"data":[{"i":2459536,"f":15267753,"t":"Да уже давно нет","d":506631544,"a":[],"m":[]},{"i":2459524,"f":30379956,"t":"У вас Пегасусов нет случаем? Гор текс или шилд?","d":506631278,"a":[],"m":[]},{"i":2458896,"f":15267753,"t":"привет, бываю","d":506609056,"a":[],"m":[]},{"i":2458367,"f":30379956,"t":"По дисконтам бываешь ?","d":506559035,"a":[],"m":[]},{"i":2458366,"f":30379956,"t":"Привет","d":506559027,"a":[],"m":[]},{"i":1181883,"f":15267753,"t":"","d":429714703,"a":[],"m":[{"f":15267753,"t":"привет","d":429562861,"a":[]},{"f":15267753,"t":"эплком + бандеролька","d":429562872,"a":[]},{"f":15267753,"t":"либо https://grabr.io/invitation/ilia-trishin?utm_campaign=web&utm_source=referral_program&utm_medium=copy_link","d":429563106,"a":[{"t":6,"v":"https://grabr.io/invitation/ilia-trishin?utm_campaign=web&utm_source=referral_program&utm_medium=copy_link"}]},{"f":15267753,"t":"это рефералка, там бонусы какие то дают","d":429563114,"a":[]},{"f":15267753,"t":"в первом случае ты попадаешь на налог таможни рф(500евро)","d":429563134,"a":[]},{"f":15267753,"t":"и доставка","d":429563139,"a":[]},{"f":15267753,"t":"во втором вроде все четко, максимум налог штата","d":429563151,"a":[]},{"f":15267753,"t":"но вторым я не пользовался","d":429563157,"a":[]},{"f":15267753,"t":"вот хочу попробовать в этом году","d":429563164,"a":[]},{"f":3362935,"t":"попробуем изучить","d":429563208,"a":[]},{"f":3362935,"t":"спасибо","d":429563214,"a":[]},{"f":15267753,"t":"грабр вроде все красиво","d":429563296,"a":[]},{"f":15267753,"t":"хочу прям попробоввать","d":429563301,"a":[]},{"f":15267753,"t":"очень интересно","d":429563305,"a":[]},{"f":3362935,"t":"тоесть система типо человек цепляет покупку как для себя и везёт её в рф,верно?и тогда безовсяких таможень?","d":429563404,"a":[]},{"f":15267753,"t":"да","d":429563451,"a":[]},{"f":15267753,"t":"и типа он покупает за свои бабки","d":429563460,"a":[]},{"f":15267753,"t":"а ты платишь, твои морозятся","d":429563470,"a":[]},{"f":3362935,"t":"интересно","d":429563485,"a":[]},{"f":3362935,"t":"а сильная разница в цене?","d":429563503,"a":[]},{"f":15267753,"t":"с чем?","d":429563518,"a":[]},{"f":3362935,"t":"с ценой у нас","d":429563538,"a":[]},{"f":15267753,"t":"20-25к за 11 про простой","d":429563557,"a":[]},{"f":15267753,"t":"чем дороже тем больше разница)","d":429563566,"a":[]},{"f":3362935,"t":"солидно)","d":429563586,"a":[]},{"f":15267753,"t":"ну","d":429563615,"a":[]},{"f":15267753,"t":"тип просто 10 скока у нас","d":429563623,"a":[]},{"f":15267753,"t":"60","d":429563625,"a":[]},{"f":15267753,"t":"там 699 баксов","d":429563630,"a":[]},{"f":15267753,"t":"15к разница","d":429563646,"a":[]}]},{"i":1181879,"f":15267753,"t":"Привет","d":429714650,"a":[],"m":[]},{"i":1181760,"f":30379956,"t":"Про айфоны писал- что одно по норм прайсу взять? Подскажешь как?","d":429709643,"a":[],"m":[]},{"i":1181759,"f":30379956,"t":"Привет","d":429709616,"a":[],"m":[]},{"i":640401,"f":15267753,"t":"Не не особо","d":353085955,"a":[],"m":[]},{"i":640388,"f":30379956,"t":"9,5 сайз красно-белые","d":353081274,"a":[],"m":[]},{"i":640380,"f":15267753,"t":"А так деньги нужны","d":353060799,"a":[],"m":[]},{"i":640379,"f":15267753,"t":"Ну если там такси 10.5 юс дс то подумал бы)))","d":353060794,"a":[],"m":[]},{"i":640378,"f":30379956,"t":"На 12?","d":353060767,"a":[],"m":[]},{"i":640377,"f":15267753,"t":"Da","d":353060754,"a":[],"m":[]},{"i":640376,"f":30379956,"t":"Правильно","d":353060741,"a":[],"m":[]},{"i":640375,"f":30379956,"t":"11 продаёшь?","d":353060737,"a":[],"m":[]},{"i":640301,"f":15267753,"t":"Чего на что","d":353045368,"a":[],"m":[]},{"i":640300,"f":15267753,"t":"Привет","d":353045365,"a":[],"m":[]},{"i":640299,"f":30379956,"t":"Привет обмен не интересен?","d":353040234,"a":[],"m":[]}]}