{"meta":{"v":"1.2","p":145346948,"a":15267753,"t":"Nikita Lumpov","d":1691415800},"data":[{"i":2858644,"f":15267753,"t":"Оке","d":530570146,"a":[],"m":[]},{"i":2858630,"f":145346948,"t":"Отмена, Коля сам решил сделать чтобы не проебаться. \nСпасибо что отозвался!","d":530569456,"a":[],"m":[]},{"i":2858625,"f":15267753,"t":"нужен в см габарит точный","d":530569275,"a":[],"m":[]},{"i":2858623,"f":145346948,"t":"Алматы-СПб \n\nКоля сказал в Алмате код отделения не нужен , так что только пункт выдачи - SPB894. \nПолучатель: Лумпов Никита Сергеевич \n3 пары обуви, рюкзак - наверное килограмм 5.","d":530569262,"a":[],"m":[]},{"i":2858619,"f":15267753,"t":"Пиши данные","d":530569103,"a":[],"m":[]},{"i":2858618,"f":15267753,"t":"Прив","d":530569100,"a":[],"m":[]},{"i":2858615,"f":145346948,"t":"Привет, Илюх! \nСделаешь накладную?","d":530568874,"a":[],"m":[]},{"i":2764620,"f":15267753,"t":"+","d":524513110,"a":[],"m":[]},{"i":2764599,"f":145346948,"t":"Готово, соре что долго","d":524512399,"a":[],"m":[]},{"i":2764329,"f":15267753,"t":"да","d":524506714,"a":[],"m":[]},{"i":2764322,"f":145346948,"t":"Сюда?","d":524506563,"a":[],"m":[{"f":15267753,"t":"89059515168 сбер","d":474641637,"a":[]}]},{"i":2764316,"f":15267753,"t":"Номер заказа СДЭК 1362133991\n350","d":524506437,"a":[],"m":[{"f":145346948,"t":"Красногорск - СПб\nKRN9-SPB68\nПолучатель: \nМарголин Олег Игоревич \n+79371879850\nКоробка с зимней обувью, мб 2кг","d":524506380,"a":[]}]},{"i":2764313,"f":145346948,"t":"Красногорск - СПб\nKRN9-SPB68\nПолучатель: \nМарголин Олег Игоревич \n+79371879850\nКоробка с зимней обувью, мб 2кг","d":524506380,"a":[],"m":[]},{"i":2764287,"f":145346948,"t":"Супер, дам инфу в течении получаса","d":524505416,"a":[],"m":[]},{"i":2764285,"f":15267753,"t":"Прив да","d":524505342,"a":[],"m":[]},{"i":2764284,"f":145346948,"t":"Привет! Поможешь с накладной?","d":524505327,"a":[],"m":[]},{"i":2316321,"f":15267753,"t":"+","d":496756003,"a":[],"m":[]},{"i":2316291,"f":145346948,"t":"Спасибо!","d":496755324,"a":[],"m":[]},{"i":2316290,"f":145346948,"t":"скинул","d":496755321,"a":[],"m":[]},{"i":2316284,"f":15267753,"t":"300","d":496755254,"a":[],"m":[]},{"i":2316283,"f":15267753,"t":"Накладная успешно создана с номером: 1285979367","d":496755252,"a":[],"m":[]},{"i":2316275,"f":145346948,"t":"Телефон: +79523963901 получателя","d":496755157,"a":[],"m":[]},{"i":2316274,"f":15267753,"t":"Тел еще","d":496755141,"a":[],"m":[]},{"i":2316273,"f":145346948,"t":"Хотя я там возьму коробку скорее всего","d":496755128,"a":[],"m":[]},{"i":2316268,"f":145346948,"t":"Получатель Гусаков Павел Олегович\nВес - 1,5 кг. Размер - коробка от обуви.","d":496755101,"a":[],"m":[]},{"i":2316267,"f":145346948,"t":"Красногорск-Кудрово\nKRN9-PRZH5","d":496755075,"a":[],"m":[]},{"i":2316167,"f":15267753,"t":"Привет давай","d":496751968,"a":[],"m":[]},{"i":2316122,"f":145346948,"t":"Привет, Илья! \nПомоги со сдеком плиз","d":496751094,"a":[],"m":[]},{"i":2106711,"f":15267753,"t":"Ну если не соаботает напишешь","d":484404295,"a":[],"m":[]},{"i":2106710,"f":145346948,"t":"Спасибо! До связи!","d":484404292,"a":[],"m":[]},{"i":2106709,"f":15267753,"t":"Оке","d":484404288,"a":[],"m":[]},{"i":2106708,"f":145346948,"t":"Супер, а то у меня одна доставка отменилась, хочу заюзать","d":484404283,"a":[],"m":[]},{"i":2106707,"f":15267753,"t":"Бесконечные вроде","d":484404282,"a":[],"m":[]},{"i":2106706,"f":15267753,"t":"Мб да","d":484404276,"a":[],"m":[]},{"i":2106705,"f":145346948,"t":"Полгода есть?","d":484404262,"a":[],"m":[]},{"i":2106704,"f":15267753,"t":"Очень)","d":484404255,"a":[],"m":[]},{"i":2106703,"f":15267753,"t":"Да долго","d":484404252,"a":[],"m":[]},{"i":2106702,"f":15267753,"t":"+","d":484404249,"a":[],"m":[]},{"i":2106701,"f":145346948,"t":"Подскажи, сколько по времени накладная действительна?","d":484404239,"a":[],"m":[]},{"i":2106699,"f":145346948,"t":"Готово","d":484404215,"a":[],"m":[]},{"i":2106569,"f":15267753,"t":"350","d":484398791,"a":[],"m":[]},{"i":2106568,"f":15267753,"t":"Накладная успешно создана с номером: 1255190293","d":484398789,"a":[],"m":[]},{"i":2106560,"f":145346948,"t":"Альметьевск - Самара, пункт выдачи - Братьев Коростелевых 79 (SAM51) \nПолучатель - Лумпов Никита Сергеевич, 89083866441 \nВес - 0,5 кг. Размер - коробка от обуви.","d":484398559,"a":[],"m":[]},{"i":2106555,"f":15267753,"t":"Ща","d":484398389,"a":[],"m":[]},{"i":2106554,"f":145346948,"t":"Ща скажу пункт выдачи","d":484398389,"a":[],"m":[]},{"i":2106553,"f":145346948,"t":"Я уже там буду через неделю","d":484398372,"a":[],"m":[]},{"i":2106551,"f":145346948,"t":"Давай не в Красногорск, а в Самару доставим","d":484398364,"a":[],"m":[]},{"i":2106550,"f":15267753,"t":"Там сдека нет?)","d":484398355,"a":[],"m":[]},{"i":2106549,"f":145346948,"t":"Отмена","d":484398344,"a":[],"m":[]},{"i":2106548,"f":15267753,"t":"Привет","d":484398292,"a":[],"m":[]},{"i":2106547,"f":145346948,"t":"Привет, Илья! \nСделай накладную плиз\nАльметьевск - Красногорск, пункт выдачи - Игната Титова 7 (KRN9) \nПолучатель - Лумпов Никита Сергеевич, 89083866441 \nВес - 0,5 кг. Размер - коробка от обуви.","d":484398284,"a":[],"m":[]},{"i":2020317,"f":15267753,"t":"+","d":479658976,"a":[],"m":[]},{"i":2020314,"f":145346948,"t":"Готово","d":479658952,"a":[],"m":[]},{"i":2020306,"f":145346948,"t":"Спасибо! Ща закину","d":479658865,"a":[],"m":[]},{"i":2020299,"f":15267753,"t":"Накладная успешно создана с номером: 1244043873\n350","d":479658827,"a":[],"m":[]},{"i":2020250,"f":15267753,"t":"Прив, сейчас сделаю","d":479657682,"a":[],"m":[]},{"i":2020040,"f":145346948,"t":"Привет, Илья! \nСделай накладную плиз\nНижний Новогород - Красногорск, пункт выдачи - Игната Титова 7 (KRN9) \nПолучатель - Лумпов Никита Сергеевич, 89083866441 \nВес - 1 кг. Размер - коробка от обуви","d":479652958,"a":[],"m":[]},{"i":1983973,"f":145346948,"t":"Спасибо, отписал!","d":477782124,"a":[],"m":[]},{"i":1983972,"f":15267753,"t":"ему нада было 150","d":477782036,"a":[],"m":[]},{"i":1983971,"f":15267753,"t":"Чуклайкину напиши","d":477782033,"a":[],"m":[]},{"i":1983970,"f":15267753,"t":"мб знакомые кто отпишут )","d":477782026,"a":[],"m":[]},{"i":1983969,"f":145346948,"t":"Если что придумаешь дай знать плиз) Мне тоже 100$ надо скинуть","d":477782026,"a":[],"m":[]},{"i":1983968,"f":15267753,"t":"еще не думал пока об этом","d":477782019,"a":[],"m":[]},{"i":1983967,"f":15267753,"t":"ето да","d":477782010,"a":[],"m":[]},{"i":1983965,"f":145346948,"t":"Мне страшновато левым людям кидать бабки","d":477782003,"a":[],"m":[]},{"i":1983963,"f":15267753,"t":"да пока чет никто не писал )","d":477781939,"a":[],"m":[]},{"i":1983962,"f":15267753,"t":"привет","d":477781935,"a":[],"m":[]},{"i":1983960,"f":145346948,"t":"Привет! Ты будешь с этой группой по продаже бабок на ПП дело иметь?","d":477781918,"a":[],"m":[]},{"i":1972420,"f":15267753,"t":"300","d":477231497,"a":[],"m":[]},{"i":1972419,"f":15267753,"t":"Накладная успешно создана с номером: 1238032793","d":477231496,"a":[],"m":[]},{"i":1972405,"f":15267753,"t":"Сейчас сделаю","d":477231369,"a":[],"m":[]},{"i":1972403,"f":15267753,"t":"Привет","d":477231367,"a":[],"m":[]},{"i":1972400,"f":145346948,"t":"Привет, Илья! Я снова за накладной)\nКострома - Красногорск, пункт выдачи - Игната Титова 7 (KRN9) \nПолучатель - Лумпов Никита Сергеевич, 89083866441 \nВес - 1 кг. Размер - коробка от обуви","d":477231350,"a":[],"m":[]},{"i":1956475,"f":15267753,"t":"+","d":476283308,"a":[],"m":[]},{"i":1956472,"f":15267753,"t":"Ну от расстояния зависит","d":476283205,"a":[],"m":[]},{"i":1956471,"f":145346948,"t":"С договором фикс прайс?","d":476283189,"a":[],"m":[]},{"i":1956462,"f":145346948,"t":"Спасибо!","d":476283134,"a":[],"m":[]},{"i":1956419,"f":15267753,"t":"300","d":476281827,"a":[],"m":[]},{"i":1956418,"f":15267753,"t":"Накладная успешно создана с номером: 1235890445","d":476281826,"a":[],"m":[]},{"i":1956405,"f":15267753,"t":"Привет, сейчас сделаю","d":476281461,"a":[],"m":[]},{"i":1956402,"f":145346948,"t":"Привет, Илья! \nСделай плиз накладную))\nСанкт Петербург - Красногорск, пункт выдачи - Игната Титова 7 (KRN9)\nПолучатель - Лумпов Никита Сергеевич, 89083866441\nВес - 1 кг. Размер - коробка от обуви +-","d":476281443,"a":[],"m":[]},{"i":1929343,"f":15267753,"t":"+","d":474641693,"a":[],"m":[]},{"i":1929342,"f":145346948,"t":"Улетели","d":474641681,"a":[],"m":[]},{"i":1929341,"f":15267753,"t":"Оке","d":474641652,"a":[],"m":[]},{"i":1929340,"f":145346948,"t":"Так норм","d":474641647,"a":[],"m":[]},{"i":1929339,"f":15267753,"t":"Или тебе номер карты над","d":474641642,"a":[],"m":[]},{"i":1929338,"f":15267753,"t":"89059515168 сбер","d":474641637,"a":[],"m":[]},{"i":1929337,"f":145346948,"t":"Супер, куда платить?","d":474641626,"a":[],"m":[]},{"i":1929335,"f":15267753,"t":"Накладная успешно создана с номером: 1231591926\n300₽","d":474641606,"a":[],"m":[]},{"i":1929333,"f":145346948,"t":"Гуууд)","d":474641523,"a":[],"m":[]},{"i":1929332,"f":15267753,"t":"Привет, нет, ща сделаю)","d":474641495,"a":[],"m":[]},{"i":1929331,"f":145346948,"t":"Привет, Илья! \nНасчёт сдека)\nДанные следующие:\nМинск - Красногорск, пункт  выдачи - Игната Титова 7 (KRN9)\nПолучатель - Лумпов Никита Сергеевич, 89083866441\nОтправляем легкую куртку на осень, вес меньше 1кг, поедет в коробке. \nКакие-то ещё данные от меня нужны?","d":474641477,"a":[],"m":[]},{"i":1905632,"f":145346948,"t":"Не блин, не успею я до Москвы добраться","d":473263701,"a":[],"m":[]},{"i":1905631,"f":15267753,"t":"Лежать хз вроже неделю","d":473263683,"a":[],"m":[]},{"i":1905630,"f":15267753,"t":"Ехать пару дней","d":473263677,"a":[],"m":[]},{"i":1905627,"f":145346948,"t":"Минск-Москва сколько ехать будет? И лежать сколько может?","d":473263658,"a":[],"m":[]},{"i":1905625,"f":15267753,"t":"Габаириты примерно/или что там","d":473263594,"a":[],"m":[]},{"i":1905624,"f":15267753,"t":"Город откуда\nГород куда, фио, номерС пункт сдек","d":473263587,"a":[],"m":[]},{"i":1905622,"f":145346948,"t":"Что от меня нужно?","d":473263549,"a":[],"m":[]},{"i":1905621,"f":15267753,"t":"Привет, да","d":473263536,"a":[],"m":[]},{"i":1905620,"f":145346948,"t":"Привет, Илья! Поможешь со сдеком?","d":473263508,"a":[],"m":[]},{"i":1810097,"f":145346948,"t":"Спасибо","d":467760622,"a":[],"m":[]},{"i":1810096,"f":145346948,"t":"Буду ждать)","d":467760616,"a":[],"m":[]},{"i":1810085,"f":15267753,"t":"Привет, ой, хз, забирали сегодня, че осталось отпишу как буду","d":467760556,"a":[],"m":[]},{"i":1810084,"f":145346948,"t":"Привет!) \nОстались 6юс?","d":467760520,"a":[{"t":0,"s":{"m":"https://sun9-17.userapi.com/impg/V3d62Imca9n308bZd5CeDRKGzmI11h3bnrOZJg/rtfUGuV5_V0.jpg?size=499x1080&quality=96&sign=70ddd10455b83c27653ec8a060d26c33&c_uniq_tag=ZHehYzvGMEzu7lqPx6mmJy_KNAQW-6D3LB3qAtrlE3k&type=album","s":"https://sun9-17.userapi.com/impg/V3d62Imca9n308bZd5CeDRKGzmI11h3bnrOZJg/rtfUGuV5_V0.jpg?size=279x604&quality=96&sign=4aade8f1cb602e77afe7e4651ad15012&c_uniq_tag=QMEeMfG2oAac0LWcgLjXUtfjyhxSbn58v01rBV4DAiM&type=album","n":"https://sun9-17.userapi.com/impg/V3d62Imca9n308bZd5CeDRKGzmI11h3bnrOZJg/rtfUGuV5_V0.jpg?size=35x75&quality=96&sign=4f6f79a8cfcc24021e79f03840017dac&c_uniq_tag=xWMG4gGw3R-PqtLU8w1eeD5B2a2np_NDuUgdYlH2kec&type=album","o":"https://sun9-17.userapi.com/impg/V3d62Imca9n308bZd5CeDRKGzmI11h3bnrOZJg/rtfUGuV5_V0.jpg?size=510x900&quality=96&crop=0,0,750,1324&sign=f7b7c9cb96f46061336d678f65d10dd5&c_uniq_tag=nbeHqIFPb575znYhT5442cjtnq2iMe_R1CWj923IfzQ&type=album","t":"https://sun9-17.userapi.com/impg/V3d62Imca9n308bZd5CeDRKGzmI11h3bnrOZJg/rtfUGuV5_V0.jpg?size=200x433&quality=96&sign=e1710b6f48d6301263a71b66080625fc&c_uniq_tag=brK3JiIOSeg5n6i04axmLIkB76qbP7h3QOu6FK8bryE&type=album"},"z":"","q":0,"w":0,"o":145346948,"i":457242910,"d":467760426},{"t":0,"s":{"m":"https://sun9-77.userapi.com/impg/gb4oO3NE0ruHinH9uxJbzfzgYYoTVPrhhlsRkQ/VrOAFffGcMA.jpg?size=499x1080&quality=96&sign=cb7ff613b959d58df7f286f3debe9947&c_uniq_tag=YEzQJhVNahGf28ixFs5yjkoF-1evw-EajoV1cwvXfCk&type=album","s":"https://sun9-77.userapi.com/impg/gb4oO3NE0ruHinH9uxJbzfzgYYoTVPrhhlsRkQ/VrOAFffGcMA.jpg?size=279x604&quality=96&sign=39d1dacbc779a6002f3c5d32ebbe95e7&c_uniq_tag=xZkeHsUZxr1LKzo_mQ8T0HQqtP1k44dJYnU4z00lN2k&type=album","n":"https://sun9-77.userapi.com/impg/gb4oO3NE0ruHinH9uxJbzfzgYYoTVPrhhlsRkQ/VrOAFffGcMA.jpg?size=35x75&quality=96&sign=c266c0c5a9af0d679be0fed58c90cff7&c_uniq_tag=0iiDpieIycRAu88KABHY3kIz7enOaAYeOMHAG7ydEY4&type=album","o":"https://sun9-77.userapi.com/impg/gb4oO3NE0ruHinH9uxJbzfzgYYoTVPrhhlsRkQ/VrOAFffGcMA.jpg?size=510x900&quality=96&crop=0,0,750,1324&sign=1feae48e18cd85e4caad20930a3f732b&c_uniq_tag=7wozt5NXYZQ43CRivTowpCKEbsN4PxTPAQ6XTWfz7eg&type=album","t":"https://sun9-77.userapi.com/impg/gb4oO3NE0ruHinH9uxJbzfzgYYoTVPrhhlsRkQ/VrOAFffGcMA.jpg?size=200x433&quality=96&sign=410bc5b8e99479ccbf22e02ca5b7e334&c_uniq_tag=FiC8VPONWvCoyNqW9eVJkEmE4ypaGS9QF4ebI6kKDeQ&type=album"},"z":"","q":0,"w":0,"o":145346948,"i":457242909,"d":467760426}],"m":[]},{"i":1246591,"f":15267753,"t":"Привет. 3.5 хотелось бы)","d":434544563,"a":[],"m":[]},{"i":1246402,"f":145346948,"t":"Привет) сколько стоят дакбуты?","d":434502557,"a":[],"m":[]},{"i":865229,"f":145346948,"t":"✊","d":385134629,"a":[],"m":[]},{"i":865227,"f":15267753,"t":"Спасибо большое","d":385134611,"a":[],"m":[]},{"i":865226,"f":15267753,"t":"А точно)","d":385134608,"a":[],"m":[]},{"i":865219,"f":145346948,"t":"https://vk.com/tovarishev_andrey","d":385134575,"a":[],"m":[]},{"i":865217,"f":15267753,"t":"Чета никого не могу найти вообще","d":385134554,"a":[],"m":[]},{"i":865216,"f":15267753,"t":"Давай","d":385134545,"a":[],"m":[]},{"i":865215,"f":15267753,"t":"Блин","d":385134543,"a":[],"m":[]},{"i":865211,"f":145346948,"t":"Который уже мне помогал","d":385134478,"a":[],"m":[]},{"i":865210,"f":145346948,"t":"Могу посоветовать челика","d":385134471,"a":[],"m":[]},{"i":865209,"f":145346948,"t":"Привет, так я не в Казани 😁","d":385134466,"a":[],"m":[]},{"i":865208,"f":15267753,"t":"Поможешь с парой в казане?)","d":385134416,"a":[],"m":[]},{"i":865207,"f":15267753,"t":"Привет","d":385134408,"a":[],"m":[]},{"i":594069,"f":15267753,"t":"Ттс вроде говорят","d":347630042,"a":[],"m":[]},{"i":594067,"f":15267753,"t":"Ок","d":347630038,"a":[],"m":[]},{"i":594066,"f":15267753,"t":"Да давай","d":347630036,"a":[],"m":[]},{"i":594065,"f":145346948,"t":"Лан, как узнаю, напишу еще. Поможешь?","d":347630024,"a":[],"m":[]},{"i":594064,"f":145346948,"t":"Ну у меня были 25, говорю. Если впритык как 6, то фигово, если посвободнее то норм, возьму","d":347630008,"a":[],"m":[]},{"i":594063,"f":15267753,"t":"25 см","d":347629936,"a":[],"m":[]},{"i":594062,"f":15267753,"t":"Ой я ваще хз","d":347629914,"a":[],"m":[]},{"i":594057,"f":145346948,"t":"Как эти хз(","d":347629852,"a":[],"m":[]},{"i":594055,"f":145346948,"t":"Просто у меня 7у были 6, они прям в притык были","d":347629848,"a":[],"m":[]},{"i":594051,"f":145346948,"t":"А как они по сайзу не знаешь?","d":347629834,"a":[],"m":[]},{"i":593982,"f":15267753,"t":"5y одна пара и 7y две пары","d":347612148,"a":[],"m":[]},{"i":593940,"f":15267753,"t":"Привет, сегодня гляну, должна быть пара!","d":347609305,"a":[],"m":[]},{"i":593932,"f":145346948,"t":"Привет! Есть варик замутить 7,5юс 10 НУС за 4250?","d":347595761,"a":[],"m":[]}]}