{"meta":{"v":"1.2","p":2732081,"a":15267753,"t":"Артур Шарипов","d":1691415370},"data":[{"i":3096403,"f":15267753,"t":"+","d":547908592,"a":[],"m":[]},{"i":3096401,"f":2732081,"t":"Спасиб)","d":547908485,"a":[],"m":[]},{"i":3096399,"f":15267753,"t":"Номер заказа СДЭК 1438508912\n600","d":547908466,"a":[],"m":[{"f":2732081,"t":"Уфа-Москва\n53х39х16\nШарипов Артур Эдуардович\nУл. Льва Яшина 7\n89251357788","d":547905545,"a":[]}]},{"i":3096397,"f":15267753,"t":"привет","d":547908408,"a":[],"m":[]},{"i":3096324,"f":2732081,"t":"Уфа-Москва\n53х39х16\nШарипов Артур Эдуардович\nУл. Льва Яшина 7\n89251357788","d":547905545,"a":[],"m":[]},{"i":3096321,"f":2732081,"t":"Привет!) Сделаешь накладную?","d":547905458,"a":[],"m":[]},{"i":3088427,"f":15267753,"t":"+","d":547130389,"a":[],"m":[]},{"i":3088426,"f":2732081,"t":"","d":547130386,"a":[{"t":3,"o":2732081,"i":659341766,"n":"receipt_04.06.2023.pdf","e":"pdf","s":119089,"url":"https://vk.com/doc2732081_659341766?hash=9Qv32hfs4RejsnZIhNh1R0uS4Mqh1QBgXmLsuhIxzBT&dl=T6rZfcBPoNxu4yz5CPoqPa3ZbW89ohDTBOf875lzeRD&api=1&no_preview=1"}],"m":[]},{"i":3088425,"f":15267753,"t":"ну там по габаритам обьемный 6.5","d":547130338,"a":[],"m":[]},{"i":3088424,"f":2732081,"t":"Спасибо) а вес в итоге не важен? Главное габариты?","d":547130328,"a":[],"m":[]},{"i":3088423,"f":15267753,"t":"Номер заказа СДЭК 1436066757\n550","d":547130310,"a":[],"m":[{"f":2732081,"t":"Москва-Уфа \nВес \n53х39х16\nШарипов Артур Эдуардович\nУл. Степана Кувыкина 16\n89251357788","d":547130101,"a":[]}]},{"i":3088422,"f":2732081,"t":"Москва-Уфа \nВес \n53х39х16\nШарипов Артур Эдуардович\nУл. Степана Кувыкина 16\n89251357788","d":547130101,"a":[],"m":[]},{"i":3088420,"f":15267753,"t":"Напиши фио тел пункт","d":547129970,"a":[],"m":[{"f":2732081,"t":"Норм, давай сделаем тогда попозже как вес точно узнаю","d":547129951,"a":[]}]},{"i":3088419,"f":2732081,"t":"Аа","d":547129960,"a":[],"m":[]},{"i":3088418,"f":15267753,"t":"По габариту","d":547129954,"a":[],"m":[]},{"i":3088417,"f":2732081,"t":"Норм, давай сделаем тогда попозже как вес точно узнаю","d":547129951,"a":[],"m":[]},{"i":3088416,"f":2732081,"t":"Это за 5кг?)","d":547129931,"a":[],"m":[]},{"i":3088415,"f":15267753,"t":"550р","d":547129915,"a":[],"m":[{"f":2732081,"t":"Ну вот коробка есть, 53х39х16","d":547129557,"a":[]}]},{"i":3088414,"f":2732081,"t":"Ну вот коробка есть, 53х39х16","d":547129557,"a":[],"m":[]},{"i":3088413,"f":15267753,"t":"Ога","d":547129449,"a":[],"m":[]},{"i":3088412,"f":2732081,"t":"То есть если я просто в пакете большом принесу, они в нем и отправят?","d":547129435,"a":[],"m":[]},{"i":3088411,"f":15267753,"t":"Габариты нужны что бы посчитать","d":547129401,"a":[],"m":[]},{"i":3088410,"f":15267753,"t":"Своя упаковка, как упакуешь так и отправят","d":547129393,"a":[],"m":[]},{"i":3088409,"f":15267753,"t":"Привет","d":547129383,"a":[],"m":[]},{"i":3088402,"f":2732081,"t":"И в каком виде лучше отправить это?просто в пакете принести им? Или в коробку какую упаковать?","d":547128976,"a":[],"m":[]},{"i":3088401,"f":2732081,"t":"Привет!) Можно будет накладную сделать? Сориентируешь по цене? 5-6кг отправить из Москвы в Уфу нужно","d":547128930,"a":[],"m":[]},{"i":3021456,"f":15267753,"t":"+","d":541448202,"a":[],"m":[]},{"i":3021447,"f":2732081,"t":"Перевел","d":541447838,"a":[],"m":[]},{"i":3021446,"f":2732081,"t":"Спасиб!","d":541447808,"a":[],"m":[]},{"i":3021445,"f":15267753,"t":"Номер заказа СДЭК 1417229982 \n350","d":541447782,"a":[],"m":[{"f":2732081,"t":"Москва-Уфа\nВес 0.2кг?\nВайднер Дмитрий Евгеньевич\nУфа, ул. Пушкина, 45/1\n+7 (987) 590-63-97","d":541447597,"a":[]}]},{"i":3021431,"f":2732081,"t":"Москва-Уфа\nВес 0.2кг?\nВайднер Дмитрий Евгеньевич\nУфа, ул. Пушкина, 45/1\n+7 (987) 590-63-97","d":541447597,"a":[],"m":[]},{"i":3021429,"f":2732081,"t":"Ща","d":541447408,"a":[],"m":[]},{"i":3021428,"f":2732081,"t":"Замерять их?","d":541447400,"a":[{"t":0,"s":{"m":"https://sun9-12.userapi.com/impg/BLgW8PWaWXULH47oC5EiIoqa3Lm2IrbuuUdErA/8pj0m41ha0E.jpg?size=510x680&quality=95&sign=bfdfbf91ef913a39a42846162485ed78&c_uniq_tag=MKYD8XnNzxZliqLQuCCza9LoL-zbkMilCXBUkQhd0PE&type=album","s":"https://sun9-12.userapi.com/impg/BLgW8PWaWXULH47oC5EiIoqa3Lm2IrbuuUdErA/8pj0m41ha0E.jpg?size=200x267&quality=95&sign=0add92aab3b5a1e2ad5c8848ad336aab&c_uniq_tag=f4PLoG8cCFO7qgj2HAI7wKMZt6xVx9UtrBoEuHSmWjg&type=album","n":"https://sun9-12.userapi.com/impg/BLgW8PWaWXULH47oC5EiIoqa3Lm2IrbuuUdErA/8pj0m41ha0E.jpg?size=1620x2160&quality=95&sign=eb0170cb6afd646a7f2b494ff068d176&c_uniq_tag=jkYTDqFGNqAisBwBqIDjb-mFkH04gdEcV-JVwsKPI-Q&type=album","o":"https://sun9-12.userapi.com/impg/BLgW8PWaWXULH47oC5EiIoqa3Lm2IrbuuUdErA/8pj0m41ha0E.jpg?size=810x1080&quality=95&sign=dd4a97862dfe12f08f0978dbbdcdaef9&c_uniq_tag=elHo_dN6j193ssDFPIVQxq_eXyNYfgQTCVQi59KFN3o&type=album","t":"https://sun9-12.userapi.com/impg/BLgW8PWaWXULH47oC5EiIoqa3Lm2IrbuuUdErA/8pj0m41ha0E.jpg?size=453x604&quality=95&sign=dfcac2f322c2c0097e210c376385fa24&c_uniq_tag=HU7L8mumryXMk7L1FnFtYWbql6cpfsrGdmC6dCC9gQ8&type=album"},"z":"","q":0,"w":0,"o":2732081,"i":457244199,"d":541447399}],"m":[]},{"i":3021427,"f":15267753,"t":"ну пиши данные","d":541447392,"a":[],"m":[]},{"i":3021426,"f":2732081,"t":"Ну маленькие коробочки","d":541447359,"a":[],"m":[]},{"i":3021425,"f":2732081,"t":"Три беарбрика))","d":541447355,"a":[],"m":[]},{"i":3021421,"f":15267753,"t":"Штойта)","d":541447230,"a":[],"m":[]},{"i":3021419,"f":2732081,"t":"","d":541447207,"a":[{"t":0,"s":{"m":"https://sun9-28.userapi.com/impg/xTOepflzbFYKEwF2qDfj5bR91bZe2XF788pGTA/kF0ajybc0qw.jpg?size=510x680&quality=95&sign=608ed5097a13af4b869f96086611e255&c_uniq_tag=J9P6fGDJOZvg0BIZjVwaX0h_E584ump4BTgtUIgN4y0&type=album","s":"https://sun9-28.userapi.com/impg/xTOepflzbFYKEwF2qDfj5bR91bZe2XF788pGTA/kF0ajybc0qw.jpg?size=200x267&quality=95&sign=869b59b2036601de9ca0b276e180cd29&c_uniq_tag=jboKMVVVYZ0p39GTwXmerz4U6_5fybg6fzkA2ryHCf0&type=album","n":"https://sun9-28.userapi.com/impg/xTOepflzbFYKEwF2qDfj5bR91bZe2XF788pGTA/kF0ajybc0qw.jpg?size=1620x2160&quality=95&sign=ded933bc64be8f9cff073ef146d47d4b&c_uniq_tag=1wYqr1a1_-CPN0y6IzxWXwa2tlerSnXV6pQDGb72r2o&type=album","o":"https://sun9-28.userapi.com/impg/xTOepflzbFYKEwF2qDfj5bR91bZe2XF788pGTA/kF0ajybc0qw.jpg?size=810x1080&quality=95&sign=b1e4a46216d2846206eb30580a8bde43&c_uniq_tag=IOV5QiVzNnUzdRAe2Ok2IN26b5hF1HP4pKBn-iztuGg&type=album","t":"https://sun9-28.userapi.com/impg/xTOepflzbFYKEwF2qDfj5bR91bZe2XF788pGTA/kF0ajybc0qw.jpg?size=453x604&quality=95&sign=fa4f6b681e88a01b6137aee2642afdf6&c_uniq_tag=5lFVDCc6vpoChhW1aWTrJ16K14YC7wenjoG4ajNkmnY&type=album"},"z":"","q":0,"w":0,"o":2732081,"i":457244198,"d":541447207}],"m":[]},{"i":3021418,"f":2732081,"t":"Я ток не знаю какие размеры указывать? Тут вот такая посылка😃","d":541447191,"a":[],"m":[]},{"i":3021416,"f":15267753,"t":"Прив даваф","d":541447134,"a":[],"m":[]},{"i":3021415,"f":2732081,"t":"Привет! Сделаешь накладную?)","d":541447123,"a":[],"m":[]},{"i":2847215,"f":15267753,"t":"+","d":529712745,"a":[],"m":[]},{"i":2847206,"f":2732081,"t":"Спасибо!)перевел","d":529712508,"a":[],"m":[]},{"i":2847201,"f":15267753,"t":"Номер заказа СДЭК 1378051836\n250","d":529712413,"a":[],"m":[{"f":2732081,"t":"Москва-Москва\nВес 0.5кг\n15х10х5\nШарипов Артур Эдуардович\nУл. Льва Яшина 7\n89251357788","d":529711496,"a":[]}]},{"i":2847177,"f":2732081,"t":"Москва-Москва\nВес 0.5кг\n15х10х5\nШарипов Артур Эдуардович\nУл. Льва Яшина 7\n89251357788","d":529711496,"a":[],"m":[]},{"i":2847173,"f":15267753,"t":"Привя, давай, мин через 15 у компа буду","d":529711416,"a":[],"m":[]},{"i":2847168,"f":2732081,"t":"Привет! Сделаешь?)","d":529711391,"a":[],"m":[]},{"i":2841865,"f":2732081,"t":"Перевел","d":529356074,"a":[],"m":[]},{"i":2841862,"f":2732081,"t":"Спасиб!)","d":529356036,"a":[],"m":[]},{"i":2841861,"f":15267753,"t":"Номер заказа СДЭК 1376805224\n320","d":529355889,"a":[],"m":[{"f":2732081,"t":"Москва-Уфа\nВес 0.6кг\n30х23х12\nЯкута Тимур Эдуардович\nУфа, ул. Дорофеева, 3 корп.2\n8 (917) 807-50-60","d":529352669,"a":[]}]},{"i":2841847,"f":2732081,"t":"Окей","d":529355065,"a":[],"m":[]},{"i":2841846,"f":15267753,"t":"Да ща до комп дойду","d":529355057,"a":[],"m":[]},{"i":2841838,"f":2732081,"t":"Получится в ближайшее время?)","d":529354743,"a":[],"m":[]},{"i":2841806,"f":2732081,"t":"Москва-Уфа\nВес 0.6кг\n30х23х12\nЯкута Тимур Эдуардович\nУфа, ул. Дорофеева, 3 корп.2\n8 (917) 807-50-60","d":529352669,"a":[],"m":[]},{"i":2841802,"f":15267753,"t":"Прив\nПиши чуть позже сделаю","d":529352330,"a":[],"m":[]},{"i":2841798,"f":2732081,"t":"Привет! Сделаешь сдек?)","d":529352285,"a":[],"m":[]},{"i":2603388,"f":15267753,"t":"+","d":514065424,"a":[],"m":[]},{"i":2603373,"f":2732081,"t":"Скинул","d":514064720,"a":[],"m":[]},{"i":2603370,"f":2732081,"t":"Спасиб)","d":514064594,"a":[],"m":[]},{"i":2603364,"f":15267753,"t":"Накладная успешно создана с номером: 1335459322\n400","d":514064134,"a":[],"m":[{"f":2732081,"t":"Хорошо)","d":514063046,"a":[]}]},{"i":2603361,"f":15267753,"t":"Да ща","d":514064018,"a":[],"m":[]},{"i":2603358,"f":2732081,"t":"Сделаешь? А то через пол часа сдек закрывается)","d":514063669,"a":[],"m":[]},{"i":2603350,"f":2732081,"t":"Москва-Уфа\nВес 3.4кг\n25х17х29\nКотов Игорь Константинович 89371516471\nг.Уфа, проспект Октября 116","d":514063048,"a":[],"m":[]},{"i":2603349,"f":2732081,"t":"Хорошо)","d":514063046,"a":[],"m":[]},{"i":2603348,"f":15267753,"t":"Привет, да","d":514063023,"a":[],"m":[]},{"i":2603326,"f":2732081,"t":"Привет! Сдек делаешь еще?)","d":514061294,"a":[],"m":[]},{"i":2456162,"f":15267753,"t":"+","d":506437522,"a":[],"m":[]},{"i":2456149,"f":2732081,"t":"Скинул","d":506436706,"a":[],"m":[]},{"i":2456147,"f":2732081,"t":"Спасиб","d":506436606,"a":[],"m":[]},{"i":2456116,"f":15267753,"t":"Накладная успешно создана с номером: 1317064904\n350","d":506434369,"a":[],"m":[]},{"i":2456107,"f":2732081,"t":"Москва - Уфа\nВес: 700г\n35х25х15\nФайрушина Анна Артуровна\n+79191537981\nУфа, ул. Софьи Перовской, 73","d":506434006,"a":[],"m":[]},{"i":2456104,"f":15267753,"t":"Привет да","d":506433681,"a":[],"m":[]},{"i":2456103,"f":2732081,"t":"Привет! Сделаешь накладную?","d":506433660,"a":[],"m":[]},{"i":2436735,"f":2732081,"t":"Спасиб","d":505090543,"a":[],"m":[]},{"i":2436734,"f":2732081,"t":"Аа ну ок)","d":505090541,"a":[],"m":[]},{"i":2436733,"f":15267753,"t":"Да 50₽ делаю сверху накладной)","d":505090533,"a":[],"m":[]},{"i":2436732,"f":15267753,"t":"С коми дорого всегда","d":505090523,"a":[],"m":[{"f":2732081,"t":"Спасиб.дешевле не вышло короче) ты хоть с этого что-то имеешь? А то неудобно заебывать","d":505090338,"a":[]}]},{"i":2436731,"f":15267753,"t":"+","d":505090513,"a":[],"m":[]},{"i":2436730,"f":2732081,"t":"Спасиб.дешевле не вышло короче) ты хоть с этого что-то имеешь? А то неудобно заебывать","d":505090338,"a":[],"m":[]},{"i":2436729,"f":15267753,"t":"Накладная успешно создана с номером: 1312526242\n350","d":505090283,"a":[],"m":[]},{"i":2436727,"f":2732081,"t":"Ну давай тогда 15х10х5","d":505090226,"a":[],"m":[]},{"i":2436726,"f":15267753,"t":"да можно любой габарит указать","d":505090181,"a":[],"m":[]},{"i":2436725,"f":2732081,"t":"Как правильно то?)","d":505090170,"a":[],"m":[]},{"i":2436724,"f":2732081,"t":"Ну я по вот этому ориентируюсь","d":505090166,"a":[{"t":0,"s":{"m":"https://sun9-19.userapi.com/impg/8PZrGABF3RjLGUmgzJR6oGBHNnbvKHHCk_IYig/Uy8qpaTrQYg.jpg?size=510x900&quality=95&crop=0,0,1170,2065&sign=a49527227b5be41254cc5f7a3b5ca514&c_uniq_tag=Y7bLUcK59gvenqI3cJDm6H2SB4radIdtHLQyJr6J_iE&type=album","s":"https://sun9-19.userapi.com/impg/8PZrGABF3RjLGUmgzJR6oGBHNnbvKHHCk_IYig/Uy8qpaTrQYg.jpg?size=200x433&quality=95&sign=67cf8f9b8e800862a5916daf99a3b573&c_uniq_tag=72JyX6N0RY_HcJqKUFO2wFFqCyXZl9fBSf9Wx5aiM30&type=album","n":"https://sun9-19.userapi.com/impg/8PZrGABF3RjLGUmgzJR6oGBHNnbvKHHCk_IYig/Uy8qpaTrQYg.jpg?size=998x2160&quality=95&sign=8d69c7f7c515b722b9f24e21c0983248&c_uniq_tag=dy-iN5GQxosFdsA7e5EJAYBnmDY0VbFL79D1KM1eOjk&type=album","o":"https://sun9-19.userapi.com/impg/8PZrGABF3RjLGUmgzJR6oGBHNnbvKHHCk_IYig/Uy8qpaTrQYg.jpg?size=499x1080&quality=95&sign=635732cc435f5a43cc1e40a19247bb79&c_uniq_tag=H85DyENdbiFH4tQR3k_JeCnAZOVsicLbPqMsBDO-HHs&type=album","t":"https://sun9-19.userapi.com/impg/8PZrGABF3RjLGUmgzJR6oGBHNnbvKHHCk_IYig/Uy8qpaTrQYg.jpg?size=279x604&quality=95&sign=20713da06bc6c875d0cd32fca04c6b1b&c_uniq_tag=GcU_z1UYNVf4L0W0gRi88PK4Kg5-Yzd4W4AYmIHpGAw&type=album"},"z":"","q":0,"w":0,"o":2732081,"i":457244107,"d":505090165}],"m":[]},{"i":2436723,"f":15267753,"t":"можно, но это большие габариты )","d":505090111,"a":[],"m":[]},{"i":2436722,"f":2732081,"t":"Тогда можно указать конверт  35х35х5?","d":505090071,"a":[],"m":[]},{"i":2436721,"f":15267753,"t":"Да","d":505090034,"a":[],"m":[{"f":2732081,"t":"Или может подскажешь как правильно указывать их? Там в зависимости от коробки в основном цена?","d":505090010,"a":[]}]},{"i":2436720,"f":2732081,"t":"Там перчатки чел будет отправлять","d":505090018,"a":[],"m":[]},{"i":2436719,"f":2732081,"t":"Или может подскажешь как правильно указывать их? Там в зависимости от коробки в основном цена?","d":505090010,"a":[],"m":[]},{"i":2436718,"f":2732081,"t":"Готово","d":505089962,"a":[],"m":[]},{"i":2436717,"f":2732081,"t":"Ой, размеры не поменял","d":505089935,"a":[],"m":[]},{"i":2436716,"f":2732081,"t":"Сыктывкар - Москва\nВес: 250г\n15х15х15\nШарипов Артур Эдуардович\n89251357788\nМосква, Некрасовка\n ул.Льва Яшина, д7","d":505089926,"a":[],"m":[]},{"i":2436715,"f":15267753,"t":"Давай","d":505089909,"a":[],"m":[]},{"i":2436714,"f":2732081,"t":"сделаешь еще одну ?)","d":505089895,"a":[],"m":[]},{"i":2436580,"f":15267753,"t":"+++","d":505078531,"a":[],"m":[]},{"i":2436579,"f":2732081,"t":"Спасиб)","d":505078521,"a":[],"m":[]},{"i":2436576,"f":15267753,"t":"Накладная успешно создана с номером: 1312506397\n250","d":505078445,"a":[],"m":[]},{"i":2436574,"f":2732081,"t":"Москва - Москва\nВес: 700г\n33х21х11\nШарипов Артур Эдуардович\n89251357788\nМосква, Некрасовка\n ул.Льва Яшина, д7","d":505078256,"a":[],"m":[]},{"i":2436573,"f":15267753,"t":"Привет давай","d":505078249,"a":[],"m":[]},{"i":2436572,"f":2732081,"t":"Привет! Сдек можно?)","d":505078228,"a":[],"m":[]},{"i":2429849,"f":15267753,"t":"+","d":504637478,"a":[],"m":[]},{"i":2429837,"f":2732081,"t":"Спасиб ща скину","d":504637398,"a":[],"m":[]},{"i":2429835,"f":2732081,"t":"Ок","d":504637394,"a":[],"m":[]},{"i":2429834,"f":15267753,"t":"Накладная успешно создана с номером: 1311123420\n300","d":504637391,"a":[],"m":[]},{"i":2429833,"f":15267753,"t":"ну сдек по другому чуть","d":504637389,"a":[],"m":[]},{"i":2429832,"f":2732081,"t":"Район некрасовка","d":504637372,"a":[],"m":[]},{"i":2429831,"f":2732081,"t":"Ну да, но это москва)","d":504637368,"a":[],"m":[]},{"i":2429828,"f":15267753,"t":"некрасовка )","d":504637355,"a":[],"m":[]},{"i":2429827,"f":2732081,"t":"Москва. Вот же я в прошлый раз такой же указывал","d":504637343,"a":[],"m":[{"f":2732081,"t":"Уфа - Москва\nВес: 600г\n22*22*2 \nНикитина Анастасия Алексеевна\n89266611181\nМосква, ул.Льва Яшина, д7","d":504201538,"a":[]}]},{"i":2429824,"f":15267753,"t":"а город како тогда","d":504637311,"a":[],"m":[]},{"i":2429822,"f":2732081,"t":"Да","d":504637304,"a":[],"m":[]},{"i":2429821,"f":15267753,"t":"а ето пункт?","d":504637289,"a":[],"m":[]},{"i":2429806,"f":2732081,"t":"Смоленск - Москва\nВес: 700г\n33х21х11\nШарипов Артур Эдуардович\n89251357788\nМосква, ул.Льва Яшина, д7","d":504637061,"a":[],"m":[]},{"i":2429803,"f":15267753,"t":"Давай","d":504636952,"a":[],"m":[]},{"i":2429802,"f":15267753,"t":"Привет","d":504636950,"a":[],"m":[]},{"i":2429800,"f":2732081,"t":"Привет! Можно сдек?)","d":504636941,"a":[],"m":[]},{"i":2422292,"f":15267753,"t":"+++","d":504202278,"a":[],"m":[]},{"i":2422291,"f":2732081,"t":"Спасиб!)","d":504202122,"a":[],"m":[]},{"i":2422290,"f":15267753,"t":"Накладная успешно создана с номером: 1309501875\n350","d":504202113,"a":[],"m":[]},{"i":2422285,"f":15267753,"t":"привет","d":504202014,"a":[],"m":[]},{"i":2422276,"f":2732081,"t":"Уфа - Москва\nВес: 600г\n22*22*2 \nНикитина Анастасия Алексеевна\n89266611181\nМосква, ул.Льва Яшина, д7","d":504201538,"a":[],"m":[]},{"i":2422272,"f":2732081,"t":"Привет! Сделаешь сдек?","d":504201493,"a":[],"m":[]},{"i":2401490,"f":15267753,"t":"+","d":502828836,"a":[],"m":[]},{"i":2401486,"f":2732081,"t":"Скинул, спасиб!)","d":502828703,"a":[],"m":[]},{"i":2401462,"f":15267753,"t":"Накладная успешно создана с номером: 1305407987\n400","d":502827958,"a":[],"m":[{"f":2732081,"t":"Москва-Уфа\nВес 3.3 кг\n25х15х19\nЧернышкин Игорь Сергеевич\n+79876170217\nСдек Уфа\nул. Братьев Кадомцевых, 8А, 100","d":502824223,"a":[]}]},{"i":2401439,"f":2732081,"t":"Хорошо. Тогда вторую точно можно сделать","d":502826764,"a":[],"m":[]},{"i":2401380,"f":15267753,"t":"400","d":502824783,"a":[],"m":[{"f":2732081,"t":"Москва-Уфа\nВес 3.3 кг\n25х15х19\nЧернышкин Игорь Сергеевич\n+79876170217\nСдек Уфа\nул. Братьев Кадомцевых, 8А, 100","d":502824223,"a":[]}]},{"i":2401377,"f":2732081,"t":"Блин. Хз. Жду ответа от чела","d":502824603,"a":[],"m":[]},{"i":2401374,"f":15267753,"t":"а почему сайт киргизский )","d":502824428,"a":[],"m":[]},{"i":2401373,"f":15267753,"t":"закрыли мб","d":502824422,"a":[],"m":[]},{"i":2401372,"f":2732081,"t":"Вот вроде показывает","d":502824378,"a":[{"t":0,"s":{"m":"https://sun9-30.userapi.com/impg/p5QApRWlKBmzyQJgQ-rlJJeA4brFiUTxDhrvZA/VJkN8hBwIyg.jpg?size=510x900&quality=95&crop=0,0,1170,2065&sign=7431b9ebae504017bddd4d1571580d1d&c_uniq_tag=5e9ep3W1v122kGFUZGeJGHTv2k7RXNbgQwZqVaXXI50&type=album","s":"https://sun9-30.userapi.com/impg/p5QApRWlKBmzyQJgQ-rlJJeA4brFiUTxDhrvZA/VJkN8hBwIyg.jpg?size=200x433&quality=95&sign=faa9035659f30b6b3a26f6fee3d006db&c_uniq_tag=9149kqrOZ72A4vPUWfENR8QUr46Dp9uuLYS08V25UrY&type=album","n":"https://sun9-30.userapi.com/impg/p5QApRWlKBmzyQJgQ-rlJJeA4brFiUTxDhrvZA/VJkN8hBwIyg.jpg?size=998x2160&quality=95&sign=9a19a6f7dafe345654b134d0add8e687&c_uniq_tag=Bv4XuBJcY7FPSgfTamyDmPIaX3uI7cIakMqUmzsD1Kc&type=album","o":"https://sun9-30.userapi.com/impg/p5QApRWlKBmzyQJgQ-rlJJeA4brFiUTxDhrvZA/VJkN8hBwIyg.jpg?size=499x1080&quality=95&sign=55852f438c6299bbb09657f65447b111&c_uniq_tag=uCwDDLc7cL1sr8_DEBK1tfJkPVISLxwBvHu74MHpmNk&type=album","t":"https://sun9-30.userapi.com/impg/p5QApRWlKBmzyQJgQ-rlJJeA4brFiUTxDhrvZA/VJkN8hBwIyg.jpg?size=279x604&quality=95&sign=271a53b9b7b862a462a65a8b355bc41a&c_uniq_tag=ajZH6BMFCvPp3qVsK3mRBvTyKX05EbwUUuGSCWL4k_Y&type=album"},"z":"","q":0,"w":0,"o":2732081,"i":457244095,"d":502824375}],"m":[]},{"i":2401370,"f":15267753,"t":"а чет не вижу пункта этого только","d":502824274,"a":[{"t":0,"s":{"m":"https://sun9-20.userapi.com/impg/lrGcKqcuXL7nFEb7MZj0gFY_8gMj1f6fXpRa2w/dxx4kMyPXpI.jpg?size=422x138&quality=96&sign=213553417a6fba65e278a9e897979a32&c_uniq_tag=ZGaS0Ry8g2X5g_cY0oHb8NbUABew_P5403ZeNtCD-N4&type=album","s":"https://sun9-20.userapi.com/impg/lrGcKqcuXL7nFEb7MZj0gFY_8gMj1f6fXpRa2w/dxx4kMyPXpI.jpg?size=422x138&quality=96&sign=213553417a6fba65e278a9e897979a32&c_uniq_tag=ZGaS0Ry8g2X5g_cY0oHb8NbUABew_P5403ZeNtCD-N4&type=album","n":"https://sun9-20.userapi.com/impg/lrGcKqcuXL7nFEb7MZj0gFY_8gMj1f6fXpRa2w/dxx4kMyPXpI.jpg?size=320x138&quality=96&crop=51,0,320,138&sign=f12c180e1b6b63ed93d0c93154dbabc3&c_uniq_tag=KUVazvGxmp17Fdk1LFTVpNqLohszVAqZ-OaL0nFQ20E&type=album","o":"https://sun9-20.userapi.com/impg/lrGcKqcuXL7nFEb7MZj0gFY_8gMj1f6fXpRa2w/dxx4kMyPXpI.jpg?size=200x133&quality=96&crop=107,0,208,138&sign=1cb977c7117d3ea9fdbb73c3159bbafa&c_uniq_tag=unPB0QiVBCYb_Rb2ZEH6hiKvJ5pCi6VpMHZR0aMwa28&type=album","t":"https://sun9-20.userapi.com/impg/lrGcKqcuXL7nFEb7MZj0gFY_8gMj1f6fXpRa2w/dxx4kMyPXpI.jpg?size=130x87&quality=96&crop=108,0,206,138&sign=db1c84b44dfb1d714eaf375dea88114b&c_uniq_tag=NDfQb7_MLcm-OMnwr2crCwEyLxHOUCtYcYexFfHlApI&type=album"},"z":"","q":0,"w":0,"o":15267753,"i":457258016,"d":502824274}],"m":[{"f":2732081,"t":"Москва-Москва\nВес 200г\n25х20х5\nЭммануил Владимир Арсенович\n79151447586\nСдек Москва\nЧертановская 20 к2","d":502823640,"a":[]}]},{"i":2401369,"f":2732081,"t":"Москва-Уфа\nВес 3.3 кг\n25х15х19\nЧернышкин Игорь Сергеевич\n+79876170217\nСдек Уфа\nул. Братьев Кадомцевых, 8А, 100","d":502824223,"a":[],"m":[]},{"i":2401368,"f":2732081,"t":"А насчет второго хотел попросить тебя, чтобы ты по стоимости сориентировал сначала, можно так?","d":502824219,"a":[],"m":[]},{"i":2401355,"f":2732081,"t":"Москва-Москва\nВес 200г\n25х20х5\nЭммануил Владимир Арсенович\n79151447586\nСдек Москва\nЧертановская 20 к2","d":502823640,"a":[],"m":[]},{"i":2401354,"f":15267753,"t":"Привет давай","d":502823566,"a":[],"m":[]},{"i":2401353,"f":2732081,"t":"Привет! Можно две накладные сделать через тебя?","d":502823442,"a":[],"m":[]},{"i":2367929,"f":15267753,"t":"+","d":500220833,"a":[],"m":[]},{"i":2367924,"f":2732081,"t":"Скинул","d":500220788,"a":[],"m":[]},{"i":2367921,"f":2732081,"t":"Спасибо","d":500220741,"a":[],"m":[]},{"i":2367920,"f":15267753,"t":"Накладная успешно создана с номером: 1297461068\n500","d":500220723,"a":[],"m":[]},{"i":2367886,"f":15267753,"t":"Сейчас","d":500219255,"a":[],"m":[]},{"i":2367870,"f":2732081,"t":"Москва- Санкт-Петербург\nВес:1,5 кг\n45х28х20\nООО «Лиджио Групп»\n89112400305\nСанкт-Петербург, ул.Швецова , д41 , оф 100","d":500219015,"a":[],"m":[]},{"i":2367869,"f":15267753,"t":"Данные","d":500219006,"a":[],"m":[]},{"i":2367867,"f":15267753,"t":"Угу пиши","d":500219002,"a":[],"m":[]},{"i":2367866,"f":2732081,"t":"Сделаешь тогда ?)","d":500218996,"a":[],"m":[]},{"i":2367865,"f":15267753,"t":"Привет, да","d":500218984,"a":[],"m":[]},{"i":2367862,"f":2732081,"t":"Привет! А сдек можно склад-до двери?","d":500218913,"a":[],"m":[]},{"i":2346877,"f":15267753,"t":"+","d":498606498,"a":[],"m":[]},{"i":2346554,"f":2732081,"t":"Готово","d":498595133,"a":[],"m":[]},{"i":2346546,"f":2732081,"t":"Спасибо! Сейчас скину","d":498595067,"a":[],"m":[]},{"i":2346494,"f":15267753,"t":"Накладная успешно создана с номером: 1291674248\n300","d":498593504,"a":[],"m":[]},{"i":2346491,"f":2732081,"t":"Москва - Тула \nВес 1.3кг\n33х21х12\nХодченков Павел Андреевич \n89066256625\nТула, ул. Лейтейзена, 9","d":498593210,"a":[],"m":[]},{"i":2346490,"f":15267753,"t":"Давай","d":498593196,"a":[],"m":[]},{"i":2346489,"f":15267753,"t":"Привет","d":498593192,"a":[],"m":[]},{"i":2346478,"f":2732081,"t":"Привет! Сделаешь сдек?)","d":498592599,"a":[],"m":[]},{"i":2341810,"f":15267753,"t":"++++","d":498333315,"a":[],"m":[]},{"i":2341794,"f":2732081,"t":"Скинул!","d":498332843,"a":[],"m":[]},{"i":2341789,"f":15267753,"t":"Да","d":498332678,"a":[],"m":[]},{"i":2341787,"f":2732081,"t":"Сюда? 89059515168","d":498332656,"a":[],"m":[]},{"i":2341786,"f":2732081,"t":"Окей! Сейчас скину, спасибо","d":498332646,"a":[],"m":[]},{"i":2341779,"f":15267753,"t":"Накладная успешно создана с номером: 1290699591\n\n500","d":498332562,"a":[],"m":[]},{"i":2341778,"f":15267753,"t":"А есть 116","d":498332540,"a":[],"m":[]},{"i":2341777,"f":15267753,"t":"Там ток 16 а не 116 есть адрес","d":498332529,"a":[],"m":[]},{"i":2341773,"f":2732081,"t":"Москва - Уфа\nВес 1.5кг\n45х45х15\nКотов Игорь Константинович 89371516471\nг.Уфа, проспект Октября 116","d":498332443,"a":[],"m":[]},{"i":2341753,"f":2732081,"t":"Тогда иду в отделение","d":498331840,"a":[],"m":[]},{"i":2341752,"f":2732081,"t":"Аа окей","d":498331835,"a":[],"m":[]},{"i":2341751,"f":15267753,"t":"В сдеке можешь померять я сделаю сразу","d":498331821,"a":[],"m":[]},{"i":2341750,"f":2732081,"t":"Я правда не дома. Не знаю как параметры указать. Нет сантиметра","d":498331798,"a":[],"m":[]},{"i":2341749,"f":15267753,"t":"Привет, да!","d":498331757,"a":[],"m":[]},{"i":2341748,"f":2732081,"t":"Привет! Сделаешь сдек?)","d":498331745,"a":[],"m":[]},{"i":2195807,"f":2732081,"t":"Готово","d":489585928,"a":[],"m":[]},{"i":2195803,"f":15267753,"t":"89059515168 сбер","d":489585799,"a":[],"m":[]},{"i":2195802,"f":2732081,"t":"Спасиьо","d":489585784,"a":[],"m":[]},{"i":2195801,"f":2732081,"t":"Куда кидать?","d":489585782,"a":[],"m":[]},{"i":2195799,"f":15267753,"t":"Накладная успешно создана с номером: 1267129006 \n\n300","d":489585768,"a":[],"m":[]},{"i":2195790,"f":2732081,"t":"Да","d":489585568,"a":[],"m":[]},{"i":2195789,"f":15267753,"t":"Да, оформляю?","d":489585566,"a":[],"m":[]},{"i":2195788,"f":2732081,"t":"По такому образцу?","d":489585548,"a":[],"m":[]},{"i":2195787,"f":2732081,"t":"г.Москва - г.Чайковский  \nПермский край\nВес ~500грамм\n30х20х10\nГимазитдинов Альберт Римович\n89223375736\nАдрес пункта\nВокзальная 7 , Чайковский","d":489585539,"a":[],"m":[]},{"i":2195784,"f":15267753,"t":"Привет, да","d":489585347,"a":[],"m":[]},{"i":2195783,"f":2732081,"t":"Привет! Через тебя сдек можно сделать?)","d":489585330,"a":[],"m":[]},{"i":1799479,"f":2732081,"t":"Ну парка сама С. Подклад наверное такой же нид)","d":467383637,"a":[],"m":[]},{"i":1799271,"f":15267753,"t":"Ок, Да я ток ебей чекаю, а у тебя какой сайз?","d":467381327,"a":[],"m":[]},{"i":1799270,"f":2732081,"t":"Да вот еще хз просто нужен ли он на самом деле.Если куда заходить,то сразу скидывать надо все это дело будет, иначе смерть в жаре))\nЕсли увидишь где подешевле - маякни)","d":467381288,"a":[],"m":[]},{"i":1799268,"f":15267753,"t":"Когда куртку брал были по 100 баксов на ебее примерно) думал потом подешевле возьму)","d":467381129,"a":[],"m":[]},{"i":1799267,"f":15267753,"t":"Да я про него","d":467381109,"a":[],"m":[]},{"i":1799266,"f":2732081,"t":"Да хз чет чекал вот эти","d":467381092,"a":[{"t":0,"s":{"m":"https://sun9-15.userapi.com/impg/Q_8IL99LDvzH4WRGOQXYp47hFqZFoNnYpVvpQQ/Z1UzadRfimU.jpg?size=1000x1000&quality=96&sign=ccd777b17c07abdda76d7c50f9fbebd6&c_uniq_tag=94x4Ay3_Nl3PJefF6_ZwKeGQ_XWDbyvpBIacyDyVT-k&type=album","s":"https://sun9-15.userapi.com/impg/Q_8IL99LDvzH4WRGOQXYp47hFqZFoNnYpVvpQQ/Z1UzadRfimU.jpg?size=604x604&quality=96&sign=edd9d82ee86f70e6a5b66f47eb00f57d&c_uniq_tag=R_glVZXU2UiFCLP7WKaMC2DkI7Gicgx45r4MmA2aGCI&type=album","n":"https://sun9-15.userapi.com/impg/Q_8IL99LDvzH4WRGOQXYp47hFqZFoNnYpVvpQQ/Z1UzadRfimU.jpg?size=510x510&quality=96&sign=7c00e727a013a03d45df06407260de01&c_uniq_tag=WfJNG4T0zeBCazQLCNauDgfOTD5Rvbfql2z0bY0Mrv4&type=album","o":"https://sun9-15.userapi.com/impg/Q_8IL99LDvzH4WRGOQXYp47hFqZFoNnYpVvpQQ/Z1UzadRfimU.jpg?size=320x320&quality=96&sign=42b33c1caebe5736ffce0e782f08bc71&c_uniq_tag=8JQXINH45qoLQw_cKo2ic2sJ7IXRg4VA8VAn95d1ygY&type=album","t":"https://sun9-15.userapi.com/impg/Q_8IL99LDvzH4WRGOQXYp47hFqZFoNnYpVvpQQ/Z1UzadRfimU.jpg?size=130x130&quality=96&sign=6951ddb64b4cd7e46ecd3e23c21d2aef&c_uniq_tag=EAi62UR5U1_jFldM-Bact7u7TtewC0VLaeZiIEwBE-E&type=album"},"z":"","q":0,"w":0,"o":2732081,"i":457243865,"d":467381092}],"m":[]},{"i":1799265,"f":2732081,"t":"12-14 с курсом выходят","d":467381089,"a":[],"m":[]},{"i":1799264,"f":15267753,"t":"Ну как куртка","d":467381069,"a":[],"m":[{"f":2732081,"t":"А с этого сезона эт какой?","d":467381055,"a":[]}]},{"i":1799263,"f":15267753,"t":"Они же по сто баксов были на ебее?","d":467381065,"a":[],"m":[]},{"i":1799262,"f":2732081,"t":"А с этого сезона эт какой?","d":467381055,"a":[],"m":[]},{"i":1799261,"f":2732081,"t":"Да я вот тоже насчет подклада этого думал,но чет 12к отдавать не хочется","d":467381050,"a":[],"m":[]},{"i":1799260,"f":15267753,"t":"Но видимо подклад в него еще можно вставить с этого сезона)","d":467381017,"a":[],"m":[]},{"i":1799259,"f":2732081,"t":"Прям тонко","d":467381002,"a":[],"m":[]},{"i":1799258,"f":15267753,"t":"Ну да, я только не могу понять как он по теплоте, сильно холодно у нас не было еще","d":467381002,"a":[],"m":[]},{"i":1799257,"f":2732081,"t":"У меня по бокам только ощутимо меньше набит","d":467380996,"a":[],"m":[]},{"i":1799256,"f":2732081,"t":"Щас посмотрел набивку","d":467380987,"a":[],"m":[]},{"i":1799255,"f":2732081,"t":"Ну помимо плеч,и длины рукавов я в принципе доволен им)","d":467380974,"a":[],"m":[]},{"i":1799218,"f":15267753,"t":"но мб там так и надо, потому что ее подворачивают","d":467380198,"a":[],"m":[]},{"i":1799217,"f":15267753,"t":"у меня нижняя юбка которая тоже как будто меньше набита","d":467380186,"a":[],"m":[]},{"i":1799216,"f":15267753,"t":"ну видимо найк не тока обувь делает жепой, с качеством прям пипец","d":467380177,"a":[],"m":[]},{"i":1799215,"f":2732081,"t":"Не знаю, может забыли прострочить в моем еще один отсек просто. Но плечи прям лысые будут, если их не встряхивать постоянно","d":467379669,"a":[],"m":[]},{"i":1799212,"f":2732081,"t":"В том году на ебэй заказывал. Ну я долго все легитчекал)) оригинальный","d":467379558,"a":[],"m":[]},{"i":1799211,"f":15267753,"t":"Хм, оч странно, не замечал такой проблемы. А ты где брал его?","d":467379522,"a":[],"m":[]},{"i":1799208,"f":2732081,"t":"Хм. Ну пух как раз вообще не лезет почти, чему я удивился) а вот то,что он с плеч скатывается эт пздц( не знаю что делать.там очень большой отсек для пуха в плечах и он соответсвенно скатывается","d":467379385,"a":[],"m":[]},{"i":1799200,"f":15267753,"t":"Да пока нет, у найка в принципе трабл, что в любом  пуховике пух лезет очень сильно. На этом пока не заметил, но я хожу не долго в нем прям","d":467379059,"a":[],"m":[]},{"i":1796455,"f":2732081,"t":"У тебя нет проблемы такой, что с плеч пух убегает?","d":467222249,"a":[],"m":[]},{"i":1795896,"f":15267753,"t":"Привет, угу, она","d":467200917,"a":[],"m":[]},{"i":1795446,"f":2732081,"t":"Привет! Я на фото из дисконта рукав твой увидел)\nТы в такой ходишь?","d":467154316,"a":[{"t":0,"s":{"m":"https://sun9-79.userapi.com/impg/EQA1DlHWQ9el-lfNB7nV0hNFa6Y7Pw76dK0nTA/H1eFhd3wl3Q.jpg?size=1000x1000&quality=96&sign=5df3b328aaeff7b6588198bca56acd15&c_uniq_tag=7_o3ekgkNiOmEwy0i13PebftBIS0UxyK_6ubzrBOFmA&type=album","s":"https://sun9-79.userapi.com/impg/EQA1DlHWQ9el-lfNB7nV0hNFa6Y7Pw76dK0nTA/H1eFhd3wl3Q.jpg?size=604x604&quality=96&sign=847dec9d3142186d116c7dbe69f0981a&c_uniq_tag=kUGms_m7Q0a1bQvhYQO-jcP8gclB8cy0yOQC2pHslNk&type=album","n":"https://sun9-79.userapi.com/impg/EQA1DlHWQ9el-lfNB7nV0hNFa6Y7Pw76dK0nTA/H1eFhd3wl3Q.jpg?size=510x510&quality=96&sign=baefc34acabdc82757b159a19595eb5a&c_uniq_tag=t4TUgMidxLKw-u9w13UrPEpdGmQ7w9HAxxEGKL0hIYo&type=album","o":"https://sun9-79.userapi.com/impg/EQA1DlHWQ9el-lfNB7nV0hNFa6Y7Pw76dK0nTA/H1eFhd3wl3Q.jpg?size=320x320&quality=96&sign=eb9cf13ea3eacb2ea4dc0b16c9fcc3c9&c_uniq_tag=LEL4Rdfd-znx8Xzdr5Fsoc-bii-7OBHw0CTUWPWWU9A&type=album","t":"https://sun9-79.userapi.com/impg/EQA1DlHWQ9el-lfNB7nV0hNFa6Y7Pw76dK0nTA/H1eFhd3wl3Q.jpg?size=130x130&quality=96&sign=5737d59c0563529f9e920c91833f031a&c_uniq_tag=aWP_takbN3j4MI4K9Lk-GRx-LTJPJGxCZv9c93QIvNg&type=album"},"z":"","q":0,"w":0,"o":2732081,"i":457243862,"d":467154311}],"m":[]},{"i":1712800,"f":2732081,"t":"Эх)","d":463267501,"a":[],"m":[]},{"i":1712338,"f":15267753,"t":"все забрали да уже)","d":463254569,"a":[],"m":[]},{"i":1711668,"f":2732081,"t":"Чет клевая она прям. Только широковата внизу.\nНе осталось их больше,да?","d":463193832,"a":[],"m":[]},{"i":1711460,"f":15267753,"t":"кайф!","d":463188002,"a":[],"m":[]},{"i":1711251,"f":2732081,"t":"Куртку забрал, спасибо!","d":463164941,"a":[],"m":[]},{"i":1708319,"f":15267753,"t":"Ща","d":462970711,"a":[],"m":[]},{"i":1708317,"f":2732081,"t":"Напиши тому челу)","d":462970707,"a":[],"m":[]},{"i":1708316,"f":15267753,"t":"Там пацаны забирают)","d":462970701,"a":[],"m":[]},{"i":1708315,"f":15267753,"t":"Наверно","d":462970698,"a":[],"m":[]},{"i":1708314,"f":15267753,"t":"Аааааа","d":462970696,"a":[],"m":[]},{"i":1708313,"f":2732081,"t":"","d":462970679,"a":[{"t":0,"s":{"m":"https://sun9-73.userapi.com/impg/T7BQaP0alRcnr-16uNnE3fPGgP8AfjpOIfALDQ/RAigzIB8VSY.jpg?size=607x1080&quality=96&sign=ffb90aeac617ac18181cb219334bedb6&c_uniq_tag=Ok2rlGU0lbUZ1yLw6QOyjAxGjl5bKqCMwyzw3T5fwlk&type=album","s":"https://sun9-73.userapi.com/impg/T7BQaP0alRcnr-16uNnE3fPGgP8AfjpOIfALDQ/RAigzIB8VSY.jpg?size=340x604&quality=96&sign=0efdb02ff1fac597a21b9445ddf9e4d9&c_uniq_tag=Co1mauiCi1fh_IQb5CnC-KRwgGuuUQJdRLnSxosS4Fw&type=album","n":"https://sun9-73.userapi.com/impg/T7BQaP0alRcnr-16uNnE3fPGgP8AfjpOIfALDQ/RAigzIB8VSY.jpg?size=42x75&quality=96&sign=663730cdd11133320f6589391f256be7&c_uniq_tag=Zzrgn69xJbbwMJ1_OiVT7pkcc6-cjhm0Bh7u262aDhU&type=album","o":"https://sun9-73.userapi.com/impg/T7BQaP0alRcnr-16uNnE3fPGgP8AfjpOIfALDQ/RAigzIB8VSY.jpg?size=510x900&quality=96&crop=0,0,750,1324&sign=603df989475b09109bf3578d8c4372bb&c_uniq_tag=4R7JyrNFWDhVDvQAFHtaHcj-Xu2lLejPo9c9NnoNFpM&type=album","t":"https://sun9-73.userapi.com/impg/T7BQaP0alRcnr-16uNnE3fPGgP8AfjpOIfALDQ/RAigzIB8VSY.jpg?size=200x356&quality=96&sign=550b89a3cafb4b2daa6a0fa9eb478c6f&c_uniq_tag=LTVNGMPH7T8987WmFcndJdjlGUk4AuGpSfe6c9QJjnk&type=album"},"z":"","q":0,"w":0,"o":2732081,"i":457243841,"d":462970679}],"m":[]},{"i":1708312,"f":2732081,"t":"Мне смски приходят какие то от сдека. Может это для той посылки?","d":462970674,"a":[],"m":[]},{"i":1708308,"f":15267753,"t":"Да я глянул, видел што пришла","d":462970215,"a":[],"m":[]},{"i":1708306,"f":2732081,"t":"","d":462970210,"a":[],"m":[{"f":-142153191,"t":"Поступил заказ 1202214759 до 16.10.20 от FriendShipp. Адрес выдачи: ул.  Недорубова, 11, время работы: Пн-Пт 10-19, Сб 10-16, телефон: +79779916564. Сумма к оплате 0 руб. Наличие оригинала паспорта обязательно. Для организации - дополнительно доверенность. В офисе ведется масочный режим. Для просмотра дополнительной информации напишите \"заказ\" в ответном сообщении.","d":462877785,"a":[]},{"f":-142153191,"t":"Поступил заказ 1202215021 до 16.10.20 от FriendShipp. Адрес выдачи: 1 Мая мкр, 4, корпус 1, помещение 1-5, время работы: Пн-Пт 10-19, Сб 10-16, телефон: +79261626535. Сумма к оплате 0 руб. Наличие оригинала паспорта обязательно. Для организации - дополнительно доверенность. В офисе ведется масочный режим. Для просмотра дополнительной информации напишите \"заказ\" в ответном сообщении.","d":462907028,"a":[]}]},{"i":1708305,"f":2732081,"t":"Вот смотри","d":462970194,"a":[],"m":[]},{"i":1708304,"f":2732081,"t":"Так та тоже пришла","d":462970192,"a":[],"m":[]},{"i":1708287,"f":15267753,"t":"Вот верная накладная","d":462969873,"a":[],"m":[{"f":15267753,"t":"Сдек 1202214759","d":462292347,"a":[]}]},{"i":1708286,"f":15267753,"t":"Никита номер перепутал телефона видимо","d":462969862,"a":[],"m":[]},{"i":1708280,"f":15267753,"t":".","d":462969665,"a":[],"m":[{"f":15267753,"t":"Сдек 1202214759","d":462292347,"a":[]}]},{"i":1708279,"f":15267753,"t":"А почему номер накладной другой:(","d":462969661,"a":[],"m":[]},{"i":1708278,"f":15267753,"t":"Привет, хм, накладную Родзевич делал, я ему твои данные перекидывал.","d":462969649,"a":[],"m":[]},{"i":1707923,"f":2732081,"t":"","d":462925517,"a":[],"m":[{"f":-142153191,"t":"Поступил заказ 1202215021 до 16.10.20 от FriendShipp. Адрес выдачи: 1 Мая мкр, 4, корпус 1, помещение 1-5, время работы: Пн-Пт 10-19, Сб 10-16, телефон: +79261626535. Сумма к оплате 0 руб. Наличие оригинала паспорта обязательно. Для организации - дополнительно доверенность. В офисе ведется масочный режим. Для просмотра дополнительной информации напишите \"заказ\" в ответном сообщении.","d":462907028,"a":[]}]},{"i":1707922,"f":2732081,"t":"Ты не ошибся там случайно? Я забрать только в понедельник смогу пойти","d":462925492,"a":[],"m":[]},{"i":1707921,"f":2732081,"t":"1202215021 \nБалашиха","d":462925475,"a":[],"m":[]},{"i":1707920,"f":2732081,"t":"Привет! Мне куртка пришла вроде)\nНо вот еще один почему-то прислали по другому адресу","d":462925468,"a":[],"m":[]},{"i":1695834,"f":2732081,"t":"Спасибо!)","d":462292650,"a":[],"m":[]},{"i":1695797,"f":15267753,"t":"Сдек 1202214759","d":462292347,"a":[],"m":[]},{"i":1695762,"f":2732081,"t":"Некрасовка, ул. Недорубова, 11\n\nNEK1","d":462292006,"a":[],"m":[]},{"i":1695747,"f":15267753,"t":"Пункт выдачи да","d":462291842,"a":[],"m":[]},{"i":1695699,"f":2732081,"t":"Шарипов Артур Эдуардович \n89251357788\nПункт выдачи надо выбрать? Я просто сдеком один раз только отправлял когда то и все","d":462291558,"a":[],"m":[]},{"i":1695690,"f":15267753,"t":"Сдек жду)","d":462291527,"a":[],"m":[]},{"i":1695684,"f":15267753,"t":"Пришло","d":462291501,"a":[],"m":[]},{"i":1695676,"f":15267753,"t":"И сдек пиши сразу пункт фио и номер","d":462291455,"a":[],"m":[]},{"i":1695675,"f":15267753,"t":"Да давай","d":462291445,"a":[],"m":[]},{"i":1695671,"f":2732081,"t":"4250 кину?","d":462291414,"a":[],"m":[]},{"i":1695595,"f":15267753,"t":"Сбер альфа","d":462290858,"a":[],"m":[]},{"i":1695594,"f":15267753,"t":"89059515168","d":462290855,"a":[],"m":[]},{"i":1695515,"f":2732081,"t":"Беру","d":462290512,"a":[],"m":[]},{"i":1694815,"f":15267753,"t":"Есть серая с","d":462273387,"a":[],"m":[]},{"i":1693578,"f":2732081,"t":"Аа ну лады","d":462219623,"a":[],"m":[]},{"i":1693576,"f":15267753,"t":"да я так же вечерком поеду","d":462219615,"a":[],"m":[]},{"i":1693575,"f":2732081,"t":"Завтра вых просто, я поспать обычно могу ))","d":462219591,"a":[],"m":[]},{"i":1693569,"f":15267753,"t":"я отпишу как поеду","d":462219310,"a":[],"m":[]},{"i":1693568,"f":15267753,"t":"ой я хз во скока поеду","d":462219301,"a":[],"m":[]},{"i":1693566,"f":2732081,"t":"Во скок примерно","d":462219285,"a":[],"m":[]},{"i":1693562,"f":15267753,"t":"щас закрыт уже","d":462219235,"a":[],"m":[]},{"i":1693561,"f":15267753,"t":"завтра буду","d":462219228,"a":[],"m":[]},{"i":1693560,"f":15267753,"t":"да","d":462219223,"a":[],"m":[]},{"i":1693555,"f":2732081,"t":"Деньгу могу перевести","d":462219156,"a":[],"m":[]},{"i":1693554,"f":2732081,"t":"Ну ты поможешь? Я чет не пойму)","d":462219148,"a":[],"m":[]},{"i":1693552,"f":2732081,"t":"Ааа","d":462219139,"a":[],"m":[]},{"i":1693501,"f":15267753,"t":"Хз скока щас стоит она","d":462217087,"a":[],"m":[]},{"i":1693500,"f":15267753,"t":"300+400 почта","d":462217084,"a":[],"m":[]},{"i":1693499,"f":15267753,"t":"Не","d":462217075,"a":[],"m":[]},{"i":1693498,"f":2732081,"t":"Помощь 700 и почта еще?","d":462217063,"a":[],"m":[]},{"i":1693478,"f":15267753,"t":"Почта хз скока стоит щас)","d":462214905,"a":[],"m":[]},{"i":1693477,"f":15267753,"t":"700 наверно","d":462214899,"a":[],"m":[]},{"i":1693475,"f":2732081,"t":"Так скок с помощью и почтой будет ?","d":462214778,"a":[],"m":[]},{"i":1693405,"f":15267753,"t":"Зеленвх нет","d":462213583,"a":[],"m":[]},{"i":1693404,"f":15267753,"t":"Серая была вроде","d":462213579,"a":[],"m":[]},{"i":1692067,"f":15267753,"t":"оке","d":462132398,"a":[],"m":[]},{"i":1692059,"f":2732081,"t":"Блин тогда С глянь пожалуйста)","d":462132280,"a":[],"m":[]},{"i":1691840,"f":15267753,"t":"хотя обычно Л куртки","d":462124708,"a":[],"m":[]},{"i":1691839,"f":15267753,"t":"я себе взял М","d":462124702,"a":[],"m":[]},{"i":1691838,"f":15267753,"t":"да вроде большемерят","d":462124698,"a":[],"m":[]},{"i":1691837,"f":2732081,"t":"Не большемерят они?","d":462124588,"a":[],"m":[]},{"i":1691836,"f":2732081,"t":"Ну любой, кроме оранж думаю)\nПо сайзу думаю М","d":462124530,"a":[],"m":[]},{"i":1691835,"f":15267753,"t":"х","d":462124490,"a":[],"m":[]},{"i":1691834,"f":15267753,"t":"я завтра гляну мб на складе осталось у ни","d":462124489,"a":[],"m":[]},{"i":1691833,"f":15267753,"t":"а какой сайз тебе и цвет","d":462124479,"a":[],"m":[]},{"i":1691832,"f":2732081,"t":"Эх.на оранжевый чет не созрел","d":462124456,"a":[],"m":[]},{"i":1691817,"f":15267753,"t":"привет, только оранжевый остался","d":462124030,"a":[],"m":[]},{"i":1691816,"f":2732081,"t":"Привет! А это актуально еще? )","d":462123946,"a":[{"t":0,"s":{"m":"https://sun9-61.userapi.com/impg/ssH7RmWNHoOs7__D2ciczIaRtfX_bjOvSL8UyQ/694eiqmC-vM.jpg?size=607x1080&quality=96&sign=13875bf603f33d4f7d0ac8418a8f1ab7&c_uniq_tag=7HfhK5b5Ia_9F59YIvF2eT3FlYMIzy9D3J7W_fzZ0QI&type=album","s":"https://sun9-61.userapi.com/impg/ssH7RmWNHoOs7__D2ciczIaRtfX_bjOvSL8UyQ/694eiqmC-vM.jpg?size=340x604&quality=96&sign=4fe3220f08d0d3e1f9d30909527ff6c3&c_uniq_tag=EEUWRusep0xtZJ_1QHVA_Wa6fui6Irw3Bil-EcoT7aE&type=album","n":"https://sun9-61.userapi.com/impg/ssH7RmWNHoOs7__D2ciczIaRtfX_bjOvSL8UyQ/694eiqmC-vM.jpg?size=42x75&quality=96&sign=70d7e6ee76ef8581c7c97d7659287fc7&c_uniq_tag=dNpFoQBF8mH-AEvGs0huT7xzRf9me5e-aQgedcpRc4Q&type=album","o":"https://sun9-61.userapi.com/impg/ssH7RmWNHoOs7__D2ciczIaRtfX_bjOvSL8UyQ/694eiqmC-vM.jpg?size=510x900&quality=96&crop=0,0,750,1324&sign=69cd15e0e2f7346d13254973c9cc4ddc&c_uniq_tag=yL1etrCuNv0peTOa3rHxScPXrAqAtZxOybtPqvtez7E&type=album","t":"https://sun9-61.userapi.com/impg/ssH7RmWNHoOs7__D2ciczIaRtfX_bjOvSL8UyQ/694eiqmC-vM.jpg?size=200x356&quality=96&sign=1f8bd1b6e29ca5a9fe4901ac4f8aa783&c_uniq_tag=sedslWuqoR2CcAiq0UV4qgf5gcEJPUigYZtQlpExMVk&type=album"},"z":"","q":0,"w":0,"o":2732081,"i":457243731,"d":462123945}],"m":[]}]}