{"meta":{"v":"1.2","p":238861690,"a":15267753,"t":"Денис Калинин","d":1691415449},"data":[{"i":3076618,"f":15267753,"t":"89059515168 сбер","d":545951687,"a":[],"m":[]},{"i":3076489,"f":238861690,"t":"Хорошо\nКуда переводить?","d":545936427,"a":[],"m":[]},{"i":3076436,"f":15267753,"t":"Номер заказа СДЭК 1432061780 \n350","d":545933820,"a":[],"m":[{"f":238861690,"t":"Стаучан Александр Александрович \n+79671959004","d":545929579,"a":[{"t":0,"s":{"m":"https://sun9-12.userapi.com/impg/Ekj5d5cFOGkIXrU5Rx6RurOqx4x_UoB_MruRXg/uUtyFZhkTfQ.jpg?size=498x1080&quality=96&sign=1394fc44103df80b9c1bd2079e33da0d&c_uniq_tag=r5QfR4H-kQxw46f3TllJcAbad6s_0VkcM7XBLUcc3JY&type=album","s":"https://sun9-12.userapi.com/impg/Ekj5d5cFOGkIXrU5Rx6RurOqx4x_UoB_MruRXg/uUtyFZhkTfQ.jpg?size=279x604&quality=96&sign=58602fc841dced7bbdafdb0c85298440&c_uniq_tag=ImbIgScDsLEu6HxyFMgBhhSmhSSw5j7RPQ_O7N-UVnI&type=album","n":"https://sun9-12.userapi.com/impg/Ekj5d5cFOGkIXrU5Rx6RurOqx4x_UoB_MruRXg/uUtyFZhkTfQ.jpg?size=35x75&quality=96&sign=f74796718bd3b58d789653adc738df30&c_uniq_tag=tVxJ5rm5CgkGXwkR5u-UirqQJ_CdQUBGi-nr11_ecKc&type=album","o":"https://sun9-12.userapi.com/impg/Ekj5d5cFOGkIXrU5Rx6RurOqx4x_UoB_MruRXg/uUtyFZhkTfQ.jpg?size=510x900&quality=96&crop=0,0,996,1758&sign=8539c6d0ac9d34368e6d7c42caeb9ed3&c_uniq_tag=-LeYTXDb-0FkO0h_Dn8WBw16l8c3X2H4ycD4qlegQZI&type=album","t":"https://sun9-12.userapi.com/impg/Ekj5d5cFOGkIXrU5Rx6RurOqx4x_UoB_MruRXg/uUtyFZhkTfQ.jpg?size=200x434&quality=96&sign=f506d2f5379a2ac12e76ade727d420c7&c_uniq_tag=f08mDRs6KrjWfcrPukhan_ciEvtb0V3pzpHRHIEK86o&type=album"},"z":"","q":0,"w":0,"o":238861690,"i":457247912,"d":545929576}]}]},{"i":3076434,"f":15267753,"t":"Сейчас","d":545933707,"a":[],"m":[]},{"i":3076400,"f":238861690,"t":"34 x 24 x 14, 1кг","d":545929795,"a":[],"m":[]},{"i":3076397,"f":238861690,"t":"Данные отправителя - Калинин Денис, +79004793189","d":545929594,"a":[],"m":[]},{"i":3076396,"f":238861690,"t":"Стаучан Александр Александрович \n+79671959004","d":545929579,"a":[{"t":0,"s":{"m":"https://sun9-12.userapi.com/impg/Ekj5d5cFOGkIXrU5Rx6RurOqx4x_UoB_MruRXg/uUtyFZhkTfQ.jpg?size=498x1080&quality=96&sign=1394fc44103df80b9c1bd2079e33da0d&c_uniq_tag=r5QfR4H-kQxw46f3TllJcAbad6s_0VkcM7XBLUcc3JY&type=album","s":"https://sun9-12.userapi.com/impg/Ekj5d5cFOGkIXrU5Rx6RurOqx4x_UoB_MruRXg/uUtyFZhkTfQ.jpg?size=279x604&quality=96&sign=58602fc841dced7bbdafdb0c85298440&c_uniq_tag=ImbIgScDsLEu6HxyFMgBhhSmhSSw5j7RPQ_O7N-UVnI&type=album","n":"https://sun9-12.userapi.com/impg/Ekj5d5cFOGkIXrU5Rx6RurOqx4x_UoB_MruRXg/uUtyFZhkTfQ.jpg?size=35x75&quality=96&sign=f74796718bd3b58d789653adc738df30&c_uniq_tag=tVxJ5rm5CgkGXwkR5u-UirqQJ_CdQUBGi-nr11_ecKc&type=album","o":"https://sun9-12.userapi.com/impg/Ekj5d5cFOGkIXrU5Rx6RurOqx4x_UoB_MruRXg/uUtyFZhkTfQ.jpg?size=510x900&quality=96&crop=0,0,996,1758&sign=8539c6d0ac9d34368e6d7c42caeb9ed3&c_uniq_tag=-LeYTXDb-0FkO0h_Dn8WBw16l8c3X2H4ycD4qlegQZI&type=album","t":"https://sun9-12.userapi.com/impg/Ekj5d5cFOGkIXrU5Rx6RurOqx4x_UoB_MruRXg/uUtyFZhkTfQ.jpg?size=200x434&quality=96&sign=f506d2f5379a2ac12e76ade727d420c7&c_uniq_tag=f08mDRs6KrjWfcrPukhan_ciEvtb0V3pzpHRHIEK86o&type=album"},"z":"","q":0,"w":0,"o":238861690,"i":457247912,"d":545929576}],"m":[]},{"i":3076395,"f":238861690,"t":"Посылка пвз - пвз, Владимир - Химки","d":545929562,"a":[],"m":[]},{"i":3076394,"f":15267753,"t":"Привет","d":545929521,"a":[],"m":[]},{"i":3076391,"f":238861690,"t":"Приветствую!\nЯ от https://vk.com/id135847866 по поводу накладных сдека","d":545929005,"a":[],"m":[]}]}