{"meta":{"v":"1.2","p":444509783,"a":15267753,"t":"Никита Ковцун","d":1691416060},"data":[{"i":2702329,"f":15267753,"t":"Да","d":520106483,"a":[],"m":[]},{"i":2702326,"f":444509783,"t":"Почтой рф думаю подещевле выйдет","d":520106476,"a":[],"m":[]},{"i":2702321,"f":15267753,"t":"Маршрут для сдека неудачный)","d":520106458,"a":[],"m":[]},{"i":2702320,"f":444509783,"t":"Нет спасиб","d":520106441,"a":[],"m":[]},{"i":2702318,"f":15267753,"t":"Делаеи?","d":520106384,"a":[],"m":[]},{"i":2702317,"f":15267753,"t":"1300 будет","d":520106383,"a":[],"m":[]},{"i":2702314,"f":444509783,"t":"Да","d":520106235,"a":[],"m":[]},{"i":2702313,"f":15267753,"t":"Отсюда да","d":520106226,"a":[],"m":[{"f":444509783,"t":"Мурманск, ул папанина 11","d":520105926,"a":[]}]},{"i":2702307,"f":444509783,"t":"9","d":520105999,"a":[],"m":[]},{"i":2702306,"f":444509783,"t":"А высота","d":520105975,"a":[],"m":[]},{"i":2702305,"f":444509783,"t":"Эт что значит?","d":520105966,"a":[],"m":[]},{"i":2702304,"f":15267753,"t":"И это","d":520105955,"a":[],"m":[{"f":15267753,"t":"И третий габарит еще","d":520105786,"a":[]}]},{"i":2702303,"f":444509783,"t":"Цыденов Альберт Азизагаевич \n89245564371\nг. Улан-Удэ, пос. Таёжный, ул. Фианитовая, 7\n670033\n\nсдэк мокрова 28а","d":520105951,"a":[],"m":[]},{"i":2702301,"f":15267753,"t":"Город фио тел пункт сдек получателя","d":520105928,"a":[],"m":[]},{"i":2702300,"f":444509783,"t":"Мурманск, ул папанина 11","d":520105926,"a":[],"m":[]},{"i":2702298,"f":15267753,"t":"Город отправителя","d":520105914,"a":[],"m":[]},{"i":2702297,"f":444509783,"t":"Какие данные нужны ?","d":520105893,"a":[],"m":[]},{"i":2702296,"f":15267753,"t":"И третий габарит еще","d":520105786,"a":[],"m":[]},{"i":2702295,"f":444509783,"t":"","d":520105767,"a":[{"t":0,"s":{"m":"https://sun9-31.userapi.com/impg/xrxxtRKqlKMmYel3ZJuOGrrdaVjIzkdGWvgHuA/NaGlTq_JZEU.jpg?size=510x680&quality=95&sign=c0771f2a7b74af9043b524e8eb4ff8e8&c_uniq_tag=sgcrowkzYgv1-mmLuMQJoWA9LzJuPrIDRWLPmOZ-Mps&type=album","s":"https://sun9-31.userapi.com/impg/xrxxtRKqlKMmYel3ZJuOGrrdaVjIzkdGWvgHuA/NaGlTq_JZEU.jpg?size=200x267&quality=95&sign=67ca6f2685afbb71501f4c20d7e12992&c_uniq_tag=cOdHYjrNLl7zuK5xuv0ay76wNpHXCUQZvNo9f6FMlFQ&type=album","n":"https://sun9-31.userapi.com/impg/xrxxtRKqlKMmYel3ZJuOGrrdaVjIzkdGWvgHuA/NaGlTq_JZEU.jpg?size=1440x1920&quality=95&sign=ff9cfed1338f33a8526a69110a90a28f&c_uniq_tag=-NepQxzTjh_Kv5hgL7xiBU3-BFjZ_4mK0aB3aYciNCU&type=album","o":"https://sun9-31.userapi.com/impg/xrxxtRKqlKMmYel3ZJuOGrrdaVjIzkdGWvgHuA/NaGlTq_JZEU.jpg?size=810x1080&quality=95&sign=fffb4cdb01a13466abd13915b974ab46&c_uniq_tag=Yy08TchCde0mucfbCML59Ie1pS2TB5OIJlSjArFkoYA&type=album","t":"https://sun9-31.userapi.com/impg/xrxxtRKqlKMmYel3ZJuOGrrdaVjIzkdGWvgHuA/NaGlTq_JZEU.jpg?size=453x604&quality=95&sign=91096fb36c8c861b6d8d62fd70efac03&c_uniq_tag=3WoIbpL0aGeHjsd1W223bC_FSyQ0e1uiT-Fry0kmy2E&type=album"},"z":"","q":0,"w":0,"o":444509783,"i":457273274,"d":520105766}],"m":[]},{"i":2702293,"f":444509783,"t":"У меня коробка 30 см в длину и 30 в ширину","d":520105753,"a":[],"m":[]},{"i":2702291,"f":15267753,"t":"Да","d":520105678,"a":[],"m":[]},{"i":2702290,"f":15267753,"t":"Привет","d":520105678,"a":[],"m":[]},{"i":2702289,"f":444509783,"t":"Можно через тебя посылку отправить сдек подешевле?","d":520105637,"a":[],"m":[]},{"i":2702288,"f":444509783,"t":"Привет","d":520105624,"a":[],"m":[]}]}