{"meta":{"v":"1.2","p":143074774,"a":15267753,"t":"Иван Жульков","d":1691415754},"data":[{"i":2884138,"f":15267753,"t":"+","d":532446967,"a":[],"m":[]},{"i":2884137,"f":143074774,"t":"","d":532446944,"a":[{"t":0,"s":{"m":"https://sun9-1.userapi.com/impg/XqGFSiDGdkRyiu9iM42Q94EUUUCVD37_VY5kiA/BOp7gEDXwAU.jpg?size=510x900&quality=95&crop=0,0,828,1461&sign=44d526e02a1498c527e9a8810ca81017&c_uniq_tag=fz_XTVdmQN0JS_Eg4mxUwX7GDtmoBiS5FbMJsUVf5lw&type=album","s":"https://sun9-1.userapi.com/impg/XqGFSiDGdkRyiu9iM42Q94EUUUCVD37_VY5kiA/BOp7gEDXwAU.jpg?size=200x433&quality=95&sign=586b91cd17277998ce37ba078a3cc5e6&c_uniq_tag=gjb4aOWSnZ4wEw0eslrsyVhbCPhOf0NaNfWI74qhfkM&type=album","n":"https://sun9-1.userapi.com/impg/XqGFSiDGdkRyiu9iM42Q94EUUUCVD37_VY5kiA/BOp7gEDXwAU.jpg?size=828x1792&quality=95&sign=576887ba44f7e3adf6f19017b338828e&c_uniq_tag=MoSHAMbKFM_dTYoLqaYOEc2CjhZ8AMQDTTtuZH1LpXI&type=album","o":"https://sun9-1.userapi.com/impg/XqGFSiDGdkRyiu9iM42Q94EUUUCVD37_VY5kiA/BOp7gEDXwAU.jpg?size=499x1080&quality=95&sign=26f1503fc4536bd7f15fea9858a1ba45&c_uniq_tag=6MIUDmXv750KX9SWRYWCpL94v4wZHfcV8MqTtPBfEj4&type=album","t":"https://sun9-1.userapi.com/impg/XqGFSiDGdkRyiu9iM42Q94EUUUCVD37_VY5kiA/BOp7gEDXwAU.jpg?size=279x604&quality=95&sign=aa1c2c1784f697260ccd3cbbdf428eea&c_uniq_tag=dUVJPJb8l5PkBKRHxre_xW_69F5MacZWWlgMDQ9KU6I&type=album"},"z":"","q":0,"w":0,"o":143074774,"i":457266849,"d":532446944}],"m":[]},{"i":2884135,"f":15267753,"t":"89059515168 сбер","d":532446888,"a":[],"m":[]},{"i":2884134,"f":15267753,"t":"пакет вклбючет там дадут","d":532446883,"a":[],"m":[]},{"i":2884133,"f":15267753,"t":"Номер заказа СДЭК 1388405343 \n400","d":532446879,"a":[],"m":[]},{"i":2884129,"f":143074774,"t":"Да","d":532446671,"a":[],"m":[]},{"i":2884125,"f":15267753,"t":"да","d":532446594,"a":[],"m":[]},{"i":2884124,"f":15267753,"t":"сюда","d":532446594,"a":[],"m":[{"f":143074774,"t":"Краснодар кореновская 73 (9282828988\nГлущенко Дмитрий Владимирович)","d":532400242,"a":[]}]},{"i":2884123,"f":15267753,"t":"отсюда","d":532446590,"a":[],"m":[{"f":143074774,"t":"","d":532400325,"a":[{"t":0,"s":{"m":"https://sun9-52.userapi.com/impg/NbQ1VzojhdLawCNhqPHXDohLp2E3wpRY_BHZLw/j69opbnnLHQ.jpg?size=510x216&quality=95&crop=159,0,510,216&sign=e2e377727c2fee03a3a831caf2e517e1&c_uniq_tag=GIEPKmap7JUn9uPhT5GBnxu6_C3fPOUYSvCPJM0uUyw&type=album","s":"https://sun9-52.userapi.com/impg/NbQ1VzojhdLawCNhqPHXDohLp2E3wpRY_BHZLw/j69opbnnLHQ.jpg?size=200x133&quality=95&crop=251,0,325,216&sign=1aecca42858f4975ed755ab90d8f8476&c_uniq_tag=OA3TFgnifsZO3cxWNll_MgLoSCx8VKFn-HaCkBK7n5A&type=album","n":"https://sun9-52.userapi.com/impg/NbQ1VzojhdLawCNhqPHXDohLp2E3wpRY_BHZLw/j69opbnnLHQ.jpg?size=828x216&quality=95&sign=2c52d845758579017346d5b20b460c00&c_uniq_tag=mzeA82GT40gmLwb_wAVbvXjlQeR-dHCXP-xFFrEazHk&type=album","o":"https://sun9-52.userapi.com/impg/NbQ1VzojhdLawCNhqPHXDohLp2E3wpRY_BHZLw/j69opbnnLHQ.jpg?size=807x211&quality=95&sign=53cacf625ce9bcc34abd454933a5d0f5&c_uniq_tag=SqWkMft3EIMx98p-TFJ50vPRXiydR7rQ6W6fGxoQOsg&type=album","t":"https://sun9-52.userapi.com/impg/NbQ1VzojhdLawCNhqPHXDohLp2E3wpRY_BHZLw/j69opbnnLHQ.jpg?size=130x34&quality=95&sign=2b5fd6cd589abf642ac901b2b88d101d&c_uniq_tag=vuzzLOVSlO1ite4-MWQxPHQQrH-uonuJQmHVJPgbwXA&type=album"},"z":"","q":0,"w":0,"o":143074774,"i":457266848,"d":532400325}]}]},{"i":2883686,"f":143074774,"t":"Давай","d":532418932,"a":[],"m":[{"f":15267753,"t":"пакеты я могу добавлять 50р","d":532401099,"a":[]}]},{"i":2883618,"f":15267753,"t":"самый большой под пару","d":532401105,"a":[],"m":[]},{"i":2883617,"f":15267753,"t":"пакеты я могу добавлять 50р","d":532401099,"a":[],"m":[]},{"i":2883616,"f":15267753,"t":"ну лучше самому упаковать конечно","d":532401094,"a":[],"m":[]},{"i":2883608,"f":143074774,"t":"И там надо будет пакет купить мне получается?","d":532400783,"a":[],"m":[]},{"i":2883575,"f":143074774,"t":"Размера 9юс","d":532400432,"a":[],"m":[]},{"i":2883574,"f":143074774,"t":"Обычная коробка обувная","d":532400421,"a":[],"m":[]},{"i":2883573,"f":143074774,"t":"Так,тогда по габаритам","d":532400413,"a":[],"m":[]},{"i":2883572,"f":143074774,"t":"А,понял \nОкей","d":532400405,"a":[],"m":[]},{"i":2883571,"f":15267753,"t":"Нет такой возможности","d":532400397,"a":[],"m":[]},{"i":2883570,"f":15267753,"t":"Боксы не добавляю","d":532400390,"a":[],"m":[]},{"i":2883569,"f":143074774,"t":"Коробка М \nВес 1кг","d":532400378,"a":[],"m":[]},{"i":2883568,"f":143074774,"t":"","d":532400325,"a":[{"t":0,"s":{"m":"https://sun9-52.userapi.com/impg/NbQ1VzojhdLawCNhqPHXDohLp2E3wpRY_BHZLw/j69opbnnLHQ.jpg?size=510x216&quality=95&crop=159,0,510,216&sign=e2e377727c2fee03a3a831caf2e517e1&c_uniq_tag=GIEPKmap7JUn9uPhT5GBnxu6_C3fPOUYSvCPJM0uUyw&type=album","s":"https://sun9-52.userapi.com/impg/NbQ1VzojhdLawCNhqPHXDohLp2E3wpRY_BHZLw/j69opbnnLHQ.jpg?size=200x133&quality=95&crop=251,0,325,216&sign=1aecca42858f4975ed755ab90d8f8476&c_uniq_tag=OA3TFgnifsZO3cxWNll_MgLoSCx8VKFn-HaCkBK7n5A&type=album","n":"https://sun9-52.userapi.com/impg/NbQ1VzojhdLawCNhqPHXDohLp2E3wpRY_BHZLw/j69opbnnLHQ.jpg?size=828x216&quality=95&sign=2c52d845758579017346d5b20b460c00&c_uniq_tag=mzeA82GT40gmLwb_wAVbvXjlQeR-dHCXP-xFFrEazHk&type=album","o":"https://sun9-52.userapi.com/impg/NbQ1VzojhdLawCNhqPHXDohLp2E3wpRY_BHZLw/j69opbnnLHQ.jpg?size=807x211&quality=95&sign=53cacf625ce9bcc34abd454933a5d0f5&c_uniq_tag=SqWkMft3EIMx98p-TFJ50vPRXiydR7rQ6W6fGxoQOsg&type=album","t":"https://sun9-52.userapi.com/impg/NbQ1VzojhdLawCNhqPHXDohLp2E3wpRY_BHZLw/j69opbnnLHQ.jpg?size=130x34&quality=95&sign=2b5fd6cd589abf642ac901b2b88d101d&c_uniq_tag=vuzzLOVSlO1ite4-MWQxPHQQrH-uonuJQmHVJPgbwXA&type=album"},"z":"","q":0,"w":0,"o":143074774,"i":457266848,"d":532400325}],"m":[]},{"i":2883567,"f":15267753,"t":"Габарит вес еще","d":532400270,"a":[],"m":[]},{"i":2883565,"f":15267753,"t":"Только город","d":532400264,"a":[],"m":[]},{"i":2883564,"f":143074774,"t":"А мой пункт приема нужно писать?","d":532400253,"a":[],"m":[]},{"i":2883563,"f":143074774,"t":"Его адрес","d":532400244,"a":[],"m":[]},{"i":2883562,"f":143074774,"t":"Краснодар кореновская 73 (9282828988\nГлущенко Дмитрий Владимирович)","d":532400242,"a":[],"m":[]},{"i":2883560,"f":143074774,"t":"Так,я в первый раз только \nА что именно надо писать? \n\nЖульков Иван Олегович","d":532400200,"a":[],"m":[]},{"i":2883556,"f":15267753,"t":"Да пиши данные","d":532399848,"a":[],"m":[]},{"i":2883555,"f":15267753,"t":"Привет","d":532399846,"a":[],"m":[]},{"i":2883554,"f":143074774,"t":"Делаешь сдек?","d":532399808,"a":[],"m":[]},{"i":2883553,"f":143074774,"t":"Привет 👋","d":532399804,"a":[],"m":[]},{"i":1339410,"f":143074774,"t":"Да,что кроссы,что одежда \nОдин хуй)","d":440257640,"a":[],"m":[]},{"i":1339407,"f":15267753,"t":"да я ебал у найка с таким качетсвом по ритейлу брать чета","d":440257591,"a":[],"m":[]},{"i":1339403,"f":143074774,"t":"Бля,кто купил его по ритейлу,тому не завидую)","d":440257565,"a":[],"m":[]},{"i":1339399,"f":15267753,"t":"а то говорят из него пух пипец лезит очень сильно","d":440257542,"a":[],"m":[]},{"i":1339398,"f":15267753,"t":"главное что бы не развалился","d":440257531,"a":[],"m":[]},{"i":1339397,"f":15267753,"t":"да","d":440257527,"a":[],"m":[]},{"i":1339396,"f":143074774,"t":"За такие деньги","d":440257516,"a":[],"m":[]},{"i":1339395,"f":143074774,"t":"Я думаю да) \nТак то классный пухан","d":440257514,"a":[],"m":[]},{"i":1339394,"f":15267753,"t":"хотя фит мб такой у него","d":440257490,"a":[],"m":[]},{"i":1339393,"f":15267753,"t":"ну он мне все равно длинноват","d":440257486,"a":[],"m":[]},{"i":1339391,"f":143074774,"t":"Да,быстро забрали\n\nНу на 180 ещё норм)","d":440257465,"a":[],"m":[]},{"i":1339382,"f":15267753,"t":"продал говорят, да?","d":440257353,"a":[],"m":[]},{"i":1339381,"f":15267753,"t":"180)","d":440257348,"a":[],"m":[]},{"i":1339380,"f":15267753,"t":"ойе я чет проебал сообщение","d":440257347,"a":[],"m":[]},{"i":1337785,"f":143074774,"t":"А у тебя какой рост?","d":440179876,"a":[],"m":[]},{"i":1337784,"f":143074774,"t":"Хорошо)","d":440179872,"a":[],"m":[]},{"i":1337783,"f":15267753,"t":"если оставит то у тебя заберу)","d":440179868,"a":[],"m":[]},{"i":1337781,"f":15267753,"t":"он померят","d":440179863,"a":[],"m":[]},{"i":1337779,"f":15267753,"t":"приедет ему","d":440179862,"a":[],"m":[]},{"i":1337777,"f":15267753,"t":"но он дрищь","d":440179858,"a":[],"m":[]},{"i":1337775,"f":15267753,"t":"у меня друг тож мку взял","d":440179854,"a":[],"m":[]},{"i":1337774,"f":15267753,"t":"да я видал","d":440179849,"a":[],"m":[]},{"i":1337772,"f":143074774,"t":"Пухан","d":440179843,"a":[],"m":[]},{"i":1337771,"f":143074774,"t":"5к","d":440179842,"a":[],"m":[]},{"i":1261826,"f":143074774,"t":"А,знаю) \nСпасибо","d":435601705,"a":[],"m":[]},{"i":1261818,"f":15267753,"t":"https://vk.com/id849882","d":435601593,"a":[],"m":[]},{"i":938789,"f":15267753,"t":"ок","d":399327494,"a":[],"m":[]},{"i":938788,"f":143074774,"t":"Да мне то на них вообще по барабану,я скажу,ему решать)","d":399327478,"a":[],"m":[]},{"i":938783,"f":15267753,"t":"с сша они больше 20 встают","d":399327263,"a":[],"m":[]},{"i":938782,"f":15267753,"t":"ну думайте","d":399327250,"a":[],"m":[]},{"i":938778,"f":143074774,"t":"Спасибо за предложение)","d":399327102,"a":[],"m":[]},{"i":938774,"f":143074774,"t":"Значит без них останется \nЯ ему скажу конечно о цене,но что то вряд ли я думаю","d":399326993,"a":[],"m":[]},{"i":938771,"f":15267753,"t":"везде больше )","d":399326938,"a":[],"m":[]},{"i":938770,"f":15267753,"t":"самое лучшее предложение вообще","d":399326935,"a":[],"m":[]},{"i":938769,"f":143074774,"t":"Не,сорри,он не вывезет)","d":399326913,"a":[],"m":[]},{"i":938768,"f":15267753,"t":"16","d":399326889,"a":[],"m":[]},{"i":938767,"f":143074774,"t":"А ты сколько хочешь?","d":399326881,"a":[],"m":[]},{"i":938766,"f":15267753,"t":"или 12.5 был","d":399326864,"a":[],"m":[]},{"i":938765,"f":15267753,"t":"ритейл чета 13","d":399326862,"a":[],"m":[]},{"i":938764,"f":143074774,"t":"Сразу понять вывезу или нет","d":399326847,"a":[],"m":[]},{"i":938763,"f":143074774,"t":"А какой ритейл?","d":399326834,"a":[],"m":[]},{"i":938762,"f":15267753,"t":"слушаю лучшее предложение )","d":399326776,"a":[],"m":[]},{"i":938761,"f":143074774,"t":"Привет!) \nИщу не для себя \nСколько по деньгам?","d":399326762,"a":[],"m":[]},{"i":938760,"f":15267753,"t":"новые абсолютно","d":399326738,"a":[],"m":[]},{"i":938759,"f":15267753,"t":"спейсджемы есть 9.5","d":399326734,"a":[],"m":[]},{"i":938758,"f":15267753,"t":"привет","d":399326730,"a":[],"m":[]}]}