{"meta":{"v":"1.2","p":25595841,"a":15267753,"t":"Абукар Степанов","d":1691415721},"data":[{"i":2910420,"f":15267753,"t":"Обращайся)","d":534353649,"a":[],"m":[]},{"i":2910418,"f":25595841,"t":"спасибо!","d":534353637,"a":[],"m":[]},{"i":2910415,"f":15267753,"t":"+","d":534353628,"a":[],"m":[]},{"i":2910413,"f":25595841,"t":"отправил, дошли?","d":534353614,"a":[],"m":[]},{"i":2910366,"f":25595841,"t":"щас","d":534352892,"a":[],"m":[]},{"i":2910364,"f":15267753,"t":"да","d":534352855,"a":[],"m":[]},{"i":2910363,"f":25595841,"t":"450 тебе и все уже потом при получении ниче не надо платить?","d":534352843,"a":[],"m":[]},{"i":2910361,"f":15267753,"t":"89059515168 сбер","d":534352727,"a":[],"m":[]},{"i":2910360,"f":15267753,"t":"Номер заказа СДЭК 1393694025 \n450","d":534352722,"a":[],"m":[{"f":25595841,"t":"Меньщиков Родион Константинович\n79990858713\n\nПункт СДЭК XAB3\n\nhttps://www.cdek.ru/ru/offices/view/xab3-na-marksa-ul-karla-marksa-96a","d":534352521,"a":[{"t":6,"v":"https://www.cdek.ru/ru/offices/view/xab3-na-marksa-ul-karla-marksa-96a"}]}]},{"i":2910359,"f":25595841,"t":"","d":534352690,"a":[{"t":0,"s":{"m":"https://sun9-41.userapi.com/impg/yiCH-7XDNnah3zQRCLtOfSWVAYSP8wiY3WhhFg/hGPLF9WxcoM.jpg?size=510x382&quality=95&sign=7cb77fcb18c4a3af17cafd7706cc0969&c_uniq_tag=yWz3cYp2O0_NbsTcaLAu5aqVe-FAIaVyk49q55FUEVI&type=album","s":"https://sun9-41.userapi.com/impg/yiCH-7XDNnah3zQRCLtOfSWVAYSP8wiY3WhhFg/hGPLF9WxcoM.jpg?size=200x150&quality=95&sign=046904b6c1fecd7f7f217c2e9ae8fbcc&c_uniq_tag=UfojjNIWC_EuFj-hjDFHWQRjTYUY6v0chzo4f9LlH-g&type=album","n":"https://sun9-41.userapi.com/impg/yiCH-7XDNnah3zQRCLtOfSWVAYSP8wiY3WhhFg/hGPLF9WxcoM.jpg?size=1600x1200&quality=95&sign=702f3a05186c3c28e959549e745a8215&c_uniq_tag=PSYHEDFJoU2PvQkLPkknkAG0TrftbFfYqbwvqX8LJpc&type=album","o":"https://sun9-41.userapi.com/impg/yiCH-7XDNnah3zQRCLtOfSWVAYSP8wiY3WhhFg/hGPLF9WxcoM.jpg?size=1280x960&quality=95&sign=05e712212d5df011a6aa7b962b897458&c_uniq_tag=LQ2FjZ1Xth57399EkuazKXMse_t2zrhkHhovTvHp51Q&type=album","t":"https://sun9-41.userapi.com/impg/yiCH-7XDNnah3zQRCLtOfSWVAYSP8wiY3WhhFg/hGPLF9WxcoM.jpg?size=604x453&quality=95&sign=86e7a9120102212e794a967341f07b3b&c_uniq_tag=gNMW2ObKhovceDMkaqL36KuxIPR57WMoNpRCn-OJgPc&type=album"},"z":"","q":0,"w":0,"o":25595841,"i":457248665,"d":534352690}],"m":[]},{"i":2910356,"f":25595841,"t":"0.5 кг наверное","d":534352666,"a":[],"m":[]},{"i":2910354,"f":25595841,"t":"перчи найк","d":534352661,"a":[],"m":[]},{"i":2910352,"f":25595841,"t":"блин","d":534352659,"a":[],"m":[]},{"i":2910336,"f":15267753,"t":"габарит вес еще","d":534352572,"a":[],"m":[]},{"i":2910333,"f":25595841,"t":"с москвы отправить","d":534352527,"a":[],"m":[]},{"i":2910331,"f":25595841,"t":"Меньщиков Родион Константинович\n79990858713\n\nПункт СДЭК XAB3\n\nhttps://www.cdek.ru/ru/offices/view/xab3-na-marksa-ul-karla-marksa-96a","d":534352521,"a":[{"t":6,"v":"https://www.cdek.ru/ru/offices/view/xab3-na-marksa-ul-karla-marksa-96a"}],"m":[]},{"i":2910327,"f":15267753,"t":"Прив да пиши данные","d":534352410,"a":[],"m":[]},{"i":2910326,"f":25595841,"t":"привет! можешь сделать сдэк накладную пожалуйста?","d":534352394,"a":[],"m":[]},{"i":1305402,"f":25595841,"t":"окей)","d":437893068,"a":[],"m":[]},{"i":1305400,"f":15267753,"t":"если не сложно отпиши тут плз https://vk.com/topic-17504165_30958595","d":437893053,"a":[],"m":[]},{"i":1305399,"f":15267753,"t":"Привет, кайф!","d":437893052,"a":[],"m":[]},{"i":1305384,"f":25595841,"t":"Дарова, извини, совсем забыл отписать. Посылка пришла неделю назад, все хорошо, спасибо большое ещё раз! Из-за сессии из головы вылетело тебе сообщить(","d":437891682,"a":[],"m":[]},{"i":1269805,"f":15267753,"t":"оке, жду!","d":435940840,"a":[],"m":[]},{"i":1269804,"f":25595841,"t":"Как приедут отпишу тоже)","d":435940833,"a":[],"m":[]},{"i":1269803,"f":25595841,"t":"Ну все, спасибо большое!","d":435940827,"a":[],"m":[]},{"i":1269801,"f":25595841,"t":"Да, это он","d":435940817,"a":[],"m":[]},{"i":1269800,"f":25595841,"t":"Аа","d":435940758,"a":[],"m":[]},{"i":1269799,"f":15267753,"t":"я думаю это","d":435940751,"a":[{"t":0,"s":{"m":"https://sun9-2.userapi.com/impg/c858420/v858420840/10086b/DTlTwH1RgJs.jpg?size=250x158&quality=96&sign=31f265f31ebc9a8d57905b5f2df491b4&c_uniq_tag=P92_kFH0R0P3W1xTx5FrUMYbvLm29vYHQLaJrGImw1o&type=album","s":"https://sun9-2.userapi.com/impg/c858420/v858420840/10086b/DTlTwH1RgJs.jpg?size=250x158&quality=96&sign=31f265f31ebc9a8d57905b5f2df491b4&c_uniq_tag=P92_kFH0R0P3W1xTx5FrUMYbvLm29vYHQLaJrGImw1o&type=album","n":"https://sun9-2.userapi.com/impg/c858420/v858420840/10086b/DTlTwH1RgJs.jpg?size=250x158&quality=96&sign=31f265f31ebc9a8d57905b5f2df491b4&c_uniq_tag=P92_kFH0R0P3W1xTx5FrUMYbvLm29vYHQLaJrGImw1o&type=album","o":"https://sun9-2.userapi.com/impg/c858420/v858420840/10086b/DTlTwH1RgJs.jpg?size=200x133&quality=96&crop=6,0,238,158&sign=9c2551320b51bf099dc9f9a99d84464e&c_uniq_tag=Eofjgo2wStbCrYogKVywxt0blmbqj2xSfA0-M8zuSaM&type=album","t":"https://sun9-2.userapi.com/impg/c858420/v858420840/10086b/DTlTwH1RgJs.jpg?size=130x87&quality=96&crop=7,0,236,158&sign=97f700d5d01c158cf91e62eaabfc7583&c_uniq_tag=YDijLjnMjgHnOtnOgyBZgM5LCXpAZbNniScrmad8trQ&type=album"},"z":"","q":0,"w":0,"o":15267753,"i":457252358,"d":435940748}],"m":[]},{"i":1269798,"f":25595841,"t":"А где он ?","d":435940735,"a":[],"m":[]},{"i":1269787,"f":15267753,"t":"Видимо трэк должен быть","d":435940581,"a":[{"t":0,"s":{"m":"https://sun9-27.userapi.com/impg/Qj2zYpEymI4UZ3ccNRrPIJdVeViiyX-H4eVm3w/JtSBKLM3QbY.jpg?size=810x1080&quality=96&sign=75a987a7bf6b4125e3599ad7f6b9e34a&c_uniq_tag=YLSKn9hidVx69hLWlAZVgnzgjHfGnX14-R0TcbBq03k&type=album","s":"https://sun9-27.userapi.com/impg/Qj2zYpEymI4UZ3ccNRrPIJdVeViiyX-H4eVm3w/JtSBKLM3QbY.jpg?size=453x604&quality=96&sign=66b18d630671a84ecec0f2f911891d8c&c_uniq_tag=Zn4daQ94KOYkYnZG1VCBqr9amt9gNmQX45a5wkuuISU&type=album","n":"https://sun9-27.userapi.com/impg/Qj2zYpEymI4UZ3ccNRrPIJdVeViiyX-H4eVm3w/JtSBKLM3QbY.jpg?size=56x75&quality=96&sign=3b20b98daea2f9c986cc4970697a5aef&c_uniq_tag=sErxnDvbG-DzExg4zAP1xTjMP2wH8Hya0L7_CBG8cHo&type=album","o":"https://sun9-27.userapi.com/impg/Qj2zYpEymI4UZ3ccNRrPIJdVeViiyX-H4eVm3w/JtSBKLM3QbY.jpg?size=510x680&quality=96&sign=f5ea648a59c9c268f19b8bfe3eb72454&c_uniq_tag=d3XuN6Dz67lQAzTgOmWysHJHCGYSZeaY3F901enL0SY&type=album","t":"https://sun9-27.userapi.com/impg/Qj2zYpEymI4UZ3ccNRrPIJdVeViiyX-H4eVm3w/JtSBKLM3QbY.jpg?size=200x267&quality=96&sign=5ec6010e87654a70aa29ce95b67493bf&c_uniq_tag=qCCrEwveklEuGwFndkkWTPJOHoq7mScS2wFt3yTAqes&type=album"},"z":"","q":54.990185,"w":83.004149,"o":15267753,"i":457252357,"d":435940576},{"t":0,"s":{"m":"https://sun9-22.userapi.com/impg/c858428/v858428840/ffbca/BQjgHXuh_U8.jpg?size=810x1080&quality=96&sign=d630ee9dcd2f9fe4a0057c7c946ebac9&c_uniq_tag=0nGcdPxQ9ghlxecxqDk9JWOse8SgSctYO8DU7OtJ28c&type=album","s":"https://sun9-22.userapi.com/impg/c858428/v858428840/ffbca/BQjgHXuh_U8.jpg?size=453x604&quality=96&sign=7ad7abedcc7214e65bbbd345704b5944&c_uniq_tag=Bqx6ocE_noz1jj6BZo0-uYGai7OYVBIie2dwChhFD1A&type=album","n":"https://sun9-22.userapi.com/impg/c858428/v858428840/ffbca/BQjgHXuh_U8.jpg?size=56x75&quality=96&sign=3248e7a0dbabc801f34bfd76b6a12436&c_uniq_tag=orFOhjuF82p-agc-a1F_oCj1gBXI4_V3ohzXsveM5Xs&type=album","o":"https://sun9-22.userapi.com/impg/c858428/v858428840/ffbca/BQjgHXuh_U8.jpg?size=510x680&quality=96&sign=b86d30f8ebb46141d08e1f80453dec6a&c_uniq_tag=plczv1a8mfxBwFLOqmtDI8JkWppzId0uu_iS7WyR9Xk&type=album","t":"https://sun9-22.userapi.com/impg/c858428/v858428840/ffbca/BQjgHXuh_U8.jpg?size=200x267&quality=96&sign=5485db9195122848ea981b41bd281952&c_uniq_tag=UjqJ87OIb8b0xtKuswOVvl2A5kjMusDn3V3C9eGTPJ0&type=album"},"z":"","q":54.990229,"w":83.004053,"o":15267753,"i":457252356,"d":435940575}],"m":[]},{"i":1269775,"f":25595841,"t":"Сейчас докину","d":435939066,"a":[],"m":[]},{"i":1269774,"f":25595841,"t":"Все понял","d":435939055,"a":[],"m":[]},{"i":1269555,"f":15267753,"t":"чуть позже кину фотку чека и трека","d":435932917,"a":[],"m":[]},{"i":1269553,"f":15267753,"t":"в стейле нужен был какой то договор, и там было две фуры передо мной, типа надо было ждать. не захотели пропускать меня, а я по времени там ждать не сильно","d":435932912,"a":[],"m":[]},{"i":1269545,"f":15267753,"t":"йо, я шипнул энергией короч, вышло 1590р со страховкой, пакетами их и упаковкой","d":435932856,"a":[],"m":[]},{"i":1269133,"f":25595841,"t":"Но если что пиши звони конечно","d":435917887,"a":[],"m":[]},{"i":1269131,"f":15267753,"t":"Хорошо)","d":435917843,"a":[],"m":[]},{"i":1269130,"f":25595841,"t":"Рубит спать а то 😅","d":435917719,"a":[],"m":[]},{"i":1269129,"f":25595841,"t":"А позже чуть разберёмся","d":435917699,"a":[],"m":[]},{"i":1269128,"f":25595841,"t":"Я тебе скину может пока 1200","d":435917694,"a":[],"m":[]},{"i":1269127,"f":15267753,"t":"Скоро буду !","d":435917682,"a":[],"m":[]},{"i":1269125,"f":15267753,"t":"Блин","d":435917658,"a":[],"m":[]},{"i":1269122,"f":15267753,"t":"Еду","d":435917647,"a":[],"m":[]},{"i":1269121,"f":15267753,"t":"Привеи","d":435917645,"a":[],"m":[]},{"i":1269120,"f":25595841,"t":"Привет, ну что ?","d":435917622,"a":[],"m":[]},{"i":1268402,"f":15267753,"t":"а, окей","d":435867737,"a":[],"m":[]},{"i":1268398,"f":25595841,"t":"Ну он должен быть в базе их","d":435867713,"a":[],"m":[]},{"i":1268396,"f":25595841,"t":"Хорошо","d":435867701,"a":[],"m":[]},{"i":1268395,"f":15267753,"t":"ну если нужен будет я наберу тебе утром","d":435867694,"a":[],"m":[]},{"i":1268394,"f":15267753,"t":"там номер серия паспорта не нужен будет? в пэке потому что нужен","d":435867687,"a":[],"m":[{"f":25595841,"t":"Отца данные напишу, он вроде должен быть в их базе. \n\nСтепанов Захар Иннокентьевич\nРеспублика Саха (Якутия), г. Якутск, ул. Красноярова д. 29\n677007\n8 (924) 599-88-38","d":435787155,"a":[]}]},{"i":1266955,"f":15267753,"t":"принял","d":435787240,"a":[],"m":[]},{"i":1266953,"f":25595841,"t":"Отца данные напишу, он вроде должен быть в их базе. \n\nСтепанов Захар Иннокентьевич\nРеспублика Саха (Якутия), г. Якутск, ул. Красноярова д. 29\n677007\n8 (924) 599-88-38","d":435787155,"a":[],"m":[]},{"i":1266950,"f":25595841,"t":"Да сейчас","d":435787024,"a":[],"m":[]},{"i":1266949,"f":15267753,"t":"данные еще напиши куда шипить","d":435786951,"a":[],"m":[]},{"i":1266948,"f":15267753,"t":"хорошо!","d":435786942,"a":[],"m":[]},{"i":1266946,"f":25595841,"t":"Проснусь, но если что вот телефон на всякий +79269281663","d":435786931,"a":[],"m":[]},{"i":1266945,"f":15267753,"t":"да","d":435786898,"a":[],"m":[]},{"i":1266944,"f":25595841,"t":"Это в 7-8 по мск, окей","d":435786891,"a":[],"m":[]},{"i":1266943,"f":15267753,"t":"в понеделник в 11-12 утра новосибирского","d":435786816,"a":[],"m":[]},{"i":1266942,"f":25595841,"t":"Примерно во сколько поедешь? Чтоб на связи я был","d":435786754,"a":[],"m":[]},{"i":1266941,"f":25595841,"t":"Хорошо","d":435786737,"a":[],"m":[]},{"i":1266940,"f":15267753,"t":"ну на месте решим, я тебе напишу оттуда если что","d":435786700,"a":[],"m":[]},{"i":1266935,"f":25595841,"t":"Должны по идее","d":435786593,"a":[],"m":[]},{"i":1266934,"f":25595841,"t":"Пакет они обмотают там","d":435786590,"a":[],"m":[]},{"i":1266933,"f":15267753,"t":"там второе место просто не дает посчитать на сайте сколько будет стоить","d":435786562,"a":[],"m":[]},{"i":1266932,"f":25595841,"t":"Супер","d":435786549,"a":[],"m":[]},{"i":1266931,"f":15267753,"t":"а там я хз, либо вторым местом, либо как то с ковром в пакет","d":435786549,"a":[],"m":[]},{"i":1266930,"f":25595841,"t":"Аа","d":435786539,"a":[],"m":[]},{"i":1266929,"f":15267753,"t":"я их в плотный картон упаковал","d":435786531,"a":[],"m":[]},{"i":1266928,"f":25595841,"t":"Упаковать нужно будет как-то?","d":435786490,"a":[],"m":[]},{"i":1266927,"f":25595841,"t":"А вот с часами","d":435786481,"a":[],"m":[]},{"i":1266926,"f":15267753,"t":"да","d":435786453,"a":[],"m":[]},{"i":1266925,"f":25595841,"t":"Ну давай стеил","d":435786448,"a":[],"m":[]},{"i":1266924,"f":15267753,"t":"https://nrg-tk.ru","d":435786445,"a":[{"t":6,"v":"http://nrg-tk.ru"}],"m":[]},{"i":1266923,"f":25595841,"t":"Аа","d":435786440,"a":[],"m":[]},{"i":1266922,"f":15267753,"t":"транспортная компания","d":435786429,"a":[],"m":[]},{"i":1266921,"f":25595841,"t":"Как понять энергия?","d":435786423,"a":[],"m":[]},{"i":1266920,"f":25595841,"t":"Хорошо","d":435786408,"a":[],"m":[]},{"i":1266919,"f":15267753,"t":"еще энергия где то 1500","d":435786407,"a":[],"m":[]},{"i":1266918,"f":15267753,"t":"я посчитал везде, самая дешевая получилась","d":435786400,"a":[],"m":[]},{"i":1266917,"f":15267753,"t":"в понедельник стейлом отправлю там 1200 +- должно выйти","d":435786383,"a":[],"m":[]},{"i":1266440,"f":25595841,"t":"Окей","d":435756356,"a":[],"m":[]},{"i":1266439,"f":15267753,"t":"я тогда посчитаю попозже энергии всякие и скажу тебе","d":435756344,"a":[],"m":[]},{"i":1266438,"f":15267753,"t":"наврено да, он тока закрыть до понедельника.","d":435756333,"a":[],"m":[]},{"i":1266436,"f":25595841,"t":"Сможешь тогда через стеил отправить ?","d":435756256,"a":[],"m":[]},{"i":1266435,"f":25595841,"t":"Аа","d":435756234,"a":[],"m":[]},{"i":1266434,"f":15267753,"t":"стеил","d":435756227,"a":[],"m":[]},{"i":1266433,"f":25595841,"t":"Это сдэк?","d":435756188,"a":[],"m":[]},{"i":1266432,"f":15267753,"t":"1200 примерно и 20 дней","d":435756168,"a":[],"m":[]},{"i":1266425,"f":25595841,"t":"С Москвы отправлял сам","d":435756061,"a":[],"m":[]},{"i":1266424,"f":25595841,"t":"Вот они есть и вроде тоже дешевле должно выйти","d":435756048,"a":[],"m":[]},{"i":1266423,"f":25595841,"t":"","d":435756020,"a":[{"t":0,"s":{"m":"https://sun9-77.userapi.com/impg/QkP708sfxC-g1M3acc0yd83tXCe3GXdprFjgTA/K0UVVEol-2Y.jpg?size=607x1080&quality=96&sign=a1068cdb768cb918e2a16e35e9c0341b&c_uniq_tag=pGEDU8kNwFo5FqiabvrDb_sgoqj9iVF25M5X8qaVxOQ&type=album","s":"https://sun9-77.userapi.com/impg/QkP708sfxC-g1M3acc0yd83tXCe3GXdprFjgTA/K0UVVEol-2Y.jpg?size=340x604&quality=96&sign=ea417cb9781f58f4be42c362c8dacf97&c_uniq_tag=y3tsvwWqoJBSp40OWa8r-zr6L2qu2hzP7ksg6vNZOYo&type=album","n":"https://sun9-77.userapi.com/impg/QkP708sfxC-g1M3acc0yd83tXCe3GXdprFjgTA/K0UVVEol-2Y.jpg?size=42x75&quality=96&sign=7f86c30a91b026eac2abffd686e577bb&c_uniq_tag=qBDe69UjMzcXbhY77DOd4gpPm2uWMEE_SOYEJr8AWQg&type=album","o":"https://sun9-77.userapi.com/impg/QkP708sfxC-g1M3acc0yd83tXCe3GXdprFjgTA/K0UVVEol-2Y.jpg?size=510x900&quality=96&crop=0,0,750,1324&sign=9565c6d9bbe4ff36ae3ceaebb41aa051&c_uniq_tag=YfQMFtAK6-a90gFEMboSeqXMwfRm11RiEuGh5guGKrw&type=album","t":"https://sun9-77.userapi.com/impg/QkP708sfxC-g1M3acc0yd83tXCe3GXdprFjgTA/K0UVVEol-2Y.jpg?size=200x356&quality=96&sign=c87938d8c36d0167fe6fa8b0402cbe03&c_uniq_tag=u-KHrA_IWORz-R0fTMCq8HkvIfh4WZOmPF2_CA7FFSQ&type=album"},"z":"","q":0,"w":0,"o":25595841,"i":457245144,"d":435756016}],"m":[]},{"i":1266420,"f":15267753,"t":"первый раз слышу)","d":435755892,"a":[],"m":[]},{"i":1266417,"f":25595841,"t":"А стеил не отправлял никогда ?","d":435755880,"a":[],"m":[]},{"i":1266415,"f":15267753,"t":"ща посчитаю сдэк","d":435755862,"a":[],"m":[]},{"i":1266414,"f":15267753,"t":"хм","d":435755857,"a":[],"m":[]},{"i":1266413,"f":25595841,"t":"Походу нет пэк в Якутске","d":435755669,"a":[],"m":[]},{"i":1266397,"f":15267753,"t":"адрес склада пэк","d":435755368,"a":[],"m":[]},{"i":1266396,"f":25595841,"t":"Адрес склада?","d":435755342,"a":[],"m":[]},{"i":1266392,"f":15267753,"t":"сдэк раза в 2 дороже","d":435755208,"a":[],"m":[]},{"i":1266391,"f":15267753,"t":"тогда нужен будет от тебя адрес склада, фио и серию номер паспорта","d":435755204,"a":[],"m":[]},{"i":1266390,"f":25595841,"t":"А сдэк?","d":435755192,"a":[],"m":[]},{"i":1266389,"f":15267753,"t":"ок","d":435755186,"a":[],"m":[]},{"i":1266388,"f":25595841,"t":"Давай пэком, мне не к спеху","d":435755181,"a":[],"m":[]},{"i":1266387,"f":15267753,"t":"там около косоря будет шип","d":435755175,"a":[],"m":[]},{"i":1266386,"f":15267753,"t":"могу пэк","d":435755168,"a":[],"m":[]},{"i":1266385,"f":15267753,"t":"да","d":435755164,"a":[],"m":[]},{"i":1266384,"f":15267753,"t":"пэком дешевле будет","d":435755162,"a":[],"m":[]},{"i":1266383,"f":25595841,"t":"Сдэк дороже будет наверное?","d":435755161,"a":[],"m":[]},{"i":1266374,"f":15267753,"t":"сдэк или пэк","d":435755080,"a":[],"m":[]},{"i":1266373,"f":15267753,"t":"я пока думаю","d":435755078,"a":[],"m":[]},{"i":1266372,"f":15267753,"t":"пэк транспортная","d":435755066,"a":[],"m":[]},{"i":1266371,"f":25595841,"t":"А про это ты что-то писал?","d":435755042,"a":[],"m":[{"f":15267753,"t":"Шип пэк можно","d":435667273,"a":[]}]},{"i":1266370,"f":25595841,"t":"Привет","d":435755007,"a":[],"m":[]},{"i":1266360,"f":15267753,"t":"я сдэк наверно буду шипить","d":435754878,"a":[],"m":[]},{"i":1266359,"f":15267753,"t":"привет","d":435754865,"a":[],"m":[]},{"i":1263985,"f":15267753,"t":"Ок","d":435667816,"a":[],"m":[]},{"i":1263984,"f":15267753,"t":"Вижу","d":435667815,"a":[],"m":[]},{"i":1263979,"f":25595841,"t":"Перевёл","d":435667806,"a":[],"m":[]},{"i":1263968,"f":25595841,"t":"Пару сек","d":435667769,"a":[],"m":[]},{"i":1263962,"f":15267753,"t":"Да","d":435667731,"a":[],"m":[{"f":25595841,"t":"14700  выходит ?","d":435667662,"a":[]}]},{"i":1263961,"f":25595841,"t":"Ага","d":435667720,"a":[],"m":[]},{"i":1263960,"f":15267753,"t":"Ковер зелеыныц да?","d":435667715,"a":[],"m":[]},{"i":1263958,"f":15267753,"t":"Хорошо","d":435667686,"a":[],"m":[]},{"i":1263957,"f":25595841,"t":"Без шипа пока","d":435667672,"a":[],"m":[]},{"i":1263956,"f":25595841,"t":"14700  выходит ?","d":435667662,"a":[],"m":[]},{"i":1263948,"f":15267753,"t":"Да","d":435667609,"a":[],"m":[]},{"i":1263945,"f":25595841,"t":"Тогда кидаю на сбер тот же ?","d":435667604,"a":[],"m":[]},{"i":1263935,"f":25595841,"t":"Понимаю","d":435667554,"a":[],"m":[]},{"i":1263932,"f":15267753,"t":"Ковер тяжелый прост","d":435667536,"a":[],"m":[]},{"i":1263931,"f":15267753,"t":"Ковер 500 сумка 300 часы 400 хэлп)","d":435667533,"a":[],"m":[]},{"i":1263929,"f":25595841,"t":"Ковёр зелёный нид, если что","d":435667473,"a":[],"m":[]},{"i":1263926,"f":25595841,"t":"Сколько тогда за хэлп возьмёшь ?","d":435667452,"a":[],"m":[]},{"i":1263921,"f":25595841,"t":"Справа которая","d":435667400,"a":[],"m":[]},{"i":1263919,"f":25595841,"t":"Да её )","d":435667396,"a":[],"m":[]},{"i":1263915,"f":15267753,"t":"","d":435667376,"a":[{"t":0,"s":{"m":"https://sun9-43.userapi.com/impg/c854320/v854320210/174644/vXA7PUKopQE.jpg?size=810x1080&quality=96&sign=5a8d590ad25fd7af8c97658c8c309ef9&c_uniq_tag=maLc4WpgHO_6Mc2sErCXlWtzh9ujK7LFnuP6sm6x7GE&type=album","s":"https://sun9-43.userapi.com/impg/c854320/v854320210/174644/vXA7PUKopQE.jpg?size=453x604&quality=96&sign=c9b55b22d3bb094fe2bb2d00c39118b2&c_uniq_tag=QYbxs7hhVH_jJO8FL3y9uTmZ955atSICyPTD9y3-avE&type=album","n":"https://sun9-43.userapi.com/impg/c854320/v854320210/174644/vXA7PUKopQE.jpg?size=56x75&quality=96&sign=54f592a372e368be00d09b527c881f2b&c_uniq_tag=8KC4YB9HRaM4uS7z1vAX1tRjbsgfrUb-lvSEKOEG1_U&type=album","o":"https://sun9-43.userapi.com/impg/c854320/v854320210/174644/vXA7PUKopQE.jpg?size=510x680&quality=96&sign=7c8b57400d3feaa9f4913a7e9e654932&c_uniq_tag=IV4jkRh0FA04Yd-qRfJ5HLOIeo0XG3iiWfL39IWHclk&type=album","t":"https://sun9-43.userapi.com/impg/c854320/v854320210/174644/vXA7PUKopQE.jpg?size=200x267&quality=96&sign=04cffc12ac35d542ba36146965fc5328&c_uniq_tag=ziLY6jWZA8o7kvMEBHDNNBQVABPFK5atIedH8DWTTMw&type=album"},"z":"","q":0,"w":0,"o":15267753,"i":457252286,"d":435667376}],"m":[]},{"i":1263913,"f":15267753,"t":"Это большая","d":435667364,"a":[],"m":[]},{"i":1263912,"f":25595841,"t":"Её короче","d":435667355,"a":[],"m":[]},{"i":1263910,"f":25595841,"t":"Вот эта маленькая ?","d":435667351,"a":[{"t":0,"s":{"m":"https://sun9-18.userapi.com/impg/c855228/v855228856/17831d/b_Vl-Rxn_ds.jpg?size=607x1080&quality=96&sign=3f56c1a5890ad80493a030c6eb19970f&c_uniq_tag=EhYFrqhMje66_59PVCPGRtEfbQl8Qyh1yyQpIkL7WDc&type=album","s":"https://sun9-18.userapi.com/impg/c855228/v855228856/17831d/b_Vl-Rxn_ds.jpg?size=340x604&quality=96&sign=d5340ad087577b7f01570da518e2bed3&c_uniq_tag=FbuiZ_UKUq2z2gOFPnYe6hu0i27_nAZo-xauofT0CdE&type=album","n":"https://sun9-18.userapi.com/impg/c855228/v855228856/17831d/b_Vl-Rxn_ds.jpg?size=42x75&quality=96&sign=fcf889e2006e30c512e1b95578a6450a&c_uniq_tag=jES2CKqYd5G-da7jfADaNJDHkTodmjvWxBzwlzcK0bQ&type=album","o":"https://sun9-18.userapi.com/impg/c855228/v855228856/17831d/b_Vl-Rxn_ds.jpg?size=510x900&quality=96&crop=0,0,750,1324&sign=fa5905498edcfab9600e447dddc7036b&c_uniq_tag=bp6BcidrSjC9a0LZ9wrBrJbSwStL_WhKAtVnKpNh5mc&type=album","t":"https://sun9-18.userapi.com/impg/c855228/v855228856/17831d/b_Vl-Rxn_ds.jpg?size=200x356&quality=96&sign=0aa4003e8b1f7b23b21ab28037ea2249&c_uniq_tag=cHrcbv70BfAbnD_mkFivWf82wbMtCBBymPjXCgxS_u8&type=album"},"z":"","q":0,"w":0,"o":25595841,"i":457245106,"d":435667346}],"m":[]},{"i":1263907,"f":25595841,"t":"А блин","d":435667342,"a":[],"m":[]},{"i":1263896,"f":25595841,"t":"Большую","d":435667290,"a":[],"m":[]},{"i":1263892,"f":15267753,"t":"Сумка маленька?","d":435667285,"a":[],"m":[]},{"i":1263891,"f":15267753,"t":"Хз скок выйдет","d":435667278,"a":[],"m":[]},{"i":1263890,"f":15267753,"t":"Шип пэк можно","d":435667273,"a":[],"m":[]},{"i":1263889,"f":15267753,"t":"Давай","d":435667268,"a":[],"m":[]},{"i":1263888,"f":25595841,"t":"И в Якутск отправить, ближе от Новосиба","d":435667259,"a":[],"m":[]},{"i":1263885,"f":25595841,"t":"Можешь тогда с часами, ковром и сумкой помочь","d":435667239,"a":[],"m":[]},{"i":1263882,"f":15267753,"t":"Монадизы солд","d":435667197,"a":[],"m":[]},{"i":1263881,"f":15267753,"t":"Ковры естт","d":435667189,"a":[],"m":[]},{"i":1263880,"f":25595841,"t":"А ковры картины вообще тогда ?","d":435667181,"a":[],"m":[]},{"i":1263873,"f":15267753,"t":"","d":435667156,"a":[{"t":0,"s":{"m":"https://sun9-57.userapi.com/impg/c858232/v858232210/fbf93/ikmJXarW7Vg.jpg?size=810x1080&quality=96&sign=72711fa9a89a728eb27c89c8591f6fd5&c_uniq_tag=VqpIxZWJOE9SuB40P2hgf2VslYmGUORgFGG7rGhs7Ys&type=album","s":"https://sun9-57.userapi.com/impg/c858232/v858232210/fbf93/ikmJXarW7Vg.jpg?size=453x604&quality=96&sign=e5101a9d6b18b04aeb6d50e2adf8d01b&c_uniq_tag=6tj7f2gNgHCuSp4gg2e3yyQDPcDt9JrYk9Mk1y3bBmw&type=album","n":"https://sun9-57.userapi.com/impg/c858232/v858232210/fbf93/ikmJXarW7Vg.jpg?size=56x75&quality=96&sign=fa5ee1c5889c4f5adea6dcbb80e3ed3e&c_uniq_tag=3J4u7wle-9aQBOalMrKQ3r7AZIyEXwGwHCJKGed_H5E&type=album","o":"https://sun9-57.userapi.com/impg/c858232/v858232210/fbf93/ikmJXarW7Vg.jpg?size=510x680&quality=96&sign=8992c9790551b6dd9336fe30d7fc8373&c_uniq_tag=-R3nzL8T1Wy1ZLRophGSr4KWyNYMPskAaPH329pV5LA&type=album","t":"https://sun9-57.userapi.com/impg/c858232/v858232210/fbf93/ikmJXarW7Vg.jpg?size=200x267&quality=96&sign=cf2ddc9a48987ffb523fcc59acb29dfe&c_uniq_tag=WwE6Vyakm3_0VN_Ff3u8MlxV2isfR3dB_ZthJXKO6T8&type=album"},"z":"","q":0,"w":0,"o":15267753,"i":457252284,"d":435667155}],"m":[]},{"i":1263870,"f":15267753,"t":"Рублей 500-600","d":435667146,"a":[],"m":[]},{"i":1263869,"f":15267753,"t":"Они большие","d":435667142,"a":[],"m":[]},{"i":1263868,"f":15267753,"t":"Дорого будет","d":435667140,"a":[],"m":[]},{"i":1263866,"f":25595841,"t":"А с шипом проблематично будет ?","d":435667133,"a":[],"m":[]},{"i":1263843,"f":15267753,"t":"Да конечно","d":435667007,"a":[],"m":[]},{"i":1263842,"f":25595841,"t":"Поможешь с маркерад?","d":435666999,"a":[],"m":[]},{"i":1263841,"f":15267753,"t":"Привет","d":435666998,"a":[],"m":[]},{"i":1263839,"f":25595841,"t":"Привет!","d":435666988,"a":[],"m":[]},{"i":1072394,"f":15267753,"t":"Кайф, спасибо!","d":420286520,"a":[],"m":[]},{"i":1072258,"f":25595841,"t":"Сделал )","d":420247190,"a":[],"m":[]},{"i":1072045,"f":15267753,"t":"привет, отлично! если не сложно в ск в топике отпиши, где спасибо )","d":420229533,"a":[],"m":[]},{"i":1072035,"f":25595841,"t":"Привет! Забрал штаны, спасибо тебе большое ещё раз за помощь )","d":420227146,"a":[],"m":[]},{"i":1063981,"f":15267753,"t":"отлично! )","d":419615133,"a":[],"m":[]},{"i":1063590,"f":25595841,"t":"Привет, уже появилось, спасибо!! Как придут, отпишу )","d":419601817,"a":[],"m":[]},{"i":1063461,"f":15267753,"t":"ток они его еще не забили","d":419594072,"a":[],"m":[]},{"i":1063460,"f":15267753,"t":"63099230692290","d":419594072,"a":[],"m":[]},{"i":1063459,"f":15267753,"t":"трек","d":419594072,"a":[],"m":[]},{"i":1063457,"f":15267753,"t":"привет","d":419594013,"a":[],"m":[]},{"i":1061980,"f":15267753,"t":"","d":419513424,"a":[{"t":4}],"m":[]},{"i":1061979,"f":25595841,"t":"Кайф, от души ещё раз )","d":419513418,"a":[],"m":[]},{"i":1061965,"f":15267753,"t":"Как шипну трек будет)","d":419513372,"a":[],"m":[]},{"i":1061961,"f":15267753,"t":"","d":419513362,"a":[{"t":0,"s":{"m":"https://sun9-60.userapi.com/impf/c855536/v855536655/45ad7/DSif70284N4.jpg?size=810x1080&quality=96&sign=82a37fadf20e67ba3db32cb6c5f27ec3&c_uniq_tag=db4MQvIwVSqsB-1FEb4ztudgvKVTaFnhSdrEUjOXmDM&type=album","s":"https://sun9-60.userapi.com/impf/c855536/v855536655/45ad7/DSif70284N4.jpg?size=453x604&quality=96&sign=7cb01346c85abcacace509abac1cd630&c_uniq_tag=8EGfEup0HU3X0Nxw6AnUnjFvbxIJlAc5No2Uh3ZX4jQ&type=album","n":"https://sun9-60.userapi.com/impf/c855536/v855536655/45ad7/DSif70284N4.jpg?size=56x75&quality=96&sign=ba56e43c472f3ce5f25923284ac2b2f5&c_uniq_tag=LjSWcEYeMT9BtiJcog5SJ7CPd_3CLFx8I7fCiIlz4wo&type=album","o":"https://sun9-60.userapi.com/impf/c855536/v855536655/45ad7/DSif70284N4.jpg?size=510x680&quality=96&sign=6f34953675732066a741202d9623abc9&c_uniq_tag=1O5eHP0uX_ZJKmCeVUBE7AuRhKiIQ3RQs4BeZWoHVcM&type=album","t":"https://sun9-60.userapi.com/impf/c855536/v855536655/45ad7/DSif70284N4.jpg?size=200x267&quality=96&sign=61ddf65017f6e1a4c56eac1bfc48060d&c_uniq_tag=Ut_1N-ZDfr_d0drLm3ZONpIdB-7jvClhOw_5vJQV3vI&type=album"},"z":"","q":0,"w":0,"o":15267753,"i":456250673,"d":419513361}],"m":[]},{"i":1061913,"f":25595841,"t":"Степанов Абукар Захарович \n\nг. Москва, проспект 60-летия Октября 15, кв 501 \n\n117312","d":419512931,"a":[],"m":[]},{"i":1061904,"f":15267753,"t":"Да давай","d":419512858,"a":[],"m":[]},{"i":1061902,"f":25595841,"t":"Адрес напишу пока ?","d":419512849,"a":[],"m":[]},{"i":1061901,"f":25595841,"t":"Спасибо большое !)","d":419512832,"a":[],"m":[]},{"i":1061900,"f":25595841,"t":"Ага","d":419512817,"a":[],"m":[]},{"i":1061899,"f":25595841,"t":"Хорошо","d":419512816,"a":[],"m":[]},{"i":1061898,"f":15267753,"t":"С и м?","d":419512813,"a":[],"m":[]},{"i":1061897,"f":15267753,"t":"Не успею)","d":419512810,"a":[],"m":[]},{"i":1061895,"f":15267753,"t":"Шип завтра тогда","d":419512806,"a":[],"m":[]},{"i":1061894,"f":15267753,"t":"Да","d":419512797,"a":[],"m":[]},{"i":1061893,"f":25595841,"t":"Илья Игоревич","d":419512791,"a":[],"m":[]},{"i":1061892,"f":25595841,"t":"Сбер","d":419512768,"a":[],"m":[]},{"i":1061891,"f":15267753,"t":"Рокет альфа сбер","d":419512765,"a":[],"m":[]},{"i":1061890,"f":25595841,"t":"Минуту","d":419512764,"a":[],"m":[]},{"i":1061889,"f":15267753,"t":"89059515168","d":419512760,"a":[],"m":[]},{"i":1061888,"f":25595841,"t":"Пиши номер)","d":419512740,"a":[],"m":[]},{"i":1061887,"f":25595841,"t":"Щас","d":419512727,"a":[],"m":[]},{"i":1061886,"f":15267753,"t":"Я тороплюс немного","d":419512718,"a":[],"m":[]},{"i":1061885,"f":15267753,"t":"Ну если прям щас кинешь я заберу их так","d":419512713,"a":[],"m":[{"f":25595841,"t":"10500 может хотя бы","d":419512585,"a":[]}]},{"i":1061879,"f":25595841,"t":"С одной парой не станешь тогда возиться ?","d":419512665,"a":[],"m":[]},{"i":1061875,"f":15267753,"t":"Да","d":419512637,"a":[],"m":[]},{"i":1061874,"f":25595841,"t":"?*","d":419512634,"a":[],"m":[]},{"i":1061873,"f":25595841,"t":"Никита и","d":419512633,"a":[],"m":[]},{"i":1061871,"f":15267753,"t":"Он дороже забирает )","d":419512619,"a":[],"m":[]},{"i":1061864,"f":25595841,"t":"10500 может хотя бы","d":419512585,"a":[],"m":[]},{"i":1061863,"f":25595841,"t":"О блин","d":419512576,"a":[],"m":[]},{"i":1061862,"f":15267753,"t":"А то он усе заберет","d":419512560,"a":[],"m":[]},{"i":1061860,"f":15267753,"t":"Пока оптовие не проснулся","d":419512556,"a":[],"m":[]},{"i":1061859,"f":15267753,"t":"Сразу отправлю","d":419512537,"a":[],"m":[]},{"i":1061858,"f":15267753,"t":"11000 давай за две всп вместе с шипом","d":419512509,"a":[],"m":[]},{"i":1061826,"f":25595841,"t":"Либо с либо м","d":419511952,"a":[],"m":[]},{"i":1061825,"f":25595841,"t":"Просто я хз какой размер","d":419511947,"a":[],"m":[]},{"i":1061823,"f":25595841,"t":"Ну да","d":419511939,"a":[],"m":[]},{"i":1061822,"f":15267753,"t":"Тебе 2 нада?","d":419511935,"a":[],"m":[]},{"i":1061821,"f":15267753,"t":"Ща я померю их сам","d":419511932,"a":[],"m":[]},{"i":1061820,"f":25595841,"t":"Сколько за помощь","d":419511924,"a":[],"m":[]},{"i":1061818,"f":25595841,"t":"Тогда сколько скидываю ?","d":419511915,"a":[],"m":[]},{"i":1061814,"f":15267753,"t":"Да есть","d":419511893,"a":[],"m":[]},{"i":1061813,"f":25595841,"t":"С и М есть ?","d":419511880,"a":[],"m":[]},{"i":1061811,"f":15267753,"t":"Хз должнн работать","d":419511856,"a":[],"m":[]},{"i":1061810,"f":15267753,"t":"-30 купон есть вроде","d":419511851,"a":[],"m":[]},{"i":1061809,"f":15267753,"t":"","d":419511848,"a":[{"t":0,"s":{"m":"https://sun9-31.userapi.com/impf/c855224/v855224655/47932/0rWpaHeetnE.jpg?size=810x1080&quality=96&sign=f806f96adf47ffe08d0f85646e3a1b99&c_uniq_tag=gyTky2K0uVEB_H1Ayq2TZT4dZZjSH88kDP04D0Xkkb4&type=album","s":"https://sun9-31.userapi.com/impf/c855224/v855224655/47932/0rWpaHeetnE.jpg?size=453x604&quality=96&sign=dc546a5f3ed9544fcf2bdc7adb96f74d&c_uniq_tag=ptPvtVMqfVMHq-XQ4SbH-QAZkRggDHX6_4xoGZXDJoY&type=album","n":"https://sun9-31.userapi.com/impf/c855224/v855224655/47932/0rWpaHeetnE.jpg?size=56x75&quality=96&sign=2fcb7521ec7234d64b6e3f6f36995df0&c_uniq_tag=I-4LwBVQVi3AMcfQJJ8t_VSvVJNDOLAgvxz1p_iFYWk&type=album","o":"https://sun9-31.userapi.com/impf/c855224/v855224655/47932/0rWpaHeetnE.jpg?size=510x680&quality=96&sign=b28eaed8b155507f6f9561655d8818ec&c_uniq_tag=fexVUbkdR7Q7pFrDpMvmA1hTXcAxV872hKbkRAZ2ZCU&type=album","t":"https://sun9-31.userapi.com/impf/c855224/v855224655/47932/0rWpaHeetnE.jpg?size=200x267&quality=96&sign=9f440255285871c97104ab28778ff539&c_uniq_tag=sTXlCA_BbiFXGLStWkXMFaUAUt8sB-jLBLQz0Sub9X0&type=album"},"z":"","q":0,"w":0,"o":15267753,"i":456250670,"d":419511847}],"m":[]},{"i":1061808,"f":25595841,"t":"Они 4700?","d":419511736,"a":[],"m":[]},{"i":1061807,"f":15267753,"t":"Да конечно","d":419511729,"a":[],"m":[]},{"i":1061806,"f":25595841,"t":"Поможешь с ними , пожалуйста ?)","d":419511721,"a":[],"m":[{"f":15267753,"t":"Кому","d":419511332,"a":[{"t":0,"s":{"m":"https://sun9-66.userapi.com/impf/c845416/v845416792/208c31/oGT_V9dLkp4.jpg?size=810x1080&quality=96&sign=266fb965295a5353d042448c5ea9c6ab&c_uniq_tag=ynQhsCG7-GDphyJe3EmyeB2MBcoAfvGezFhdStQwxxc&type=album","s":"https://sun9-66.userapi.com/impf/c845416/v845416792/208c31/oGT_V9dLkp4.jpg?size=453x604&quality=96&sign=b2230b32c50eedb35e398faa9864e6ad&c_uniq_tag=o80JAPCcdnTGj1QLUL8YYlSPuXrYz8dpQoL5Z3quxWo&type=album","n":"https://sun9-66.userapi.com/impf/c845416/v845416792/208c31/oGT_V9dLkp4.jpg?size=56x75&quality=96&sign=a329f79beb08f6fcdd3c5abf68c3ef8a&c_uniq_tag=KIn9mX4dtHS_enf93dXQJj8vFjN52y4dQnf1LefiQ2o&type=album","o":"https://sun9-66.userapi.com/impf/c845416/v845416792/208c31/oGT_V9dLkp4.jpg?size=510x680&quality=96&sign=dcbd62e2b9688bd4f519421061bf83df&c_uniq_tag=Z4UUt4Agseap10cMS09GrrOqHmdPUGw1jVmtzPbR2tE&type=album","t":"https://sun9-66.userapi.com/impf/c845416/v845416792/208c31/oGT_V9dLkp4.jpg?size=200x267&quality=96&sign=6fd2dae0a8cd766bd4e24779cdbe335a&c_uniq_tag=JUPaddvaIVTh4dTg-E2k3em0_-s-0ckPRtgIMzOC81Q&type=album"},"z":"","q":0,"w":0,"o":15267753,"i":456250665,"d":419511327}]}]},{"i":1061805,"f":15267753,"t":"Привет","d":419511720,"a":[],"m":[]},{"i":1061804,"f":25595841,"t":"Привет","d":419511706,"a":[],"m":[]}]}