{"meta":{"v":"1.2","p":213016966,"a":15267753,"t":"Vitaly Swede","d":1691415735},"data":[{"i":2894554,"f":15267753,"t":"Да","d":533147618,"a":[],"m":[{"f":213016966,"t":"Там же пакет их, это фри упаковка? Ничего не поменялось?","d":533147603,"a":[]}]},{"i":2894553,"f":213016966,"t":"Там же пакет их, это фри упаковка? Ничего не поменялось?","d":533147603,"a":[],"m":[]},{"i":2894550,"f":213016966,"t":"Спасибо","d":533147479,"a":[],"m":[]},{"i":2894549,"f":213016966,"t":"Перевёл","d":533147477,"a":[],"m":[]},{"i":2894547,"f":15267753,"t":"Да","d":533147461,"a":[],"m":[]},{"i":2894546,"f":213016966,"t":"Сюда?","d":533147446,"a":[{"t":0,"s":{"m":"https://sun9-34.userapi.com/impg/EDFrc5qGrrsMSsW2BrcraJZ08jT8RSnP27dOxg/4Wm8lf8MhTk.jpg?size=510x900&quality=95&crop=0,0,1242,2192&sign=0a192e4a2e87484a2b4cd42b8c1d97f3&c_uniq_tag=jIgPYZ3n1Kg8_3feUmG1RzntoPJt7qcBTZOJoHpSARY&type=album","s":"https://sun9-34.userapi.com/impg/EDFrc5qGrrsMSsW2BrcraJZ08jT8RSnP27dOxg/4Wm8lf8MhTk.jpg?size=200x356&quality=95&sign=fbbb710f82be64788b59b80847983db1&c_uniq_tag=JYDzU4W4R5IR5O_euwj9---fON0B4uVPwlHawIK1VE8&type=album","n":"https://sun9-34.userapi.com/impg/EDFrc5qGrrsMSsW2BrcraJZ08jT8RSnP27dOxg/4Wm8lf8MhTk.jpg?size=1215x2160&quality=95&sign=ac1887abeb2d8e604be753be089f2059&c_uniq_tag=Lru0klmQplLxKPbh7e_TzA3GR9YU-uo4QOMDFhUeLRc&type=album","o":"https://sun9-34.userapi.com/impg/EDFrc5qGrrsMSsW2BrcraJZ08jT8RSnP27dOxg/4Wm8lf8MhTk.jpg?size=607x1080&quality=95&sign=6c558b262c9a0cd3dcaebf257b94b21d&c_uniq_tag=rDoTVrOpKiQf1Z3Z6ZmTj0GzJQwvNuS8qJu-_GObTtY&type=album","t":"https://sun9-34.userapi.com/impg/EDFrc5qGrrsMSsW2BrcraJZ08jT8RSnP27dOxg/4Wm8lf8MhTk.jpg?size=340x604&quality=95&sign=8f8b65cba62d5e4eddf79a470ed850d6&c_uniq_tag=FaebdX3cEiOSyD6J6C0Nv58IXC4kxhJDxvZMpKTSNgk&type=album"},"z":"","q":0,"w":0,"o":213016966,"i":457310072,"d":533147444}],"m":[]},{"i":2894542,"f":15267753,"t":"Номер заказа СДЭК 1391148761 \n300","d":533147249,"a":[],"m":[{"f":213016966,"t":"Получатель\n\nПВЗ: Санкт-Петербург . Проспект  Просвещения дом 41. \n\nФио: Самыленкова Юлия Владимировна \n\nНомер: +79213863705","d":533146736,"a":[]}]},{"i":2894539,"f":213016966,"t":"20 д\n25 ш\n5 в\nТам шорты","d":533146967,"a":[],"m":[]},{"i":2894536,"f":15267753,"t":"Габарит","d":533146881,"a":[],"m":[]},{"i":2894535,"f":15267753,"t":"Привет","d":533146873,"a":[],"m":[]},{"i":2894532,"f":213016966,"t":"Отправитель я\n \nОтправка из просп. Богдана Хмельницкого, 102, Белгород","d":533146818,"a":[],"m":[]},{"i":2894530,"f":213016966,"t":"Получатель\n\nПВЗ: Санкт-Петербург . Проспект  Просвещения дом 41. \n\nФио: Самыленкова Юлия Владимировна \n\nНомер: +79213863705","d":533146736,"a":[],"m":[]},{"i":2894529,"f":213016966,"t":"Сдэк нид","d":533146660,"a":[],"m":[]},{"i":2894528,"f":213016966,"t":"Привет","d":533146654,"a":[],"m":[]},{"i":2735417,"f":15267753,"t":"+","d":522162081,"a":[],"m":[]},{"i":2735414,"f":213016966,"t":"Перевёл","d":522162008,"a":[],"m":[]},{"i":2735403,"f":15267753,"t":"всегда так","d":522161886,"a":[],"m":[]},{"i":2735401,"f":213016966,"t":"Нихуя себе с Крыма сдек","d":522161879,"a":[],"m":[]},{"i":2735398,"f":15267753,"t":"Номер заказа СДЭК 1355559435\n500","d":522161822,"a":[],"m":[]},{"i":2735375,"f":213016966,"t":"Отправителя данные же не нужны?","d":522161457,"a":[],"m":[]},{"i":2735372,"f":213016966,"t":"Д 34\nШ 23\nВ 11","d":522161434,"a":[],"m":[]},{"i":2735371,"f":213016966,"t":"Отправление из Крыма Г Керчь улица Маршала Ерёменко, 7Б","d":522161418,"a":[],"m":[]},{"i":2735367,"f":213016966,"t":"Получатель я","d":522161393,"a":[],"m":[{"f":213016966,"t":"Получатель","d":520895242,"a":[]}]},{"i":2735361,"f":15267753,"t":"данные","d":522161251,"a":[],"m":[]},{"i":2735360,"f":15267753,"t":"прив","d":522161250,"a":[],"m":[]},{"i":2735351,"f":213016966,"t":"Сдэк нужен","d":522161005,"a":[],"m":[]},{"i":2735348,"f":213016966,"t":"Привет","d":522160999,"a":[],"m":[]},{"i":2731346,"f":15267753,"t":"Ок","d":521851535,"a":[],"m":[]},{"i":2731261,"f":213016966,"t":"Я тебе скинул","d":521849774,"a":[],"m":[{"f":15267753,"t":"с тебя 50р","d":521842554,"a":[]}]},{"i":2731260,"f":213016966,"t":"Конечно возможно и оператор службы поддержки не совсем компетентен","d":521849711,"a":[],"m":[]},{"i":2731258,"f":213016966,"t":"Стреч и скотч, не важно договор или обычное обращение, я это уточнял","d":521849687,"a":[],"m":[]},{"i":2731256,"f":213016966,"t":"Ну чтобы разобрались почему деньги за упаковку считают, служба поддержки говорит что она бесплатная","d":521849654,"a":[],"m":[]},{"i":2731181,"f":15267753,"t":"И для чего","d":521845654,"a":[],"m":[]},{"i":2731180,"f":15267753,"t":"А смысл","d":521845651,"a":[],"m":[]},{"i":2731158,"f":213016966,"t":"Я через поддержку жалобу оставил, это пук в лужу или они что-то сделают?","d":521845062,"a":[],"m":[]},{"i":2731144,"f":15267753,"t":"ну работа у них такая","d":521844227,"a":[],"m":[]},{"i":2731112,"f":213016966,"t":"Ну эти сотруды ебу дали они скотч посчитали 30р, а стреча на 20р, хотя там его больше было","d":521843288,"a":[],"m":[]},{"i":2731111,"f":213016966,"t":"Ну до М размера","d":521843230,"a":[],"m":[]},{"i":2731089,"f":15267753,"t":"мелкие пакеты","d":521842973,"a":[],"m":[]},{"i":2731080,"f":213016966,"t":"Ну там же по-умолчанию какая-то упаковка включается аля пакет","d":521842798,"a":[],"m":[{"f":15267753,"t":"что","d":521842550,"a":[]}]},{"i":2731079,"f":15267753,"t":"сдек делает бабки на етом добро пожаловать","d":521842773,"a":[],"m":[]},{"i":2731077,"f":213016966,"t":"Да я понял, это ДОБ9 пидерасты\nЯ звонил в поддержку они говорили стреч и скотч бесплатно \nПупырка платно","d":521842746,"a":[],"m":[{"f":15267753,"t":"с тебя 50р","d":521842554,"a":[]}]},{"i":2731073,"f":15267753,"t":"с тебя 50р","d":521842554,"a":[],"m":[]},{"i":2731072,"f":15267753,"t":"что","d":521842550,"a":[],"m":[]},{"i":2731068,"f":213016966,"t":"Упаковка не включалась изначально в договор? Которая 30?","d":521842475,"a":[],"m":[]},{"i":2731067,"f":15267753,"t":"упаковка в стрейч пленку 20\nупаковка 30","d":521842431,"a":[],"m":[]},{"i":2731002,"f":213016966,"t":"Сколько они за упаковку посчитали","d":521841214,"a":[],"m":[]},{"i":2731000,"f":213016966,"t":"Посмотри эту накладную \n\n1354167544","d":521841185,"a":[],"m":[]},{"i":2730992,"f":213016966,"t":"Первый раз такое","d":521841094,"a":[],"m":[]},{"i":2730990,"f":15267753,"t":"всегда так было","d":521841022,"a":[],"m":[]},{"i":2730985,"f":213016966,"t":"Охуели или так и должно быть","d":521840861,"a":[],"m":[]},{"i":2730984,"f":213016966,"t":"Говорят стреч и скотч платный","d":521840839,"a":[],"m":[]},{"i":2730983,"f":15267753,"t":"што","d":521840805,"a":[],"m":[]},{"i":2730982,"f":15267753,"t":"привет","d":521840804,"a":[],"m":[]},{"i":2730981,"f":213016966,"t":"Привет \nТы не занят?вопрос по сдэку","d":521840742,"a":[],"m":[]},{"i":2725607,"f":15267753,"t":"+","d":521491390,"a":[],"m":[]},{"i":2725606,"f":213016966,"t":"Перевёл","d":521491377,"a":[],"m":[]},{"i":2725605,"f":15267753,"t":")","d":521491287,"a":[],"m":[]},{"i":2725604,"f":213016966,"t":"Быстрее мамы лысого)","d":521491282,"a":[],"m":[]},{"i":2725603,"f":213016966,"t":"Кайф","d":521491267,"a":[],"m":[]},{"i":2725601,"f":15267753,"t":"Накладная успешно создана с номером: 1353866474\n300","d":521491256,"a":[],"m":[{"f":213016966,"t":"Отсюда","d":521491104,"a":[]}]},{"i":2725597,"f":213016966,"t":"Штони отправить, какие габариты поставить?","d":521491159,"a":[],"m":[]},{"i":2725591,"f":213016966,"t":"Сюда","d":521491114,"a":[],"m":[{"f":213016966,"t":"Получатель","d":520895242,"a":[]}]},{"i":2725590,"f":15267753,"t":"прив","d":521491106,"a":[],"m":[]},{"i":2725589,"f":213016966,"t":"Отсюда","d":521491104,"a":[],"m":[{"f":64973391,"t":"Закажи отсюда","d":521490159,"a":[{"t":0,"s":{"m":"https://sun9-77.userapi.com/impg/majVKCoq73iQFG6a6cnHySgD01FGtHb5GOQRnQ/6NwqfCycHwU.jpg?size=510x900&quality=95&crop=0,0,780,1376&sign=32ced1fb09a49001c72581545eb1b43d&c_uniq_tag=ACvq_v5LAaRm-UpVFluX0aEAl7WBtQE8HxJPr1_IEos&type=album","s":"https://sun9-77.userapi.com/impg/majVKCoq73iQFG6a6cnHySgD01FGtHb5GOQRnQ/6NwqfCycHwU.jpg?size=200x433&quality=95&sign=7d0107e188fd11e5a4a065aaa09261a8&c_uniq_tag=qWhKtXlJCTbMo9RZf0JluCo_xvdIQ8MAzYRBoXlpl-E&type=album","n":"https://sun9-77.userapi.com/impg/majVKCoq73iQFG6a6cnHySgD01FGtHb5GOQRnQ/6NwqfCycHwU.jpg?size=780x1688&quality=95&sign=0f43d6801f19a5571960004e5aa2be06&c_uniq_tag=yHilhYuMwALuFk_pTyf-t-nKhie-Nu1fqPyZnoXu76I&type=album","o":"https://sun9-77.userapi.com/impg/majVKCoq73iQFG6a6cnHySgD01FGtHb5GOQRnQ/6NwqfCycHwU.jpg?size=499x1080&quality=95&sign=e06fbf70b9b104681d616ea36a458608&c_uniq_tag=DErvFl-pTWqoOluTt31bxeVUI1wmGMi6KrHn2UqSf9k&type=album","t":"https://sun9-77.userapi.com/impg/majVKCoq73iQFG6a6cnHySgD01FGtHb5GOQRnQ/6NwqfCycHwU.jpg?size=279x604&quality=95&sign=bc8ea562c47ee495bffd731a4e6cb5c3&c_uniq_tag=ifuQAK48POtqzKfsoUeMqQgAEYWdksp5kZXsp8Qygmk&type=album"},"z":"","q":0,"w":0,"o":64973391,"i":457283570,"d":521490157}]}]},{"i":2725582,"f":213016966,"t":"Привет","d":521491053,"a":[],"m":[]},{"i":2715868,"f":213016966,"t":"Спасибо","d":520897409,"a":[],"m":[]},{"i":2715867,"f":15267753,"t":"+","d":520897393,"a":[],"m":[]},{"i":2715866,"f":213016966,"t":"Перевёл","d":520897376,"a":[],"m":[]},{"i":2715863,"f":213016966,"t":"Сейчас переведу","d":520897238,"a":[],"m":[]},{"i":2715858,"f":15267753,"t":"Накладная успешно создана с номером: 1352396638\n350","d":520897172,"a":[],"m":[]},{"i":2715854,"f":15267753,"t":"привет","d":520897104,"a":[],"m":[]},{"i":2715793,"f":213016966,"t":"Получатель","d":520895242,"a":[],"m":[{"f":213016966,"t":"","d":517067842,"a":[],"m":[{"f":213016966,"t":"Адрес получения \nГ Белгород ул Богдана Хмельницкого 102","d":509818137,"a":[]}]},{"f":213016966,"t":"Черепченко Виталий Владимирович \n+79290052759","d":517067857,"a":[]}]},{"i":2715792,"f":213016966,"t":"г. Кингисепп Ленинградская область - Белгород","d":520895219,"a":[],"m":[]},{"i":2715791,"f":213016966,"t":"35 длина\n24 ширина\n12 Высота","d":520895177,"a":[],"m":[]},{"i":2715790,"f":213016966,"t":"Сделай накладную","d":520895139,"a":[],"m":[]},{"i":2715789,"f":213016966,"t":"Доброе утро)","d":520895133,"a":[],"m":[]},{"i":2651960,"f":15267753,"t":"+","d":517157423,"a":[],"m":[]},{"i":2651881,"f":213016966,"t":"Прошу прощения за задержку","d":517154708,"a":[{"t":0,"s":{"m":"https://sun9-59.userapi.com/impg/K92tiGXvRbUn8xLGUvaT2QwJl1VvtOo9_YA5nw/er01aBPD2UY.jpg?size=510x900&quality=95&crop=0,0,1242,2192&sign=587675e95a47dd6f9646a9e761cfc8d6&c_uniq_tag=6y7KNA-a31FjCTo7oOENgiMWMNBLFXl4GEASaJTqMCI&type=album","s":"https://sun9-59.userapi.com/impg/K92tiGXvRbUn8xLGUvaT2QwJl1VvtOo9_YA5nw/er01aBPD2UY.jpg?size=200x356&quality=95&sign=e73db61b0cbde1d3774e2e9952352ec5&c_uniq_tag=7Met1GzCWvlp5Zdl8b9XsV6YyivxrJCVaym7-EEMKdo&type=album","n":"https://sun9-59.userapi.com/impg/K92tiGXvRbUn8xLGUvaT2QwJl1VvtOo9_YA5nw/er01aBPD2UY.jpg?size=1215x2160&quality=95&sign=aa3c97527982cddf7b4d2b0a969ba9a7&c_uniq_tag=JFGiCzg_-KaO-ZvmW8f36TYMiIlm1Q1RLhslMaskMsg&type=album","o":"https://sun9-59.userapi.com/impg/K92tiGXvRbUn8xLGUvaT2QwJl1VvtOo9_YA5nw/er01aBPD2UY.jpg?size=607x1080&quality=95&sign=d07ebcb6ef2ae344b61d4de0949f62ba&c_uniq_tag=NaqllFjZVL7mdWBbawhB2VIj1bfwi2OfkMqV_aWIT2c&type=album","t":"https://sun9-59.userapi.com/impg/K92tiGXvRbUn8xLGUvaT2QwJl1VvtOo9_YA5nw/er01aBPD2UY.jpg?size=340x604&quality=95&sign=919e0fe5d6082657d3354730735cf9ff&c_uniq_tag=6rNaeUPzARJ7wZ5H6TNl5SVy14GH1lBg9P83o8NTeZU&type=album"},"z":"","q":0,"w":0,"o":213016966,"i":457309265,"d":517154699}],"m":[]},{"i":2650206,"f":15267753,"t":"да","d":517068323,"a":[],"m":[]},{"i":2650189,"f":213016966,"t":"Спасибо большое, у тебя же номер не поменялся?","d":517068077,"a":[],"m":[]},{"i":2650185,"f":213016966,"t":"Окей","d":517068028,"a":[],"m":[]},{"i":2650183,"f":15267753,"t":"Накладная успешно создана с номером: 1342784957\n400","d":517068011,"a":[],"m":[{"f":213016966,"t":"","d":517067749,"a":[],"m":[{"f":147810090,"t":"30х40х15\n1кг","d":517067255,"a":[]}]}]},{"i":2650179,"f":213016966,"t":"Черепченко Виталий Владимирович \n+79290052759","d":517067857,"a":[],"m":[]},{"i":2650177,"f":213016966,"t":"","d":517067842,"a":[],"m":[{"f":213016966,"t":"Адрес получения \nГ Белгород ул Богдана Хмельницкого 102","d":509818137,"a":[]}]},{"i":2650176,"f":213016966,"t":"Сейчас данные свои скину","d":517067791,"a":[],"m":[]},{"i":2650175,"f":213016966,"t":"Получатель я в городе Белгород","d":517067781,"a":[],"m":[]},{"i":2650169,"f":213016966,"t":"","d":517067749,"a":[],"m":[{"f":147810090,"t":"30х40х15\n1кг","d":517067255,"a":[]}]},{"i":2650168,"f":213016966,"t":"Отправление из города Кудрово","d":517067737,"a":[],"m":[]},{"i":2650165,"f":15267753,"t":"привет давай","d":517067683,"a":[],"m":[]},{"i":2650151,"f":213016966,"t":"Привет, можешь сделать накладную\nЯ тебе её после 19:00 по мск оплачу, на карте хуй остался","d":517067311,"a":[],"m":[]},{"i":2618346,"f":15267753,"t":"ну мб о н и не кидал поетому не видел )","d":515029272,"a":[],"m":[]},{"i":2618345,"f":15267753,"t":"просто я не видел (","d":515029260,"a":[],"m":[]},{"i":2618177,"f":213016966,"t":"Ещё утром, ну часов в 12 по мск","d":515017232,"a":[],"m":[]},{"i":2618175,"f":213016966,"t":"Он ответил ок","d":515017213,"a":[],"m":[]},{"i":2618173,"f":213016966,"t":"Я ему переслал","d":515017208,"a":[],"m":[]},{"i":2618047,"f":15267753,"t":"не закидывал?","d":515012671,"a":[],"m":[]},{"i":2616957,"f":15267753,"t":"скинь ему","d":514949119,"a":[],"m":[]},{"i":2616956,"f":15267753,"t":"Стоимость хранения будет 180.00 рублей.","d":514949113,"a":[],"m":[]},{"i":2616385,"f":213016966,"t":"Ваня оплатит","d":514924819,"a":[],"m":[]},{"i":2616384,"f":213016966,"t":"Продли срок хранения до завтра","d":514924812,"a":[],"m":[]},{"i":2616150,"f":213016966,"t":"Ну понял","d":514915644,"a":[],"m":[]},{"i":2616148,"f":15267753,"t":"","d":514915615,"a":[{"t":0,"s":{"m":"https://sun9-78.userapi.com/impg/6ND0dEoCIqlBtF4S7S0t_JSKNv5Xdh_PWCmhMQ/jkYNJrE4jC0.jpg?size=1280x507&quality=96&sign=d62318380add667367eb452291cf378f&c_uniq_tag=h7YaSCA6pvPiufajbdV7t9M7BU8i6C_e0t_4X1gvMQE&type=album","s":"https://sun9-78.userapi.com/impg/6ND0dEoCIqlBtF4S7S0t_JSKNv5Xdh_PWCmhMQ/jkYNJrE4jC0.jpg?size=604x239&quality=96&sign=81a1e80853f0949db4365dc563259510&c_uniq_tag=49lOjYej9xHsq9vY-oOqv50_d_Q0xJGsKoQcAaBwNTs&type=album","n":"https://sun9-78.userapi.com/impg/6ND0dEoCIqlBtF4S7S0t_JSKNv5Xdh_PWCmhMQ/jkYNJrE4jC0.jpg?size=75x30&quality=96&sign=38aa9f471f9b74d0a0a75499537002c0&c_uniq_tag=Mlt3qD1ArABmSHahPWael7O00ZLCYPQvhr1N-7pBjJU&type=album","o":"https://sun9-78.userapi.com/impg/6ND0dEoCIqlBtF4S7S0t_JSKNv5Xdh_PWCmhMQ/jkYNJrE4jC0.jpg?size=510x340&quality=96&crop=267,0,783,522&sign=38afabcee84d009ca41f1d3927c1bcf4&c_uniq_tag=ek_B6vu1PK6uwHnnHxpp2_FvcKrjxFJeiUMwZTvuk24&type=album","t":"https://sun9-78.userapi.com/impg/6ND0dEoCIqlBtF4S7S0t_JSKNv5Xdh_PWCmhMQ/jkYNJrE4jC0.jpg?size=200x133&quality=96&crop=266,0,785,522&sign=0db1fef65188c1fe4c8b7675c2ec2865&c_uniq_tag=QTB7cYYywpyjt4HGP0XPTk0-RtPwxeOJijHjDcRcn9o&type=album"},"z":"","q":0,"w":0,"o":15267753,"i":457258602,"d":514915614}],"m":[]},{"i":2616147,"f":213016966,"t":"И срок хранения закончился","d":514915607,"a":[],"m":[]},{"i":2616145,"f":213016966,"t":"Там просто странная история, Ване никаких уведомлений не приходило","d":514915596,"a":[],"m":[]},{"i":2616143,"f":15267753,"t":"да","d":514915571,"a":[],"m":[]},{"i":2616142,"f":213016966,"t":"Вот этот же?!","d":514915566,"a":[],"m":[{"f":213016966,"t":"Получатель","d":513089909,"a":[]}]},{"i":2616141,"f":15267753,"t":"такой как ты писал","d":514915550,"a":[],"m":[]},{"i":2616140,"f":15267753,"t":"прив","d":514915520,"a":[],"m":[]},{"i":2616124,"f":213016966,"t":"Привет, а можешь проверить ты номер указывал в этом сдэке","d":514914955,"a":[],"m":[{"f":15267753,"t":"Накладная успешно создана с номером: 1333436811\n500","d":513092192,"a":[]}]},{"i":2590177,"f":15267753,"t":"+","d":513093001,"a":[],"m":[]},{"i":2590152,"f":213016966,"t":"Спасибо)","d":513092348,"a":[],"m":[]},{"i":2590151,"f":213016966,"t":"Перевёл","d":513092344,"a":[],"m":[]},{"i":2590144,"f":15267753,"t":"да","d":513092260,"a":[],"m":[]},{"i":2590141,"f":213016966,"t":"Так же на сбер?","d":513092217,"a":[],"m":[{"f":15267753,"t":"89059515168 сбер","d":493255576,"a":[]}]},{"i":2590140,"f":15267753,"t":"Накладная успешно создана с номером: 1333436811\n500","d":513092192,"a":[],"m":[{"f":213016966,"t":"Получатель","d":513089909,"a":[]}]},{"i":2590132,"f":213016966,"t":"Да","d":513091873,"a":[],"m":[]},{"i":2590131,"f":213016966,"t":"Омск","d":513091871,"a":[],"m":[]},{"i":2590124,"f":213016966,"t":"Ну подожди чутка","d":513091776,"a":[],"m":[]},{"i":2590123,"f":15267753,"t":"пвз омский","d":513091759,"a":[],"m":[]},{"i":2590122,"f":213016966,"t":"Да вроде нет)","d":513091741,"a":[],"m":[]},{"i":2590121,"f":15267753,"t":")","d":513091719,"a":[],"m":[]},{"i":2590120,"f":15267753,"t":"омск","d":513091719,"a":[],"m":[]},{"i":2590113,"f":213016966,"t":"Отправитель Белгород \nПро него уточню но по идеи мск","d":513091664,"a":[],"m":[]},{"i":2590110,"f":15267753,"t":"и у него какой город","d":513091619,"a":[],"m":[]},{"i":2590108,"f":15267753,"t":"ток город","d":513091616,"a":[],"m":[]},{"i":2590061,"f":213016966,"t":"Отправителя данные нужны?","d":513089996,"a":[],"m":[]},{"i":2590055,"f":213016966,"t":"В 27\nД 35\nШ 24","d":513089955,"a":[],"m":[]},{"i":2590050,"f":213016966,"t":"Получатель","d":513089909,"a":[],"m":[{"f":213748122,"t":"Лепетченко Иван Вячеславович\n89059216509\nУл.21-я Амурская, 12","d":512924014,"a":[]}]},{"i":2590026,"f":15267753,"t":"данные","d":513089359,"a":[],"m":[]},{"i":2590017,"f":213016966,"t":"Сдэк нужен","d":513088928,"a":[],"m":[]},{"i":2590016,"f":213016966,"t":"Привет","d":513088920,"a":[],"m":[]},{"i":2588812,"f":213016966,"t":"Спасибо","d":513011615,"a":[],"m":[]},{"i":2588811,"f":15267753,"t":"","d":513011605,"a":[],"m":[{"f":213748122,"t":"Москва\nOMS17\nЛепетченко Иван Вячеславович\n+79059216509","d":502901616,"a":[]}]},{"i":2258522,"f":15267753,"t":"+","d":493255835,"a":[],"m":[]},{"i":2258519,"f":213016966,"t":"","d":493255719,"a":[{"t":0,"s":{"m":"https://sun9-24.userapi.com/impg/wkxJL2r8pXg5rgZ9wt0SW3rDeKQOf_jtEccoWA/HbzOU2R9Hkc.jpg?size=607x1080&quality=96&sign=ef36412be3207c24b84da70e3dc1237b&c_uniq_tag=Eiq6SRYbt1wsXnUGxsIvEz1Nkmfkwlg7Dc2Lr3PcHG0&type=album","s":"https://sun9-24.userapi.com/impg/wkxJL2r8pXg5rgZ9wt0SW3rDeKQOf_jtEccoWA/HbzOU2R9Hkc.jpg?size=340x604&quality=96&sign=c168bdd08a3466d1f32a638dc23d0fc7&c_uniq_tag=Gs7kBrtivmBVBQzdlTAq8sEABhRzDJaxKxxLfK2y-yg&type=album","n":"https://sun9-24.userapi.com/impg/wkxJL2r8pXg5rgZ9wt0SW3rDeKQOf_jtEccoWA/HbzOU2R9Hkc.jpg?size=42x75&quality=96&sign=cf8e670e1007ebc67deac4240afeb372&c_uniq_tag=-LIeyqa8IjexKw6rOGmxgGyIFJNz_AYqPqvpkF14ghE&type=album","o":"https://sun9-24.userapi.com/impg/wkxJL2r8pXg5rgZ9wt0SW3rDeKQOf_jtEccoWA/HbzOU2R9Hkc.jpg?size=510x900&quality=96&crop=0,0,828,1461&sign=d63eed0b63a41fe4952adb73b2b7421d&c_uniq_tag=Qp_jaMfehVmFO5iwV_Zu6YAsiJE4gfDzg10-hEISLoQ&type=album","t":"https://sun9-24.userapi.com/impg/wkxJL2r8pXg5rgZ9wt0SW3rDeKQOf_jtEccoWA/HbzOU2R9Hkc.jpg?size=200x356&quality=96&sign=5ba73b9ec02774c7e789b06d2adbbc8d&c_uniq_tag=ieW_z4GDQTb62Ss51JCSbU0yoLGKG1eYirU5hKu8-5o&type=album"},"z":"","q":0,"w":0,"o":213016966,"i":457300123,"d":493255719}],"m":[]},{"i":2258515,"f":15267753,"t":"89059515168 сбер","d":493255576,"a":[],"m":[]},{"i":2258514,"f":15267753,"t":"300","d":493255566,"a":[],"m":[]},{"i":2258513,"f":15267753,"t":"Накладная успешно создана с номером: 1276444346","d":493255565,"a":[],"m":[]},{"i":2258512,"f":213016966,"t":"я уже все забыл за месяцы отсутствия\nпоэтому извини за затуп","d":493255542,"a":[],"m":[]},{"i":2258510,"f":213016966,"t":"+79290052759","d":493255506,"a":[],"m":[]},{"i":2258509,"f":15267753,"t":"тел ещ","d":493255496,"a":[],"m":[]},{"i":2258508,"f":15267753,"t":"нет","d":493255491,"a":[],"m":[]},{"i":2258507,"f":213016966,"t":"данные же отправителя не нужны?","d":493255486,"a":[],"m":[]},{"i":2258506,"f":213016966,"t":"черепченко виталий владимирович","d":493255463,"a":[],"m":[]},{"i":2258505,"f":213016966,"t":"бл","d":493255441,"a":[],"m":[]},{"i":2258504,"f":15267753,"t":"Ну ты мне данные все дай оформлю","d":493255429,"a":[],"m":[]},{"i":2258503,"f":213016966,"t":"сколько там?\nили ты еще не оформлял?","d":493255400,"a":[],"m":[]},{"i":2258490,"f":213016966,"t":"© Яндекс Условия использования \nСоздать свою карту \n \nBLD24 Постамат \nБелгород, УЛ. НЕКРАСОВА, 31","d":493253854,"a":[],"m":[]},{"i":2258489,"f":15267753,"t":"Можно","d":493253820,"a":[],"m":[]},{"i":2258488,"f":213016966,"t":"","d":493253801,"a":[{"t":3,"o":213016966,"i":611425112,"n":"voice_message.webm","e":"ogg","s":28206,"url":"https://vk.com/doc213016966_611425112?hash=ROLmR4LzRZae3EY7pxUSsZDuqbZMlWAffFPxxE7Lx9g&dl=93uyKMIm17xaUdWIhRtrZ0NCWeK83Xrd053LYYrT5dT&api=1&no_preview=1"}],"m":[]},{"i":2258476,"f":15267753,"t":"Нет","d":493252101,"a":[],"m":[{"f":213016966,"t":"вес нужен?","d":493251608,"a":[]}]},{"i":2258473,"f":213016966,"t":"Москва белгород","d":493251623,"a":[],"m":[]},{"i":2258472,"f":213016966,"t":"вес нужен?","d":493251608,"a":[],"m":[]},{"i":2258471,"f":213016966,"t":"30(д)х20(ш)х10(в)","d":493251600,"a":[],"m":[]},{"i":2258470,"f":15267753,"t":"Да","d":493251580,"a":[],"m":[]},{"i":2258469,"f":213016966,"t":"можешь сдэк сделать?","d":493251569,"a":[],"m":[]},{"i":2258468,"f":15267753,"t":"Привет","d":493251466,"a":[],"m":[]},{"i":2258467,"f":213016966,"t":"привет","d":493251436,"a":[],"m":[]},{"i":2025672,"f":213016966,"t":"","d":480025975,"a":[{"t":3,"o":213016966,"i":594909229,"n":"audio_msg.opus","e":"ogg","s":10350,"url":"https://vk.com/doc213016966_594909229?hash=RDujoJxltrDHf7ThAWiN3QEC0oJ49a9Am5xhaqFHOr4&dl=RzHGN4YfytdFntTrjTSIA0hnaXytr2Z7yRQCSka8pQo&api=1&no_preview=1"}],"m":[]},{"i":2025663,"f":15267753,"t":"Обычно за него кидают","d":480025888,"a":[],"m":[]},{"i":2025662,"f":15267753,"t":"Я понял","d":480025884,"a":[],"m":[]},{"i":2025657,"f":213016966,"t":"Ну я ему хэлпил \nОн оплачивает шип","d":480025828,"a":[],"m":[]},{"i":2025652,"f":15267753,"t":"Ок","d":480025807,"a":[],"m":[]},{"i":2025650,"f":213016966,"t":"Это к белорусу вопрос","d":480025798,"a":[],"m":[{"f":15267753,"t":"Где за сдек деньги","d":480025747,"a":[],"m":[{"f":213016966,"t":"Просто меня заебал мой город \nИ надо было как-то перезагрузиться","d":480025713,"a":[]}]}]},{"i":2025471,"f":15267753,"t":"","d":480016109,"a":[],"m":[{"f":15267753,"t":"Накладная успешно создана с номером: 1244845395","d":480016098,"a":[]}]},{"i":2025466,"f":213016966,"t":"Это я тебе звонил \nМожешь не перезванивать","d":480016015,"a":[],"m":[]},{"i":2025465,"f":213016966,"t":"Отлично","d":480015991,"a":[],"m":[]},{"i":2025462,"f":15267753,"t":"Щас сделаю","d":480015944,"a":[],"m":[]},{"i":2025453,"f":213016966,"t":"Сделай накладную Для Габруся","d":480014898,"a":[],"m":[]},{"i":1941864,"f":15267753,"t":"Da","d":475435502,"a":[],"m":[]},{"i":1941859,"f":213016966,"t":"На весь сайз ран?","d":475435261,"a":[],"m":[]},{"i":1941858,"f":15267753,"t":"Да у меня есть оффер на 3","d":475435239,"a":[],"m":[]},{"i":1941857,"f":213016966,"t":"?","d":475435225,"a":[],"m":[]},{"i":1941856,"f":213016966,"t":"1800","d":475435222,"a":[],"m":[]},{"i":1941855,"f":15267753,"t":"Не)","d":475435173,"a":[],"m":[]},{"i":1941845,"f":213016966,"t":"Отдай по 1700+шип","d":475434944,"a":[],"m":[]},{"i":1941844,"f":15267753,"t":"Ага","d":475434927,"a":[],"m":[]},{"i":1941843,"f":213016966,"t":"Фулл вайт?","d":475434908,"a":[],"m":[]},{"i":1941827,"f":15267753,"t":"Не женская","d":475434107,"a":[],"m":[]},{"i":1941826,"f":213016966,"t":"Или это женская сетка?!","d":475434092,"a":[],"m":[]},{"i":1941825,"f":213016966,"t":"Да не гони","d":475434079,"a":[],"m":[]},{"i":1941804,"f":15267753,"t":"Ну я за 1100 брал","d":475432852,"a":[],"m":[]},{"i":1941802,"f":213016966,"t":"Ну я по 2300 с хш брал","d":475432551,"a":[],"m":[]},{"i":1941797,"f":15267753,"t":"ну а что поделать","d":475432302,"a":[],"m":[]},{"i":1941786,"f":213016966,"t":"Дорого","d":475431741,"a":[],"m":[{"f":15267753,"t":"белые по 3500 могу дать","d":475420847,"a":[],"m":[{"f":213016966,"t":"Подпишусь\nЛюбые кв \n9-12юс приоритет","d":475419729,"a":[]}]}]},{"i":1656981,"f":15267753,"t":"Может быть)","d":460300803,"a":[],"m":[]},{"i":1656979,"f":213016966,"t":"Это они не так поняли","d":460300791,"a":[],"m":[]},{"i":1656978,"f":213016966,"t":"Бл","d":460300780,"a":[],"m":[]},{"i":1656977,"f":213016966,"t":"Ааа","d":460300779,"a":[],"m":[]},{"i":1656975,"f":213016966,"t":"В курилки просто написали","d":460300760,"a":[],"m":[]},{"i":1656974,"f":213016966,"t":"Извини","d":460300750,"a":[],"m":[]},{"i":1656973,"f":213016966,"t":"Бл","d":460300748,"a":[],"m":[]},{"i":1656962,"f":15267753,"t":"Привет, я не скупал их","d":460300651,"a":[],"m":[]},{"i":1656960,"f":213016966,"t":"","d":460300616,"a":[{"t":3,"o":213016966,"i":565187811,"n":"213016966_1308522.ogg","e":"ogg","s":27602,"url":"https://vk.com/doc213016966_565187811?hash=iH5uEZQdviH0ovZLietOuZpvbaBIh6hWnXAVjXA3SdP&dl=3WFOERPKypCeqZJJKl6haNDevbIMi2DZwslkrjmLhQX&api=1&no_preview=1"}],"m":[]},{"i":1656958,"f":213016966,"t":"","d":460300604,"a":[{"t":3,"o":213016966,"i":565187796,"n":"213016966_1308521.ogg","e":"ogg","s":48255,"url":"https://vk.com/doc213016966_565187796?hash=OCTwzKCPGqzezJTmmSRhzliiYANOyfRfdkOWPDwhbAP&dl=ZS0Eqzo9ZvFnT0b6IzOXB8xXlAu0B91sDYZMem1XVP8&api=1&no_preview=1"}],"m":[]}]}