{"meta":{"v":"1.2","p":13005463,"a":15267753,"t":"Евгений Куданов","d":1691415411},"data":[{"i":3083195,"f":15267753,"t":"+","d":546527935,"a":[],"m":[]},{"i":3083189,"f":13005463,"t":"Спасибо!","d":546527865,"a":[],"m":[]},{"i":3083188,"f":13005463,"t":"Скинул","d":546527862,"a":[],"m":[]},{"i":3083182,"f":13005463,"t":"Щас отправлю","d":546527774,"a":[],"m":[]},{"i":3083181,"f":15267753,"t":"да","d":546527770,"a":[],"m":[]},{"i":3083180,"f":13005463,"t":"Сюда кидать?","d":546527766,"a":[],"m":[]},{"i":3083179,"f":13005463,"t":"","d":546527760,"a":[],"m":[{"f":15267753,"t":"89059515168 сбер","d":539702768,"a":[]}]},{"i":3083178,"f":15267753,"t":"Номер заказа СДЭК 1434073111\n350","d":546527739,"a":[],"m":[{"f":13005463,"t":"Получатель Куданов Никита Андреевич\nПункт получателя город Пермь ул Связистов 5\n+7 (999) 126-59-91","d":546527382,"a":[]}]},{"i":3083172,"f":13005463,"t":"Ростов на Дону","d":546527473,"a":[],"m":[]},{"i":3083167,"f":15267753,"t":"и город откуда","d":546527426,"a":[],"m":[]},{"i":3083166,"f":13005463,"t":"Размеры примерно 03х0.15х0.2","d":546527391,"a":[],"m":[]},{"i":3083164,"f":13005463,"t":"Получатель Куданов Никита Андреевич\nПункт получателя город Пермь ул Связистов 5\n+7 (999) 126-59-91","d":546527382,"a":[],"m":[]},{"i":3083161,"f":15267753,"t":"пищи данные","d":546527293,"a":[],"m":[]},{"i":3083160,"f":15267753,"t":"прив","d":546527288,"a":[],"m":[]},{"i":3082942,"f":13005463,"t":"Можно накладную сделать?","d":546507624,"a":[],"m":[]},{"i":3082941,"f":13005463,"t":"Привет","d":546507615,"a":[],"m":[]},{"i":2990769,"f":13005463,"t":"Благодарю!","d":539702900,"a":[],"m":[]},{"i":2990768,"f":15267753,"t":"+","d":539702839,"a":[],"m":[]},{"i":2990767,"f":13005463,"t":"Скинул","d":539702834,"a":[],"m":[]},{"i":2990763,"f":15267753,"t":"89059515168 сбер","d":539702768,"a":[],"m":[]},{"i":2990760,"f":15267753,"t":"Номер заказа СДЭК 1411059791 \n400","d":539702763,"a":[],"m":[{"f":13005463,"t":"Получатель Куданов Евгений Андреевич \nПункт получателя город Пермь ул Грибоедова 72","d":539702246,"a":[]}]},{"i":2990729,"f":13005463,"t":"Но готов доплатить если что","d":539702532,"a":[],"m":[]},{"i":2990728,"f":13005463,"t":"Я на счет размерности не очень уверен","d":539702525,"a":[],"m":[]},{"i":2990720,"f":13005463,"t":"89991152616","d":539702498,"a":[],"m":[]},{"i":2990717,"f":15267753,"t":"Тел еще","d":539702481,"a":[],"m":[]},{"i":2990683,"f":13005463,"t":"Получатель Куданов Евгений Андреевич \nПункт получателя город Пермь ул Грибоедова 72","d":539702246,"a":[],"m":[]},{"i":2990662,"f":13005463,"t":"Размеры примерно 03х0.15х0.2","d":539702164,"a":[],"m":[]},{"i":2990659,"f":13005463,"t":"Из спб в Пермь","d":539702115,"a":[],"m":[]},{"i":2990656,"f":15267753,"t":"Давай","d":539702060,"a":[],"m":[]},{"i":2990655,"f":15267753,"t":"Прив","d":539702058,"a":[],"m":[]},{"i":2990642,"f":13005463,"t":"Можно накладную сделать?","d":539701766,"a":[],"m":[]},{"i":2990640,"f":13005463,"t":"Привет","d":539701760,"a":[],"m":[]}]}