{"meta":{"v":"1.2","p":324642520,"a":15267753,"t":"Даниил Кащавцев","d":1691415509},"data":[{"i":3056874,"f":15267753,"t":"был такой кв и светлый","d":544026386,"a":[],"m":[]},{"i":3056873,"f":15267753,"t":"на руках нет сейчас","d":544026381,"a":[],"m":[]},{"i":3056872,"f":324642520,"t":"У тебя есть такой куртец ?","d":544026260,"a":[{"t":0,"s":{"m":"https://sun9-50.userapi.com/impg/KeUS12s6IHsmFi7aIRfFJOvmbuJfwypd326EZg/5Vo1ZlpF8A4.jpg?size=510x765&quality=95&sign=751f0dcf925a62d4ae71a9151caf3617&c_uniq_tag=TspTltF_9Y4fjyxjT1qe8AcIwKkaiPgdptSkvqJCpEQ&type=album","s":"https://sun9-50.userapi.com/impg/KeUS12s6IHsmFi7aIRfFJOvmbuJfwypd326EZg/5Vo1ZlpF8A4.jpg?size=200x300&quality=95&sign=2fbc4fec0e0a124f40f852be1b74ff5a&c_uniq_tag=YKe73Sa6HFJFGXBD-cj_r4udHbCGqcS6Q_iklEB8zyI&type=album","n":"https://sun9-50.userapi.com/impg/KeUS12s6IHsmFi7aIRfFJOvmbuJfwypd326EZg/5Vo1ZlpF8A4.jpg?size=900x1350&quality=95&sign=6ec0ce4eb82ce3193f98f6dab80da253&c_uniq_tag=mEG14RCPp1nQi8OGj0y4OuML8tvCtTwNDIJix37v4DU&type=album","o":"https://sun9-50.userapi.com/impg/KeUS12s6IHsmFi7aIRfFJOvmbuJfwypd326EZg/5Vo1ZlpF8A4.jpg?size=720x1080&quality=95&sign=26c3ee8a4c8dec2d4e14a9c0199f6927&c_uniq_tag=grXlKpK6UGMtLVISqiiJ6t95A8bCn29AerCq-MK0pgU&type=album","t":"https://sun9-50.userapi.com/impg/KeUS12s6IHsmFi7aIRfFJOvmbuJfwypd326EZg/5Vo1ZlpF8A4.jpg?size=403x604&quality=95&sign=0af53a829f08419e93494d7cbdedc86e&c_uniq_tag=F134NlvN2YsocC2zHm4AM_l9hBE1DQYw_Sop-md1Jl0&type=album"},"z":"","q":0,"w":0,"o":324642520,"i":457254194,"d":544026260}],"m":[]},{"i":3056871,"f":324642520,"t":"По поводу оригинальности товара","d":544026250,"a":[],"m":[]},{"i":3056870,"f":15267753,"t":"что именно?","d":544026172,"a":[],"m":[]},{"i":3056869,"f":324642520,"t":"Если найдется свободная минутка","d":544026158,"a":[],"m":[]},{"i":3056867,"f":324642520,"t":"Есть небольшая просьба","d":544026150,"a":[],"m":[]},{"i":3056854,"f":15267753,"t":"привет","d":544025944,"a":[],"m":[]},{"i":3056850,"f":324642520,"t":"Приветствую","d":544025484,"a":[],"m":[]},{"i":2671220,"f":324642520,"t":"Понял","d":518286962,"a":[],"m":[]},{"i":2671217,"f":15267753,"t":"мерять нада так тяжело сказать","d":518286837,"a":[],"m":[]},{"i":2671205,"f":324642520,"t":"Ну я 187/85","d":518286722,"a":[],"m":[]},{"i":2670976,"f":15267753,"t":"мне л больше фит зашел","d":518283650,"a":[],"m":[]},{"i":2670975,"f":15267753,"t":"я и м и л деплои носил","d":518283646,"a":[],"m":[]},{"i":2670973,"f":15267753,"t":"по росту могут быть маловаты","d":518283641,"a":[],"m":[]},{"i":2670966,"f":324642520,"t":"Хотя я меньше L не беру","d":518283347,"a":[],"m":[]},{"i":2670964,"f":324642520,"t":"Он говорит та норм","d":518283335,"a":[],"m":[]},{"i":2670962,"f":324642520,"t":"Ну я ему рост вес сказал","d":518283331,"a":[],"m":[]},{"i":2670959,"f":15267753,"t":"ну у них просто фит такой что оверсайзом огромные они","d":518283093,"a":[],"m":[]},{"i":2670957,"f":324642520,"t":"Нет деплоеев (","d":518282930,"a":[],"m":[]},{"i":2670956,"f":15267753,"t":"чуть большемерят","d":518282921,"a":[],"m":[]},{"i":2670955,"f":15267753,"t":"ну так же как деплои","d":518282916,"a":[],"m":[]},{"i":2670954,"f":324642520,"t":"Ну что то я сомневаюсь","d":518282908,"a":[],"m":[]},{"i":2670953,"f":324642520,"t":"Типо огромные","d":518282902,"a":[],"m":[]},{"i":2670952,"f":324642520,"t":"Он говорит норм будет","d":518282897,"a":[],"m":[]},{"i":2670951,"f":324642520,"t":"Ну сайз","d":518282890,"a":[],"m":[]},{"i":2670950,"f":15267753,"t":"прайс ну тип ок для них +-","d":518282880,"a":[],"m":[]},{"i":2670949,"f":324642520,"t":"Блин","d":518282879,"a":[],"m":[]},{"i":2670948,"f":15267753,"t":"нада чекать очень внимательно","d":518282874,"a":[],"m":[]},{"i":2670947,"f":15267753,"t":"фейка много на них","d":518282868,"a":[],"m":[]},{"i":2670946,"f":324642520,"t":"Прайсу","d":518282859,"a":[],"m":[]},{"i":2670945,"f":324642520,"t":"По","d":518282855,"a":[],"m":[]},{"i":2670944,"f":324642520,"t":"Что думаешь","d":518282851,"a":[],"m":[]},{"i":2670942,"f":324642520,"t":"","d":518282845,"a":[],"m":[{"f":324642520,"t":"","d":518135720,"a":[{"t":-1,"s":"wall","v":{"type":"wall","wall":{"id":778,"from_id":-179438550,"to_id":-179438550,"date":1656832200,"comments":{"can_post":1,"count":1,"groups_can_post":true},"marked_as_ads":0,"type":"post","access_key":"a9541098032dae4ed6","attachments":[{"type":"photo","photo":{"album_id":-7,"date":1656748504,"id":457239892,"owner_id":-179438550,"access_key":"cd9dcbacb031a0f738","sizes":[{"height":75,"type":"s","width":50,"url":"https://sun9-51.userapi.com/impg/N2Oytg_Bqfx_LottjaEzdJH4Aaf-D75zCA01sw/NpjPIi8RtZM.jpg?size=50x75&quality=95&sign=40cd67e32de21a02a2f4e4ab0b6ea7f2&c_uniq_tag=DzXaU45ocD-U7ZZf2W5DQllSfKyN6DlsR8ZoHO0Mrq4&type=album"},{"height":130,"type":"m","width":86,"url":"https://sun9-51.userapi.com/impg/N2Oytg_Bqfx_LottjaEzdJH4Aaf-D75zCA01sw/NpjPIi8RtZM.jpg?size=86x130&quality=95&sign=869192f7d88c41afb860a6069dd0672d&c_uniq_tag=PGa9AGBjQOVQPU8yH09gUmob-XPzucTHCBP7QpNiL2Q&type=album"},{"height":604,"type":"x","width":402,"url":"https://sun9-51.userapi.com/impg/N2Oytg_Bqfx_LottjaEzdJH4Aaf-D75zCA01sw/NpjPIi8RtZM.jpg?size=402x604&quality=95&sign=8c637d11729c1614760d83b85fd499cd&c_uniq_tag=eyfaPO1pnGMEdFT_W30qcQYAeOry2YhqOyOFxvLHSWU&type=album"},{"height":807,"type":"y","width":537,"url":"https://sun9-51.userapi.com/impg/N2Oytg_Bqfx_LottjaEzdJH4Aaf-D75zCA01sw/NpjPIi8RtZM.jpg?size=537x807&quality=95&sign=1d5fdb4e6594c3b2619d93784c25fb10&c_uniq_tag=FjhQ-AwydQ1XM9U2S8wHd7eu0_BpXFXf-Fpdrn58BxY&type=album"},{"height":1024,"type":"z","width":681,"url":"https://sun9-51.userapi.com/impg/N2Oytg_Bqfx_LottjaEzdJH4Aaf-D75zCA01sw/NpjPIi8RtZM.jpg?size=681x1024&quality=95&sign=fb98351062f7e8c913565a98127dd9b2&c_uniq_tag=1coOaDBvQTY5PWGloPUYb_MQGwp0ce-tgJxVw7MhiwU&type=album"},{"height":195,"type":"o","width":130,"url":"https://sun9-51.userapi.com/impg/N2Oytg_Bqfx_LottjaEzdJH4Aaf-D75zCA01sw/NpjPIi8RtZM.jpg?size=130x195&quality=95&sign=2a751dd9a9e383327366abf3b6700a73&c_uniq_tag=FPXywjuAFGdZrqUT1t9cXCKKTOfmTPT75dcJERvPQH0&type=album"},{"height":301,"type":"p","width":200,"url":"https://sun9-51.userapi.com/impg/N2Oytg_Bqfx_LottjaEzdJH4Aaf-D75zCA01sw/NpjPIi8RtZM.jpg?size=200x301&quality=95&sign=02b745de505fbbd3e3e26aa5f9798f29&c_uniq_tag=CxwzcoR7tWPEHcPZ4tF1J03B322RpnIDClMdfcAUELA&type=album"},{"height":481,"type":"q","width":320,"url":"https://sun9-51.userapi.com/impg/N2Oytg_Bqfx_LottjaEzdJH4Aaf-D75zCA01sw/NpjPIi8RtZM.jpg?size=320x481&quality=95&sign=6ca6f4ea551e61625cf76895c5ebf90d&c_uniq_tag=sDxk8CLBGi-243enzmWNGTTs7r7PKZEWAN5a2hbY4ac&type=album"},{"height":767,"type":"r","width":510,"url":"https://sun9-51.userapi.com/impg/N2Oytg_Bqfx_LottjaEzdJH4Aaf-D75zCA01sw/NpjPIi8RtZM.jpg?size=510x767&quality=95&sign=dac3b2f33bc694beee39ee8996cf04bb&c_uniq_tag=J598a7h-jLoXFdUDa6rUWKYpey3xejYR2F6MFE7dTHU&type=album"}],"text":"","user_id":100}},{"type":"photo","photo":{"album_id":-7,"date":1656748504,"id":457239893,"owner_id":-179438550,"access_key":"dfed6192fe1d1e8805","sizes":[{"height":75,"type":"s","width":75,"url":"https://sun9-15.userapi.com/impg/9fSO2psySuyrXWTsvikH7dyqwo0b2UJ72xdQgA/vUmKHcbLxqQ.jpg?size=75x75&quality=95&sign=a4c4bdeccdc677c79aefdc0a22d23462&c_uniq_tag=j2-JcLtzqTtvWJaV4PPy7LbSZQ21uFZSnl4sCG8IZwE&type=album"},{"height":130,"type":"m","width":130,"url":"https://sun9-15.userapi.com/impg/9fSO2psySuyrXWTsvikH7dyqwo0b2UJ72xdQgA/vUmKHcbLxqQ.jpg?size=130x130&quality=95&sign=c5332cb85bd7e49fc07ff0491a1e4072&c_uniq_tag=YG1WJv_H2LdzREhwXdX_RLCJ3SUJv7BS8QXzHGkBvsM&type=album"},{"height":604,"type":"x","width":604,"url":"https://sun9-15.userapi.com/impg/9fSO2psySuyrXWTsvikH7dyqwo0b2UJ72xdQgA/vUmKHcbLxqQ.jpg?size=604x604&quality=95&sign=b6f79ea1674d7e0117067e137ddddb4a&c_uniq_tag=wT8L_o1Vsq6OI181UviyUTT9x6ABKcQeBrwKzee9z2k&type=album"},{"height":807,"type":"y","width":807,"url":"https://sun9-15.userapi.com/impg/9fSO2psySuyrXWTsvikH7dyqwo0b2UJ72xdQgA/vUmKHcbLxqQ.jpg?size=807x807&quality=95&sign=ba3b050f5163d918a581269f62666346&c_uniq_tag=QAF4quylT7pTJ7c3yMm7Zzu8Ep_fdiWkhyVrAgwPEWI&type=album"},{"height":1000,"type":"z","width":1000,"url":"https://sun9-15.userapi.com/impg/9fSO2psySuyrXWTsvikH7dyqwo0b2UJ72xdQgA/vUmKHcbLxqQ.jpg?size=1000x1000&quality=95&sign=21dd8a50baa794e968a4ed97c436ba80&c_uniq_tag=a0_0eozc8rcpGx7xyaoLyGBWk1fqyxVAd6ugpSnn0Kc&type=album"},{"height":130,"type":"o","width":130,"url":"https://sun9-15.userapi.com/impg/9fSO2psySuyrXWTsvikH7dyqwo0b2UJ72xdQgA/vUmKHcbLxqQ.jpg?size=130x130&quality=95&sign=c5332cb85bd7e49fc07ff0491a1e4072&c_uniq_tag=YG1WJv_H2LdzREhwXdX_RLCJ3SUJv7BS8QXzHGkBvsM&type=album"},{"height":200,"type":"p","width":200,"url":"https://sun9-15.userapi.com/impg/9fSO2psySuyrXWTsvikH7dyqwo0b2UJ72xdQgA/vUmKHcbLxqQ.jpg?size=200x200&quality=95&sign=8931c93ef7a48d5f95ee6e45ea502bf9&c_uniq_tag=sDSUvHOjBvRRPkyG_uz1_7LgwqZ5ozVf-2QwnNXW12Q&type=album"},{"height":320,"type":"q","width":320,"url":"https://sun9-15.userapi.com/impg/9fSO2psySuyrXWTsvikH7dyqwo0b2UJ72xdQgA/vUmKHcbLxqQ.jpg?size=320x320&quality=95&sign=5ce1d70b6072dbcd10faf7b1434a11bd&c_uniq_tag=eT8eLYfd073Oo50eVHrewpEepX4nELs1b3r3lVTV5Hs&type=album"},{"height":510,"type":"r","width":510,"url":"https://sun9-15.userapi.com/impg/9fSO2psySuyrXWTsvikH7dyqwo0b2UJ72xdQgA/vUmKHcbLxqQ.jpg?size=510x510&quality=95&sign=c21ff66359b6daf18536e64373cacb70&c_uniq_tag=eQByDHLyuNZ7SJ6LkkRdj-HxrTm1r6gyL1iC747YP3k&type=album"}],"text":"","user_id":100}},{"type":"photo","photo":{"album_id":-7,"date":1656748504,"id":457239894,"owner_id":-179438550,"access_key":"4f8994894696b9cd87","sizes":[{"height":75,"type":"s","width":56,"url":"https://sun9-68.userapi.com/impg/PQlb2uo_kRwRwvsta22KCRBA0a7eSo5-AHm5bA/bpncvLRFA48.jpg?size=56x75&quality=95&sign=56dc9ac04bace9a9b89fe747aff90274&c_uniq_tag=_1AWEuc7mt--LRyWBncTLsy7x8lRrv8m8E9_I6iT3_A&type=album"},{"height":130,"type":"m","width":97,"url":"https://sun9-68.userapi.com/impg/PQlb2uo_kRwRwvsta22KCRBA0a7eSo5-AHm5bA/bpncvLRFA48.jpg?size=97x130&quality=95&sign=94e0797794e1b17ba1c459f81eb1239d&c_uniq_tag=9zvSiqHto9PyxKcCDv_37z3T4BFNUC5mHVkyd6A3kZM&type=album"},{"height":604,"type":"x","width":453,"url":"https://sun9-68.userapi.com/impg/PQlb2uo_kRwRwvsta22KCRBA0a7eSo5-AHm5bA/bpncvLRFA48.jpg?size=453x604&quality=95&sign=4146eb421b99dc6c0b849b5f872f6bc3&c_uniq_tag=XevWspA9CDDdYbeO3XsA8mpGMqAxIiZNAXl8Uqk7QGo&type=album"},{"height":807,"type":"y","width":605,"url":"https://sun9-68.userapi.com/impg/PQlb2uo_kRwRwvsta22KCRBA0a7eSo5-AHm5bA/bpncvLRFA48.jpg?size=605x807&quality=95&sign=598a8f4a62329c6a03be445abbecaeb1&c_uniq_tag=HQrYxZwORFxyHd-vSKGhXk4Nbdj4MDmDB8T-jFHlKtI&type=album"},{"height":1080,"type":"z","width":810,"url":"https://sun9-68.userapi.com/impg/PQlb2uo_kRwRwvsta22KCRBA0a7eSo5-AHm5bA/bpncvLRFA48.jpg?size=810x1080&quality=95&sign=714a717370fd5082abc3b1b9b5d26ce1&c_uniq_tag=Dnu-FstLjgDLQ01--OCanWbErIXdnb8rKFD91NvLqK4&type=album"},{"height":1688,"type":"w","width":1266,"url":"https://sun9-68.userapi.com/impg/PQlb2uo_kRwRwvsta22KCRBA0a7eSo5-AHm5bA/bpncvLRFA48.jpg?size=1266x1688&quality=95&sign=cf53e903b5e62b1e195cf6888da236cf&c_uniq_tag=G5sk3uBPF3V-GLMuOsU7v52LDcwhfOMEAGfBcaG4qF0&type=album"},{"height":173,"type":"o","width":130,"url":"https://sun9-68.userapi.com/impg/PQlb2uo_kRwRwvsta22KCRBA0a7eSo5-AHm5bA/bpncvLRFA48.jpg?size=130x173&quality=95&sign=3521b6083120809c6775e09e4fafdde7&c_uniq_tag=QK9d9LPYFWePFh2fUREBpGqRy8IM0yUouagkM1_-33I&type=album"},{"height":267,"type":"p","width":200,"url":"https://sun9-68.userapi.com/impg/PQlb2uo_kRwRwvsta22KCRBA0a7eSo5-AHm5bA/bpncvLRFA48.jpg?size=200x267&quality=95&sign=7b8e678d84c48e366bcf28bda90f995f&c_uniq_tag=UlCxiA-oiJCwDN1cya8ybtltnaLiKFOV3q2Tf9phaYM&type=album"},{"height":427,"type":"q","width":320,"url":"https://sun9-68.userapi.com/impg/PQlb2uo_kRwRwvsta22KCRBA0a7eSo5-AHm5bA/bpncvLRFA48.jpg?size=320x427&quality=95&sign=bcc626145171fc60c94236567da728a6&c_uniq_tag=AKUAjhWIb-mZ769YWKNWxh2IWdGl4tsFOisydndAyvE&type=album"},{"height":680,"type":"r","width":510,"url":"https://sun9-68.userapi.com/impg/PQlb2uo_kRwRwvsta22KCRBA0a7eSo5-AHm5bA/bpncvLRFA48.jpg?size=510x680&quality=95&sign=9d7a32cb53c69c3a2b8273a7d6b964aa&c_uniq_tag=fgJtcxRhQDL_bxhbK18JcFaxTS1fghbJfP1xDQR__6E&type=album"}],"text":"","user_id":100}},{"type":"photo","photo":{"album_id":-7,"date":1656748504,"id":457239895,"owner_id":-179438550,"access_key":"5dfcc8ee8cda875afb","sizes":[{"height":75,"type":"s","width":56,"url":"https://sun9-35.userapi.com/impg/h-ecuwM401-MFevuPTfZlgopZcTvS0YjIIx32g/j1w1IFAToPw.jpg?size=56x75&quality=95&sign=3ef59002b4a362b43351636527e80054&c_uniq_tag=SZSxPxOO54sAyIWt-rLEWj7D631zetW_7FzAAuTwL8E&type=album"},{"height":130,"type":"m","width":97,"url":"https://sun9-35.userapi.com/impg/h-ecuwM401-MFevuPTfZlgopZcTvS0YjIIx32g/j1w1IFAToPw.jpg?size=97x130&quality=95&sign=3c517f9314d6709ded33d591c55c20a6&c_uniq_tag=5uhn84HXfPyuv-DerF9ATfkEEDUU-yDWfelBBXQJFcQ&type=album"},{"height":604,"type":"x","width":453,"url":"https://sun9-35.userapi.com/impg/h-ecuwM401-MFevuPTfZlgopZcTvS0YjIIx32g/j1w1IFAToPw.jpg?size=453x604&quality=95&sign=80bf1e4337f5b6230b580fae8b8860f8&c_uniq_tag=5B7Buaq2w8Ypt7B0X7LShZ5CVKsHuEaB_lkZwlbJD9c&type=album"},{"height":807,"type":"y","width":605,"url":"https://sun9-35.userapi.com/impg/h-ecuwM401-MFevuPTfZlgopZcTvS0YjIIx32g/j1w1IFAToPw.jpg?size=605x807&quality=95&sign=36f2d5c2f58960d745dbfb2f32127a63&c_uniq_tag=tExxiPQNSdoxQXHO1iWLhqDJEhouCeHaV_I5OT0VQbg&type=album"},{"height":1080,"type":"z","width":810,"url":"https://sun9-35.userapi.com/impg/h-ecuwM401-MFevuPTfZlgopZcTvS0YjIIx32g/j1w1IFAToPw.jpg?size=810x1080&quality=95&sign=ba5ad0ffe4ff7f0925506ff2e969c644&c_uniq_tag=CnM3C9yQZepAhGlcudvjrb1S3HqVNdq8RUKuqWHVwn4&type=album"},{"height":1688,"type":"w","width":1266,"url":"https://sun9-35.userapi.com/impg/h-ecuwM401-MFevuPTfZlgopZcTvS0YjIIx32g/j1w1IFAToPw.jpg?size=1266x1688&quality=95&sign=37b4e793d8146dd459980502dcb5cd69&c_uniq_tag=EUU7g2wkD2p0nCbKRY7FoXLQX-5UUn4afDa2kGBJIFM&type=album"},{"height":173,"type":"o","width":130,"url":"https://sun9-35.userapi.com/impg/h-ecuwM401-MFevuPTfZlgopZcTvS0YjIIx32g/j1w1IFAToPw.jpg?size=130x173&quality=95&sign=c91cd92bca9c9790058dc18bed4d35f1&c_uniq_tag=BlTownfD0vf8MDV8S1_2v2UaOWy5Pxfwojx_OXkH-6w&type=album"},{"height":267,"type":"p","width":200,"url":"https://sun9-35.userapi.com/impg/h-ecuwM401-MFevuPTfZlgopZcTvS0YjIIx32g/j1w1IFAToPw.jpg?size=200x267&quality=95&sign=7765cac79b650c3182c9a350136c115c&c_uniq_tag=PG_v0AnVcHOuZMSO3_lzm3eHtqKLpDwAdYDsZp_DpGg&type=album"},{"height":427,"type":"q","width":320,"url":"https://sun9-35.userapi.com/impg/h-ecuwM401-MFevuPTfZlgopZcTvS0YjIIx32g/j1w1IFAToPw.jpg?size=320x427&quality=95&sign=2dfc2c2f8ba00b499b99e0727ba203a2&c_uniq_tag=S8WJUYUpE7-MVk3_Y8ZgPVvjgZDDGmD-z03A9y-L8-E&type=album"},{"height":680,"type":"r","width":510,"url":"https://sun9-35.userapi.com/impg/h-ecuwM401-MFevuPTfZlgopZcTvS0YjIIx32g/j1w1IFAToPw.jpg?size=510x680&quality=95&sign=e9d3284b381b1be0467a79885136a15c&c_uniq_tag=G45OVAHYcVDZ5fA1gAD8dYo1gsOY8vWPsLIJqanHYxA&type=album"}],"text":"","user_id":100}},{"type":"photo","photo":{"album_id":-7,"date":1656748504,"id":457239896,"owner_id":-179438550,"access_key":"3c4b3d92c2383a6e02","sizes":[{"height":75,"type":"s","width":56,"url":"https://sun9-42.userapi.com/impg/KGVS9GVNK2swgkBA29mCttc_v0mn9UQqci8w5g/cCcenItPWi0.jpg?size=56x75&quality=95&sign=5d230ad6b4699dc16a5186dcaa6120a8&c_uniq_tag=ccLfXJ-M-OruuLxjtr398GEGrQgTnnUXEeiuMfsY1_g&type=album"},{"height":130,"type":"m","width":97,"url":"https://sun9-42.userapi.com/impg/KGVS9GVNK2swgkBA29mCttc_v0mn9UQqci8w5g/cCcenItPWi0.jpg?size=97x130&quality=95&sign=42ccbc5595549ebea760c2857b6fba88&c_uniq_tag=XRQU6wsDw9e5n8cq5CEnfO7COAldo45G68HaAtO9jjY&type=album"},{"height":604,"type":"x","width":453,"url":"https://sun9-42.userapi.com/impg/KGVS9GVNK2swgkBA29mCttc_v0mn9UQqci8w5g/cCcenItPWi0.jpg?size=453x604&quality=95&sign=d4e57b3bb99bc26e4183c7aa19e7832a&c_uniq_tag=t3vhjaDBVDd2jFPbI4wwYxkT8P_2eW6BW6p2kz6-zAI&type=album"},{"height":807,"type":"y","width":605,"url":"https://sun9-42.userapi.com/impg/KGVS9GVNK2swgkBA29mCttc_v0mn9UQqci8w5g/cCcenItPWi0.jpg?size=605x807&quality=95&sign=08f76eb3ef0935d1e97cfdd26794bbe1&c_uniq_tag=Qu6eBO9MbBa7jmZfRPRs74P8Wd_Al9ZoPFCQIAJ4pCo&type=album"},{"height":1080,"type":"z","width":810,"url":"https://sun9-42.userapi.com/impg/KGVS9GVNK2swgkBA29mCttc_v0mn9UQqci8w5g/cCcenItPWi0.jpg?size=810x1080&quality=95&sign=b1132cd2fbed267974604735197bc71b&c_uniq_tag=JX_gIbiRguQmYQ52e2SbkQk5lkdb0y2aGGqm55UXnko&type=album"},{"height":1688,"type":"w","width":1266,"url":"https://sun9-42.userapi.com/impg/KGVS9GVNK2swgkBA29mCttc_v0mn9UQqci8w5g/cCcenItPWi0.jpg?size=1266x1688&quality=95&sign=81eec33cea2d55de45cc56a27d5f03f2&c_uniq_tag=PK1Dngdz7MHVzkz00TqRyGkhtSsCi53dYISZvR2YyYY&type=album"},{"height":173,"type":"o","width":130,"url":"https://sun9-42.userapi.com/impg/KGVS9GVNK2swgkBA29mCttc_v0mn9UQqci8w5g/cCcenItPWi0.jpg?size=130x173&quality=95&sign=977ef82a928ad497f46a3a70f24abde9&c_uniq_tag=i0jhwtkDTU7aNP29XBRAEEZ0vSbH9MQb6cdjr9rJkM8&type=album"},{"height":267,"type":"p","width":200,"url":"https://sun9-42.userapi.com/impg/KGVS9GVNK2swgkBA29mCttc_v0mn9UQqci8w5g/cCcenItPWi0.jpg?size=200x267&quality=95&sign=791ae38933e2fbf71129e5f7e8a7b2c0&c_uniq_tag=wdjEzmWJALpwAw-sBhng3wKFqmOat9px191na8ZIIwk&type=album"},{"height":427,"type":"q","width":320,"url":"https://sun9-42.userapi.com/impg/KGVS9GVNK2swgkBA29mCttc_v0mn9UQqci8w5g/cCcenItPWi0.jpg?size=320x427&quality=95&sign=175caff5942e4390918aba82bdad60a3&c_uniq_tag=FIMkiR3qelbENpi16dNP3NAthpAk0LI72SGNCJBLtqM&type=album"},{"height":680,"type":"r","width":510,"url":"https://sun9-42.userapi.com/impg/KGVS9GVNK2swgkBA29mCttc_v0mn9UQqci8w5g/cCcenItPWi0.jpg?size=510x680&quality=95&sign=7e051f4a6cde15811141b9b1ac5a74af&c_uniq_tag=h0ATanFecQblP3VXo74n8xuwgk-NZdnQFEURnYUFIak&type=album"}],"text":"","user_id":100}}],"likes":{"can_like":1,"count":13,"user_likes":0,"can_publish":1,"repost_disabled":false},"owner_id":-179438550,"post_source":{"platform":"iphone","type":"api"},"post_type":"post","reposts":{"count":13,"user_reposted":0},"signer_id":619977170,"text":"Nike ACG x Acronym Deploy Shorts\n\n- Размер : М-Л\n- Состояние : ✅Идеальное✅\n- Цена : 💵14.990💵\n\nМск/Шип","views":{"count":1358}}}}]}]},{"i":2670940,"f":15267753,"t":"неа","d":518282820,"a":[],"m":[]},{"i":2670937,"f":324642520,"t":"Штаны шорты нет ?","d":518282787,"a":[],"m":[]},{"i":2670903,"f":15267753,"t":"по материалам и фиту прям супер","d":518280485,"a":[],"m":[]},{"i":2670902,"f":15267753,"t":"бомбер охуенный","d":518280477,"a":[],"m":[]},{"i":2670901,"f":15267753,"t":"https://themarket.io/items/BkVPCsgXq.Nike.Nike%C2%AE-Acronym%C2%AE-Track-Jacket-Woven","d":518280471,"a":[{"t":6,"v":"https://themarket.io/items/BkVPCsgXq.Nike.Nike%C2%AE-Acronym%C2%AE-Track-Jacket-Woven"}],"m":[]},{"i":2670899,"f":15267753,"t":"","d":518280463,"a":[{"t":6,"v":"https://themarket.io/items/HJUq12gX9.Nike.Nike%C2%AE-Acronym%C2%AE-Therma-FIT-Knit-Jacket"}],"m":[]},{"i":2670897,"f":15267753,"t":"ну из шмоток у меня только верх акр найки остался из этой коллекции в Л сайзе и бомбер ХЛ","d":518280451,"a":[],"m":[]},{"i":2670881,"f":324642520,"t":"Ничего не продаёшь больше ?","d":518280095,"a":[],"m":[]},{"i":2670880,"f":324642520,"t":"От acg иди acronym","d":518280088,"a":[],"m":[]},{"i":2670879,"f":324642520,"t":"Хотел спросить","d":518280081,"a":[],"m":[]},{"i":2670853,"f":15267753,"t":"Привет","d":518279683,"a":[],"m":[]},{"i":2670836,"f":324642520,"t":"Приветствую","d":518278982,"a":[],"m":[]},{"i":2619840,"f":324642520,"t":"Постараюсь","d":515115167,"a":[],"m":[]},{"i":2619835,"f":15267753,"t":"если на авито оставишь отзыв буду благодарен","d":515115049,"a":[],"m":[]},{"i":2619834,"f":15267753,"t":"привет, отлично","d":515115037,"a":[],"m":[]},{"i":2619791,"f":324642520,"t":"Спасибо большое","d":515112443,"a":[],"m":[]},{"i":2619790,"f":324642520,"t":"Тишку кстати забрал","d":515112440,"a":[],"m":[]},{"i":2619789,"f":324642520,"t":"Привет","d":515112436,"a":[],"m":[]},{"i":2608788,"f":324642520,"t":"Какая сказка","d":514482222,"a":[],"m":[]},{"i":2608787,"f":324642520,"t":"Блин","d":514482219,"a":[],"m":[]},{"i":2608784,"f":15267753,"t":"Да +30 седня","d":514482146,"a":[],"m":[]},{"i":2608783,"f":324642520,"t":"У вас шо жара ?","d":514482130,"a":[],"m":[]},{"i":2608782,"f":324642520,"t":"Благодарю","d":514482107,"a":[],"m":[]},{"i":2608532,"f":15267753,"t":"","d":514475215,"a":[{"t":0,"s":{"m":"https://sun9-1.userapi.com/impg/tZeQoRo7N9PaQkkaBjRW959UhrGKq4vpLiafiw/mtju2CJNoLc.jpg?size=510x681&quality=95&sign=0afeecc78abd5ce8b7f9f713d0ffe516&c_uniq_tag=fiuOjDq_OMeN-bm8he1LRvdVr5ADX3EyY21s1V4s9ss&type=album","s":"https://sun9-1.userapi.com/impg/tZeQoRo7N9PaQkkaBjRW959UhrGKq4vpLiafiw/mtju2CJNoLc.jpg?size=200x267&quality=95&sign=c0c02cd617640abf4cb022d10051b858&c_uniq_tag=UpQfMcfgK9ubR6N_Y4Tn_roDxtqe1Ea6t2HziLUCeXA&type=album","n":"https://sun9-1.userapi.com/impg/tZeQoRo7N9PaQkkaBjRW959UhrGKq4vpLiafiw/mtju2CJNoLc.jpg?size=1342x1792&quality=95&sign=5360f4bf420e382ad83444c05316f4ae&c_uniq_tag=tQ6wY8fqZcYVrY42rtE_vLo785CBM5WicGocIGfvqsY&type=album","o":"https://sun9-1.userapi.com/impg/tZeQoRo7N9PaQkkaBjRW959UhrGKq4vpLiafiw/mtju2CJNoLc.jpg?size=809x1080&quality=95&sign=fabafc05d09e92f986424194626272ba&c_uniq_tag=LOgE4XzqIwFsOSjhugpI3MIjIP6khK0dKbyh2xO1S1c&type=album","t":"https://sun9-1.userapi.com/impg/tZeQoRo7N9PaQkkaBjRW959UhrGKq4vpLiafiw/mtju2CJNoLc.jpg?size=452x604&quality=95&sign=ef8b655cca10078d8e325f16e2e0db56&c_uniq_tag=RC5SA58IJjiN9esMOYnRhHVCwU3-0LjIlkBVkC1DHQo&type=album"},"z":"","q":0,"w":0,"o":15267753,"i":457258576,"d":514475212}],"m":[]},{"i":2608530,"f":15267753,"t":"Да тож угарно","d":514474973,"a":[],"m":[]},{"i":2608495,"f":324642520,"t":"И туда акроним круг","d":514473957,"a":[],"m":[]},{"i":2608494,"f":324642520,"t":"Убрать бы эмблему эту","d":514473943,"a":[],"m":[]},{"i":2608492,"f":324642520,"t":"Видел видел","d":514473924,"a":[],"m":[]},{"i":2608491,"f":324642520,"t":"Аааа","d":514473919,"a":[],"m":[]},{"i":2608489,"f":15267753,"t":"Под акро вапоры которая фитила","d":514473782,"a":[],"m":[]},{"i":2608488,"f":15267753,"t":"","d":514473768,"a":[{"t":0,"s":{"m":"https://sun9-78.userapi.com/impg/LO_k-HJDs7l18jXOHSb5AwdH2-nokbs-YdJjUg/f75ie3h4ilA.jpg?size=510x382&quality=95&sign=514e619438be0d5ac0d90189e5865297&c_uniq_tag=ArwLS8MI8YhU6NGzaFE2Y7wDIHpxZnssIo6EtDKfJlQ&type=album","s":"https://sun9-78.userapi.com/impg/LO_k-HJDs7l18jXOHSb5AwdH2-nokbs-YdJjUg/f75ie3h4ilA.jpg?size=200x150&quality=95&sign=0de6e81b9d366f0d38b65f481e130263&c_uniq_tag=W2pjWnh7rYpcD1PcOxLqmDmOpYbi6RoC2aESJhfvhBk&type=album","n":"https://sun9-78.userapi.com/impg/LO_k-HJDs7l18jXOHSb5AwdH2-nokbs-YdJjUg/f75ie3h4ilA.jpg?size=1920x1440&quality=95&sign=98491073d7f0c3cc7c37cfebc2abecd5&c_uniq_tag=WutUKuYeeGRN_WVUyPUGJ_HIM74-nVLRteAPdZCu_dk&type=album","o":"https://sun9-78.userapi.com/impg/LO_k-HJDs7l18jXOHSb5AwdH2-nokbs-YdJjUg/f75ie3h4ilA.jpg?size=1280x960&quality=95&sign=e01b983c5cb1df465e3616cd0226840a&c_uniq_tag=H_QF6w0i_WXswjQCT5c8r2zxhxWGoj1UrQAHdpkbLUU&type=album","t":"https://sun9-78.userapi.com/impg/LO_k-HJDs7l18jXOHSb5AwdH2-nokbs-YdJjUg/f75ie3h4ilA.jpg?size=604x453&quality=95&sign=0037cc111290d6042834a899f4003c4a&c_uniq_tag=8l440pCl4qTp1WfL29-YGrTROYGQnVVVjPH-sf0Tq9o&type=album"},"z":"","q":0,"w":0,"o":15267753,"i":457258574,"d":514473768}],"m":[]},{"i":2608487,"f":324642520,"t":"Нигерская это  которая","d":514473745,"a":[],"m":[]},{"i":2608486,"f":324642520,"t":"Извини","d":514473722,"a":[],"m":[]},{"i":2608458,"f":15267753,"t":"у меня так с нигерийскорй формой было тож л взял а она прям не очень фитит","d":514472625,"a":[],"m":[]},{"i":2608456,"f":15267753,"t":"джерси найковские лучше большие брать","d":514472602,"a":[],"m":[]},{"i":2608454,"f":15267753,"t":"ну да","d":514472593,"a":[],"m":[]},{"i":2608451,"f":324642520,"t":"Такое себе","d":514472548,"a":[],"m":[]},{"i":2608449,"f":324642520,"t":"Они впритык","d":514472533,"a":[],"m":[]},{"i":2608448,"f":324642520,"t":"Взял L белую и чёрную","d":514472526,"a":[],"m":[]},{"i":2608447,"f":324642520,"t":"Но думал Xl большая будет","d":514472516,"a":[],"m":[]},{"i":2608446,"f":324642520,"t":"Мог вообще чёрную за 5к урвать","d":514472509,"a":[],"m":[]},{"i":2608445,"f":324642520,"t":"Я тупанул","d":514472499,"a":[],"m":[]},{"i":2608444,"f":324642520,"t":"Понял","d":514472493,"a":[],"m":[]},{"i":2608443,"f":15267753,"t":"я просто более свободные шмотки люблю","d":514472485,"a":[],"m":[]},{"i":2608442,"f":324642520,"t":"Я 187/87","d":514472471,"a":[],"m":[]},{"i":2608441,"f":324642520,"t":"А ну кайф","d":514472466,"a":[],"m":[]},{"i":2608440,"f":15267753,"t":"180 90","d":514472461,"a":[],"m":[]},{"i":2608439,"f":324642520,"t":"А рост вес ?","d":514472456,"a":[],"m":[]},{"i":2608438,"f":324642520,"t":"Ааа","d":514472454,"a":[],"m":[]},{"i":2608437,"f":15267753,"t":"у меня их пару штук","d":514472450,"a":[],"m":[]},{"i":2608436,"f":15267753,"t":"не мне хл збс прям","d":514472447,"a":[],"m":[]},{"i":2608435,"f":324642520,"t":"Тишка длинная оказалась ?","d":514472437,"a":[],"m":[]},{"i":2608433,"f":324642520,"t":"Благодарю","d":514472427,"a":[],"m":[]},{"i":2608432,"f":15267753,"t":"cdek: 1336405164","d":514472407,"a":[],"m":[]},{"i":2608426,"f":15267753,"t":"Че по сайзу подошло оставил остальное продаю","d":514471634,"a":[],"m":[]},{"i":2608425,"f":15267753,"t":"Да я все взял из этой коллекции","d":514471622,"a":[],"m":[]},{"i":2608421,"f":324642520,"t":"И ради интереса \nпочему все таки продаёшь ?","d":514471532,"a":[],"m":[]},{"i":2608420,"f":324642520,"t":"Кащавцев Даниил Александрович \n\n89531935319","d":514471518,"a":[],"m":[]},{"i":2608417,"f":15267753,"t":"Фио еще","d":514471508,"a":[],"m":[]},{"i":2608412,"f":324642520,"t":"пр. Ленина, 85, Тула, Тульская обл., 300012","d":514471490,"a":[],"m":[]},{"i":2608411,"f":15267753,"t":"8 пришло","d":514471475,"a":[],"m":[]},{"i":2608410,"f":15267753,"t":"Фио город тел пунк сдек","d":514471466,"a":[],"m":[]},{"i":2608407,"f":15267753,"t":"Как скинешь пиши адрес сдек","d":514471409,"a":[],"m":[]},{"i":2608406,"f":15267753,"t":"89059515168 сбер тиньков альфа","d":514471404,"a":[],"m":[]},{"i":2608405,"f":324642520,"t":"Купить тишку","d":514471386,"a":[],"m":[]},{"i":2608370,"f":15267753,"t":"что ты хочешь обьясни мне","d":514469328,"a":[],"m":[]},{"i":2608369,"f":324642520,"t":"Завтра теперь только ?","d":514469311,"a":[],"m":[]},{"i":2608366,"f":324642520,"t":"Ждал пока зайдёшь","d":514469306,"a":[],"m":[]},{"i":2608361,"f":324642520,"t":"А я смотрю ты поздно вышел вчера","d":514469292,"a":[],"m":[]},{"i":2608358,"f":324642520,"t":"Блин","d":514469283,"a":[],"m":[]},{"i":2608355,"f":15267753,"t":"ну уже был седня","d":514469271,"a":[],"m":[]},{"i":2608338,"f":324642520,"t":"Во скок седня отправляешься в сдэк","d":514469044,"a":[],"m":[]},{"i":2608333,"f":15267753,"t":"привет","d":514468987,"a":[],"m":[]},{"i":2608332,"f":15267753,"t":"?","d":514468984,"a":[],"m":[]},{"i":2608323,"f":324642520,"t":"Илья","d":514468730,"a":[],"m":[]},{"i":2608310,"f":324642520,"t":"Приветствую","d":514466906,"a":[],"m":[]},{"i":2608169,"f":15267753,"t":"что по джерси решил? завтра буду в сдеке","d":514423116,"a":[],"m":[]},{"i":2607749,"f":15267753,"t":"Да","d":514398491,"a":[],"m":[]},{"i":2607748,"f":15267753,"t":"Прив","d":514398488,"a":[],"m":[]},{"i":2607739,"f":324642520,"t":"Тишку акроним продаёшь","d":514398013,"a":[],"m":[]},{"i":2607738,"f":324642520,"t":"Ты ведь с авито","d":514398004,"a":[],"m":[]},{"i":2607737,"f":324642520,"t":"Приветствую","d":514398001,"a":[],"m":[]},{"i":2521444,"f":15267753,"t":"Нет","d":509321509,"a":[],"m":[]},{"i":2521443,"f":324642520,"t":"Были такие брюки ?","d":509321501,"a":[],"m":[]},{"i":2521442,"f":324642520,"t":"","d":509321328,"a":[{"t":-1,"s":"wall","v":{"type":"wall","wall":{"id":21778,"from_id":-156599426,"to_id":-156599426,"date":1643306401,"type":"post","is_deleted":true,"deleted_reason":"Запись удалена","deleted_details":"","owner_id":-156599426,"text":"Запись удалена "}}}],"m":[]},{"i":2521441,"f":324642520,"t":"По поводу штанов","d":509321316,"a":[],"m":[]},{"i":2521440,"f":15267753,"t":"?","d":509321308,"a":[],"m":[]},{"i":2521438,"f":324642520,"t":"Спрошу ?","d":509321253,"a":[],"m":[]},{"i":2521435,"f":15267753,"t":"Привет","d":509321205,"a":[],"m":[]},{"i":2521430,"f":324642520,"t":"Привет","d":509320892,"a":[],"m":[]},{"i":1713415,"f":324642520,"t":"Благодарю","d":463328050,"a":[],"m":[]},{"i":1713411,"f":15267753,"t":"Да","d":463327995,"a":[],"m":[]},{"i":1713410,"f":324642520,"t":"180/90?","d":463327985,"a":[],"m":[]},{"i":1713407,"f":15267753,"t":"","d":463327918,"a":[],"m":[{"f":15267753,"t":"","d":463078260,"a":[],"m":[{"f":15267753,"t":"","d":463071325,"a":[],"m":[{"f":15267753,"t":"","d":462116843,"a":[{"t":0,"s":{"m":"https://sun9-50.userapi.com/impg/U1Fp2MXDJJjmsLfaOX37d2RWObu5iR2nDWDILQ/J11M0z3JcHw.jpg?size=810x1080&quality=96&sign=2f7c85b7cd8475d33bcb9280935b4895&c_uniq_tag=_XD1C-5MRp3IjMGD-LGdCDhAw9h0CDFKnN1t-V39xus&type=album","s":"https://sun9-50.userapi.com/impg/U1Fp2MXDJJjmsLfaOX37d2RWObu5iR2nDWDILQ/J11M0z3JcHw.jpg?size=453x604&quality=96&sign=caedfd7dbf65fc5a8c8ca39eb42d2d8d&c_uniq_tag=8UFcIHbKFpSFPipTGn1gFwSRYfI1UxhTBd35slddxtQ&type=album","n":"https://sun9-50.userapi.com/impg/U1Fp2MXDJJjmsLfaOX37d2RWObu5iR2nDWDILQ/J11M0z3JcHw.jpg?size=56x75&quality=96&sign=6d59d919061fe4c5337ba490d7433410&c_uniq_tag=v77sWJWdyxDBGcgjNW9_UkR24StNS_OAOii3qaLjv5Q&type=album","o":"https://sun9-50.userapi.com/impg/U1Fp2MXDJJjmsLfaOX37d2RWObu5iR2nDWDILQ/J11M0z3JcHw.jpg?size=510x680&quality=96&sign=cd8f180eaaa8a6e730d50cbd317db0ef&c_uniq_tag=GUNm67QhTvhj3-gwEiC-hzZL9zFeUKTfkIvjUszK6JQ&type=album","t":"https://sun9-50.userapi.com/impg/U1Fp2MXDJJjmsLfaOX37d2RWObu5iR2nDWDILQ/J11M0z3JcHw.jpg?size=200x267&quality=96&sign=c4eefb960bc6ee9c75be9cfd60e6a5c3&c_uniq_tag=6iZ3yiBRm21M9kglP3cmC50H9BDI5nxOauuF97u-sQU&type=album"},"z":"","q":54.990158,"w":83.004112,"o":15267753,"i":457255070,"d":462116842},{"t":0,"s":{"m":"https://sun9-10.userapi.com/impg/b0GsRKSeEbeZUn7c7Kf-GPSNi1jqyiia0zQ-zA/S_d8v7XnWbM.jpg?size=810x1080&quality=96&sign=9216b124cfb1666b3bdd1507dde965e2&c_uniq_tag=tqMAKZi3eyQsCVbnOZJpiWebjyBcD1TEQNKaevQylOQ&type=album","s":"https://sun9-10.userapi.com/impg/b0GsRKSeEbeZUn7c7Kf-GPSNi1jqyiia0zQ-zA/S_d8v7XnWbM.jpg?size=453x604&quality=96&sign=260cf98865cfd63083b770de8264693a&c_uniq_tag=oBSybtaBmPbBb7w-ucHSRkk_MWA1Vuih7wh3of781YQ&type=album","n":"https://sun9-10.userapi.com/impg/b0GsRKSeEbeZUn7c7Kf-GPSNi1jqyiia0zQ-zA/S_d8v7XnWbM.jpg?size=56x75&quality=96&sign=da9b72db4d3a78ead80a98c1d338cb6e&c_uniq_tag=lD9bYzfLkDoDhFPMakym9rhkcB7C5LjXbIt3U2kvpKY&type=album","o":"https://sun9-10.userapi.com/impg/b0GsRKSeEbeZUn7c7Kf-GPSNi1jqyiia0zQ-zA/S_d8v7XnWbM.jpg?size=510x680&quality=96&sign=eb48acafb3142087008b13643b36e404&c_uniq_tag=Zw1YQGr3Oy4vPV67dEDDmHLIrF2jFpuaLt-9F7oW5sw&type=album","t":"https://sun9-10.userapi.com/impg/b0GsRKSeEbeZUn7c7Kf-GPSNi1jqyiia0zQ-zA/S_d8v7XnWbM.jpg?size=200x267&quality=96&sign=0546c2e30bfa582e7be9a7a671560593&c_uniq_tag=CzGBLGTz4R8aaPY0oDA53AHdXBe03_3AIfbCFyrSx5E&type=album"},"z":"","q":54.990071,"w":83.004305,"o":15267753,"i":457255069,"d":462116842},{"t":0,"s":{"m":"https://sun9-65.userapi.com/impg/5kSiFPPtAtJpLJNO-h-4V4Yy1plSq83o9teomw/Y6Oz2qFC_0A.jpg?size=810x1080&quality=96&sign=a71a3f471f789306bf77b9b7cbdf8d78&c_uniq_tag=PNXe1D1uTvcLmfhUk-wGxyxiFWqGguXkSZYF97HGJ2M&type=album","s":"https://sun9-65.userapi.com/impg/5kSiFPPtAtJpLJNO-h-4V4Yy1plSq83o9teomw/Y6Oz2qFC_0A.jpg?size=453x604&quality=96&sign=09aebec11fe5af56b419e6f11dd079a0&c_uniq_tag=NpMeYvVEKhdtrONHQc4SgXg_U6t3epSX_npGEVu4N9A&type=album","n":"https://sun9-65.userapi.com/impg/5kSiFPPtAtJpLJNO-h-4V4Yy1plSq83o9teomw/Y6Oz2qFC_0A.jpg?size=56x75&quality=96&sign=dd5c196c039b0dbed01c348db46797a4&c_uniq_tag=NkB7yeN8lrlUetRuppYIk4W2QW-HNAYNkMnFeMq_l5A&type=album","o":"https://sun9-65.userapi.com/impg/5kSiFPPtAtJpLJNO-h-4V4Yy1plSq83o9teomw/Y6Oz2qFC_0A.jpg?size=510x680&quality=96&sign=a99a474431f134da44df7448bc7fca46&c_uniq_tag=KNvm2_sKK3CdesR4i7KyMeZHcDNc6z8j-xkvOGRXIG0&type=album","t":"https://sun9-65.userapi.com/impg/5kSiFPPtAtJpLJNO-h-4V4Yy1plSq83o9teomw/Y6Oz2qFC_0A.jpg?size=200x267&quality=96&sign=f31735fb1324c7d2d7879bf5950a47e9&c_uniq_tag=vJfDIhlNpZLLn6Xc-x5S_JLx42AvmPJgTMOtzy8ADes&type=album"},"z":"","q":54.990087,"w":83.004171,"o":15267753,"i":457255071,"d":462116842}]},{"f":15267753,"t":"Пояс 42 и он на утяжках еще","d":462116846,"a":[]},{"f":15267753,"t":"Длина около 100","d":462116863,"a":[]}]},{"f":282611501,"t":"можешь сфоткать как на тебе сидит?","d":463071485,"a":[]},{"f":15267753,"t":"","d":463071555,"a":[{"t":0,"s":{"m":"https://sun9-71.userapi.com/impg/YVh_PoWaAyWh4EeWKv1ITG8q-h50z2c5GcgsNA/bTbwAOuFu5I.jpg?size=810x1080&quality=96&sign=0861619497660bb1104e34f96bdf13a6&c_uniq_tag=UArdtTNTnXnMRu9_CH4uvZb5Y-UMYaXMCrGeaAxMrAs&type=album","s":"https://sun9-71.userapi.com/impg/YVh_PoWaAyWh4EeWKv1ITG8q-h50z2c5GcgsNA/bTbwAOuFu5I.jpg?size=453x604&quality=96&sign=b419c878a6467ba6044e96d457bd2cce&c_uniq_tag=n1tDstRK-DFyZ2UWas06K0pAoBV2Avzi-Afcve-PrLE&type=album","n":"https://sun9-71.userapi.com/impg/YVh_PoWaAyWh4EeWKv1ITG8q-h50z2c5GcgsNA/bTbwAOuFu5I.jpg?size=56x75&quality=96&sign=aba4ededf11ee9bf787b4cf208fdcce0&c_uniq_tag=9x8uL_xfm2Mjq3ZuUEdV_chKnDFqPEsWmu2jhO7W-8o&type=album","o":"https://sun9-71.userapi.com/impg/YVh_PoWaAyWh4EeWKv1ITG8q-h50z2c5GcgsNA/bTbwAOuFu5I.jpg?size=510x680&quality=96&sign=3163b1ea1d87057b78939cd6293f1987&c_uniq_tag=Je2S07S-EajCGqoUXdktNrs7T2PnZcI6u0mnkIKJnP0&type=album","t":"https://sun9-71.userapi.com/impg/YVh_PoWaAyWh4EeWKv1ITG8q-h50z2c5GcgsNA/bTbwAOuFu5I.jpg?size=200x267&quality=96&sign=b00aed91605cc30d33d318af4bb5854d&c_uniq_tag=1REdIvmTxFuncJYKWhEa3p408KLE_fi8G2TxXSFKL64&type=album"},"z":"","q":54.990133,"w":83.004117,"o":15267753,"i":457255161,"d":463071555}]}]}]},{"i":1713403,"f":324642520,"t":"Нет случайно замеров ?","d":463327860,"a":[],"m":[]},{"i":1713392,"f":324642520,"t":"Та про штаны acg","d":463327638,"a":[],"m":[]},{"i":1713389,"f":15267753,"t":"Что","d":463327616,"a":[],"m":[]},{"i":1713388,"f":15267753,"t":"Привет","d":463327615,"a":[],"m":[]},{"i":1713385,"f":324642520,"t":"Я спрошу ?","d":463327605,"a":[],"m":[]},{"i":1713384,"f":324642520,"t":"Здравствуй","d":463327603,"a":[],"m":[]}]}