{"meta":{"v":"1.2","p":438806943,"a":15267753,"t":"Кирилл Швецов","d":1691416210},"data":[{"i":2484666,"f":15267753,"t":"да хз это далеко и ради одной пары врядли кто то поедет","d":507628071,"a":[],"m":[]},{"i":2484481,"f":438806943,"t":"провернные","d":507598703,"a":[],"m":[]},{"i":2484480,"f":438806943,"t":"а есть друзья","d":507598701,"a":[],"m":[]},{"i":2484479,"f":438806943,"t":"блин","d":507598695,"a":[],"m":[]},{"i":2484389,"f":15267753,"t":"Эт далековато, я туда на неделе не смогу заехать","d":507596482,"a":[],"m":[]},{"i":2484336,"f":438806943,"t":"да","d":507595753,"a":[],"m":[]},{"i":2484330,"f":15267753,"t":"С меги?","d":507595711,"a":[],"m":[]},{"i":2484329,"f":15267753,"t":"Привет","d":507595709,"a":[],"m":[]},{"i":2484326,"f":438806943,"t":"можешь пожалуйста с инвентив пару забрать!","d":507595691,"a":[],"m":[]},{"i":2484325,"f":438806943,"t":"Привет","d":507595683,"a":[],"m":[]},{"i":1946060,"f":15267753,"t":"Наверно был","d":475618111,"a":[],"m":[]},{"i":1946058,"f":15267753,"t":"Женский","d":475618107,"a":[],"m":[]},{"i":1946057,"f":15267753,"t":"Привет","d":475618104,"a":[],"m":[]},{"i":1946056,"f":438806943,"t":"вверх есть 9.5","d":475618096,"a":[],"m":[]},{"i":1946055,"f":438806943,"t":"","d":475618092,"a":[{"t":0,"s":{"m":"https://sun9-34.userapi.com/impg/yCbfvFh1AqM7XFKfAHbDuK37sstph4bO64hstw/HQCKuaDNi1c.jpg?size=810x1080&quality=96&sign=a7e33fe3341c64f608093a5614f2fc20&c_uniq_tag=GsJ_QYgpmMPTC3fji8w5HPUeLH7yrkQNakzHehdFDWA&type=album","s":"https://sun9-34.userapi.com/impg/yCbfvFh1AqM7XFKfAHbDuK37sstph4bO64hstw/HQCKuaDNi1c.jpg?size=453x604&quality=96&sign=d496ee7d55cdb602030f96946563beb4&c_uniq_tag=Wg0wdNJfMdGz5c69n0KCome4djZFtLmmQ1T1-a2EktI&type=album","n":"https://sun9-34.userapi.com/impg/yCbfvFh1AqM7XFKfAHbDuK37sstph4bO64hstw/HQCKuaDNi1c.jpg?size=56x75&quality=96&sign=85ad8ee2ddb204fbb5a77b0fc6191b21&c_uniq_tag=cUgbuEzvUwZXHQE73yYiQNKgSAYhWNLch1kwiVKx_Zc&type=album","o":"https://sun9-34.userapi.com/impg/yCbfvFh1AqM7XFKfAHbDuK37sstph4bO64hstw/HQCKuaDNi1c.jpg?size=510x680&quality=96&sign=0fa5739938ec1281909b725db061b634&c_uniq_tag=e7HnxFCAuXvQN1qMeDR6sy8qfmWTLSVUGQzgb-BxjU8&type=album","t":"https://sun9-34.userapi.com/impg/yCbfvFh1AqM7XFKfAHbDuK37sstph4bO64hstw/HQCKuaDNi1c.jpg?size=200x267&quality=96&sign=b6846bf455abf263237861a45c270250&c_uniq_tag=0CeIRqpQAuYmGrK-tMS8ugAms7NIRLW8YKbHs5HZ_MQ&type=album"},"z":"","q":0,"w":0,"o":438806943,"i":457283880,"d":475618091}],"m":[]},{"i":1946054,"f":438806943,"t":"","d":475618086,"a":[{"t":4}],"m":[]}]}