{"meta":{"v":"1.2","p":196658162,"a":15267753,"t":"Никита Недров","d":1691415948},"data":[{"i":2770674,"f":196658162,"t":"","d":524940546,"a":[{"t":3,"o":196658162,"i":645890366,"n":"audio_message_1663681733.ogg","e":"ogg","s":26246,"url":"https://vk.com/doc196658162_645890366?hash=pjqC85ubW3fpEd1UWHw5v7YKyZVYEgHwKXqAgyIV8J0&dl=v15oy1UYbAnNiCiLAzQshfz6GLCqRLqzyD72PKUoaro&api=1&no_preview=1"}],"m":[]},{"i":2770671,"f":196658162,"t":"","d":524940469,"a":[{"t":3,"o":196658162,"i":645890257,"n":"audio_message_1663681649.ogg","e":"ogg","s":32213,"url":"https://vk.com/doc196658162_645890257?hash=hjBRsTQFhvzcMzuOSIP6b1Ji0NWBEpr8xmdmUxWeKnL&dl=3dRMzJIc2SdYzACk2BJGmklTuji6sDZJH2vMVfiBR3X&api=1&no_preview=1"}],"m":[]},{"i":2769331,"f":196658162,"t":"ща будет","d":524872488,"a":[],"m":[]},{"i":2769330,"f":196658162,"t":"От души","d":524872487,"a":[],"m":[]},{"i":2769045,"f":15267753,"t":"Привет, пишм данные у компа буду сделаю","d":524860781,"a":[],"m":[]},{"i":2769037,"f":196658162,"t":"Йо я от Фирса, он сказал через тебя можно накладные сдек сделать","d":524859714,"a":[],"m":[]}]}