{"meta":{"v":"1.2","p":276721517,"a":15267753,"t":"Артем Юсипов","d":1691416206},"data":[{"i":2501084,"f":276721517,"t":"Он","d":508430221,"a":[],"m":[]},{"i":2501083,"f":15267753,"t":"он или ты платит за шип?","d":508430218,"a":[],"m":[]},{"i":2501082,"f":15267753,"t":"Накладная успешно создана с номером: 1322641470\n450","d":508430204,"a":[],"m":[]},{"i":2501076,"f":276721517,"t":"Да","d":508430082,"a":[],"m":[]},{"i":2501075,"f":15267753,"t":"бокс включать нада сдековский?","d":508430074,"a":[],"m":[]},{"i":2501072,"f":276721517,"t":"В ней буду пару отправлять","d":508430063,"a":[],"m":[]},{"i":2501071,"f":276721517,"t":"Я ему отправляю\nГабариты М коробки","d":508430055,"a":[],"m":[]},{"i":2501069,"f":15267753,"t":"габарит еще нужен","d":508430012,"a":[],"m":[]},{"i":2501068,"f":15267753,"t":"или он от тебя","d":508430006,"a":[],"m":[]},{"i":2501067,"f":15267753,"t":"ему отправляешь","d":508430003,"a":[],"m":[]},{"i":2501064,"f":276721517,"t":"Голубева Анна Александровна\n\n+79961992561\n\nпросп. Ленина, 10, Владимир, 600001","d":508429939,"a":[],"m":[]},{"i":2501060,"f":15267753,"t":"если отправить хочешь то данные пиши","d":508429889,"a":[],"m":[]},{"i":2501057,"f":276721517,"t":"https://vk.com/id490434431\nВк, с которого договаривался с ним о сделке, там просто лимит сообщений","d":508429849,"a":[],"m":[]},{"i":2501040,"f":15267753,"t":"привет","d":508429749,"a":[],"m":[]},{"i":2501020,"f":276721517,"t":"Привет, я от https://vk.com/frenchy по поводу накладной","d":508425801,"a":[],"m":[]}]}