{"meta":{"v":"1.2","p":339676806,"a":15267753,"t":"Всякое Бывает","d":1691415528},"data":[{"i":3047509,"f":339676806,"t":"Извини, пожалуйста, можешь отменить, Игорь  Корыгин уже сделал (","d":543261996,"a":[],"m":[]},{"i":3047466,"f":339676806,"t":"Три худи L размера(","d":543261516,"a":[],"m":[]},{"i":3047465,"f":15267753,"t":"габарит есть?","d":543261496,"a":[],"m":[]},{"i":3047464,"f":15267753,"t":"привет","d":543261492,"a":[],"m":[]},{"i":3047463,"f":339676806,"t":"Выкса (Нижегородская область)- Москва Хлоповский Федор Станиславович\n89091640387\nПункт MSK1017\nТри худи","d":543261490,"a":[],"m":[]},{"i":3047462,"f":339676806,"t":"Привет \nСделаешь накладную сейчас?","d":543261474,"a":[],"m":[]},{"i":2928562,"f":15267753,"t":"+","d":535406047,"a":[],"m":[]},{"i":2928560,"f":339676806,"t":"Анастасия Евгеньевна","d":535405972,"a":[],"m":[]},{"i":2928559,"f":339676806,"t":"Скинул","d":535405965,"a":[],"m":[]},{"i":2928558,"f":15267753,"t":"да","d":535405666,"a":[],"m":[]},{"i":2928555,"f":339676806,"t":"","d":535405650,"a":[],"m":[{"f":339676806,"t":"Сюда?","d":520709332,"a":[],"m":[{"f":15267753,"t":"89059515168 сбер","d":520349241,"a":[]}]}]},{"i":2928553,"f":15267753,"t":"Номер заказа СДЭК 1397124905\n350","d":535405622,"a":[],"m":[{"f":339676806,"t":"Москва - Таруса\nГусев Максим Александрович\n89057171032\nПункт TAR8\nПакет(два худи)","d":535405119,"a":[]}]},{"i":2928552,"f":15267753,"t":"прив","d":535405575,"a":[],"m":[]},{"i":2928544,"f":339676806,"t":"Привет","d":535405122,"a":[],"m":[]},{"i":2928543,"f":339676806,"t":"Москва - Таруса\nГусев Максим Александрович\n89057171032\nПункт TAR8\nПакет(два худи)","d":535405119,"a":[],"m":[]},{"i":2835482,"f":339676806,"t":"Отбой, уже сделали","d":528905375,"a":[],"m":[]},{"i":2835469,"f":339676806,"t":"Сделаешь плз?","d":528904008,"a":[],"m":[]},{"i":2835468,"f":339676806,"t":"Москва-москва- Антохин Владислав Иванович, 89689236942, Москва, пр. Старопетровский, 1 строение 2, пав. 33 (рядом отделение \"Сбербанк\"), Пункт MSK166","d":528904001,"a":[],"m":[]},{"i":2712703,"f":15267753,"t":"+","d":520724654,"a":[],"m":[]},{"i":2712691,"f":339676806,"t":"","d":520722939,"a":[{"t":0,"s":{"m":"https://sun9-29.userapi.com/impg/MV8tGiu031gFT4ocqIKe1ytCKHBtvX7UALW5sQ/bxbgzNo96LY.jpg?size=510x900&quality=95&crop=0,0,780,1376&sign=749eeb3c99200e773ee9abebe4b029b3&c_uniq_tag=vKgtU6ZSSe7HpSqJXrvGhMNS8YkE73ER8jDhNIXAlrg&type=album","s":"https://sun9-29.userapi.com/impg/MV8tGiu031gFT4ocqIKe1ytCKHBtvX7UALW5sQ/bxbgzNo96LY.jpg?size=200x433&quality=95&sign=2aaf7e39ccbcf79ebc0b0e51c70a15dc&c_uniq_tag=UKipUeQKP_-43pZ6z4gYyUvLTUTkOdJDI70K9oWq4Mk&type=album","n":"https://sun9-29.userapi.com/impg/MV8tGiu031gFT4ocqIKe1ytCKHBtvX7UALW5sQ/bxbgzNo96LY.jpg?size=780x1688&quality=95&sign=d2aa8dcdca504c9be79ad221af070df9&c_uniq_tag=a6i496WOo6pETdqrSlIrYD-TBPEZmjX-3FJ1qCEihwE&type=album","o":"https://sun9-29.userapi.com/impg/MV8tGiu031gFT4ocqIKe1ytCKHBtvX7UALW5sQ/bxbgzNo96LY.jpg?size=499x1080&quality=95&sign=595c0c36aaa030d9ea6e608dd7356691&c_uniq_tag=HUvWTqLDkkI0nTpXGJfYHSgdfXW9b9SKq7vbMqCMmd8&type=album","t":"https://sun9-29.userapi.com/impg/MV8tGiu031gFT4ocqIKe1ytCKHBtvX7UALW5sQ/bxbgzNo96LY.jpg?size=279x604&quality=95&sign=2a4e2a854215f8f2b6f6ab892e522532&c_uniq_tag=RDoQp0JuM1QOsJiudoscBOE32fHqF7LIjfuL7McQNk8&type=album"},"z":"","q":0,"w":0,"o":339676806,"i":457247101,"d":520722939}],"m":[]},{"i":2712076,"f":339676806,"t":"Ок","d":520709357,"a":[],"m":[]},{"i":2712075,"f":15267753,"t":"да","d":520709354,"a":[],"m":[]},{"i":2712074,"f":339676806,"t":"Сюда?","d":520709332,"a":[],"m":[{"f":15267753,"t":"89059515168 сбер","d":520349241,"a":[]}]},{"i":2712072,"f":15267753,"t":"Накладная успешно создана с номером: 1351860889\n400","d":520709282,"a":[],"m":[{"f":339676806,"t":"Самара-москва- Никонов Григорий Андреевич, 89199937416, Москва, пр. Старопетровский, 1 строение 2, пав. 33 (рядом отделение \"Сбербанк\"), Пункт MSK166","d":520708848,"a":[]}]},{"i":2712051,"f":339676806,"t":"Большой пакет","d":520709185,"a":[],"m":[{"f":15267753,"t":"Габарит","d":520708866,"a":[]}]},{"i":2711978,"f":339676806,"t":"","d":520708868,"a":[{"t":4}],"m":[]},{"i":2711977,"f":15267753,"t":"Габарит","d":520708866,"a":[],"m":[]},{"i":2711976,"f":339676806,"t":"Три пары кроксов","d":520708856,"a":[],"m":[]},{"i":2711973,"f":339676806,"t":"Самара-москва- Никонов Григорий Андреевич, 89199937416, Москва, пр. Старопетровский, 1 строение 2, пав. 33 (рядом отделение \"Сбербанк\"), Пункт MSK166","d":520708848,"a":[],"m":[]},{"i":2711966,"f":15267753,"t":"Данные пиши сразу всегда","d":520708822,"a":[],"m":[]},{"i":2711965,"f":15267753,"t":"Да","d":520708815,"a":[],"m":[]},{"i":2711964,"f":15267753,"t":"Прив","d":520708814,"a":[],"m":[]},{"i":2711948,"f":339676806,"t":"Сделаешь СДЭК?","d":520708324,"a":[],"m":[]},{"i":2711947,"f":339676806,"t":"Привет","d":520708318,"a":[],"m":[]},{"i":2706669,"f":339676806,"t":"","d":520349564,"a":[{"t":4}],"m":[]},{"i":2706665,"f":15267753,"t":"+","d":520349531,"a":[],"m":[]},{"i":2706660,"f":339676806,"t":"","d":520349521,"a":[],"m":[{"f":76720331,"t":"","d":520349380,"a":[{"t":0,"s":{"m":"https://sun9-52.userapi.com/impg/CCBOVzntnHOi8AvDT9N2C0tzLZBFZ1nb1uX5yg/tyY7zl8_7ys.jpg?size=510x900&quality=95&crop=0,0,828,1461&sign=fb0db3ca2c0357069db02c0755640efc&c_uniq_tag=j2Ry3nq2PQZmAuqe0DZeObRw0eu1Au_cyGRNJI7tRmQ&type=album","s":"https://sun9-52.userapi.com/impg/CCBOVzntnHOi8AvDT9N2C0tzLZBFZ1nb1uX5yg/tyY7zl8_7ys.jpg?size=200x433&quality=95&sign=f2177772edcda34d4d82b0d9f3d6f163&c_uniq_tag=cEFW3G1PYq7n_X-4tf1guilfxKIXDQXLZBj18haWJy8&type=album","n":"https://sun9-52.userapi.com/impg/CCBOVzntnHOi8AvDT9N2C0tzLZBFZ1nb1uX5yg/tyY7zl8_7ys.jpg?size=828x1792&quality=95&sign=04d9fde1607c290f25294b8128a5843b&c_uniq_tag=zzOFe8FdYD8LCoYA4XCj34KijLsax6E803OCguhPGBE&type=album","o":"https://sun9-52.userapi.com/impg/CCBOVzntnHOi8AvDT9N2C0tzLZBFZ1nb1uX5yg/tyY7zl8_7ys.jpg?size=499x1080&quality=95&sign=bac06c7e9bba33a9ec6e2a4a65a17b66&c_uniq_tag=AEY5L7rRhFh5KPg9P1fI4LdR_jOhxELbnfti29dyCJQ&type=album","t":"https://sun9-52.userapi.com/impg/CCBOVzntnHOi8AvDT9N2C0tzLZBFZ1nb1uX5yg/tyY7zl8_7ys.jpg?size=279x604&quality=95&sign=1d7a646180297fadf84a1012f3226a5c&c_uniq_tag=I1P3Beb5KZrRG_JHA19kVsBFm2kMXI3ksVxB-3c5R3Q&type=album"},"z":"","q":0,"w":0,"o":76720331,"i":457262910,"d":520349379}]}]},{"i":2706646,"f":339676806,"t":"Кк","d":520349246,"a":[],"m":[]},{"i":2706645,"f":15267753,"t":"89059515168 сбер","d":520349241,"a":[],"m":[]},{"i":2706633,"f":339676806,"t":"Куда переводить ?","d":520348881,"a":[],"m":[]},{"i":2706632,"f":339676806,"t":"Йоу","d":520348876,"a":[],"m":[]},{"i":2703682,"f":15267753,"t":"Накладная успешно создана с номером: 1350587835\n400","d":520182501,"a":[],"m":[{"f":339676806,"t":"Омск-москва- Антохин Владислав Иванович, 89689236942, Москва, пр. Старопетровский, 1 строение 2, пав. 33 (рядом отделение \"Сбербанк\"), Пункт MSK166","d":520171173,"a":[]}]},{"i":2703336,"f":339676806,"t":"Пакет небольшой","d":520175895,"a":[],"m":[]},{"i":2703335,"f":339676806,"t":"","d":520175889,"a":[{"t":4}],"m":[]},{"i":2703334,"f":339676806,"t":"","d":520175882,"a":[],"m":[{"f":339676806,"t":"","d":520170878,"a":[{"t":0,"s":{"m":"https://sun9-50.userapi.com/impg/i1e1a60EbUWs6kX3YcsnfxN3l7r7nhSr9GreFg/TnvswZu5T7Y.jpg?size=510x510&quality=95&sign=d5641868bf115b25e8f1dad746faf57a&c_uniq_tag=H_S6pZWqGdzCYa6T6JXBhBQ4kLaZZrWbHTFxiOQiOJs&type=album","s":"https://sun9-50.userapi.com/impg/i1e1a60EbUWs6kX3YcsnfxN3l7r7nhSr9GreFg/TnvswZu5T7Y.jpg?size=200x200&quality=95&sign=26a30affa6cd47bde021efc187563c46&c_uniq_tag=JPB0WQyuqan2XlqsAyj8uALSbzOUwU5NlM1mhc-boqc&type=album","n":"https://sun9-50.userapi.com/impg/i1e1a60EbUWs6kX3YcsnfxN3l7r7nhSr9GreFg/TnvswZu5T7Y.jpg?size=1792x1792&quality=95&sign=45d2d7b3a1c0781d08cefa5a19cbcc61&c_uniq_tag=cV-AiQ9toiobsTUTPSaMJUQoC9yElxOYRb7KrHN43z4&type=album","o":"https://sun9-50.userapi.com/impg/i1e1a60EbUWs6kX3YcsnfxN3l7r7nhSr9GreFg/TnvswZu5T7Y.jpg?size=1280x1280&quality=95&sign=ff83c3a61ac4d87d960f3175fa7f8f9e&c_uniq_tag=-tAigY9_RC5AkQWkXrcgXCdrAw9PxmKTYOyKwEyjyUE&type=album","t":"https://sun9-50.userapi.com/impg/i1e1a60EbUWs6kX3YcsnfxN3l7r7nhSr9GreFg/TnvswZu5T7Y.jpg?size=604x604&quality=95&sign=35468a5fcdde3c55139b360eb772d452&c_uniq_tag=4kUOn3Ai49Mfz5ytPljHq77UPpT14OPKayZkMGPPfP0&type=album"},"z":"","q":0,"w":0,"o":339676806,"i":457247096,"d":520170878}]}]},{"i":2703258,"f":15267753,"t":"А скажи габарит еще","d":520173461,"a":[],"m":[{"f":339676806,"t":"Омск-москва- Антохин Владислав Иванович, 89689236942, Москва, пр. Старопетровский, 1 строение 2, пав. 33 (рядом отделение \"Сбербанк\"), Пункт MSK166","d":520171173,"a":[]}]},{"i":2703199,"f":339676806,"t":"Жду","d":520171220,"a":[],"m":[]},{"i":2703198,"f":339676806,"t":"Понял","d":520171217,"a":[],"m":[]},{"i":2703197,"f":15267753,"t":"Сдек лег попозже","d":520171207,"a":[],"m":[]},{"i":2703195,"f":339676806,"t":"Омск-москва- Антохин Владислав Иванович, 89689236942, Москва, пр. Старопетровский, 1 строение 2, пав. 33 (рядом отделение \"Сбербанк\"), Пункт MSK166","d":520171173,"a":[],"m":[]},{"i":2703191,"f":15267753,"t":"Привет давай","d":520170978,"a":[],"m":[]},{"i":2703190,"f":339676806,"t":"Привет \nСДЭК сделаешь?","d":520170970,"a":[],"m":[]},{"i":2389000,"f":15267753,"t":"+","d":501688605,"a":[],"m":[]},{"i":2388996,"f":339676806,"t":"Сорян, что так долго","d":501688480,"a":[],"m":[]},{"i":2388995,"f":339676806,"t":"Скинул","d":501688466,"a":[],"m":[]},{"i":2388953,"f":15267753,"t":"да","d":501687128,"a":[],"m":[]},{"i":2388951,"f":339676806,"t":"Сюда?","d":501687121,"a":[],"m":[{"f":15267753,"t":"89059515168 сбер","d":493910392,"a":[]}]},{"i":2388942,"f":15267753,"t":"Накладная успешно создана с номером: 1303103193\n300","d":501687031,"a":[],"m":[]},{"i":2388939,"f":339676806,"t":"И кофта","d":501686798,"a":[],"m":[]},{"i":2388938,"f":339676806,"t":"Две куртки женские","d":501686796,"a":[],"m":[]},{"i":2388932,"f":15267753,"t":"Пара?","d":501686679,"a":[],"m":[]},{"i":2388931,"f":15267753,"t":"Привет да сейчас","d":501686675,"a":[],"m":[]},{"i":2388927,"f":339676806,"t":"Сможешь плз сделать?","d":501686564,"a":[],"m":[]},{"i":2388926,"f":339676806,"t":"Привет","d":501686559,"a":[],"m":[]},{"i":2388925,"f":339676806,"t":"Санкт-Петербург, Владимир Андреевич С.  - Хлоповский Глеб Станиславович, 89776326020, Москва, пр. Старопетровский, 1 строение 2, пав. 33 (рядом отделение \"Сбербанк\"), Пункт MSK166","d":501686557,"a":[],"m":[]},{"i":2381347,"f":15267753,"t":"+","d":501192256,"a":[],"m":[]},{"i":2381102,"f":339676806,"t":"","d":501175296,"a":[{"t":0,"s":{"m":"https://sun9-71.userapi.com/impg/pvcRmNvDuVv7ndoHfdp54DL4zcoQi8trLBA21g/qNW_y0zimI8.jpg?size=499x1080&quality=96&sign=2b22bbb1fbd0ece5d840a8b63bb5a9fd&c_uniq_tag=GpXdjqwqL76b711YyfGkaau-wSa2oDxwaW47EBi76so&type=album","s":"https://sun9-71.userapi.com/impg/pvcRmNvDuVv7ndoHfdp54DL4zcoQi8trLBA21g/qNW_y0zimI8.jpg?size=279x604&quality=96&sign=165219a2b9e5d918ec6192aa20d63e5b&c_uniq_tag=BZlUHYLgHYItnjFOEpEhJfIEUU9cUHFwNyNoN4UGSrE&type=album","n":"https://sun9-71.userapi.com/impg/pvcRmNvDuVv7ndoHfdp54DL4zcoQi8trLBA21g/qNW_y0zimI8.jpg?size=35x75&quality=96&sign=7b4d67d5001f7272d913d43188bcfe84&c_uniq_tag=Af0oW73XD0rfWKFRpQ0_SMCO7mSpgroixnaoDcjDneA&type=album","o":"https://sun9-71.userapi.com/impg/pvcRmNvDuVv7ndoHfdp54DL4zcoQi8trLBA21g/qNW_y0zimI8.jpg?size=510x900&quality=96&crop=0,0,591,1043&sign=8901b7429e3172f7e18f22373c021274&c_uniq_tag=GDukljQ9srs3Wcui2aw5JUTALcQgaZV2EVzx1CJFQJc&type=album","t":"https://sun9-71.userapi.com/impg/pvcRmNvDuVv7ndoHfdp54DL4zcoQi8trLBA21g/qNW_y0zimI8.jpg?size=200x433&quality=96&sign=785a24b38240217a6cd678405f450a57&c_uniq_tag=wZU28Vftc8OMU5HpKP60BENZGbyVaPjCtRJTL9dOWGU&type=album"},"z":"","q":0,"w":0,"o":339676806,"i":457247017,"d":501175295}],"m":[]},{"i":2381039,"f":15267753,"t":"оке","d":501172661,"a":[],"m":[]},{"i":2380986,"f":339676806,"t":"Скоро скину","d":501171481,"a":[],"m":[]},{"i":2380973,"f":15267753,"t":"","d":501171273,"a":[],"m":[{"f":15267753,"t":"","d":500044061,"a":[],"m":[{"f":15267753,"t":"4276441235123937\n02/23\nIlya Trishin","d":495024590,"a":[]}]}]},{"i":2380972,"f":15267753,"t":"да","d":501171256,"a":[],"m":[]},{"i":2380963,"f":339676806,"t":"300р?","d":501171173,"a":[],"m":[]},{"i":2380942,"f":15267753,"t":"Накладная успешно создана с номером: 1300971128\n300","d":501170715,"a":[],"m":[]},{"i":2380940,"f":15267753,"t":"из белгорода в мск да","d":501170666,"a":[],"m":[]},{"i":2380898,"f":339676806,"t":"","d":501169513,"a":[],"m":[{"f":285819404,"t":"Влезут в бесплатный, если нет куплю больше","d":501169485,"a":[]}]},{"i":2380897,"f":339676806,"t":"Никонов Григорий, 8(919)993-74-16, Москва, пр. Старопетровский, 1 строение 2, пав. 33 (рядом отделение \"Сбербанк\"), Пункт MSK166","d":501169499,"a":[],"m":[]},{"i":2380895,"f":15267753,"t":"Габарит еще","d":501169355,"a":[],"m":[]},{"i":2380894,"f":15267753,"t":"Привет","d":501169344,"a":[],"m":[]},{"i":2380893,"f":339676806,"t":"Белгород, Рустам Лузан","d":501169338,"a":[],"m":[]},{"i":2380890,"f":339676806,"t":"Привет \nСДЭК можешь сделать?","d":501169194,"a":[],"m":[]},{"i":2268612,"f":15267753,"t":"+","d":493910668,"a":[],"m":[]},{"i":2268609,"f":339676806,"t":"","d":493910540,"a":[{"t":0,"s":{"m":"https://sun9-36.userapi.com/impg/PRu5s3VNB6-ML7adADWbctRLcPF60s_4c40zxQ/iq2-DuFTIgM.jpg?size=486x1080&quality=96&sign=3cc975a2f8e121745f17f8f47a3d8732&c_uniq_tag=wwy9cM3_plpmgeebWdPHX_uqQ2HX1SsjyCSckmEiE_Q&type=album","s":"https://sun9-36.userapi.com/impg/PRu5s3VNB6-ML7adADWbctRLcPF60s_4c40zxQ/iq2-DuFTIgM.jpg?size=272x604&quality=96&sign=2077a92b38f8894c97d531faddfd2629&c_uniq_tag=FIkbRVQKk3ixy6xQoflnlGYe6rSIvVfX_Zr9c2CU_VU&type=album","n":"https://sun9-36.userapi.com/impg/PRu5s3VNB6-ML7adADWbctRLcPF60s_4c40zxQ/iq2-DuFTIgM.jpg?size=34x75&quality=96&sign=559cd1205b1d0f0921ccd2f737558d4f&c_uniq_tag=IN6M_KW9J160SgeeaFwRf4JBPssog80W7QctklWlAqE&type=album","o":"https://sun9-36.userapi.com/impg/PRu5s3VNB6-ML7adADWbctRLcPF60s_4c40zxQ/iq2-DuFTIgM.jpg?size=510x900&quality=96&crop=0,0,720,1271&sign=99a18f04c9491dc1013e0d3cbaffec6c&c_uniq_tag=P8FgKCGarJU2eF11hewT7VTm0ZxEw-PXEe0svb2IFWQ&type=album","t":"https://sun9-36.userapi.com/impg/PRu5s3VNB6-ML7adADWbctRLcPF60s_4c40zxQ/iq2-DuFTIgM.jpg?size=200x444&quality=96&sign=ff2f03cfe0fd14b4370a1b2daad944a9&c_uniq_tag=EsI-epitkZU0zeuDn3-RbkWvGdtZCCSAhi4nRuPb9OQ&type=album"},"z":"","q":0,"w":0,"o":339676806,"i":457246964,"d":493910540}],"m":[]},{"i":2268604,"f":339676806,"t":"Сейчас скину","d":493910407,"a":[],"m":[]},{"i":2268603,"f":339676806,"t":"Кк","d":493910404,"a":[],"m":[]},{"i":2268602,"f":15267753,"t":"89059515168 сбер","d":493910392,"a":[],"m":[]},{"i":2268601,"f":339676806,"t":"Куда переводить?","d":493910384,"a":[],"m":[]},{"i":2268600,"f":339676806,"t":"","d":493910378,"a":[{"t":4}],"m":[]},{"i":2268596,"f":15267753,"t":"300","d":493910276,"a":[],"m":[]},{"i":2268595,"f":15267753,"t":"Накладная успешно создана с номером: 1278142281","d":493910275,"a":[],"m":[]},{"i":2268586,"f":339676806,"t":"Игорь Корыгин, Смоленск - Хлоповский Глеб Станиславович, 89776326020, Москва, пр. Старопетровский, 1 строение 2, пав. 33 (рядом отделение \"Сбербанк\"), Пункт MSK166, пакет а3","d":493910152,"a":[],"m":[]},{"i":2268568,"f":339676806,"t":"Сейчас скину","d":493909981,"a":[],"m":[]},{"i":2268567,"f":339676806,"t":"Хорошо","d":493909978,"a":[],"m":[]},{"i":2268566,"f":339676806,"t":"","d":493909972,"a":[],"m":[{"f":64973391,"t":"из Смоленска пакет А3","d":493859312,"a":[]}]},{"i":2268565,"f":15267753,"t":"Получатель город тел пункт сдек габариты","d":493909963,"a":[],"m":[]},{"i":2268564,"f":15267753,"t":"Отправитель город","d":493909954,"a":[],"m":[]},{"i":2268563,"f":339676806,"t":"Какие данные нужны ?","d":493909942,"a":[],"m":[]},{"i":2268561,"f":15267753,"t":"Привет, да","d":493909919,"a":[],"m":[]},{"i":2268559,"f":339676806,"t":"Привет \nСДЭК же можно через тебя сделать?","d":493909906,"a":[],"m":[]},{"i":1260099,"f":339676806,"t":"Вот насчёт этого и думаю пока","d":435512860,"a":[],"m":[]},{"i":1260098,"f":339676806,"t":"Дада","d":435512853,"a":[],"m":[]},{"i":1260097,"f":15267753,"t":"что комплекта нет?","d":435512851,"a":[],"m":[]},{"i":1260095,"f":15267753,"t":"там описание видел?","d":435512848,"a":[],"m":[]},{"i":1260093,"f":339676806,"t":"Ок, сейчас решу","d":435512834,"a":[],"m":[]},{"i":1260091,"f":15267753,"t":"400 + шип","d":435512824,"a":[],"m":[]},{"i":1260090,"f":15267753,"t":"привет","d":435512820,"a":[],"m":[]},{"i":1260089,"f":339676806,"t":"Привет \nСколько за помощь за эпл вотч?","d":435512765,"a":[],"m":[]},{"i":1254312,"f":339676806,"t":"Понял, спасибо","d":435086245,"a":[],"m":[]},{"i":1254310,"f":15267753,"t":"Ток ветровки были","d":435086202,"a":[],"m":[]},{"i":1254309,"f":15267753,"t":"Привет","d":435086196,"a":[],"m":[]},{"i":1254297,"f":339676806,"t":"Привет \nНе видел  в фамилии пуховиков 66north?","d":435086114,"a":[],"m":[]},{"i":973060,"f":339676806,"t":"👌","d":406823490,"a":[],"m":[]},{"i":973059,"f":339676806,"t":"спасибо","d":406823377,"a":[],"m":[]},{"i":973058,"f":15267753,"t":"знаю его","d":406823259,"a":[],"m":[]},{"i":973057,"f":15267753,"t":"норм все","d":406823258,"a":[],"m":[]},{"i":973056,"f":15267753,"t":"привет","d":406823256,"a":[],"m":[]},{"i":973055,"f":15267753,"t":"yjhv dct","d":406823254,"a":[],"m":[]},{"i":973054,"f":15267753,"t":"ghbdtn","d":406823253,"a":[],"m":[]},{"i":973053,"f":339676806,"t":"https://vk.com/boriah","d":406823149,"a":[],"m":[]},{"i":973051,"f":339676806,"t":"подскажи за него, пожалуйста","d":406823146,"a":[],"m":[]},{"i":973050,"f":339676806,"t":"привет","d":406823134,"a":[],"m":[]}]}