{"meta":{"v":"1.2","p":23556595,"a":15267753,"t":"Karl Yoxanson","d":1691415240},"data":[{"i":3117759,"f":23556595,"t":"Спасибо","d":550256252,"a":[],"m":[]},{"i":3117758,"f":23556595,"t":"Перевёл","d":550256152,"a":[],"m":[]},{"i":3117755,"f":15267753,"t":"Номер заказа СДЭК 1446349874\n350","d":550256090,"a":[],"m":[{"f":23556595,"t":"Из Москвы в г. Сальск Ростовская область \nАдрес сдэка улица свободы 106\n347630\nНа имя \n\nТрапезников Сергей Олегович\n89281004502","d":550255528,"a":[]}]},{"i":3117754,"f":15267753,"t":"привет","d":550256043,"a":[],"m":[]},{"i":3117748,"f":23556595,"t":"Размер 45х15х15 см\nВес 1 кг","d":550255570,"a":[],"m":[]},{"i":3117747,"f":23556595,"t":"Из Москвы в г. Сальск Ростовская область \nАдрес сдэка улица свободы 106\n347630\nНа имя \n\nТрапезников Сергей Олегович\n89281004502","d":550255528,"a":[],"m":[]},{"i":3117740,"f":23556595,"t":"Сделаем сдэк?","d":550255267,"a":[],"m":[]},{"i":3117739,"f":23556595,"t":"Привет","d":550255256,"a":[],"m":[]},{"i":3063812,"f":23556595,"t":"Готово","d":544698509,"a":[],"m":[]},{"i":3063811,"f":15267753,"t":"Номер заказа СДЭК 1428153304 \n350","d":544698433,"a":[],"m":[{"f":23556595,"t":"Из Москвы в Тольятти \nАдрес сдэка ворошилова 69\n445039 \nНа имя Айнулин Артём Рафаилевич \nТел 89608479005","d":544697893,"a":[]}]},{"i":3063810,"f":23556595,"t":"Из Москвы в Тольятти \nАдрес сдэка ворошилова 69\n445039 \nНа имя Айнулин Артём Рафаилевич \nТел 89608479005","d":544697893,"a":[],"m":[]},{"i":3063809,"f":23556595,"t":"Вес 1 кг\nРазмер 23-12-34 см","d":544697740,"a":[],"m":[]},{"i":3063789,"f":15267753,"t":"Прив ага","d":544691288,"a":[],"m":[]},{"i":3063701,"f":23556595,"t":"Сдэком можно отправить ?","d":544658776,"a":[],"m":[]},{"i":3063700,"f":23556595,"t":"Привет","d":544658761,"a":[],"m":[]},{"i":2996843,"f":23556595,"t":"Ясно","d":540048646,"a":[],"m":[]},{"i":2996842,"f":15267753,"t":"а привозить и продавать такое чет уже не","d":540048633,"a":[],"m":[]},{"i":2996841,"f":15267753,"t":"да так себе если чета нада беру","d":540048625,"a":[],"m":[]},{"i":2996823,"f":23556595,"t":"Ты найком занимаешься ещё ?","d":540046954,"a":[],"m":[]},{"i":2996822,"f":23556595,"t":"Кстати","d":540046940,"a":[],"m":[]},{"i":2996816,"f":15267753,"t":"+","d":540046659,"a":[],"m":[]},{"i":2996815,"f":23556595,"t":"","d":540046649,"a":[{"t":0,"s":{"m":"https://sun9-9.userapi.com/impg/pa7xMGuIDMz3aw35z_SRn4P6q8I5iOOdMD4qkw/5aPHF64P1sg.jpg?size=510x900&quality=95&crop=0,0,828,1461&sign=9d39cdd5e7422134c127d9191843eb0a&c_uniq_tag=N8xI0l0D2xmfdtVJdZScJ0pRM2ki2dWtkvAtm0I1ltE&type=album","s":"https://sun9-9.userapi.com/impg/pa7xMGuIDMz3aw35z_SRn4P6q8I5iOOdMD4qkw/5aPHF64P1sg.jpg?size=200x356&quality=95&sign=a2e9f362793aeec44ebc83dc28a8912b&c_uniq_tag=78R7tSo-YWuwGFgYwkZT3APiwmEhcj3exnqY60ITilo&type=album","n":"https://sun9-9.userapi.com/impg/pa7xMGuIDMz3aw35z_SRn4P6q8I5iOOdMD4qkw/5aPHF64P1sg.jpg?size=828x1472&quality=95&sign=cb9408cab08a9236bff4008eff7762e8&c_uniq_tag=qjoupLfmmaqFYyXZnU3JIwnhehMapDHjjeY_Ct6m3PI&type=album","o":"https://sun9-9.userapi.com/impg/pa7xMGuIDMz3aw35z_SRn4P6q8I5iOOdMD4qkw/5aPHF64P1sg.jpg?size=607x1080&quality=95&sign=ac86a639878cca9d70ec7f870a7fd85d&c_uniq_tag=U5F9ujz79DH-_UWyDl-IBDxwO3QDDlkgLK-7Hz9VjEw&type=album","t":"https://sun9-9.userapi.com/impg/pa7xMGuIDMz3aw35z_SRn4P6q8I5iOOdMD4qkw/5aPHF64P1sg.jpg?size=340x604&quality=95&sign=d08a5ccd337c808c9a02cc42b764ed30&c_uniq_tag=3hNPi4YO-7uCmYpROORvNYBKBx3vcgQk9XxstO3GxqE&type=album"},"z":"","q":0,"w":0,"o":23556595,"i":457240425,"d":540046649}],"m":[]},{"i":2996813,"f":15267753,"t":"Номер заказа СДЭК 1412123747\n450","d":540046531,"a":[],"m":[{"f":23556595,"t":"Мурманская область\nГород Мурманск\nСамойлов Сергей Андреевич\n89911127014\nСдек на Папанина 11","d":540046389,"a":[]}]},{"i":2996812,"f":23556595,"t":"Мурманская область\nГород Мурманск\nСамойлов Сергей Андреевич\n89911127014\nСдек на Папанина 11","d":540046389,"a":[],"m":[]},{"i":2996811,"f":15267753,"t":"фио тел","d":540046371,"a":[],"m":[]},{"i":2996810,"f":23556595,"t":"Из Москвы \n\nВ \n\nВот данные\nМурманская область\nГород Мурманск\n\nСдек на Папанина 11","d":540046265,"a":[],"m":[]},{"i":2996793,"f":15267753,"t":"и откуда","d":540045532,"a":[],"m":[]},{"i":2996792,"f":15267753,"t":"данные","d":540045531,"a":[],"m":[]},{"i":2996653,"f":15267753,"t":"Сек","d":540042174,"a":[],"m":[{"f":23556595,"t":"Дядь ?","d":540042158,"a":[]}]},{"i":2996650,"f":23556595,"t":"Дядь ?","d":540042158,"a":[],"m":[]},{"i":2996518,"f":23556595,"t":"23х36х18 см\n1 кг\nВ Мурманск","d":540030510,"a":[],"m":[]},{"i":2996517,"f":23556595,"t":"?","d":540030476,"a":[],"m":[]},{"i":2996516,"f":23556595,"t":"Можно сдэк отправит через тебя","d":540030475,"a":[],"m":[]},{"i":2996514,"f":23556595,"t":"Привет","d":540030462,"a":[],"m":[]},{"i":2897172,"f":15267753,"t":"Да можно если сам все пакуешь хорошо и меряшь габарит вес","d":533322483,"a":[],"m":[]},{"i":2897171,"f":15267753,"t":"Привет","d":533322472,"a":[],"m":[]},{"i":2897168,"f":23556595,"t":"И шампанское ?","d":533322269,"a":[],"m":[]},{"i":2897167,"f":23556595,"t":"Экспресс","d":533322261,"a":[],"m":[]},{"i":2897166,"f":23556595,"t":"А можно через тебе отправить посылку","d":533322256,"a":[],"m":[]},{"i":2897165,"f":23556595,"t":"Привет.","d":533322229,"a":[],"m":[]},{"i":2864620,"f":23556595,"t":"Ааа","d":531003654,"a":[],"m":[]},{"i":2864619,"f":15267753,"t":"чуть чуть обиделся","d":531003629,"a":[],"m":[]},{"i":2864618,"f":15267753,"t":"создатель из Харькова","d":531003625,"a":[],"m":[]},{"i":2864617,"f":23556595,"t":"А из за чего ?","d":531003558,"a":[],"m":[]},{"i":2864601,"f":15267753,"t":"остальное хз","d":531001980,"a":[],"m":[]},{"i":2864600,"f":15267753,"t":"ск рип","d":531001978,"a":[],"m":[]},{"i":2864599,"f":23556595,"t":"Сникерхед или сникеркомюгити живы ?","d":531001970,"a":[],"m":[]},{"i":2864598,"f":23556595,"t":"А группы всякие","d":531001955,"a":[],"m":[]},{"i":2864597,"f":23556595,"t":"Слушай","d":531001948,"a":[],"m":[]},{"i":2864171,"f":15267753,"t":"+","d":530984390,"a":[],"m":[]},{"i":2864160,"f":23556595,"t":"Перевёл","d":530984032,"a":[],"m":[]},{"i":2863963,"f":15267753,"t":"Номер заказа СДЭК 1382735390\n350","d":530976655,"a":[],"m":[{"f":23556595,"t":"Привет \nПомоги со сдэком\n\nОтправка из Самары \n\nШирина 40\nВысота 15\nГлубина 20\nВес 1кг\n\nНа адрес \n\nКириллов максим\nМосква \nНаташи Ковшовой д.16\n89654414550","d":530972808,"a":[]}]},{"i":2863959,"f":15267753,"t":"прив","d":530976554,"a":[],"m":[]},{"i":2863913,"f":23556595,"t":"Привет \nПомоги со сдэком\n\nОтправка из Самары \n\nШирина 40\nВысота 15\nГлубина 20\nВес 1кг\n\nНа адрес \n\nКириллов максим\nМосква \nНаташи Ковшовой д.16\n89654414550","d":530972808,"a":[],"m":[]},{"i":2852187,"f":15267753,"t":"+","d":530056718,"a":[],"m":[]},{"i":2852176,"f":23556595,"t":"Спасибо","d":530055146,"a":[],"m":[]},{"i":2852175,"f":23556595,"t":"Перевёл","d":530055144,"a":[],"m":[]},{"i":2852165,"f":15267753,"t":"89059515168 сбер","d":530054930,"a":[],"m":[]},{"i":2852162,"f":23556595,"t":"Напомни куда переводить","d":530054866,"a":[],"m":[]},{"i":2852161,"f":23556595,"t":"Ну добро","d":530054857,"a":[],"m":[]},{"i":2852157,"f":15267753,"t":"ты выбрал два дорогих города","d":530054803,"a":[],"m":[{"f":23556595,"t":"Раньше же делали по 1 кг дешевле стоили","d":530054785,"a":[]}]},{"i":2852155,"f":15267753,"t":"обьемный больше","d":530054791,"a":[],"m":[{"f":23556595,"t":"А от веса не зависит цена ?","d":530054765,"a":[]}]},{"i":2852154,"f":23556595,"t":"Раньше же делали по 1 кг дешевле стоили","d":530054785,"a":[],"m":[]},{"i":2852153,"f":15267753,"t":"Номер заказа СДЭК 1379498735\n400","d":530054779,"a":[],"m":[{"f":23556595,"t":"Из Москву \nРазмер 21 см на 13 на 13\nВес 150 гр.\nНа адрес \n\nУлан-Удэ. Ул. Мокрова 28а\nШишмарев Андрей Владимирович \n89243518886","d":530053984,"a":[]}]},{"i":2852151,"f":23556595,"t":"А от веса не зависит цена ?","d":530054765,"a":[],"m":[]},{"i":2852149,"f":15267753,"t":"Номер заказа СДЭК 1379498689\n400","d":530054716,"a":[],"m":[{"f":23556595,"t":"Из Москву \nРазмер 21 см на 13 на 13\nВес 150 гр.\nНа адрес \n\nИркутск. ул. Байкальская 342а\nХарченко Сергей Игоревич \n89501112773","d":530053848,"a":[]}]},{"i":2852140,"f":23556595,"t":"Из Москву \nРазмер 21 см на 13 на 13\nВес 150 гр.\nНа адрес \n\nУлан-Удэ. Ул. Мокрова 28а\nШишмарев Андрей Владимирович \n89243518886","d":530053984,"a":[],"m":[]},{"i":2852133,"f":23556595,"t":"Из Москву \nРазмер 21 см на 13 на 13\nВес 150 гр.\nНа адрес \n\nИркутск. ул. Байкальская 342а\nХарченко Сергей Игоревич \n89501112773","d":530053848,"a":[],"m":[]},{"i":2852086,"f":15267753,"t":"Ну часа три еще буду в сети)","d":530051448,"a":[],"m":[]},{"i":2852085,"f":23556595,"t":"Сколько у меня времени чтобы прислать данные ?","d":530051434,"a":[],"m":[]},{"i":2852073,"f":15267753,"t":"Прив да","d":530050510,"a":[],"m":[]},{"i":2852072,"f":23556595,"t":"Сдэк через тебя можно отправить ?","d":530050498,"a":[],"m":[]},{"i":2852071,"f":23556595,"t":"Привет","d":530050484,"a":[],"m":[]},{"i":2692981,"f":15267753,"t":"2150","d":519581275,"a":[],"m":[]},{"i":2692980,"f":15267753,"t":"Привет","d":519581274,"a":[],"m":[]},{"i":2692978,"f":23556595,"t":"Привет. Подскажи пожалуйста, сколько будет стоить доставка сдэком через тебя, 80кг, высота ширина 80, длина 80, высота 60 см из Москвы в Ярославль","d":519580967,"a":[],"m":[]},{"i":2592548,"f":15267753,"t":"+","d":513276751,"a":[],"m":[]},{"i":2592546,"f":23556595,"t":"Готово","d":513276540,"a":[],"m":[]},{"i":2592471,"f":15267753,"t":"Накладная успешно создана с номером: 1333711771\n350","d":513273812,"a":[],"m":[{"f":23556595,"t":"Размер 30 см на 20 на 15\nВес 1.5 кг\nНа адрес \n\nКуницын Максим Евгеньевич\nОмская Область, г. Омск, ул. Омская 136 к 2 (филиал СДЭК)\n+7 951 424-17-03","d":513271871,"a":[]}]},{"i":2592468,"f":15267753,"t":"прив","d":513273759,"a":[],"m":[]},{"i":2592387,"f":23556595,"t":"Размер 30 см на 20 на 15\nВес 1.5 кг\nНа адрес \n\nКуницын Максим Евгеньевич\nОмская Область, г. Омск, ул. Омская 136 к 2 (филиал СДЭК)\n+7 951 424-17-03","d":513271871,"a":[],"m":[]},{"i":2592386,"f":23556595,"t":"Привет \nХотел отправит посылку из Москвы в Омск","d":513271871,"a":[],"m":[]},{"i":2578224,"f":15267753,"t":"+","d":512321708,"a":[],"m":[]},{"i":2578223,"f":23556595,"t":"Отправил","d":512321696,"a":[],"m":[]},{"i":2578220,"f":15267753,"t":"Накладная успешно создана с номером: 1331908180\n330","d":512321611,"a":[],"m":[{"f":23556595,"t":"Из Москвы в Воронеж на адрес г. Воронеж ул. Клинская 2г\nПросветов Сергей \n8-950-773-00-00\n27х21х19 см 1 кг","d":512321504,"a":[]}]},{"i":2578212,"f":23556595,"t":"Из Москвы в Воронеж на адрес г. Воронеж ул. Клинская 2г\nПросветов Сергей \n8-950-773-00-00\n27х21х19 см 1 кг","d":512321504,"a":[],"m":[]},{"i":2578204,"f":15267753,"t":"прив да","d":512321338,"a":[],"m":[]},{"i":2578200,"f":23556595,"t":"Поможешь с сдэком?","d":512321291,"a":[],"m":[]},{"i":2578199,"f":23556595,"t":"Привет","d":512321276,"a":[],"m":[]},{"i":2544519,"f":15267753,"t":"Ну там хоть что напистаь можно","d":510442983,"a":[],"m":[]},{"i":2544516,"f":23556595,"t":"Но меня настораживает то что отправитель и получатель компания","d":510442955,"a":[],"m":[]},{"i":2544511,"f":15267753,"t":"Да","d":510442929,"a":[],"m":[{"f":23556595,"t":"Абсолютно все ?","d":510442915,"a":[]}]},{"i":2544509,"f":23556595,"t":"Ну накладная бьется","d":510442924,"a":[],"m":[]},{"i":2544507,"f":23556595,"t":"Абсолютно все ?","d":510442915,"a":[],"m":[]},{"i":2544506,"f":15267753,"t":"Но там потом поменять все данные можно","d":510442901,"a":[],"m":[]},{"i":2544504,"f":15267753,"t":"Ну если номер бьется что создна то да","d":510442895,"a":[],"m":[]},{"i":2544503,"f":15267753,"t":"Привет","d":510442875,"a":[],"m":[]},{"i":2544502,"f":23556595,"t":"","d":510442873,"a":[{"t":0,"s":{"m":"https://sun9-74.userapi.com/impg/3Kich1P8MMT32OP21S4-ewl5fmztTcVdWzvi8w/7tsCm5xMb5E.jpg?size=510x348&quality=95&sign=a6e7524cdb13ff3d769831802b99ce57&c_uniq_tag=IghS4Fai8_X3nsd0Ei5lgRxdfpTCVtRm25vMRFRh-KU&type=album","s":"https://sun9-74.userapi.com/impg/3Kich1P8MMT32OP21S4-ewl5fmztTcVdWzvi8w/7tsCm5xMb5E.jpg?size=200x136&quality=95&sign=ba06b9e3413d589e65dbbc949512d9a3&c_uniq_tag=G91LEFz6s28mvEd-L1WeEV78M06YsQ6Am_2AGHG25ag&type=album","n":"https://sun9-74.userapi.com/impg/3Kich1P8MMT32OP21S4-ewl5fmztTcVdWzvi8w/7tsCm5xMb5E.jpg?size=1242x847&quality=95&sign=444f51eeb71e9f12c490ccb3b15d95a5&c_uniq_tag=uWKczHyvI42HfOUsFUcfA80iqRHZkW080J0OW_zvki0&type=album","o":"https://sun9-74.userapi.com/impg/3Kich1P8MMT32OP21S4-ewl5fmztTcVdWzvi8w/7tsCm5xMb5E.jpg?size=807x550&quality=95&sign=3555639ef9c1d11726e8ccca11290677&c_uniq_tag=8zKnzy1LQkC2-4PC-wFleiFAZDJNC0_9QrRipVIcaW0&type=album","t":"https://sun9-74.userapi.com/impg/3Kich1P8MMT32OP21S4-ewl5fmztTcVdWzvi8w/7tsCm5xMb5E.jpg?size=130x89&quality=95&sign=33eb35ab7124cb885f64134731d192da&c_uniq_tag=AdDOhZGRDifZ7oZMi1qnkULx2hoprHkRttBmLNgkKSc&type=album"},"z":"","q":0,"w":0,"o":23556595,"i":457240367,"d":510442873}],"m":[]},{"i":2544501,"f":23556595,"t":"Это оригинальная накладная ?","d":510442867,"a":[],"m":[]},{"i":2544499,"f":23556595,"t":"Подскажи","d":510442858,"a":[],"m":[]},{"i":2544498,"f":23556595,"t":"Привет","d":510442856,"a":[],"m":[]},{"i":2537227,"f":15267753,"t":"+","d":510019587,"a":[],"m":[]},{"i":2537219,"f":23556595,"t":"Готово","d":510018826,"a":[],"m":[]},{"i":2537218,"f":15267753,"t":"да","d":510018783,"a":[],"m":[]},{"i":2537217,"f":23556595,"t":"Номер старый ?","d":510018763,"a":[],"m":[]},{"i":2537216,"f":15267753,"t":"Накладная успешно создана с номером: 1326528684\n400","d":510018744,"a":[],"m":[{"f":23556595,"t":"Привет. Завтра хотел бы отправить посылку из Новосибирска в Москву \nВес 1 кг размер 33х20х4 см\nНа адрес \n\nКириллов максим\nМосква \nНаташи Ковшовой д.16\n89654414550","d":510013845,"a":[]}]},{"i":2537215,"f":15267753,"t":"привет","d":510018659,"a":[],"m":[]},{"i":2536638,"f":23556595,"t":"Привет. Завтра хотел бы отправить посылку из Новосибирска в Москву \nВес 1 кг размер 33х20х4 см\nНа адрес \n\nКириллов максим\nМосква \nНаташи Ковшовой д.16\n89654414550","d":510013845,"a":[],"m":[]},{"i":2500934,"f":15267753,"t":"+","d":508419434,"a":[],"m":[]},{"i":2500890,"f":15267753,"t":"Накладная успешно создана с номером: 1322609530\n270","d":508418715,"a":[],"m":[]},{"i":2500886,"f":23556595,"t":"Ростов на Дону","d":508418619,"a":[],"m":[]},{"i":2500884,"f":23556595,"t":"Кириллов максим\nМосква \nНаташи Ковшовой д.16\n89654414550","d":508418552,"a":[],"m":[]},{"i":2500883,"f":23556595,"t":"Грамм","d":508418545,"a":[],"m":[]},{"i":2500882,"f":23556595,"t":"300граи","d":508418543,"a":[],"m":[]},{"i":2500881,"f":23556595,"t":"20х10х10 см","d":508418536,"a":[],"m":[]},{"i":2500880,"f":23556595,"t":"Из Ростова","d":508418521,"a":[],"m":[]},{"i":2500879,"f":15267753,"t":"да","d":508418498,"a":[],"m":[]},{"i":2500878,"f":15267753,"t":"прив","d":508418498,"a":[],"m":[]},{"i":2500874,"f":23556595,"t":"Можно сдэком отправить ?","d":508417419,"a":[],"m":[]},{"i":2500873,"f":23556595,"t":"Привет","d":508417405,"a":[],"m":[]},{"i":2487435,"f":15267753,"t":"++++","d":507737898,"a":[],"m":[]},{"i":2487433,"f":23556595,"t":"Перевёл","d":507737880,"a":[],"m":[]},{"i":2487429,"f":23556595,"t":"550₽?","d":507737829,"a":[],"m":[]},{"i":2487428,"f":15267753,"t":"Накладная успешно создана с номером: 1321085615\n550","d":507737813,"a":[],"m":[]},{"i":2487401,"f":23556595,"t":"Кириллов максим\nМосква \nНаташи Ковшовой д.16\n89654414550","d":507737660,"a":[],"m":[]},{"i":2487400,"f":23556595,"t":"Город отправки Казань","d":507737658,"a":[],"m":[]},{"i":2487399,"f":23556595,"t":"Вес 6 кг","d":507737631,"a":[],"m":[]},{"i":2487398,"f":23556595,"t":"Высота 36, длина 40,ширина 35 см","d":507737624,"a":[],"m":[]},{"i":2487394,"f":15267753,"t":"да конечно","d":507737573,"a":[],"m":[]},{"i":2487393,"f":23556595,"t":"Накладную по сдэк сделаем ?","d":507737565,"a":[],"m":[]},{"i":2487392,"f":15267753,"t":"привет","d":507737560,"a":[],"m":[]},{"i":2487391,"f":23556595,"t":"Привет","d":507737549,"a":[],"m":[]},{"i":2421765,"f":23556595,"t":"Спасибо","d":504182488,"a":[],"m":[]},{"i":2421737,"f":15267753,"t":"И номер называешь","d":504179464,"a":[],"m":[]},{"i":2421736,"f":15267753,"t":"Сказать по готовой накладной","d":504179458,"a":[],"m":[]},{"i":2421735,"f":15267753,"t":"Да","d":504179449,"a":[],"m":[]},{"i":2421734,"f":23556595,"t":"Первый раз как никак ) и","d":504179441,"a":[],"m":[]},{"i":2421733,"f":23556595,"t":"Теперь в сдэк придти и отправить ?","d":504179432,"a":[],"m":[]},{"i":2421732,"f":15267753,"t":"Что все?)","d":504179271,"a":[],"m":[]},{"i":2421731,"f":23556595,"t":"Все ?","d":504179245,"a":[],"m":[]},{"i":2421730,"f":15267753,"t":"+++","d":504179210,"a":[],"m":[]},{"i":2421729,"f":23556595,"t":"Перевёл","d":504179203,"a":[],"m":[]},{"i":2421728,"f":15267753,"t":"сразу","d":504179108,"a":[],"m":[]},{"i":2421727,"f":15267753,"t":"мне на сбер","d":504179105,"a":[],"m":[]},{"i":2421726,"f":23556595,"t":"?","d":504179101,"a":[],"m":[]},{"i":2421725,"f":23556595,"t":"850₽","d":504179088,"a":[],"m":[]},{"i":2421724,"f":23556595,"t":"Или при получении оплатить ?","d":504179075,"a":[],"m":[]},{"i":2421723,"f":15267753,"t":"да","d":504179074,"a":[],"m":[]},{"i":2421722,"f":23556595,"t":"Тебе перевести ?","d":504179067,"a":[],"m":[]},{"i":2421721,"f":15267753,"t":"89059515168 сбер","d":504179042,"a":[],"m":[]},{"i":2421720,"f":15267753,"t":"Накладная успешно создана с номером: 1309440146\n850","d":504179036,"a":[],"m":[]},{"i":2421717,"f":23556595,"t":"80х35х40","d":504178869,"a":[],"m":[]},{"i":2421716,"f":15267753,"t":"габарит?","d":504178834,"a":[],"m":[]},{"i":2421715,"f":15267753,"t":"привет","d":504178832,"a":[],"m":[]},{"i":2421713,"f":23556595,"t":"Кириллов максим\nМосква \nНаташи Ковшовой д.16\n89654414550","d":504178602,"a":[],"m":[]},{"i":2421712,"f":23556595,"t":"Город отправки Тюмень","d":504178582,"a":[],"m":[]},{"i":2421711,"f":23556595,"t":"Нужна твоя помощь в отправке сдэком","d":504178540,"a":[],"m":[]},{"i":2421710,"f":23556595,"t":"Привет","d":504178528,"a":[],"m":[]},{"i":2358957,"f":23556595,"t":"Принял","d":499519808,"a":[],"m":[]},{"i":2358956,"f":15267753,"t":"город отправления\nгород получателя, фио тел габариты\nномер тебе даю с ним идешь в сдек по нему отправляешь","d":499519796,"a":[],"m":[]},{"i":2358946,"f":23556595,"t":"Что для этого нужно и как все проходит ?","d":499518829,"a":[],"m":[]},{"i":2358944,"f":15267753,"t":"Да","d":499518800,"a":[],"m":[]},{"i":2358943,"f":15267753,"t":"Привет","d":499518799,"a":[],"m":[]},{"i":2358941,"f":23556595,"t":"Привет. Через тебя посылку сдэком можно отправить ?","d":499518785,"a":[],"m":[]},{"i":1234509,"f":15267753,"t":"забрал все сегодня","d":433630953,"a":[],"m":[]},{"i":1234505,"f":23556595,"t":"Штаны тамже?","d":433630472,"a":[],"m":[]},{"i":1234504,"f":23556595,"t":"Спасибо за подгон по кофтам!","d":433630463,"a":[],"m":[]},{"i":1227299,"f":15267753,"t":"Кропоткина","d":433190417,"a":[],"m":[]},{"i":1227293,"f":23556595,"t":"Троллейная 130?","d":433190381,"a":[],"m":[]},{"i":1227291,"f":15267753,"t":"Найк один","d":433190350,"a":[],"m":[]},{"i":1227289,"f":23556595,"t":"А какой именно ?)","d":433190337,"a":[],"m":[]},{"i":1227288,"f":23556595,"t":"Спасибо","d":433190298,"a":[],"m":[]},{"i":1227287,"f":15267753,"t":"Континент","d":433190294,"a":[],"m":[]},{"i":1227286,"f":23556595,"t":"Как тц называется","d":433190288,"a":[],"m":[]},{"i":1227285,"f":23556595,"t":"Ну я понял","d":433190274,"a":[],"m":[]},{"i":1227284,"f":15267753,"t":"Найк","d":433190269,"a":[],"m":[]},{"i":1227283,"f":23556595,"t":"В магазин ?","d":433190259,"a":[],"m":[]},{"i":1227281,"f":23556595,"t":"Оу","d":433190255,"a":[],"m":[]},{"i":1227280,"f":15267753,"t":"Новосиб","d":433190241,"a":[],"m":[]},{"i":1227279,"f":15267753,"t":"Привет","d":433190237,"a":[],"m":[]},{"i":1227277,"f":23556595,"t":"Привет \nА где худи nsw висят ? Город ?","d":433190141,"a":[],"m":[]}]}