{"meta":{"v":"1.2","p":476348859,"a":15267753,"t":"Евгений Проченков","d":1691416237},"data":[{"i":2468601,"f":476348859,"t":"Передумал","d":507049787,"a":[],"m":[]},{"i":2468082,"f":15267753,"t":"роботаем?)","d":507042279,"a":[],"m":[]},{"i":2467398,"f":476348859,"t":"Ок","d":506990960,"a":[],"m":[]},{"i":2467396,"f":15267753,"t":"Сдек лежит","d":506990954,"a":[],"m":[]},{"i":2467395,"f":15267753,"t":"Завтра только","d":506990951,"a":[],"m":[]},{"i":2467394,"f":15267753,"t":"Привет","d":506990949,"a":[],"m":[]},{"i":2467392,"f":476348859,"t":"Длина 55см ширина 38 высота 34см","d":506990939,"a":[],"m":[]},{"i":2467391,"f":476348859,"t":"Привет, сделаешь накладную?","d":506990937,"a":[],"m":[]}]}