{"meta":{"v":"1.2","p":627005370,"a":15267753,"t":"Askar Michigan","d":1691416287},"data":[{"i":2395254,"f":15267753,"t":"+","d":502136889,"a":[],"m":[]},{"i":2395231,"f":627005370,"t":"","d":502135503,"a":[],"m":[{"f":135847866,"t":"","d":502135485,"a":[{"t":0,"s":{"m":"https://sun9-8.userapi.com/impg/BMuqBauaQqUJZxEsM9VZNxpYKbnF_lNZH-pbKQ/vJ0i-T2Fy-A.jpg?size=510x900&quality=95&crop=0,0,828,1461&sign=0679a48782ebd8dc60622c1645ad5ac0&c_uniq_tag=8brSjopb6veRMXMUEJ5k6O2NOca7xEfo7xK4g9ziEP4&type=album","s":"https://sun9-8.userapi.com/impg/BMuqBauaQqUJZxEsM9VZNxpYKbnF_lNZH-pbKQ/vJ0i-T2Fy-A.jpg?size=200x433&quality=95&sign=f76534e28732c4305d1d096497c674be&c_uniq_tag=whcTszlU15LbfucDR6YMXulfSuz_Ne2pOhXMHo5DjE0&type=album","n":"https://sun9-8.userapi.com/impg/BMuqBauaQqUJZxEsM9VZNxpYKbnF_lNZH-pbKQ/vJ0i-T2Fy-A.jpg?size=828x1792&quality=95&sign=45200e629d050d30297dd10e64cc1060&c_uniq_tag=lajlwVAlL1EnL0Qvp-ApcRGo1p9eHTuK6F8kQu_o-2Y&type=album","o":"https://sun9-8.userapi.com/impg/BMuqBauaQqUJZxEsM9VZNxpYKbnF_lNZH-pbKQ/vJ0i-T2Fy-A.jpg?size=499x1080&quality=95&sign=f25ae1bd7ad8266c5db133fc475f3fff&c_uniq_tag=HYj_YafEP-_cNivVVGbLFFyV9RHHRrTqiyfzAnEYqB0&type=album","t":"https://sun9-8.userapi.com/impg/BMuqBauaQqUJZxEsM9VZNxpYKbnF_lNZH-pbKQ/vJ0i-T2Fy-A.jpg?size=279x604&quality=95&sign=c362f63c10e69c48bb9b007518520e9b&c_uniq_tag=Zv8Di9iKwJtPvw0goHwWvz3Epw2wWVthi3X3LJ5oJcQ&type=album"},"z":"","q":0,"w":0,"o":135847866,"i":457330016,"d":502135485}]}]},{"i":2395208,"f":627005370,"t":"Минуту. Отправил Саше","d":502134403,"a":[],"m":[]},{"i":2395206,"f":15267753,"t":"89059515168 сбер сбп есть","d":502134383,"a":[],"m":[]},{"i":2395205,"f":627005370,"t":"Куда переводить?","d":502134379,"a":[],"m":[]},{"i":2395204,"f":15267753,"t":"Накладная успешно создана с номером: 1304474762\n400","d":502134369,"a":[],"m":[]},{"i":2395199,"f":627005370,"t":"42,5 см - длина\n33 см - ширина\n15 см - высота\nГород отправки: Санкт-Петербург","d":502133848,"a":[],"m":[]},{"i":2395194,"f":627005370,"t":"Минутку","d":502133633,"a":[],"m":[]},{"i":2395193,"f":15267753,"t":"Город только откуда","d":502133624,"a":[],"m":[]},{"i":2395192,"f":15267753,"t":"Откуда и габариты нужны еще","d":502133618,"a":[],"m":[]},{"i":2395191,"f":15267753,"t":"Привет","d":502133605,"a":[],"m":[]},{"i":2395190,"f":627005370,"t":"","d":502133594,"a":[],"m":[{"f":135847866,"t":"Стаучан Александр Александрович\n+79671959004","d":502133051,"a":[]},{"f":135847866,"t":"","d":502133063,"a":[{"t":0,"s":{"m":"https://sun9-10.userapi.com/impg/h8_UcT7YREYOW5dWmGO_9OyHC55vtNbUfCYLpA/T3y66pFS0Q4.jpg?size=510x900&quality=95&crop=0,0,828,1461&sign=2807493887ea3dfcb0e12351d5bf0ae6&c_uniq_tag=-UInPxzxoBEX93iCFnZCfwjZgca7WCzxO1XNqPiyh-w&type=album","s":"https://sun9-10.userapi.com/impg/h8_UcT7YREYOW5dWmGO_9OyHC55vtNbUfCYLpA/T3y66pFS0Q4.jpg?size=200x433&quality=95&sign=860881d1887548a23cc979508d14947b&c_uniq_tag=IiU2pBInp6WvknD3baaeqnFO2WLKKadgrIQayeyoPCM&type=album","n":"https://sun9-10.userapi.com/impg/h8_UcT7YREYOW5dWmGO_9OyHC55vtNbUfCYLpA/T3y66pFS0Q4.jpg?size=828x1792&quality=95&sign=f17c83d130fa684ed0616ff3fed0df3b&c_uniq_tag=7LoCy3Ppi4nL-fsfy3M5IK7wFkIejWtsWQzo9bFkcGM&type=album","o":"https://sun9-10.userapi.com/impg/h8_UcT7YREYOW5dWmGO_9OyHC55vtNbUfCYLpA/T3y66pFS0Q4.jpg?size=499x1080&quality=95&sign=72b4c7fced4802de61db3d444a3c7d59&c_uniq_tag=CvWKZvjv5Ls6oG_6Rdv-EeFrcogB-ywVXmvKevKymVY&type=album","t":"https://sun9-10.userapi.com/impg/h8_UcT7YREYOW5dWmGO_9OyHC55vtNbUfCYLpA/T3y66pFS0Q4.jpg?size=279x604&quality=95&sign=aa0453ec88f009f3a22b9a5075f2a11c&c_uniq_tag=2Fz2HgGr--Cgztz8CLTLuBQldZIdshpmE9N_q6bOrDU&type=album"},"z":"","q":0,"w":0,"o":135847866,"i":457330002,"d":502133063}]}]},{"i":2395189,"f":627005370,"t":"Привет,\nМожешь накладную СДЭК сделать, пожалуйста.\nНапиши куда деньгу кинуть","d":502133587,"a":[],"m":[]}]}