{"meta":{"v":"1.2","p":235972016,"a":15267753,"t":"Almaz Shmelev","d":1691416301},"data":[{"i":2364455,"f":15267753,"t":"Черные были фейки 9 тоже помоему или 9.5 сайз","d":499971953,"a":[],"m":[]},{"i":2364454,"f":235972016,"t":"Ахаза, 3 в 1 там что ли","d":499971931,"a":[],"m":[]},{"i":2364453,"f":15267753,"t":"И фейк еще","d":499971918,"a":[],"m":[{"f":235972016,"t":"Мне в принципе похуй, не предложат больше, отдам так. Стоило все таки эти моменты убрать и продавать. На Авито хуйню с стёртой пяткой до промежуточной подошвы за 13 толкают","d":499971895,"a":[]}]},{"i":2364452,"f":235972016,"t":"Мне в принципе похуй, не предложат больше, отдам так. Стоило все таки эти моменты убрать и продавать. На Авито хуйню с стёртой пяткой до промежуточной подошвы за 13 толкают","d":499971895,"a":[],"m":[]},{"i":2364451,"f":235972016,"t":"Нет, просто я хз, странное комьюнити, одни говорят 40-45 цена, другие пишут тебе и так норм дали","d":499971845,"a":[],"m":[]},{"i":2364450,"f":15267753,"t":"Ну внутри если целые то полутрупы тогда)","d":499971783,"a":[],"m":[]},{"i":2364449,"f":15267753,"t":"","d":499971775,"a":[{"t":0,"s":{"m":"https://sun9-34.userapi.com/impg/DcCcrBxgBI8rS5jBcQBBd4O5_r-LKmYC2EV67g/QiXoWMDxEx4.jpg?size=510x900&quality=95&crop=0,0,828,1461&sign=7acef1d9f7d7b123c48757db5ffd7372&c_uniq_tag=9bcAFfkKWrIEKKaOt6ADMG8USndqC8icGh5JFPSxWhE&type=album","s":"https://sun9-34.userapi.com/impg/DcCcrBxgBI8rS5jBcQBBd4O5_r-LKmYC2EV67g/QiXoWMDxEx4.jpg?size=200x433&quality=95&sign=d9380a5f6a28b535bae7b8c7a785fdb7&c_uniq_tag=hugTU33vhIG4e_UITGA2u8uM0mMvyOASAc3ZLKnGnX0&type=album","n":"https://sun9-34.userapi.com/impg/DcCcrBxgBI8rS5jBcQBBd4O5_r-LKmYC2EV67g/QiXoWMDxEx4.jpg?size=828x1792&quality=95&sign=4b3f3067d7ccb9377131741454ad23d9&c_uniq_tag=IkjvvR5xeTNVgb3pYuYwOfZobZYThR4hgwRiQFh0m8c&type=album","o":"https://sun9-34.userapi.com/impg/DcCcrBxgBI8rS5jBcQBBd4O5_r-LKmYC2EV67g/QiXoWMDxEx4.jpg?size=499x1080&quality=95&sign=8eb45d263e4f7722b1add18a41e59901&c_uniq_tag=np3LaLVUlmRpqpgjxwLqejy3Frt_2-Zzoo2X53I777Q&type=album","t":"https://sun9-34.userapi.com/impg/DcCcrBxgBI8rS5jBcQBBd4O5_r-LKmYC2EV67g/QiXoWMDxEx4.jpg?size=279x604&quality=95&sign=2dfb99f4406a88fae4d71d1ee9e6d749&c_uniq_tag=aUDcTgGUkN1FXgKS4BLSJTrd8pwEsLVF6QaY1ozy-xg&type=album"},"z":"","q":0,"w":0,"o":15267753,"i":457257931,"d":499971775},{"t":0,"s":{"m":"https://sun9-31.userapi.com/impg/dMTY0dQdRHJdr5e-gnf4fxz4mzVjGU8jQOGgJw/KA38zeEFb1k.jpg?size=510x900&quality=95&crop=0,0,828,1461&sign=139ac37e0e22b4e0b54b5f0e548c72f4&c_uniq_tag=bvHR9Lv897pIiReSsckEiCZm_QWrxKFwil9vGlmWw78&type=album","s":"https://sun9-31.userapi.com/impg/dMTY0dQdRHJdr5e-gnf4fxz4mzVjGU8jQOGgJw/KA38zeEFb1k.jpg?size=200x433&quality=95&sign=955170a2dea8094c25dd5c1934ebb192&c_uniq_tag=VTpKtrRZuV0kBkMYrzKpM77ekmbU3SrUuK-KppcgCT4&type=album","n":"https://sun9-31.userapi.com/impg/dMTY0dQdRHJdr5e-gnf4fxz4mzVjGU8jQOGgJw/KA38zeEFb1k.jpg?size=828x1792&quality=95&sign=e7634ec382e50895ca1815d570a7f770&c_uniq_tag=aqaRm1EXM4F0sH2EwzniucAIGJ9crOtps_QfJOm5qxg&type=album","o":"https://sun9-31.userapi.com/impg/dMTY0dQdRHJdr5e-gnf4fxz4mzVjGU8jQOGgJw/KA38zeEFb1k.jpg?size=499x1080&quality=95&sign=da4da29cbe665cd5e00a500bdf69b665&c_uniq_tag=Otjd95qmf7INZ4uFxIt6Yh8n49tYhfECZoWa_04TSKU&type=album","t":"https://sun9-31.userapi.com/impg/dMTY0dQdRHJdr5e-gnf4fxz4mzVjGU8jQOGgJw/KA38zeEFb1k.jpg?size=279x604&quality=95&sign=e2ab512f1317882d704f7bc6b8f621cf&c_uniq_tag=PeXK5aNK2Eq_IFeP1Mnh8VlsDQt_D8kCXT3qW2xrfG4&type=album"},"z":"","q":0,"w":0,"o":15267753,"i":457257930,"d":499971775},{"t":0,"s":{"m":"https://sun9-41.userapi.com/impg/aQw6bAf80bcoSHF0acCw6NbDZaYxVVNZPw0r8A/pRluC3P6Keg.jpg?size=510x900&quality=95&crop=0,0,828,1461&sign=01be157e2bdaa40e610635c9d3af960b&c_uniq_tag=K6ACVQtcyS_toVPW_DF2FZ0VIeIPP08JoCFMQ2e9FCE&type=album","s":"https://sun9-41.userapi.com/impg/aQw6bAf80bcoSHF0acCw6NbDZaYxVVNZPw0r8A/pRluC3P6Keg.jpg?size=200x433&quality=95&sign=8c0e124251d7bb6218226ff04d3c17c2&c_uniq_tag=Rmd4x9_zEa95XMHeJa_MdQLVI2a-6_Z2_me4mmofA9g&type=album","n":"https://sun9-41.userapi.com/impg/aQw6bAf80bcoSHF0acCw6NbDZaYxVVNZPw0r8A/pRluC3P6Keg.jpg?size=828x1792&quality=95&sign=1f9438be2960438a346eaea1c660226b&c_uniq_tag=bM17s_307z1HZxYUnBsxjIhrdzBWNcttVJ07qO2q36E&type=album","o":"https://sun9-41.userapi.com/impg/aQw6bAf80bcoSHF0acCw6NbDZaYxVVNZPw0r8A/pRluC3P6Keg.jpg?size=499x1080&quality=95&sign=e53221c5ba74359c05a170432491f7d8&c_uniq_tag=XaD4DLyLSMA4Ng-EsIaoX4-wA-HlM_D9TsiVfwfkork&type=album","t":"https://sun9-41.userapi.com/impg/aQw6bAf80bcoSHF0acCw6NbDZaYxVVNZPw0r8A/pRluC3P6Keg.jpg?size=279x604&quality=95&sign=22a4f6e833a83a3a2d053ebe63f63d3c&c_uniq_tag=eUo1W0Y5uM51PtsJDurG3le-yvgCL6Al9LEVHqMmOOE&type=album"},"z":"","q":0,"w":0,"o":15267753,"i":457257929,"d":499971774}],"m":[{"f":235972016,"t":"","d":499971721,"a":[{"t":3,"o":235972016,"i":620927179,"n":"235972016_1638712868.ogg","e":"ogg","s":10844,"url":"https://vk.com/doc235972016_620927179?hash=CDu3jUAf85r8tApGohRkUR51DZNDvSURxNT1hkvvk6H&dl=FQBY7R7c4HyNIHyGJqz5LMiPgOW0UeVqrueXSTXc76X&api=1&no_preview=1"}]}]},{"i":2364448,"f":235972016,"t":"","d":499971721,"a":[{"t":3,"o":235972016,"i":620927179,"n":"235972016_1638712868.ogg","e":"ogg","s":10844,"url":"https://vk.com/doc235972016_620927179?hash=CDu3jUAf85r8tApGohRkUR51DZNDvSURxNT1hkvvk6H&dl=FQBY7R7c4HyNIHyGJqz5LMiPgOW0UeVqrueXSTXc76X&api=1&no_preview=1"}],"m":[]},{"i":2364447,"f":235972016,"t":"","d":499971696,"a":[{"t":3,"o":235972016,"i":620927143,"n":"235972016_1638712867.ogg","e":"ogg","s":34279,"url":"https://vk.com/doc235972016_620927143?hash=zhkLAUeUKjpxAjJtdJsAzlWLZVXbXEZ0OziE14EVFU8&dl=AOCbRSEXvP3MrkTolDuacs2xpjlCZ0P112oRrXPVFL8&api=1&no_preview=1"}],"m":[]},{"i":2364446,"f":235972016,"t":"","d":499971663,"a":[{"t":0,"s":{"m":"https://sun9-73.userapi.com/impg/rz9ci7B06_s9TENLFfTvxKKmjThGenX22bR6LA/OzkPYcC7tdw.jpg?size=1280x1280&quality=96&sign=4407633080ec3385a1c5b886d00c3d3f&c_uniq_tag=xnd_JC1VpkxEIaxDgD2jOy9aORrAol_MhfcsP_dPWEo&type=album","s":"https://sun9-73.userapi.com/impg/rz9ci7B06_s9TENLFfTvxKKmjThGenX22bR6LA/OzkPYcC7tdw.jpg?size=604x604&quality=96&sign=68b9d5a831b64f26c0b26c027e4a4e27&c_uniq_tag=asemr6u_w4ecsA3G8DcNNs6Hvs31tUNA4yfCJl8B95Y&type=album","n":"https://sun9-73.userapi.com/impg/rz9ci7B06_s9TENLFfTvxKKmjThGenX22bR6LA/OzkPYcC7tdw.jpg?size=75x75&quality=96&sign=7b3164535edac068c6bee4ee52c5a409&c_uniq_tag=p_bgFHZD8Ie8koC03zCtC4eeVivRgz-jNMfVv5zojWQ&type=album","o":"https://sun9-73.userapi.com/impg/rz9ci7B06_s9TENLFfTvxKKmjThGenX22bR6LA/OzkPYcC7tdw.jpg?size=510x510&quality=96&sign=8749daf87d6e16aa892665b1b2a8b379&c_uniq_tag=MGvn2HSBS6oqlKGxqqIlua3cnRPxBRfkgxJ1a5caDCs&type=album","t":"https://sun9-73.userapi.com/impg/rz9ci7B06_s9TENLFfTvxKKmjThGenX22bR6LA/OzkPYcC7tdw.jpg?size=200x200&quality=96&sign=e41ed09aed93b5eb80c5ba9a80090cb9&c_uniq_tag=_M6am3pnOKHfvqoq2N90kVabCshGdxJDM4NwaGOm9XY&type=album"},"z":"","q":0,"w":0,"o":235972016,"i":457268555,"d":499780881},{"t":0,"s":{"m":"https://sun9-46.userapi.com/impg/jLhcxD3td-9zJxqdczK-tb3YLw_ve2yFTjQnaw/7G0ZcztALM4.jpg?size=1280x1280&quality=96&sign=921191cf775d17b6a3e9d7bc1f1e7b96&c_uniq_tag=aGMhyU7nQ993XiLKOCdtzn7aNwfiiZAWqfuSnbFNrmc&type=album","s":"https://sun9-46.userapi.com/impg/jLhcxD3td-9zJxqdczK-tb3YLw_ve2yFTjQnaw/7G0ZcztALM4.jpg?size=604x604&quality=96&sign=af8ead3464acbb8387505de2ed980366&c_uniq_tag=hr3_dofV-5UVbxsFd9FI9S2s3_fjK6Jg0WvNYBPpPi0&type=album","n":"https://sun9-46.userapi.com/impg/jLhcxD3td-9zJxqdczK-tb3YLw_ve2yFTjQnaw/7G0ZcztALM4.jpg?size=75x75&quality=96&sign=7df7d7913b5fb4e496e4a100350e37a4&c_uniq_tag=N439MoxhzoE3WVN7XL9PzBp6AaEwvCpb7MwA3gUv-nI&type=album","o":"https://sun9-46.userapi.com/impg/jLhcxD3td-9zJxqdczK-tb3YLw_ve2yFTjQnaw/7G0ZcztALM4.jpg?size=510x510&quality=96&sign=37a2efa21292482445db3835c92d5bff&c_uniq_tag=AgFvF590clVpUfaWHPfhyH-cHQctE3fyf1v7xKuOq08&type=album","t":"https://sun9-46.userapi.com/impg/jLhcxD3td-9zJxqdczK-tb3YLw_ve2yFTjQnaw/7G0ZcztALM4.jpg?size=200x200&quality=96&sign=179faf6f446bd6d9b97145c44dbb9e89&c_uniq_tag=yNj40YUhHAh8ns8jUStEJnPaY1wfJ5VgFvCsRoXHlSQ&type=album"},"z":"","q":0,"w":0,"o":235972016,"i":457268722,"d":499895825},{"t":0,"s":{"m":"https://sun9-38.userapi.com/impg/E_WGbDA_k-MaX5Cz91mmuq4M9vKOrMRmnVVjYg/_EFXSnFb--w.jpg?size=1280x1280&quality=96&sign=ee4119798a3107878b38a8c467d6d272&c_uniq_tag=cGSs-_jK7Py8mQcVRYfPGFhNo5Nwwsj7Nl6Rmi4B_0U&type=album","s":"https://sun9-38.userapi.com/impg/E_WGbDA_k-MaX5Cz91mmuq4M9vKOrMRmnVVjYg/_EFXSnFb--w.jpg?size=604x604&quality=96&sign=3a2ee9f8fba29e31add1e7f8912d5890&c_uniq_tag=w1Sg1gJy9m8wnmADdWeParnwQ9jeB3ACe1RWchUprGc&type=album","n":"https://sun9-38.userapi.com/impg/E_WGbDA_k-MaX5Cz91mmuq4M9vKOrMRmnVVjYg/_EFXSnFb--w.jpg?size=75x75&quality=96&sign=50a1e8403b56f05fc7e0b3a4df33a07a&c_uniq_tag=p7uPzu1F0Ih9aD-n8md4J2754gDQgO55oyaTbbYsW_M&type=album","o":"https://sun9-38.userapi.com/impg/E_WGbDA_k-MaX5Cz91mmuq4M9vKOrMRmnVVjYg/_EFXSnFb--w.jpg?size=510x510&quality=96&sign=5f549f4f25c5fbbf8aa880784def4325&c_uniq_tag=e11S3jpEoaoHbOImKNjoQcxhAJtLvqKxKm_s8eKvP9E&type=album","t":"https://sun9-38.userapi.com/impg/E_WGbDA_k-MaX5Cz91mmuq4M9vKOrMRmnVVjYg/_EFXSnFb--w.jpg?size=200x200&quality=96&sign=74159e1944ff63d2966bdc5099feceb2&c_uniq_tag=mXvtMwAtK8x41EP7SPr_PacG3sByHza8W3oE0kV9aeY&type=album"},"z":"","q":0,"w":0,"o":235972016,"i":457268723,"d":499895828},{"t":0,"s":{"m":"https://sun9-19.userapi.com/impg/duQtEfv1TStoMAnP1ul7Fzs2uhym1FuWVxi-yA/vmgTK0atlko.jpg?size=1280x1280&quality=96&sign=32e54900fcffca3c5f4bf7e2effec399&c_uniq_tag=j9ocwiPGidFro1ky8S-QvT4pzXkJChDEPCnkThxWqL4&type=album","s":"https://sun9-19.userapi.com/impg/duQtEfv1TStoMAnP1ul7Fzs2uhym1FuWVxi-yA/vmgTK0atlko.jpg?size=604x604&quality=96&sign=f2e13fab2ca21a185a67b0ad82894ad6&c_uniq_tag=3JukwGtOiLLnaFpPtld3Y547rg7v3gr-Y-dROkvg1cY&type=album","n":"https://sun9-19.userapi.com/impg/duQtEfv1TStoMAnP1ul7Fzs2uhym1FuWVxi-yA/vmgTK0atlko.jpg?size=75x75&quality=96&sign=199eff5dc9206e7556698d40693825ae&c_uniq_tag=2XHa5_G1VbogEcQZxUocLGTwLc3pW9-t7OBHp8rrLgw&type=album","o":"https://sun9-19.userapi.com/impg/duQtEfv1TStoMAnP1ul7Fzs2uhym1FuWVxi-yA/vmgTK0atlko.jpg?size=510x510&quality=96&sign=227ce7c1abb291c1fcc9e8b910d995d0&c_uniq_tag=uqNE1bXz_KvYJ1sbRZGeiDvP_HxCMPMXMoXAhSDzLps&type=album","t":"https://sun9-19.userapi.com/impg/duQtEfv1TStoMAnP1ul7Fzs2uhym1FuWVxi-yA/vmgTK0atlko.jpg?size=200x200&quality=96&sign=f8a440e6ae649d54d8daf2f821f4ec72&c_uniq_tag=mJOm-sOcpSqxYXR8-vKUyM6yjbdpiZGHv-u512smjYw&type=album"},"z":"","q":0,"w":0,"o":235972016,"i":457268724,"d":499895829},{"t":0,"s":{"m":"https://sun9-9.userapi.com/impg/Au8GxrDIqXZNASH_y_PcU4IRbtuPqVQakArVnQ/4G6L7G4jKCw.jpg?size=1280x1280&quality=96&sign=ab40ca63909a1ccbd65b225f519538c1&c_uniq_tag=DCLB9BA82gn7hDmT2Mh2a-JiK_96lIbaF5RXDTXeak0&type=album","s":"https://sun9-9.userapi.com/impg/Au8GxrDIqXZNASH_y_PcU4IRbtuPqVQakArVnQ/4G6L7G4jKCw.jpg?size=604x604&quality=96&sign=34a6a4e6322f851026805f65c2367d2c&c_uniq_tag=gPkez9vUebVIBcmYbxfDZLgF8H8h8FTgrjvrnVwHtYE&type=album","n":"https://sun9-9.userapi.com/impg/Au8GxrDIqXZNASH_y_PcU4IRbtuPqVQakArVnQ/4G6L7G4jKCw.jpg?size=75x75&quality=96&sign=f3ac0ff64edb00b70a63cdac0b8e5372&c_uniq_tag=LkcIaAKOQVfMIlQj_VLY2J5B02K1b9wOE4CZjQztyVY&type=album","o":"https://sun9-9.userapi.com/impg/Au8GxrDIqXZNASH_y_PcU4IRbtuPqVQakArVnQ/4G6L7G4jKCw.jpg?size=510x510&quality=96&sign=0333174caaeb551c47d5f80c22cdbf5f&c_uniq_tag=xnFR20w2PharCE_rswdl56bUqEwDzitIZEEoABTwycw&type=album","t":"https://sun9-9.userapi.com/impg/Au8GxrDIqXZNASH_y_PcU4IRbtuPqVQakArVnQ/4G6L7G4jKCw.jpg?size=200x200&quality=96&sign=7ed213e7f5f44a6944fc4f3f0b559d28&c_uniq_tag=e8w6SNV2oJxw2beaXOK9tzxidMK_xgrsGQ4IaACrIno&type=album"},"z":"","q":0,"w":0,"o":235972016,"i":457268725,"d":499895831},{"t":0,"s":{"m":"https://sun9-41.userapi.com/impg/KlNiMTk7p4JV17Ke1vJjERemoECIvndx-AbSBQ/a_SwreZm0T8.jpg?size=1280x1280&quality=96&sign=dab90ebdf3eb7a5e7263992b9969f14d&c_uniq_tag=T65cUB_1INGUQDo87Q2imydIUz10WicYG02nVLms97M&type=album","s":"https://sun9-41.userapi.com/impg/KlNiMTk7p4JV17Ke1vJjERemoECIvndx-AbSBQ/a_SwreZm0T8.jpg?size=604x604&quality=96&sign=4649ce161b8b1563de7a4826830954c6&c_uniq_tag=8mIDvrtzkwi5Ci6DMT7HQvNWbHU8KggPeNw20E44Zic&type=album","n":"https://sun9-41.userapi.com/impg/KlNiMTk7p4JV17Ke1vJjERemoECIvndx-AbSBQ/a_SwreZm0T8.jpg?size=75x75&quality=96&sign=ae1fef91934b278c8a1792baf47cd920&c_uniq_tag=NSTwJpasLRSt6ZRxXhPjXsMoPYcV3HzcsOVSe1ul-P8&type=album","o":"https://sun9-41.userapi.com/impg/KlNiMTk7p4JV17Ke1vJjERemoECIvndx-AbSBQ/a_SwreZm0T8.jpg?size=510x510&quality=96&sign=0bbd9384599b8a4782f18c4c58d57054&c_uniq_tag=lni5kwNHw2-CpQ-WapQr-EYn04Tkp2ttCV1YVIGSsao&type=album","t":"https://sun9-41.userapi.com/impg/KlNiMTk7p4JV17Ke1vJjERemoECIvndx-AbSBQ/a_SwreZm0T8.jpg?size=200x200&quality=96&sign=dbadcac235ef3f4d4b0c0a11cef960bf&c_uniq_tag=0Y8WqmvCk2iNxPXM5A_iqKG5RnqX3BRvmNKUgeC1Daw&type=album"},"z":"","q":0,"w":0,"o":235972016,"i":457268726,"d":499895832},{"t":0,"s":{"m":"https://sun9-7.userapi.com/impg/-icASd4TQGKwFLdu5YhttJoH5VnYgpXfRVxoEw/Ey2-KjsiLMc.jpg?size=1280x1280&quality=96&sign=4f12e8c052126e68f325a4134f09ea25&c_uniq_tag=GsTZYGSCNGGpgGVcn2uTEEzRcFcrSYSovz-TAtbF7Ho&type=album","s":"https://sun9-7.userapi.com/impg/-icASd4TQGKwFLdu5YhttJoH5VnYgpXfRVxoEw/Ey2-KjsiLMc.jpg?size=604x604&quality=96&sign=504ff1dcdb9555fc08ba69970024bb3e&c_uniq_tag=h_0ULI1ucZ-K74eg1P4Kwrkiwd6omaH14PyBPwacW_Q&type=album","n":"https://sun9-7.userapi.com/impg/-icASd4TQGKwFLdu5YhttJoH5VnYgpXfRVxoEw/Ey2-KjsiLMc.jpg?size=75x75&quality=96&sign=88fa1dafce65122465e98ae179049b57&c_uniq_tag=qcDa2_KKUfKXorQGriSNW1-6jXLduumHjGmaQePNBXY&type=album","o":"https://sun9-7.userapi.com/impg/-icASd4TQGKwFLdu5YhttJoH5VnYgpXfRVxoEw/Ey2-KjsiLMc.jpg?size=510x510&quality=96&sign=ee320c14a558d2c08ad9286f9c4a8921&c_uniq_tag=4d532Uzy079JCRpS8tWt9I65NmmKQ79uFmN56WcQnnU&type=album","t":"https://sun9-7.userapi.com/impg/-icASd4TQGKwFLdu5YhttJoH5VnYgpXfRVxoEw/Ey2-KjsiLMc.jpg?size=200x200&quality=96&sign=d2f54a6bca62199dc5d997d7b892053e&c_uniq_tag=b71tCC7dH53SoT3ovun-sRVzxCSQFe8z_u5HraschKM&type=album"},"z":"","q":0,"w":0,"o":235972016,"i":457268728,"d":499895835},{"t":0,"s":{"m":"https://sun9-58.userapi.com/impg/sPVStfZdU-9RNGmJo9AYLyBGJYXcTCP9qJfl1A/1v0aZIqXHoI.jpg?size=1280x1280&quality=96&sign=0420f6eb05899dcb8d612be1a508e780&c_uniq_tag=gQuAQayFH1kZF-uHjJsvFjUnjkVsUWV25qumEpKCbQc&type=album","s":"https://sun9-58.userapi.com/impg/sPVStfZdU-9RNGmJo9AYLyBGJYXcTCP9qJfl1A/1v0aZIqXHoI.jpg?size=604x604&quality=96&sign=b8b1012b5468f76d0e44000065d2edb8&c_uniq_tag=SXKn6P5SdBYGD3QFnNA9OJr0PjNKta-gmlfxlBxsnIo&type=album","n":"https://sun9-58.userapi.com/impg/sPVStfZdU-9RNGmJo9AYLyBGJYXcTCP9qJfl1A/1v0aZIqXHoI.jpg?size=75x75&quality=96&sign=40be0ac32b588f61cbed7f8ec9758e68&c_uniq_tag=fs2bvm55tYYMH5URTk1Sm1jCJYmx8QblYlvNrU3Q_mY&type=album","o":"https://sun9-58.userapi.com/impg/sPVStfZdU-9RNGmJo9AYLyBGJYXcTCP9qJfl1A/1v0aZIqXHoI.jpg?size=510x510&quality=96&sign=6dbc86e2eb588ee7214759c8b9c66e94&c_uniq_tag=02zturTu7BuojeSd6nrTLK5HYut1_yqCQ-iNFsEGdv4&type=album","t":"https://sun9-58.userapi.com/impg/sPVStfZdU-9RNGmJo9AYLyBGJYXcTCP9qJfl1A/1v0aZIqXHoI.jpg?size=200x200&quality=96&sign=cc05bbb3d96bd783294dd51f29c93c80&c_uniq_tag=MO_aHfGcuPkdCO-ei8blXvO4AClFiHdl1pKSABbkrFo&type=album"},"z":"","q":0,"w":0,"o":235972016,"i":457268727,"d":499895834}],"m":[]},{"i":2364445,"f":15267753,"t":"Они ж трупы","d":499971641,"a":[],"m":[]},{"i":2364444,"f":235972016,"t":"Почему?","d":499971630,"a":[],"m":[]},{"i":2364443,"f":15267753,"t":"Лол","d":499971611,"a":[],"m":[]},{"i":2364442,"f":235972016,"t":"32","d":499971597,"a":[],"m":[]},{"i":2364441,"f":15267753,"t":"Да с красной пяткой","d":499971593,"a":[],"m":[]},{"i":2364440,"f":235972016,"t":"9?","d":499971576,"a":[],"m":[]},{"i":2364439,"f":235972016,"t":"Привет","d":499971575,"a":[],"m":[]},{"i":2364438,"f":15267753,"t":"Привет, на акрофорсы какой бо сейчас","d":499971489,"a":[],"m":[]}]}