{"meta":{"v":"1.2","p":193081160,"a":15267753,"t":"Артем Огнивенко","d":1691415297},"data":[{"i":3111909,"f":15267753,"t":"+","d":549645606,"a":[],"m":[]},{"i":3111904,"f":193081160,"t":"Благодарю","d":549645420,"a":[],"m":[]},{"i":3111903,"f":193081160,"t":"Сделал перевод","d":549645416,"a":[],"m":[]},{"i":3111898,"f":15267753,"t":"Номер заказа СДЭК 1444329546\n750","d":549645335,"a":[],"m":[{"f":193081160,"t":"Из СПБ \nКуда: Москва\nКоктебельская 4к1\n89035224112\nЯрцев Георгий\n15кг \n50х40х30","d":549642634,"a":[]}]},{"i":3111868,"f":193081160,"t":"Из СПБ \nКуда: Москва\nКоктебельская 4к1\n89035224112\nЯрцев Георгий\n15кг \n50х40х30","d":549642634,"a":[],"m":[]},{"i":3111867,"f":193081160,"t":"И я все скину сразу","d":549642595,"a":[],"m":[]},{"i":3111866,"f":193081160,"t":"Давай сдэк сделаем","d":549642592,"a":[],"m":[]},{"i":3111859,"f":15267753,"t":"Угу","d":549642007,"a":[],"m":[]},{"i":3111834,"f":193081160,"t":"Ты на связи?","d":549640186,"a":[],"m":[]},{"i":3111833,"f":193081160,"t":"Сделаю","d":549640181,"a":[],"m":[]},{"i":3111832,"f":193081160,"t":"Добренько","d":549640180,"a":[],"m":[]},{"i":3111640,"f":15267753,"t":"1412326203 115","d":549596332,"a":[],"m":[]},{"i":3111609,"f":15267753,"t":"1432261658 75","d":549594857,"a":[],"m":[]},{"i":3111608,"f":15267753,"t":"прив ща напишу за какие перемер докинуть нужно","d":549594855,"a":[],"m":[]},{"i":3106334,"f":193081160,"t":"Закинул","d":549041803,"a":[],"m":[]},{"i":3106279,"f":15267753,"t":"Номер заказа СДЭК 1442306969 \n1900","d":549036710,"a":[],"m":[{"f":193081160,"t":"Из мск \nКуда: Хвиюзов Артем Владимирович \n+79600198183\nАрхангельск, ул. Свободы 53\n2 места 1 сумка 22кг 60х40х40\n2 сумка 18кг 50х40х40","d":549028265,"a":[]}]},{"i":3106258,"f":15267753,"t":"Привет","d":549035484,"a":[],"m":[]},{"i":3106242,"f":193081160,"t":"Можешь сделать?","d":549034397,"a":[],"m":[]},{"i":3106167,"f":193081160,"t":"Из мск \nКуда: Хвиюзов Артем Владимирович \n+79600198183\nАрхангельск, ул. Свободы 53\n2 места 1 сумка 22кг 60х40х40\n2 сумка 18кг 50х40х40","d":549028265,"a":[],"m":[]},{"i":3106142,"f":193081160,"t":"Привет","d":549027833,"a":[],"m":[]},{"i":3103997,"f":193081160,"t":"Сделал","d":548772059,"a":[],"m":[]},{"i":3103958,"f":15267753,"t":"Номер заказа СДЭК 1441638456 \n500","d":548769970,"a":[],"m":[{"f":193081160,"t":"Из СПБ\nПолучатель: Бочинин Роман Юрьевич\nДо пункта выдачи в город Барнаул, Алтайского края, ул Малахова 83\nТелефон: 89833858340\nВес 1кг, габариты пакет А3","d":548766015,"a":[]}]},{"i":3103918,"f":193081160,"t":"Скину сразу за 2","d":548766035,"a":[],"m":[]},{"i":3103917,"f":193081160,"t":"Сделай пожалуйста ещё сдэкич","d":548766032,"a":[],"m":[]},{"i":3103916,"f":193081160,"t":"Из СПБ\nПолучатель: Бочинин Роман Юрьевич\nДо пункта выдачи в город Барнаул, Алтайского края, ул Малахова 83\nТелефон: 89833858340\nВес 1кг, габариты пакет А3","d":548766015,"a":[],"m":[]},{"i":3103914,"f":193081160,"t":"Привет, проверил, увидел что не кидал","d":548765940,"a":[],"m":[{"f":15267753,"t":"прив ты сдек кидал?","d":548380524,"a":[]}]},{"i":3100821,"f":15267753,"t":"прив ты сдек кидал?","d":548380524,"a":[],"m":[]},{"i":3096515,"f":15267753,"t":"Накладная успешно создана с номером: 1438566814\n600","d":547914565,"a":[],"m":[]},{"i":3096514,"f":15267753,"t":"прив","d":547914535,"a":[],"m":[]},{"i":3096480,"f":193081160,"t":"Вот это","d":547913464,"a":[],"m":[{"f":193081160,"t":"Из спб\nКуда: СДЭК\nСучков Алексей Евгеньевич, 89612555500, город Владимир, проспект Ленина 10\nВес 7.5кг, габариты 40х30х30","d":547484379,"a":[]}]},{"i":3096479,"f":193081160,"t":"Можно повторить","d":547913460,"a":[],"m":[]},{"i":3096478,"f":193081160,"t":"Привет","d":547913458,"a":[],"m":[]},{"i":3092501,"f":193081160,"t":"Закинул","d":547489877,"a":[],"m":[{"f":15267753,"t":"Номер заказа СДЭК 1437424720\n600","d":547485226,"a":[]}]},{"i":3092378,"f":193081160,"t":"Пасиб","d":547485344,"a":[],"m":[]},{"i":3092375,"f":15267753,"t":"Номер заказа СДЭК 1437424720\n600","d":547485226,"a":[],"m":[{"f":193081160,"t":"Из спб\nКуда: СДЭК\nСучков Алексей Евгеньевич, 89612555500, город Владимир, проспект Ленина 10\nВес 7.5кг, габариты 40х30х30","d":547484379,"a":[]}]},{"i":3092374,"f":15267753,"t":"прив","d":547485123,"a":[],"m":[]},{"i":3092369,"f":193081160,"t":"Из спб\nКуда: СДЭК\nСучков Алексей Евгеньевич, 89612555500, город Владимир, проспект Ленина 10\nВес 7.5кг, габариты 40х30х30","d":547484379,"a":[],"m":[]},{"i":3092367,"f":193081160,"t":"Сдэкич","d":547484346,"a":[],"m":[]},{"i":3092366,"f":193081160,"t":"Привет","d":547484343,"a":[],"m":[]},{"i":3086886,"f":193081160,"t":"Закинул","d":546909942,"a":[],"m":[{"f":15267753,"t":"Номер заказа СДЭК 1435509863\n650","d":546896917,"a":[]}]},{"i":3086777,"f":15267753,"t":"Номер заказа СДЭК 1435509863\n650","d":546896917,"a":[],"m":[{"f":193081160,"t":"На народного ополчения 10А\nОгнивенко Артём Сергеевич","d":546894582,"a":[]}]},{"i":3086774,"f":15267753,"t":"Ща","d":546896866,"a":[],"m":[]},{"i":3086772,"f":193081160,"t":"89536823648","d":546896855,"a":[],"m":[{"f":193081160,"t":"На народного ополчения 10А\nОгнивенко Артём Сергеевич","d":546894582,"a":[]}]},{"i":3086743,"f":193081160,"t":"Окс","d":546895473,"a":[],"m":[]},{"i":3086740,"f":15267753,"t":"Прив 10 мин","d":546895384,"a":[],"m":[{"f":193081160,"t":"Сможем?","d":546895369,"a":[]}]},{"i":3086739,"f":193081160,"t":"Сможем?","d":546895369,"a":[],"m":[]},{"i":3086733,"f":193081160,"t":"40х30х20 габариты","d":546894605,"a":[],"m":[]},{"i":3086732,"f":193081160,"t":"Чемодан","d":546894591,"a":[],"m":[]},{"i":3086731,"f":193081160,"t":"20кг","d":546894588,"a":[],"m":[]},{"i":3086730,"f":193081160,"t":"На народного ополчения 10А\nОгнивенко Артём Сергеевич","d":546894582,"a":[],"m":[]},{"i":3086729,"f":193081160,"t":"В спб","d":546894570,"a":[],"m":[]},{"i":3086728,"f":193081160,"t":"Из мск","d":546894568,"a":[],"m":[]},{"i":3086727,"f":193081160,"t":"Нужен сдэк","d":546894563,"a":[],"m":[]},{"i":3086726,"f":193081160,"t":"Привет","d":546894559,"a":[],"m":[]},{"i":3084619,"f":193081160,"t":"Благодарю","d":546652546,"a":[],"m":[]},{"i":3084576,"f":15267753,"t":"Номер заказа СДЭК 1434508681\n800","d":546650085,"a":[],"m":[{"f":193081160,"t":"Из спб \nКуда:\nСучков Алексей Евгеньевич, 89612555500, город Владимир, проспект Ленина 10\nВес 16 кг, габариты 50х40х30","d":546636015,"a":[]}]},{"i":3084570,"f":15267753,"t":"привет","d":546650035,"a":[],"m":[]},{"i":3084407,"f":193081160,"t":"Из спб \nКуда:\nСучков Алексей Евгеньевич, 89612555500, город Владимир, проспект Ленина 10\nВес 16 кг, габариты 50х40х30","d":546636015,"a":[],"m":[]},{"i":3084405,"f":193081160,"t":"Можно сдэк","d":546635939,"a":[],"m":[]},{"i":3084404,"f":193081160,"t":"Прив","d":546635938,"a":[],"m":[]},{"i":3077052,"f":193081160,"t":"Закинул на тинь, пасиб","d":546006200,"a":[],"m":[]},{"i":3077048,"f":15267753,"t":"Номер заказа СДЭК 1432261658\n350","d":546006002,"a":[],"m":[{"f":193081160,"t":"Из спб \nКуда: Г.Тверь,ул.Симеоновская 39\nСимонян Вероника\n89040193927\n\nОдна пара женский кросс","d":546002499,"a":[]}]},{"i":3077047,"f":15267753,"t":"Номер заказа СДЭК 1432261323\n350","d":546005960,"a":[],"m":[{"f":193081160,"t":"Из спб \nКуда: Бражникова Виктория\n89164349664\nСдэк, Москва , волжский бульвар 50\nВес 5кг; 30х20х10","d":546002446,"a":[]}]},{"i":3077000,"f":193081160,"t":"Из спб \nКуда: Г.Тверь,ул.Симеоновская 39\nСимонян Вероника\n89040193927\n\nОдна пара женский кросс","d":546002499,"a":[],"m":[]},{"i":3076999,"f":193081160,"t":"Из спб \nКуда: Бражникова Виктория\n89164349664\nСдэк, Москва , волжский бульвар 50\nВес 5кг; 30х20х10","d":546002446,"a":[],"m":[]},{"i":3076998,"f":15267753,"t":"Прив пиши","d":546002373,"a":[],"m":[]},{"i":3076997,"f":193081160,"t":"Прив, можно сдэки","d":546002359,"a":[],"m":[]},{"i":3067233,"f":193081160,"t":"Закинул на тинь, спасибо","d":545065154,"a":[],"m":[]},{"i":3067137,"f":15267753,"t":"Номер заказа СДЭК 1429135626 \n1500","d":545060713,"a":[],"m":[{"f":193081160,"t":"Куда:Хвиюзов Артем Владимирович \n+79600198183\nАрхангельск, ул. Свободы 53\n2 места по 13,5кг","d":545059855,"a":[]}]},{"i":3067135,"f":15267753,"t":"Номер заказа СДЭК 1429134582 \n300","d":545060588,"a":[],"m":[{"f":193081160,"t":"Из мск \nКуда: СПБ, народного ополчения 10А\nОгнивенко Артём Сергеевич \n89536823648\nВес 1,5кг\nГабариты как коробка от кросс","d":545057627,"a":[]}]},{"i":3067131,"f":15267753,"t":"Ща сделаб","d":545060458,"a":[],"m":[{"f":193081160,"t":"Сейчас вообще не вариант как я понял?","d":545059938,"a":[]}]},{"i":3067120,"f":193081160,"t":"Сейчас вообще не вариант как я понял?","d":545059938,"a":[],"m":[]},{"i":3067119,"f":193081160,"t":"Габариты: 50х30х10","d":545059913,"a":[],"m":[{"f":193081160,"t":"Куда:Хвиюзов Артем Владимирович \n+79600198183\nАрхангельск, ул. Свободы 53\n2 места по 13,5кг","d":545059855,"a":[]}]},{"i":3067118,"f":193081160,"t":"Куда:Хвиюзов Артем Владимирович \n+79600198183\nАрхангельск, ул. Свободы 53\n2 места по 13,5кг","d":545059855,"a":[],"m":[]},{"i":3067117,"f":15267753,"t":"Чуть позже","d":545059814,"a":[],"m":[]},{"i":3067116,"f":15267753,"t":"Приветик","d":545059812,"a":[],"m":[]},{"i":3067115,"f":193081160,"t":"Из мск","d":545059795,"a":[],"m":[]},{"i":3067114,"f":193081160,"t":"И ещё","d":545059793,"a":[],"m":[]},{"i":3067083,"f":193081160,"t":"Из мск \nКуда: СПБ, народного ополчения 10А\nОгнивенко Артём Сергеевич \n89536823648\nВес 1,5кг\nГабариты как коробка от кросс","d":545057627,"a":[],"m":[]},{"i":3067082,"f":193081160,"t":"Привет, сделаем сдэк?","d":545057593,"a":[],"m":[]},{"i":3049479,"f":193081160,"t":"Закинул, благодарю","d":543419697,"a":[],"m":[]},{"i":3049457,"f":15267753,"t":"Номер заказа СДЭК 1424061947 \n450","d":543419068,"a":[],"m":[{"f":193081160,"t":"Из спб\nКуда:Николаев Станислав Владимирович. 89538740303\n. Ближайший сдэк авиастроителей 6\n\nПакет А3 1кг","d":543416602,"a":[]}]},{"i":3049446,"f":193081160,"t":"Новосибирск","d":543418944,"a":[],"m":[]},{"i":3049422,"f":193081160,"t":"Сек","d":543418559,"a":[],"m":[]},{"i":3049417,"f":15267753,"t":"Город куда?","d":543418430,"a":[],"m":[]},{"i":3049416,"f":15267753,"t":"Прив","d":543418422,"a":[],"m":[]},{"i":3049399,"f":193081160,"t":"Из спб\nКуда:Николаев Станислав Владимирович. 89538740303\n. Ближайший сдэк авиастроителей 6\n\nПакет А3 1кг","d":543416602,"a":[],"m":[]},{"i":3049398,"f":193081160,"t":"Сделаем сдэк?","d":543416546,"a":[],"m":[]},{"i":3049397,"f":193081160,"t":"Привет","d":543416544,"a":[],"m":[]},{"i":3039887,"f":193081160,"t":"Перевёл, спасибо","d":542721867,"a":[],"m":[{"f":15267753,"t":"Номер заказа СДЭК 1421516771 \n300","d":542668873,"a":[]}]},{"i":3039472,"f":15267753,"t":"Номер заказа СДЭК 1421516771 \n300","d":542668873,"a":[],"m":[]},{"i":3039267,"f":193081160,"t":"Из мск\nКуда: СПБ, народного ополчения 10А\nОгнивенко Артём Сергеевич \n89536823648\n1кг пакет А3","d":542662079,"a":[],"m":[]},{"i":3039263,"f":193081160,"t":"Можно ещё накладную сделать","d":542662020,"a":[],"m":[]},{"i":3039262,"f":193081160,"t":"Я закинул тебе","d":542662007,"a":[],"m":[]},{"i":3037047,"f":193081160,"t":"Принял, сделаю","d":542565969,"a":[],"m":[]},{"i":3037046,"f":193081160,"t":"Привет","d":542565964,"a":[],"m":[]},{"i":3034024,"f":15267753,"t":"1416858284 195 \n1416857477 125","d":542329959,"a":[],"m":[]},{"i":3034023,"f":15267753,"t":"прив ети перемеряли докинуть нужно","d":542329958,"a":[],"m":[]},{"i":3030214,"f":193081160,"t":"Благодарю, перевёл","d":542038531,"a":[],"m":[]},{"i":3030205,"f":15267753,"t":"Номер заказа СДЭК 1419245713 \n200","d":542038066,"a":[],"m":[{"f":193081160,"t":"Из спб \nКуда: СПб народного ополчения 10А\nОгнивенко Артём Сергеевич \n89536823648\nШампунь 250мл","d":542037731,"a":[]}]},{"i":3030199,"f":15267753,"t":"прив","d":542037897,"a":[],"m":[]},{"i":3030193,"f":193081160,"t":"Из спб \nКуда: СПб народного ополчения 10А\nОгнивенко Артём Сергеевич \n89536823648\nШампунь 250мл","d":542037731,"a":[],"m":[]},{"i":3030192,"f":193081160,"t":"По Питеру","d":542037691,"a":[],"m":[]},{"i":3030191,"f":193081160,"t":"Сделаем накладную","d":542037688,"a":[],"m":[]},{"i":3030190,"f":193081160,"t":"Привет","d":542037684,"a":[],"m":[]},{"i":3029167,"f":193081160,"t":"Перевёл, спасибо","d":541953838,"a":[],"m":[]},{"i":3029137,"f":15267753,"t":"Номер заказа СДЭК 1418898400 \n250","d":541953016,"a":[],"m":[{"f":193081160,"t":"Из СПБ\nКому: Трошкин Георгий Александрович телефон +7 916 110 36 51\n. До пункта выдачи СДЭК Волгоградский проспект 106 К 1. Москва \nВес 500гр\nГабариты маленькие как А4 пакет","d":541944251,"a":[]}]},{"i":3029130,"f":15267753,"t":"5 мин","d":541952631,"a":[],"m":[{"f":193081160,"t":"Сильно жду, то идти уже надо)","d":541952620,"a":[]}]},{"i":3029129,"f":193081160,"t":"Сильно жду, то идти уже надо)","d":541952620,"a":[],"m":[]},{"i":3029123,"f":193081160,"t":"Жду","d":541951997,"a":[],"m":[]},{"i":3029121,"f":15267753,"t":"Прив ща сек","d":541951868,"a":[],"m":[]},{"i":3029003,"f":193081160,"t":"Из СПБ\nКому: Трошкин Георгий Александрович телефон +7 916 110 36 51\n. До пункта выдачи СДЭК Волгоградский проспект 106 К 1. Москва \nВес 500гр\nГабариты маленькие как А4 пакет","d":541944251,"a":[],"m":[]},{"i":3029002,"f":193081160,"t":"Сделаем сдэк?","d":541944206,"a":[],"m":[]},{"i":3029001,"f":193081160,"t":"Привет","d":541944203,"a":[],"m":[]},{"i":3027686,"f":15267753,"t":"+","d":541860310,"a":[],"m":[]},{"i":3027685,"f":193081160,"t":"Перевёл, благодарю","d":541860296,"a":[],"m":[]},{"i":3027684,"f":15267753,"t":"Номер заказа СДЭК 1418478650\n450","d":541860164,"a":[],"m":[{"f":193081160,"t":"Из мск \nКуда: СПб народного ополчения 10А\nОгнивенко Артём Сергеевич \n89536823648\nВес 10кг\n30х30х20","d":541859867,"a":[]}]},{"i":3027670,"f":193081160,"t":"Из мск \nКуда: СПб народного ополчения 10А\nОгнивенко Артём Сергеевич \n89536823648\nВес 10кг\n30х30х20","d":541859867,"a":[],"m":[]},{"i":3027668,"f":15267753,"t":"прив давай","d":541859728,"a":[],"m":[]},{"i":3027661,"f":193081160,"t":"Сделаем сдэк?","d":541859660,"a":[],"m":[]},{"i":3027660,"f":193081160,"t":"Привет","d":541859655,"a":[],"m":[]},{"i":3027659,"f":193081160,"t":"Привет","d":541859654,"a":[],"m":[]},{"i":3019683,"f":193081160,"t":"Перевёл","d":541355779,"a":[],"m":[]},{"i":3019678,"f":15267753,"t":"Номер заказа СДЭК 1416858284 \n350","d":541355567,"a":[],"m":[{"f":193081160,"t":"Из спб \nКуда: СДЭК\nСучков Алексей Евгеньевич, 89612555500, город Владимир, проспект Ленина 10\nГабариты 1,5кг как пакет А3","d":541355344,"a":[]}]},{"i":3019677,"f":15267753,"t":"Номер заказа СДЭК 1416857477 \n300","d":541355442,"a":[],"m":[{"f":193081160,"t":"Из мск\nКуда: Санкт-Петербург, народного ополчения 10А\nОгнивенко Артём Сергеевич \n\n1,5кг\nГабариты там как пакет А3","d":541355280,"a":[]}]},{"i":3019675,"f":193081160,"t":"89536823648","d":541355401,"a":[],"m":[{"f":193081160,"t":"Из мск\nКуда: Санкт-Петербург, народного ополчения 10А\nОгнивенко Артём Сергеевич \n\n1,5кг\nГабариты там как пакет А3","d":541355280,"a":[]}]},{"i":3019674,"f":15267753,"t":"Тел","d":541355381,"a":[],"m":[{"f":193081160,"t":"Из мск\nКуда: Санкт-Петербург, народного ополчения 10А\nОгнивенко Артём Сергеевич \n\n1,5кг\nГабариты там как пакет А3","d":541355280,"a":[]}]},{"i":3019673,"f":193081160,"t":"Из спб \nКуда: СДЭК\nСучков Алексей Евгеньевич, 89612555500, город Владимир, проспект Ленина 10\nГабариты 1,5кг как пакет А3","d":541355344,"a":[],"m":[]},{"i":3019672,"f":193081160,"t":"Из мск\nКуда: Санкт-Петербург, народного ополчения 10А\nОгнивенко Артём Сергеевич \n\n1,5кг\nГабариты там как пакет А3","d":541355280,"a":[],"m":[]},{"i":3019670,"f":15267753,"t":"Прив давай","d":541355222,"a":[],"m":[]},{"i":3019669,"f":193081160,"t":"Сдэкич можно?","d":541355211,"a":[],"m":[]},{"i":3019668,"f":193081160,"t":"Привет","d":541355206,"a":[],"m":[]},{"i":3005568,"f":15267753,"t":"+","d":540497541,"a":[],"m":[]},{"i":3005556,"f":193081160,"t":"Перевёл","d":540496985,"a":[],"m":[]},{"i":3005494,"f":193081160,"t":"Спасибо","d":540492801,"a":[],"m":[]},{"i":3005486,"f":15267753,"t":"Номер заказа СДЭК 1413658623\n950","d":540492444,"a":[],"m":[{"f":193081160,"t":"СДЭК\nСучков Алексей Евгеньевич, 89612555500, город Владимир, проспект Ленина 10","d":540491713,"a":[]}]},{"i":3005481,"f":193081160,"t":"70х50х30 мешок \n16кг","d":540491843,"a":[],"m":[]},{"i":3005474,"f":15267753,"t":"при 5 мин","d":540491792,"a":[],"m":[]},{"i":3005473,"f":193081160,"t":"Габариты","d":540491755,"a":[],"m":[]},{"i":3005470,"f":193081160,"t":"СДЭК\nСучков Алексей Евгеньевич, 89612555500, город Владимир, проспект Ленина 10","d":540491713,"a":[],"m":[]},{"i":3005469,"f":193081160,"t":"Куда","d":540491711,"a":[],"m":[]},{"i":3005467,"f":193081160,"t":"Из спб","d":540491693,"a":[],"m":[]},{"i":3005466,"f":193081160,"t":"Нужен сдэкич","d":540491690,"a":[],"m":[]},{"i":3005465,"f":193081160,"t":"Тут?","d":540491685,"a":[],"m":[]},{"i":3005464,"f":193081160,"t":"Привет","d":540491684,"a":[],"m":[]},{"i":2998985,"f":193081160,"t":"Это с учётом упаковки","d":540134690,"a":[],"m":[]},{"i":2998983,"f":193081160,"t":"Перевёл 3800","d":540134676,"a":[],"m":[]},{"i":2998314,"f":15267753,"t":"Номер заказа СДЭК 1412326241 \n2750","d":540088437,"a":[],"m":[{"f":193081160,"t":"Из мск\nКуда: Пункт СДЭК KSD178\nКраснодар, пос. Краснодарский, 66к1\nМасюк Ирина Анатольевна \n79002975894\n3 места \n40х40х30 каждая сумка 22,5кг","d":540088250,"a":[]}]},{"i":2998298,"f":15267753,"t":"Номер заказа СДЭК 1412326203 \n550","d":540088323,"a":[],"m":[{"f":193081160,"t":"Из мск \nКуда: Сдэк на Жуковского 57\nБайтеряков Игорь Анатольевич \n\n+7 (911) 845-58-47\n15кг\n40х20х20","d":540088013,"a":[]}]},{"i":2998290,"f":193081160,"t":"Из мск\nКуда: Пункт СДЭК KSD178\nКраснодар, пос. Краснодарский, 66к1\nМасюк Ирина Анатольевна \n79002975894\n3 места \n40х40х30 каждая сумка 22,5кг","d":540088250,"a":[],"m":[]},{"i":2998287,"f":193081160,"t":"Будет ещё","d":540088168,"a":[],"m":[{"f":15267753,"t":"одна или еще будет","d":540088144,"a":[]}]},{"i":2998286,"f":193081160,"t":"В спб","d":540088163,"a":[],"m":[]},{"i":2998283,"f":15267753,"t":"одна или еще будет","d":540088144,"a":[],"m":[]},{"i":2998282,"f":15267753,"t":"куда город","d":540088141,"a":[],"m":[]},{"i":2998274,"f":193081160,"t":"Из мск \nКуда: Сдэк на Жуковского 57\nБайтеряков Игорь Анатольевич \n\n+7 (911) 845-58-47\n15кг\n40х20х20","d":540088013,"a":[],"m":[]},{"i":2998270,"f":15267753,"t":"Прив давай","d":540087969,"a":[],"m":[]},{"i":2998269,"f":193081160,"t":"Сделаешь сдэки?","d":540087961,"a":[],"m":[]},{"i":2998267,"f":193081160,"t":"Привет","d":540087951,"a":[],"m":[]},{"i":2989177,"f":15267753,"t":"+","d":539623067,"a":[],"m":[]},{"i":2989080,"f":193081160,"t":"Сделал перевод","d":539618420,"a":[],"m":[]},{"i":2988961,"f":15267753,"t":"Номер заказа СДЭК 1410695144 \n2300","d":539614982,"a":[],"m":[{"f":193081160,"t":"Из мск \nКуда: Пункт СДЭК GSP1\nГаспра, ул. Маратовская, 1Б\n\nЩербаков Евгений Александрович\n\n+79785012026\n3 сумки \n17кг 40х30х30\n18кг 40х30х30\n7кг 30х20х20","d":539614737,"a":[]}]},{"i":2988951,"f":193081160,"t":"Крым это","d":539614748,"a":[],"m":[]},{"i":2988950,"f":193081160,"t":"Из мск \nКуда: Пункт СДЭК GSP1\nГаспра, ул. Маратовская, 1Б\n\nЩербаков Евгений Александрович\n\n+79785012026\n3 сумки \n17кг 40х30х30\n18кг 40х30х30\n7кг 30х20х20","d":539614737,"a":[],"m":[]},{"i":2988946,"f":193081160,"t":"И ещё будет","d":539614609,"a":[],"m":[]},{"i":2988945,"f":15267753,"t":"Номер заказа СДЭК 1410691604 \n1450","d":539614574,"a":[],"m":[{"f":193081160,"t":"Из мск \nКуда: Хвиюзов Артем Владимирович \n+79600198183\nАрхангельск, ул. Свободы 53\n2 места по 15кг каждое 40х20х20","d":539613546,"a":[]}]},{"i":2988933,"f":193081160,"t":"Из мск \nКуда: Хвиюзов Артем Владимирович \n+79600198183\nАрхангельск, ул. Свободы 53\n2 места по 15кг каждое 40х20х20","d":539613546,"a":[],"m":[]},{"i":2988932,"f":15267753,"t":"Давати","d":539613519,"a":[],"m":[]},{"i":2988930,"f":193081160,"t":"Сделаем сдэки?","d":539613395,"a":[],"m":[]},{"i":2988929,"f":15267753,"t":"Прив угу","d":539613389,"a":[],"m":[]},{"i":2988928,"f":193081160,"t":"На связи?","d":539613371,"a":[],"m":[]},{"i":2988927,"f":193081160,"t":"Салют","d":539613368,"a":[],"m":[]},{"i":2978225,"f":193081160,"t":"Перевёл","d":538836106,"a":[],"m":[]},{"i":2978224,"f":193081160,"t":"Спасибо","d":538836047,"a":[],"m":[]},{"i":2978206,"f":15267753,"t":"Номер заказа СДЭК 1407996496\n350","d":538835613,"a":[],"m":[{"f":193081160,"t":"Из спб \n\nКуда: Крым, Феодосия, отделение на боевой\n\nФранк Евгений Александрович\n\n+79788628435","d":538833922,"a":[]}]},{"i":2978205,"f":15267753,"t":"прив","d":538835562,"a":[],"m":[]},{"i":2978180,"f":193081160,"t":"Документ 1 лист","d":538833935,"a":[],"m":[]},{"i":2978178,"f":193081160,"t":"Из спб \n\nКуда: Крым, Феодосия, отделение на боевой\n\nФранк Евгений Александрович\n\n+79788628435","d":538833922,"a":[],"m":[]},{"i":2978177,"f":193081160,"t":"Можно сдэк?","d":538833892,"a":[],"m":[]},{"i":2978176,"f":193081160,"t":"Салют","d":538833889,"a":[],"m":[]},{"i":2966325,"f":193081160,"t":"Сделал","d":538055357,"a":[],"m":[]},{"i":2966294,"f":15267753,"t":"ога","d":538054833,"a":[],"m":[]},{"i":2966288,"f":193081160,"t":"75р докинуть?","d":538054325,"a":[],"m":[]},{"i":2959763,"f":15267753,"t":"тут перемер нужно докинуть 1400918480 75","d":537494563,"a":[],"m":[]},{"i":2959499,"f":15267753,"t":"+","d":537479455,"a":[],"m":[]},{"i":2958445,"f":193081160,"t":"Увидел, кайф, мелочь но приятно))","d":537376195,"a":[],"m":[]},{"i":2958394,"f":15267753,"t":"поменял","d":537374379,"a":[],"m":[]},{"i":2958382,"f":193081160,"t":"Сильно цена поменяется?","d":537373777,"a":[],"m":[]},{"i":2958380,"f":193081160,"t":"Если отредактирую","d":537373769,"a":[],"m":[]},{"i":2958379,"f":193081160,"t":"Слушай, я немного прибздел по весу\nОдна сумка 7 другая 6","d":537373766,"a":[],"m":[]},{"i":2958297,"f":15267753,"t":"Номер заказа СДЭК 1403364591\n750","d":537369213,"a":[],"m":[{"f":193081160,"t":"Кому: Сучков Алексей Евгеньевич, 89612555500, город Владимир, проспект Ленина 10\n\nОткуда: СПБ\n\n2 сумки 40х20х10 каждая по 10кг","d":537367725,"a":[]}]},{"i":2958292,"f":15267753,"t":"Прив","d":537368811,"a":[],"m":[]},{"i":2958278,"f":193081160,"t":"Кому: Сучков Алексей Евгеньевич, 89612555500, город Владимир, проспект Ленина 10\n\nОткуда: СПБ\n\n2 сумки 40х20х10 каждая по 10кг","d":537367725,"a":[],"m":[]},{"i":2958276,"f":193081160,"t":"Привет, нужен сдэкич","d":537367668,"a":[],"m":[]},{"i":2955722,"f":15267753,"t":"А ок","d":537196851,"a":[],"m":[]},{"i":2955719,"f":193081160,"t":"Я на тиньк кидал 250","d":537196779,"a":[],"m":[]},{"i":2955718,"f":15267753,"t":"А это было? На сбере не видел прст","d":537196717,"a":[],"m":[{"f":15267753,"t":"Номер заказа СДЭК 1401809152\n250","d":536942692,"a":[]}]},{"i":2955714,"f":15267753,"t":"+","d":537196639,"a":[],"m":[]},{"i":2955695,"f":193081160,"t":"Перевёл","d":537195549,"a":[],"m":[]},{"i":2955692,"f":15267753,"t":"Номер заказа СДЭК 1402768471\n600","d":537194840,"a":[],"m":[{"f":193081160,"t":"Из мск\n\nВ спб Огнивенко Артём Сергеевич \nНародного ополчения 10А\n89536823648\n16кг 40х30х20 сумка","d":537193879,"a":[]}]},{"i":2955673,"f":193081160,"t":"Из мск\n\nВ спб Огнивенко Артём Сергеевич \nНародного ополчения 10А\n89536823648\n16кг 40х30х20 сумка","d":537193879,"a":[],"m":[]},{"i":2955666,"f":15267753,"t":"прив дававй","d":537193614,"a":[],"m":[]},{"i":2955664,"f":193081160,"t":"Привет, можно Сдэк?","d":537193599,"a":[],"m":[]},{"i":2952979,"f":15267753,"t":"Номер заказа СДЭК 1401809152\n250","d":536942692,"a":[],"m":[{"f":193081160,"t":"Привет, хотелось бы сдэк\n\nИз спб \n\nКуда: Москва\nПетров Владимир Александрович , Шарикоподшипниковская 32\n\n89645192119\n\nДоки, маленькая бумажка 1 грамм","d":536942324,"a":[]}]},{"i":2952974,"f":15267753,"t":"Привет","d":536942398,"a":[],"m":[]},{"i":2952973,"f":193081160,"t":"Привет, хотелось бы сдэк\n\nИз спб \n\nКуда: Москва\nПетров Владимир Александрович , Шарикоподшипниковская 32\n\n89645192119\n\nДоки, маленькая бумажка 1 грамм","d":536942324,"a":[],"m":[]},{"i":2950718,"f":15267753,"t":"+","d":536768918,"a":[],"m":[]},{"i":2950706,"f":193081160,"t":"Спасибо","d":536767821,"a":[],"m":[]},{"i":2950691,"f":15267753,"t":"Номер заказа СДЭК 1401348275\n250","d":536764937,"a":[],"m":[{"f":193081160,"t":"Привет, можно сдэк?\nИз спб \n\nВ спб Огнивенко Артём Сергеевич, народного ополчения 10А\n89536823648\nМаленький пакетик А4, вес 1кг","d":536761796,"a":[]}]},{"i":2950655,"f":15267753,"t":"Ща сек","d":536761937,"a":[],"m":[]},{"i":2950654,"f":15267753,"t":"Прив","d":536761930,"a":[],"m":[]},{"i":2950646,"f":193081160,"t":"Привет, можно сдэк?\nИз спб \n\nВ спб Огнивенко Артём Сергеевич, народного ополчения 10А\n89536823648\nМаленький пакетик А4, вес 1кг","d":536761796,"a":[],"m":[]},{"i":2948868,"f":15267753,"t":"+","d":536617152,"a":[],"m":[]},{"i":2948867,"f":193081160,"t":"Закинул","d":536617130,"a":[],"m":[]},{"i":2948865,"f":193081160,"t":"От души","d":536617095,"a":[],"m":[]},{"i":2948864,"f":15267753,"t":"Номер заказа СДЭК 1400918480\n450","d":536616931,"a":[],"m":[{"f":193081160,"t":"Отправка из СПБ \n\nКуда: Кузнецова Лейла Дмитриевна\n+79062174902\nКалининград, Советский проспект 21а","d":536615840,"a":[]}]},{"i":2948850,"f":15267753,"t":"Ща сделаю сек","d":536615998,"a":[],"m":[]},{"i":2948849,"f":193081160,"t":"Минут через 15 буду на сдэкиче","d":536615951,"a":[],"m":[]},{"i":2948848,"f":193081160,"t":"Размер с пакетик а4","d":536615874,"a":[],"m":[]},{"i":2948847,"f":193081160,"t":"Там кофта одна 700 грамм","d":536615864,"a":[],"m":[]},{"i":2948845,"f":193081160,"t":"Отправка из СПБ \n\nКуда: Кузнецова Лейла Дмитриевна\n+79062174902\nКалининград, Советский проспект 21а","d":536615840,"a":[],"m":[]},{"i":2948844,"f":193081160,"t":"Сдэк делаем?","d":536615812,"a":[],"m":[]},{"i":2948843,"f":15267753,"t":"Да","d":536615759,"a":[],"m":[]},{"i":2948842,"f":15267753,"t":"Прив","d":536615758,"a":[],"m":[]},{"i":2948841,"f":193081160,"t":"Тут?","d":536615724,"a":[],"m":[]},{"i":2948840,"f":193081160,"t":"Привет","d":536615722,"a":[],"m":[]},{"i":2943390,"f":15267753,"t":"да сто проц","d":536333543,"a":[],"m":[]},{"i":2943384,"f":193081160,"t":"То есть думаешь лучше пэком отправить?","d":536333302,"a":[],"m":[]},{"i":2943382,"f":193081160,"t":"Дороже двух тыс?","d":536333276,"a":[],"m":[]},{"i":2943331,"f":15267753,"t":"Дорого)","d":536331948,"a":[],"m":[]},{"i":2943330,"f":15267753,"t":"Да так сложно сказать","d":536331946,"a":[],"m":[]},{"i":2943256,"f":193081160,"t":"Сколько это будет стоить","d":536328233,"a":[],"m":[]},{"i":2943255,"f":193081160,"t":"В обрешётке","d":536328219,"a":[],"m":[]},{"i":2943254,"f":193081160,"t":"Только рама, без колёс","d":536328215,"a":[],"m":[]},{"i":2943251,"f":193081160,"t":"Я хочу велик отправить из Питера в Тулу","d":536328206,"a":[],"m":[]},{"i":2943250,"f":193081160,"t":"Можем пробить пожалуйста","d":536328197,"a":[],"m":[]},{"i":2943221,"f":15267753,"t":"+","d":536327702,"a":[],"m":[]},{"i":2943205,"f":193081160,"t":"Сделал","d":536327326,"a":[],"m":[]},{"i":2943204,"f":193081160,"t":"Щас сделаю","d":536327289,"a":[],"m":[]},{"i":2943203,"f":193081160,"t":"Посмотрел, не нашёл, значит забыл перевести","d":536327285,"a":[],"m":[]},{"i":2942842,"f":15267753,"t":"Получилось?)","d":536286868,"a":[],"m":[]},{"i":2932664,"f":15267753,"t":"прив, а сможешь сам глянуть? у меня пока нет возможности","d":535607053,"a":[],"m":[]},{"i":2931572,"f":193081160,"t":"Не могу вспомнить","d":535553252,"a":[],"m":[]},{"i":2931571,"f":193081160,"t":"А глянь плз, я тебе переводил эти деньги?","d":535553246,"a":[],"m":[{"f":15267753,"t":"Номер заказа СДЭК 1397113617\n600","d":535401937,"a":[]}]},{"i":2928483,"f":15267753,"t":"Номер заказа СДЭК 1397113617\n600","d":535401937,"a":[],"m":[{"f":193081160,"t":"Привет, можно сдэк? \n\nИз мск\n\nКуда: Таганрог\nАлександровская 124\nБелоконь Александр Юрьевич +79780176645\n\n11кг \n30х20х20","d":535401811,"a":[]}]},{"i":2928482,"f":15267753,"t":"прив","d":535401836,"a":[],"m":[]},{"i":2928481,"f":193081160,"t":"Привет, можно сдэк? \n\nИз мск\n\nКуда: Таганрог\nАлександровская 124\nБелоконь Александр Юрьевич +79780176645\n\n11кг \n30х20х20","d":535401811,"a":[],"m":[]},{"i":2927143,"f":15267753,"t":"+","d":535319418,"a":[],"m":[]},{"i":2927093,"f":193081160,"t":"Сделал","d":535314634,"a":[],"m":[]},{"i":2927084,"f":193081160,"t":"От души, сейчас закину","d":535314462,"a":[],"m":[]},{"i":2927081,"f":15267753,"t":"Номер заказа СДЭК 1396808301 \n700","d":535314284,"a":[],"m":[{"f":193081160,"t":"Из мск \nКуда: СПБ \n\nОгнивенко Артём Сергеевич \nНародного ополчения 10\n89536823648\nВес 22 кг\n40х30х20","d":535313995,"a":[]}]},{"i":2927079,"f":193081160,"t":"Из мск \nКуда: СПБ \n\nОгнивенко Артём Сергеевич \nНародного ополчения 10\n89536823648\nВес 22 кг\n40х30х20","d":535313995,"a":[],"m":[]},{"i":2927075,"f":15267753,"t":"Давай","d":535313944,"a":[],"m":[]},{"i":2927074,"f":193081160,"t":"Замутим ещё одну?","d":535313931,"a":[],"m":[]},{"i":2926974,"f":15267753,"t":"Номер заказа СДЭК 1396766578\n700","d":535307105,"a":[],"m":[{"f":193081160,"t":"Из мск \nКуда: СПБ \n\nБайтеряков Игорь Анатольевич\n+79118455847\nУл. жуковского 57\nВес 22 кг\n40х30х20","d":535307053,"a":[]}]},{"i":2926973,"f":193081160,"t":"Из мск \nКуда: СПБ \n\nБайтеряков Игорь Анатольевич\n+79118455847\nУл. жуковского 57\nВес 22 кг\n40х30х20","d":535307053,"a":[],"m":[]},{"i":2926971,"f":15267753,"t":"Прив","d":535306993,"a":[],"m":[]},{"i":2926970,"f":193081160,"t":"Сдэк сделаешь?","d":535306985,"a":[],"m":[]},{"i":2926969,"f":193081160,"t":"Привет","d":535306981,"a":[],"m":[]},{"i":2923051,"f":193081160,"t":"От души спасибо","d":535037919,"a":[],"m":[]},{"i":2922974,"f":15267753,"t":"поменял","d":535032220,"a":[],"m":[]},{"i":2922973,"f":15267753,"t":"прив","d":535032155,"a":[],"m":[]},{"i":2922965,"f":193081160,"t":"Можно же через личный кабинет всю эту историю поменять?","d":535030744,"a":[],"m":[]},{"i":2922964,"f":193081160,"t":"9801469288","d":535030718,"a":[],"m":[]},{"i":2922963,"f":193081160,"t":"И ещё мы номер телефона получателя не указали","d":535030715,"a":[],"m":[]},{"i":2922962,"f":193081160,"t":"Я тоже завтыкал что-то","d":535030664,"a":[],"m":[]},{"i":2922961,"f":193081160,"t":"Мой чел не может получить)","d":535030658,"a":[],"m":[]},{"i":2922960,"f":193081160,"t":"","d":535030650,"a":[{"t":0,"s":{"m":"https://sun9-68.userapi.com/impg/m1IdJA5smiVpiM8hS4Pocrm6JFuB4DIk0GcoRw/MHpIgRYGfnA.jpg?size=510x900&quality=95&crop=0,0,1170,2065&sign=06f8eff1167d4c934e148d59d6b8e93c&c_uniq_tag=V-WuImi4ATQ0eg6f6Q_V_zCmYb3xDuZqiHrW7LNzT1k&type=album","s":"https://sun9-68.userapi.com/impg/m1IdJA5smiVpiM8hS4Pocrm6JFuB4DIk0GcoRw/MHpIgRYGfnA.jpg?size=200x433&quality=95&sign=e63186ac33974a1560c86bc43be40ebd&c_uniq_tag=idOzD4QQdKz_ET9MAWJAS2RinPyM4LaLmBMhsgBZcXM&type=album","n":"https://sun9-68.userapi.com/impg/m1IdJA5smiVpiM8hS4Pocrm6JFuB4DIk0GcoRw/MHpIgRYGfnA.jpg?size=998x2160&quality=95&sign=6658ab14e51bc15531d7e6fc892ba281&c_uniq_tag=UAyOfwfjgecsjXLgmGzyPmo2MwrvXGa0Y_yCgCYWh3o&type=album","o":"https://sun9-68.userapi.com/impg/m1IdJA5smiVpiM8hS4Pocrm6JFuB4DIk0GcoRw/MHpIgRYGfnA.jpg?size=499x1080&quality=95&sign=db358713a1f387625dc909a59917d668&c_uniq_tag=rDq4b8oQoQcuoON9fqFxnokyy2MvTG91gEtP51sOGGI&type=album","t":"https://sun9-68.userapi.com/impg/m1IdJA5smiVpiM8hS4Pocrm6JFuB4DIk0GcoRw/MHpIgRYGfnA.jpg?size=279x604&quality=95&sign=754f735d5d455731284767d7740706b6&c_uniq_tag=jgjqo9X9mCanF36M54wR3_2iHVUJ_rBW1iCI-bk1CNM&type=album"},"z":"","q":0,"w":0,"o":193081160,"i":457246889,"d":535030651}],"m":[]},{"i":2922959,"f":193081160,"t":"А в накладной какой то семен семенович семенов","d":535030646,"a":[],"m":[]},{"i":2922958,"f":193081160,"t":"Смолов Александр","d":535030625,"a":[],"m":[{"f":193081160,"t":"Из спб отправка документ\n\nКуда:Сдэк MSK599\nул. Профсоюзная, 102А\nСмолов Александр","d":534715881,"a":[]}]},{"i":2922956,"f":193081160,"t":"Есть вопросик по последней накладной","d":535030551,"a":[],"m":[]},{"i":2922955,"f":193081160,"t":"Салют дядька","d":535030541,"a":[],"m":[]},{"i":2918017,"f":193081160,"t":"Закинул","d":534719352,"a":[],"m":[]},{"i":2918016,"f":193081160,"t":"Пасиб","d":534719323,"a":[],"m":[]},{"i":2917907,"f":15267753,"t":"Номер заказа СДЭК 1394861186 \n250","d":534716901,"a":[],"m":[{"f":193081160,"t":"Из спб отправка документ\n\nКуда:Сдэк MSK599\nул. Профсоюзная, 102А\nСмолов Александр","d":534715881,"a":[]}]},{"i":2917906,"f":15267753,"t":"Привет","d":534716807,"a":[],"m":[]},{"i":2917877,"f":193081160,"t":"Из спб отправка документ\n\nКуда:Сдэк MSK599\nул. Профсоюзная, 102А\nСмолов Александр","d":534715881,"a":[],"m":[]},{"i":2917873,"f":193081160,"t":"Сдэк сделаем?","d":534715844,"a":[],"m":[]},{"i":2917871,"f":193081160,"t":"Привет","d":534715838,"a":[],"m":[]},{"i":2915009,"f":15267753,"t":"+","d":534625589,"a":[],"m":[]},{"i":2915008,"f":193081160,"t":"Спасибо, сейчас закину","d":534625546,"a":[],"m":[]},{"i":2915006,"f":15267753,"t":"Номер заказа СДЭК 1394523271\n450","d":534625492,"a":[],"m":[{"f":193081160,"t":"Из Рязани \n\nКуда:\nХвиюзов Артем Владимирович \n+79600198183\nАрхангельск, ул. Свободы 53","d":534625373,"a":[]}]},{"i":2915001,"f":193081160,"t":"100гр","d":534625389,"a":[],"m":[]},{"i":2914999,"f":193081160,"t":"Там шарфик","d":534625382,"a":[],"m":[]},{"i":2914998,"f":193081160,"t":"Габариты супер маленькие","d":534625379,"a":[],"m":[]},{"i":2914996,"f":193081160,"t":"Из Рязани \n\nКуда:\nХвиюзов Артем Владимирович \n+79600198183\nАрхангельск, ул. Свободы 53","d":534625373,"a":[],"m":[]},{"i":2914995,"f":15267753,"t":"пиши данные","d":534625358,"a":[],"m":[]},{"i":2914994,"f":15267753,"t":"прив","d":534625356,"a":[],"m":[]},{"i":2914991,"f":193081160,"t":"Сдэкич сделаешь?","d":534625338,"a":[],"m":[]},{"i":2914989,"f":193081160,"t":"Салют","d":534625328,"a":[],"m":[]},{"i":2901351,"f":193081160,"t":"Скинул","d":533590889,"a":[],"m":[]},{"i":2901347,"f":193081160,"t":"Щас скину","d":533590751,"a":[],"m":[]},{"i":2901346,"f":193081160,"t":"2150 я тебе должен","d":533590749,"a":[],"m":[]},{"i":2901344,"f":193081160,"t":"Спасибо","d":533590728,"a":[],"m":[]},{"i":2901343,"f":15267753,"t":"Номер заказа СДЭК 1392679245 \n300","d":533590715,"a":[],"m":[{"f":193081160,"t":"Из спб\n\nКому: \nКенан Бабаев Камран оглы\n+79503649648\nПлощадь мира 6\n\nНижегородская область \nг.Кстово","d":533590569,"a":[]}]},{"i":2901342,"f":193081160,"t":"Маленький пакетик","d":533590584,"a":[],"m":[]},{"i":2901341,"f":193081160,"t":"700гр","d":533590577,"a":[],"m":[]},{"i":2901340,"f":193081160,"t":"Кофта будет","d":533590573,"a":[],"m":[]},{"i":2901339,"f":193081160,"t":"Из спб\n\nКому: \nКенан Бабаев Камран оглы\n+79503649648\nПлощадь мира 6\n\nНижегородская область \nг.Кстово","d":533590569,"a":[],"m":[]},{"i":2901338,"f":15267753,"t":"Давай","d":533590568,"a":[],"m":[]},{"i":2901337,"f":193081160,"t":"Отправлю за все","d":533590478,"a":[],"m":[{"f":193081160,"t":"И сразу все сделаю","d":533590342,"a":[]}]},{"i":2901335,"f":193081160,"t":"И сразу все сделаю","d":533590342,"a":[],"m":[]},{"i":2901333,"f":193081160,"t":"Последнюю накладную","d":533590334,"a":[],"m":[]},{"i":2901332,"f":193081160,"t":"Ещё хочу","d":533590329,"a":[],"m":[]},{"i":2901331,"f":193081160,"t":"Дядька","d":533590326,"a":[],"m":[]},{"i":2900956,"f":15267753,"t":"Номер заказа СДЭК 1392664212 \n1450","d":533585548,"a":[],"m":[{"f":193081160,"t":"Из Москвы \n\nКуда:\n\nСавчук Роман Викторович.\nКраснодарский край, туапсинский район, пгт, Новомихайловский, отделение\nНа Мира\nНовомихайловский, Туапсинский район, ул. Мира, 69А\nТел. +79895327489\n\n2 места \n40х20х10\n28кг","d":533585098,"a":[]}]},{"i":2900954,"f":193081160,"t":"Каждая по 14","d":533585493,"a":[],"m":[]},{"i":2900953,"f":193081160,"t":"Нет, общий вес за 2 сумки","d":533585490,"a":[],"m":[{"f":15267753,"t":"Каждое по 28 кг?","d":533585463,"a":[]}]},{"i":2900952,"f":15267753,"t":"Каждое по 28 кг?","d":533585463,"a":[],"m":[{"f":193081160,"t":"Из Москвы \n\nКуда:\n\nСавчук Роман Викторович.\nКраснодарский край, туапсинский район, пгт, Новомихайловский, отделение\nНа Мира\nНовомихайловский, Туапсинский район, ул. Мира, 69А\nТел. +79895327489\n\n2 места \n40х20х10\n28кг","d":533585098,"a":[]}]},{"i":2900948,"f":15267753,"t":"Номер заказа СДЭК 1392663422 \n400","d":533585320,"a":[],"m":[{"f":193081160,"t":"Из Москвы \n\nКуда:\nКлин, Карла Маркса 12а\nПастырева Татьяна Васильевна\n+79939795280\n\n7кг \n30х20х10","d":533584980,"a":[]}]},{"i":2900944,"f":193081160,"t":"Из Москвы \n\nКуда:\n\nСавчук Роман Викторович.\nКраснодарский край, туапсинский район, пгт, Новомихайловский, отделение\nНа Мира\nНовомихайловский, Туапсинский район, ул. Мира, 69А\nТел. +79895327489\n\n2 места \n40х20х10\n28кг","d":533585098,"a":[],"m":[]},{"i":2900940,"f":193081160,"t":"Из Москвы \n\nКуда:\nКлин, Карла Маркса 12а\nПастырева Татьяна Васильевна\n+79939795280\n\n7кг \n30х20х10","d":533584980,"a":[],"m":[]},{"i":2900938,"f":15267753,"t":"Прив давай","d":533584963,"a":[],"m":[]},{"i":2900937,"f":193081160,"t":"Можно сдэки?","d":533584936,"a":[],"m":[]},{"i":2900936,"f":193081160,"t":"Привет","d":533584933,"a":[],"m":[]},{"i":2898663,"f":193081160,"t":"Перевёл","d":533421598,"a":[],"m":[{"f":15267753,"t":"Номер заказа СДЭК 1392094151 \n350","d":533417662,"a":[]}]},{"i":2898545,"f":15267753,"t":"Номер заказа СДЭК 1392094151 \n350","d":533417662,"a":[],"m":[{"f":193081160,"t":"Из спб \n\nКому: Воронеж,ул.Ворошилова 49А(офис СДЭК)\nКозьменко Игорь Михайлович,89103466719\n\nКуртка будет вес 1-1,5кг \nГабариты как коробка кроссовок типа того","d":533413389,"a":[]}]},{"i":2898516,"f":15267753,"t":"Прив","d":533417512,"a":[],"m":[]},{"i":2898461,"f":193081160,"t":"Сможешь сделать?","d":533416767,"a":[],"m":[]},{"i":2898414,"f":193081160,"t":"Из спб \n\nКому: Воронеж,ул.Ворошилова 49А(офис СДЭК)\nКозьменко Игорь Михайлович,89103466719\n\nКуртка будет вес 1-1,5кг \nГабариты как коробка кроссовок типа того","d":533413389,"a":[],"m":[]},{"i":2898413,"f":193081160,"t":"Хочу сдэк","d":533413342,"a":[],"m":[]},{"i":2898412,"f":193081160,"t":"","d":533413336,"a":[{"t":4}],"m":[]},{"i":2897212,"f":193081160,"t":"Ушло на тиньк","d":533324657,"a":[],"m":[]},{"i":2897206,"f":15267753,"t":"Номер заказа СДЭК 1391699294 \n300","d":533324302,"a":[],"m":[{"f":193081160,"t":"Ещё надо бы \n\nИз спб \n\nКому:\n\nЯковлев Виктор Сергеевич 89198041488 город Самара ко молодёжная 10","d":533322649,"a":[]}]},{"i":2897205,"f":193081160,"t":"Замутим?","d":533324282,"a":[],"m":[]},{"i":2897182,"f":193081160,"t":"Габариты соответсвенно тоже супер маленькие","d":533322689,"a":[],"m":[]},{"i":2897181,"f":193081160,"t":"Вес грамм 700","d":533322677,"a":[],"m":[]},{"i":2897179,"f":193081160,"t":"Там будет кофта одна","d":533322668,"a":[],"m":[]},{"i":2897178,"f":193081160,"t":"Ещё надо бы \n\nИз спб \n\nКому:\n\nЯковлев Виктор Сергеевич 89198041488 город Самара ко молодёжная 10","d":533322649,"a":[],"m":[]},{"i":2896677,"f":193081160,"t":"Отправил","d":533306144,"a":[],"m":[]},{"i":2896604,"f":15267753,"t":"Номер заказа СДЭК 1391490516 \n600","d":533302726,"a":[],"m":[{"f":193081160,"t":"Из спб\n\nКому:\nСучков Алексей Евгеньевич, 89612555500, город Владимир, проспект Ленина 10\n30х20х10 - 11кг","d":533302578,"a":[]}]},{"i":2896603,"f":193081160,"t":"Да","d":533302647,"a":[],"m":[]},{"i":2896602,"f":15267753,"t":"11 кг?","d":533302637,"a":[],"m":[]},{"i":2896601,"f":15267753,"t":"Прив","d":533302629,"a":[],"m":[]},{"i":2896599,"f":193081160,"t":"Из спб\n\nКому:\nСучков Алексей Евгеньевич, 89612555500, город Владимир, проспект Ленина 10\n30х20х10 - 11кг","d":533302578,"a":[],"m":[]},{"i":2896597,"f":193081160,"t":"Привет, нужен ещё сдэкич","d":533302518,"a":[],"m":[]},{"i":2896319,"f":193081160,"t":"Закинул, спасибо","d":533251683,"a":[],"m":[]},{"i":2896045,"f":15267753,"t":"Номер заказа СДЭК 1391317978 \n1150","d":533235371,"a":[],"m":[{"f":193081160,"t":"Из спб \n\nКому: \nХвиюзов Артем Владимирович \n+79600198183\nАрхангельск, ул. Свободы 53\n\n2 места 40х30х10","d":533235150,"a":[]}]},{"i":2896041,"f":193081160,"t":"Из спб \n\nКому: \nХвиюзов Артем Владимирович \n+79600198183\nАрхангельск, ул. Свободы 53\n\n2 места 40х30х10","d":533235150,"a":[],"m":[]},{"i":2896039,"f":15267753,"t":"Прив давай","d":533235120,"a":[],"m":[]},{"i":2896038,"f":193081160,"t":"Можно сдэк?","d":533235112,"a":[],"m":[]},{"i":2896037,"f":193081160,"t":"Тут?","d":533235105,"a":[],"m":[]},{"i":2896036,"f":193081160,"t":"Привет","d":533235099,"a":[],"m":[]},{"i":2889997,"f":15267753,"t":"Да","d":532796722,"a":[],"m":[]},{"i":2889994,"f":193081160,"t":"Тинь можно?","d":532796634,"a":[],"m":[]},{"i":2889992,"f":193081160,"t":"Переведу щас","d":532796550,"a":[],"m":[]},{"i":2889990,"f":193081160,"t":"Спасибо","d":532796547,"a":[],"m":[]},{"i":2889986,"f":15267753,"t":"Накладная успешно создана с номером: 1389649415\n300","d":532796492,"a":[],"m":[{"f":193081160,"t":"Получатель: Скорплюк Данила Евгеньевич\n\n89180816821\n\nКраснодар, ул. Пригородная 177\n\nОтправка из спб","d":532795431,"a":[]}]},{"i":2889983,"f":193081160,"t":"","d":532796362,"a":[{"t":4}],"m":[]},{"i":2889981,"f":15267753,"t":"Ща","d":532796353,"a":[],"m":[]},{"i":2889971,"f":193081160,"t":"Жду тебя","d":532796061,"a":[],"m":[]},{"i":2889970,"f":193081160,"t":"Я щас на сдэкиче","d":532796055,"a":[],"m":[]},{"i":2889963,"f":193081160,"t":"Вот габариты самые маленькие укажи","d":532795485,"a":[],"m":[]},{"i":2889962,"f":193081160,"t":"","d":532795478,"a":[{"t":0,"s":{"m":"https://sun9-79.userapi.com/impg/EQljKAW3AmbRog0H8_LEagn1JZMQalP1ChxjUQ/HnkKtAoSTlk.jpg?size=510x680&quality=95&sign=eddd89f4e4a965d224a85ea1ecbcefcf&c_uniq_tag=PUx7advKAu9qZota-3UqIuyYBv8vhFXCN47XyKVLgfs&type=album","s":"https://sun9-79.userapi.com/impg/EQljKAW3AmbRog0H8_LEagn1JZMQalP1ChxjUQ/HnkKtAoSTlk.jpg?size=200x267&quality=95&sign=5518cc45af0e33ac294181930264d843&c_uniq_tag=lemh4VIRPI7xsOm5_s5ojapVUlEPD0BGrSrrmAcJnrI&type=album","n":"https://sun9-79.userapi.com/impg/EQljKAW3AmbRog0H8_LEagn1JZMQalP1ChxjUQ/HnkKtAoSTlk.jpg?size=1439x1920&quality=95&sign=4ef36d400a630189986411461af8ede4&c_uniq_tag=ITQh_sMtHfwaVxcEOA0WkRzhTtk0SuoW89Gx3d3G794&type=album","o":"https://sun9-79.userapi.com/impg/EQljKAW3AmbRog0H8_LEagn1JZMQalP1ChxjUQ/HnkKtAoSTlk.jpg?size=809x1080&quality=95&sign=e24dde9b3dbdfcdae16bf49e339151c6&c_uniq_tag=3xGFgJ3Yuk0Ootq5ESNMne_GU3TawFEdIk61TTLD0zw&type=album","t":"https://sun9-79.userapi.com/impg/EQljKAW3AmbRog0H8_LEagn1JZMQalP1ChxjUQ/HnkKtAoSTlk.jpg?size=453x604&quality=95&sign=476b39af004fba031da477d374fe8ca8&c_uniq_tag=Wc6Xp0NUVbY0jI-Q6GKANKBe7Zi8VC8ayuvp-WEZpWQ&type=album"},"z":"","q":0,"w":0,"o":193081160,"i":457246807,"d":532795477}],"m":[]},{"i":2889959,"f":193081160,"t":"900гр вес","d":532795450,"a":[],"m":[]},{"i":2889958,"f":193081160,"t":"Получатель: Скорплюк Данила Евгеньевич\n\n89180816821\n\nКраснодар, ул. Пригородная 177\n\nОтправка из спб","d":532795431,"a":[],"m":[]},{"i":2889952,"f":193081160,"t":"Можно сдэк?","d":532795384,"a":[],"m":[]},{"i":2889951,"f":15267753,"t":"Прив да","d":532795374,"a":[],"m":[{"f":193081160,"t":"Привет, тут?","d":532795356,"a":[]}]},{"i":2889949,"f":193081160,"t":"Привет, тут?","d":532795356,"a":[],"m":[]},{"i":2736803,"f":15267753,"t":"+","d":522268511,"a":[],"m":[]},{"i":2736757,"f":193081160,"t":"","d":522264689,"a":[{"t":0,"s":{"m":"https://sun9-18.userapi.com/impg/HFE4DvzH-ZxQtnUEMhqWOlRAFkVObt6g063efg/X171SVlSezk.jpg?size=510x900&quality=95&crop=0,0,750,1324&sign=3c5a6342fb6e21d7d126455b6cd3850f&c_uniq_tag=MQo8zXOhd0XPbXkpidoyWKmUBNhPOcwYsz6t4cP0ahM&type=album","s":"https://sun9-18.userapi.com/impg/HFE4DvzH-ZxQtnUEMhqWOlRAFkVObt6g063efg/X171SVlSezk.jpg?size=200x356&quality=95&sign=f3e3bc5e1f4f06fd551fcd31321b2b18&c_uniq_tag=bhSZV8b7O2RvBjHval6bvmSBkQTNOsCBYUn9NR9yQKU&type=album","n":"https://sun9-18.userapi.com/impg/HFE4DvzH-ZxQtnUEMhqWOlRAFkVObt6g063efg/X171SVlSezk.jpg?size=750x1334&quality=95&sign=2edfb55ae2175d4897dc2b804e3acfea&c_uniq_tag=x52kAeTOsoOCpzw93Mi8WuJ90arHuLEZZe_016L39F4&type=album","o":"https://sun9-18.userapi.com/impg/HFE4DvzH-ZxQtnUEMhqWOlRAFkVObt6g063efg/X171SVlSezk.jpg?size=607x1080&quality=95&sign=0d606425fd27146767cb7b729bd9f44c&c_uniq_tag=ABDgMuBZqepg_6gwr0WTb90IHlE7CQWmrqXDH62B-OY&type=album","t":"https://sun9-18.userapi.com/impg/HFE4DvzH-ZxQtnUEMhqWOlRAFkVObt6g063efg/X171SVlSezk.jpg?size=340x604&quality=95&sign=87bc5baa96d389a756c3359ff5ee7cec&c_uniq_tag=6g3mh6Xocq7ZSV2qQYtsDwAc-5owycvWUYyYBP-VFxg&type=album"},"z":"","q":0,"w":0,"o":193081160,"i":457246788,"d":522264689}],"m":[]},{"i":2736752,"f":15267753,"t":"Номер заказа СДЭК 1355805086\n350","d":522264343,"a":[],"m":[{"f":193081160,"t":"Из спб \nПолучатель: Федоров Максим Анатольевич,  город Краснокамск,  пр. комсомольский 9 -  сдэк. 89194882341\n1 пара кроссовок без бокса","d":522263795,"a":[]}]},{"i":2736739,"f":193081160,"t":"Из спб \nПолучатель: Федоров Максим Анатольевич,  город Краснокамск,  пр. комсомольский 9 -  сдэк. 89194882341\n1 пара кроссовок без бокса","d":522263795,"a":[],"m":[]},{"i":2736738,"f":15267753,"t":"Прив давай","d":522263780,"a":[],"m":[]},{"i":2736737,"f":193081160,"t":"Привет, сдэкич сделаешь?","d":522263770,"a":[],"m":[]},{"i":2736294,"f":15267753,"t":"+","d":522201398,"a":[],"m":[]},{"i":2736111,"f":193081160,"t":"","d":522183838,"a":[{"t":0,"s":{"m":"https://sun9-20.userapi.com/impg/RO9f-K-81f9KfMvMHO0UzwSGOuqdz_e0zDOA1A/2FvYlU5FKGE.jpg?size=510x900&quality=95&crop=0,0,750,1324&sign=2ac80ece3cd68659f063d2f570f53d89&c_uniq_tag=3rZb2PxlB4Ab93VwtIrzmyORCwt-xMo1NcFAf8bf7TM&type=album","s":"https://sun9-20.userapi.com/impg/RO9f-K-81f9KfMvMHO0UzwSGOuqdz_e0zDOA1A/2FvYlU5FKGE.jpg?size=200x356&quality=95&sign=7fa3d771fcebf2647f7ace401838a3ab&c_uniq_tag=46RkzWOiKBP0Tv5T0_ac9nU2IN5h9KbzXExyEvvidis&type=album","n":"https://sun9-20.userapi.com/impg/RO9f-K-81f9KfMvMHO0UzwSGOuqdz_e0zDOA1A/2FvYlU5FKGE.jpg?size=750x1334&quality=95&sign=7b259772f03009237c94ca9c30ab3ed1&c_uniq_tag=SxmPpExDQRiyrOTI-X1Dem-crIqhpylSW2ImEuP9aA0&type=album","o":"https://sun9-20.userapi.com/impg/RO9f-K-81f9KfMvMHO0UzwSGOuqdz_e0zDOA1A/2FvYlU5FKGE.jpg?size=607x1080&quality=95&sign=9b4ceaf936284669626db9e8303d5a13&c_uniq_tag=8JM_q6mgkH-pWFxmAOx3zrEXMxNNCLRvbJ4owk7eSSs&type=album","t":"https://sun9-20.userapi.com/impg/RO9f-K-81f9KfMvMHO0UzwSGOuqdz_e0zDOA1A/2FvYlU5FKGE.jpg?size=340x604&quality=95&sign=91c549aa99078cb46701aa11ef65b722&c_uniq_tag=85oijlNFw8o1lifRhW6irS1GWatISxj7Ln_wVshIjqw&type=album"},"z":"","q":0,"w":0,"o":193081160,"i":457246787,"d":522183838}],"m":[]},{"i":2736066,"f":193081160,"t":"Спасибо, как отправлю, отпишусь что там получилось и скину","d":522179614,"a":[],"m":[{"f":15267753,"t":"Накладная успешно создана с номером: 1355662115\n500","d":522179216,"a":[]}]},{"i":2736038,"f":15267753,"t":"Накладная успешно создана с номером: 1355662115\n500","d":522179216,"a":[],"m":[{"f":193081160,"t":"Из спб \nПолучатель Московская область г Химки сдэк Транспортный проезд 3 Свиридова Надежда Сергеевна 9045322216\nВес 8.5кг","d":522178850,"a":[]}]},{"i":2736033,"f":193081160,"t":"Маленький баул 30х40х10","d":522178958,"a":[],"m":[]},{"i":2736027,"f":193081160,"t":"Габариты щас напишу","d":522178858,"a":[],"m":[]},{"i":2736025,"f":193081160,"t":"Из спб \nПолучатель Московская область г Химки сдэк Транспортный проезд 3 Свиридова Надежда Сергеевна 9045322216\nВес 8.5кг","d":522178850,"a":[],"m":[]},{"i":2736023,"f":15267753,"t":"Прив давай","d":522178772,"a":[],"m":[]},{"i":2736022,"f":193081160,"t":"Сдэкич сделаешь?","d":522178763,"a":[],"m":[]},{"i":2736021,"f":193081160,"t":"Привет","d":522178759,"a":[],"m":[]},{"i":2734548,"f":15267753,"t":"+","d":522088491,"a":[],"m":[]},{"i":2734447,"f":193081160,"t":"","d":522086547,"a":[{"t":0,"s":{"m":"https://sun9-14.userapi.com/impg/GOJPULukZsJGPOcEOIkb3K7xDXhIkPYzoHCkzg/l3vMPqWnR3A.jpg?size=510x900&quality=95&crop=0,0,750,1324&sign=d37bfd4251f187546db070afd7dc4f3a&c_uniq_tag=6VMSjAcrnRPg4cNClAwAgR0Gap6MwAuTNiUsNm6zFsE&type=album","s":"https://sun9-14.userapi.com/impg/GOJPULukZsJGPOcEOIkb3K7xDXhIkPYzoHCkzg/l3vMPqWnR3A.jpg?size=200x356&quality=95&sign=f80a76f5cf9a217457f44c4f1d13ed9d&c_uniq_tag=PLc4yPAiOsU38QyBDYcW1sbaksv1BnW6fSnqfeSDWc4&type=album","n":"https://sun9-14.userapi.com/impg/GOJPULukZsJGPOcEOIkb3K7xDXhIkPYzoHCkzg/l3vMPqWnR3A.jpg?size=750x1334&quality=95&sign=c84ffa65c0f4cf3931578b262da1482e&c_uniq_tag=q4I1BfDr_oTJQDItU6GAMRQ5DqdJXRZR3GKAyJlKq7g&type=album","o":"https://sun9-14.userapi.com/impg/GOJPULukZsJGPOcEOIkb3K7xDXhIkPYzoHCkzg/l3vMPqWnR3A.jpg?size=607x1080&quality=95&sign=8ecfb79535557904906a02636b4b214e&c_uniq_tag=UNzTxB7w83do6ljslhK8XJplB8Q5OkUi9-wF6iWRrBQ&type=album","t":"https://sun9-14.userapi.com/impg/GOJPULukZsJGPOcEOIkb3K7xDXhIkPYzoHCkzg/l3vMPqWnR3A.jpg?size=340x604&quality=95&sign=e1f44dd7e49f72a9026233640d58e730&c_uniq_tag=-rB198jLcUeFpAF5ksV3s5CS7n9graaiZXomPrBLkt0&type=album"},"z":"","q":0,"w":0,"o":193081160,"i":457246786,"d":522086546}],"m":[]},{"i":2734353,"f":15267753,"t":"Накладная успешно создана с номером: 1355352414\n350","d":522083188,"a":[],"m":[{"f":193081160,"t":"Привет, можно накладную сделать? \nОтправка будет из мск \nПолучатель Захарова Яна Езасовна, 89049299219, г. Ростов-на-Дону, ул. Беляева 24\n\n3кг текстиль размер с коробку кроссовок","d":522081581,"a":[]}]},{"i":2734340,"f":15267753,"t":"прив","d":522083138,"a":[],"m":[]},{"i":2734269,"f":193081160,"t":"Привет, можно накладную сделать? \nОтправка будет из мск \nПолучатель Захарова Яна Езасовна, 89049299219, г. Ростов-на-Дону, ул. Беляева 24\n\n3кг текстиль размер с коробку кроссовок","d":522081581,"a":[],"m":[]},{"i":2722379,"f":15267753,"t":"+","d":521324442,"a":[],"m":[]},{"i":2722375,"f":193081160,"t":"Всё Гуд, закинул, спасибо","d":521324251,"a":[],"m":[]},{"i":2722299,"f":15267753,"t":"Оке","d":521320449,"a":[],"m":[]},{"i":2722296,"f":193081160,"t":"Мало ли что там опять насчитают","d":521320431,"a":[],"m":[]},{"i":2722295,"f":193081160,"t":"Отправлю их, и скину кэш","d":521320416,"a":[],"m":[]},{"i":2722294,"f":193081160,"t":"От души","d":521320411,"a":[],"m":[]},{"i":2722285,"f":15267753,"t":"Накладная успешно создана с номером: 1353360081\n800","d":521320222,"a":[],"m":[{"f":193081160,"t":"И вот ещё одну надо \n17кг баул 40х50х20\n\nЛиманова Ирина Борисовна, офис сдэк: Московская обл, город Жуковский, ул Луч, д 20","d":521318267,"a":[]}]},{"i":2722284,"f":193081160,"t":"+7 (903) 799-71-74","d":521320171,"a":[],"m":[{"f":15267753,"t":"Тел","d":521318691,"a":[]}]},{"i":2722250,"f":15267753,"t":"Тел","d":521318691,"a":[],"m":[{"f":193081160,"t":"И вот ещё одну надо \n17кг баул 40х50х20\n\nЛиманова Ирина Борисовна, офис сдэк: Московская обл, город Жуковский, ул Луч, д 20","d":521318267,"a":[]}]},{"i":2722249,"f":15267753,"t":"Накладная успешно создана с номером: 1353354811\n250","d":521318603,"a":[],"m":[{"f":193081160,"t":"Мне бы накладную \n\n89801469288\nMSK599\nул. Профсоюзная, 102А\nСмолов Александр","d":521317618,"a":[]}]},{"i":2722245,"f":193081160,"t":"И вот ещё одну надо \n17кг баул 40х50х20\n\nЛиманова Ирина Борисовна, офис сдэк: Московская обл, город Жуковский, ул Луч, д 20","d":521318267,"a":[],"m":[]},{"i":2722239,"f":193081160,"t":"Ага","d":521317650,"a":[],"m":[{"f":15267753,"t":"С спб?","d":521317631,"a":[]}]},{"i":2722238,"f":193081160,"t":"Документы маленький пакет очень","d":521317646,"a":[],"m":[]},{"i":2722237,"f":193081160,"t":"","d":521317638,"a":[{"t":0,"s":{"m":"https://sun9-53.userapi.com/impg/KQJwlO5CVwRhVasc1YGmhnclHLFKp9C99c401g/4gjfYwBdVTM.jpg?size=510x680&quality=95&sign=6e667549bd1dbcb0086a579ad6b3e786&c_uniq_tag=-eDnFFq9PXBhCciCtu_5-q5gBAd71-3ZNsE3akTvIA0&type=album","s":"https://sun9-53.userapi.com/impg/KQJwlO5CVwRhVasc1YGmhnclHLFKp9C99c401g/4gjfYwBdVTM.jpg?size=200x267&quality=95&sign=6525037fefefd1b477ffb89660861709&c_uniq_tag=gqT2NNjsNRwiZ51lwzq029LakcBZqGGZT7hHvmoX9LQ&type=album","n":"https://sun9-53.userapi.com/impg/KQJwlO5CVwRhVasc1YGmhnclHLFKp9C99c401g/4gjfYwBdVTM.jpg?size=1000x1334&quality=95&sign=04a16c0a54ac58b0c985241185daf538&c_uniq_tag=h5_6fb-00knxEHklC5IUHJ3rUvuOxnS_ctjZqSGEnTU&type=album","o":"https://sun9-53.userapi.com/impg/KQJwlO5CVwRhVasc1YGmhnclHLFKp9C99c401g/4gjfYwBdVTM.jpg?size=810x1080&quality=95&sign=4f73fd5308fb095398e4025f33d0ef87&c_uniq_tag=zgTGGO-kXvo0zrJbLqC7vaCMVIhaSKLriAeexb_yrg0&type=album","t":"https://sun9-53.userapi.com/impg/KQJwlO5CVwRhVasc1YGmhnclHLFKp9C99c401g/4gjfYwBdVTM.jpg?size=453x604&quality=95&sign=121d5fcafdf9ef192863d90190047e8a&c_uniq_tag=jSW8xwZFOl7wxETizJGIad1i59ceuw-K-VvtZud-0wY&type=album"},"z":"","q":0,"w":0,"o":193081160,"i":457246784,"d":521317638}],"m":[]},{"i":2722236,"f":15267753,"t":"С спб?","d":521317631,"a":[],"m":[]},{"i":2722235,"f":15267753,"t":"Габарит","d":521317630,"a":[],"m":[]},{"i":2722234,"f":193081160,"t":"Мне бы накладную \n\n89801469288\nMSK599\nул. Профсоюзная, 102А\nСмолов Александр","d":521317618,"a":[],"m":[]},{"i":2722233,"f":15267753,"t":"Прив","d":521317611,"a":[],"m":[]},{"i":2722231,"f":193081160,"t":"Привет. Тут?","d":521317551,"a":[],"m":[]},{"i":2708008,"f":15267753,"t":"+++","d":520420127,"a":[],"m":[]},{"i":2707903,"f":193081160,"t":"В плане кореш приехал, и у меня из головы вылетело","d":520385739,"a":[],"m":[]},{"i":2707902,"f":193081160,"t":"Прикинь забыл тебе кэш скинуть","d":520385727,"a":[],"m":[]},{"i":2707901,"f":193081160,"t":"Блин дядька","d":520385721,"a":[],"m":[]},{"i":2707246,"f":193081160,"t":"Щас закину","d":520363515,"a":[],"m":[]},{"i":2707243,"f":193081160,"t":"Добро","d":520363508,"a":[],"m":[]},{"i":2707242,"f":15267753,"t":"1200 тогда )","d":520363502,"a":[],"m":[]},{"i":2707241,"f":15267753,"t":"угу вес ебанули 16 с копейками","d":520363495,"a":[],"m":[]},{"i":2707238,"f":193081160,"t":"Доебчивый сдэкич, начали рулеткой мой баул измерять","d":520363445,"a":[],"m":[]},{"i":2707233,"f":193081160,"t":"Крч там немного вес иной получился, думал будет меньше, и там получилось 1125 что ли","d":520363430,"a":[],"m":[]},{"i":2707222,"f":15267753,"t":"Накладная успешно создана с номером: 1351127444\n1200","d":520363001,"a":[],"m":[]},{"i":2707221,"f":193081160,"t":"Там всё так же","d":520362993,"a":[],"m":[]},{"i":2707220,"f":193081160,"t":"Да, скопируй его","d":520362987,"a":[],"m":[]},{"i":2707219,"f":15267753,"t":"гаюарт нужен мне","d":520362951,"a":[],"m":[]},{"i":2707218,"f":15267753,"t":"или как лучше","d":520362946,"a":[],"m":[]},{"i":2707217,"f":15267753,"t":"эту скопировать?","d":520362941,"a":[],"m":[]},{"i":2707216,"f":15267753,"t":"1349158354","d":520362936,"a":[],"m":[]},{"i":2707215,"f":15267753,"t":"да","d":520362935,"a":[],"m":[]},{"i":2707214,"f":193081160,"t":"Я в сдэкиче","d":520362934,"a":[],"m":[]},{"i":2707213,"f":193081160,"t":"Получится щас замутить?","d":520362931,"a":[],"m":[]},{"i":2707212,"f":15267753,"t":"привет","d":520362918,"a":[],"m":[]},{"i":2707027,"f":193081160,"t":"Салют, нужно повторить, те же габариты, 10кг тот же получатель","d":520356228,"a":[],"m":[{"f":193081160,"t":"В город Владимир, проспект Ленина 10.\nСучков Алексей Евгеньевич\n89612555500","d":519591583,"a":[]}]},{"i":2695045,"f":15267753,"t":"+","d":519675489,"a":[],"m":[]},{"i":2694565,"f":193081160,"t":"Щас докину кэш","d":519665694,"a":[],"m":[]},{"i":2694564,"f":193081160,"t":"Спасибо","d":519665687,"a":[],"m":[]},{"i":2694563,"f":15267753,"t":"да","d":519665686,"a":[],"m":[]},{"i":2694562,"f":193081160,"t":"Гуд","d":519665685,"a":[],"m":[]},{"i":2694561,"f":193081160,"t":"Окей","d":519665684,"a":[],"m":[]},{"i":2694560,"f":193081160,"t":"Накладная та же по цифрам","d":519665682,"a":[],"m":[]},{"i":2694559,"f":15267753,"t":"лан пох","d":519665679,"a":[],"m":[]},{"i":2694557,"f":15267753,"t":"а то хуйни какой то наделал)","d":519665634,"a":[],"m":[]},{"i":2694556,"f":15267753,"t":"пусть почитает гайд как делать накладные в сдеке","d":519665627,"a":[],"m":[]},{"i":2694555,"f":15267753,"t":"там кто редактировал накладную","d":519665618,"a":[],"m":[]},{"i":2694554,"f":15267753,"t":"850 она стала","d":519665604,"a":[],"m":[]},{"i":2694553,"f":15267753,"t":"Накладная с номером 1349158354 успешно изменена","d":519665601,"a":[],"m":[]},{"i":2694548,"f":15267753,"t":"прив","d":519665518,"a":[],"m":[]},{"i":2694547,"f":193081160,"t":"Сможешь?","d":519665498,"a":[],"m":[]},{"i":2694496,"f":193081160,"t":"50х60х30 10кг тот же адрес","d":519663689,"a":[],"m":[]},{"i":2694494,"f":193081160,"t":"Есть возмога пересоздать накладную?","d":519663649,"a":[],"m":[]},{"i":2694493,"f":193081160,"t":"Привет","d":519663635,"a":[],"m":[]},{"i":2693335,"f":193081160,"t":"","d":519596698,"a":[{"t":3,"o":193081160,"i":640550697,"n":"audio_msg.opus","e":"ogg","s":106337,"url":"https://vk.com/doc193081160_640550697?hash=H3DL792OfTqHPWl2dxTctp6nwgu1WDODD4XScSP9JtL&dl=YSXPQKcpBIro9KcVWrFK6vXTQZHMzytTn53yUgzMxDD&api=1&no_preview=1"}],"m":[]},{"i":2693326,"f":193081160,"t":"Чтобы проконсультироваться с тобой","d":519596000,"a":[],"m":[]},{"i":2693323,"f":193081160,"t":"Я пока на стоп кинул","d":519595994,"a":[],"m":[]},{"i":2693322,"f":193081160,"t":"Ахуй","d":519595978,"a":[],"m":[]},{"i":2693321,"f":193081160,"t":"И меня посчитали на 1400р","d":519595976,"a":[],"m":[]},{"i":2693320,"f":193081160,"t":"Разбили на 2 места, взял боксы, потому что нет у них мешков зелёных якобы","d":519595967,"a":[],"m":[]},{"i":2693318,"f":193081160,"t":"Итог у меня получился такой","d":519595939,"a":[],"m":[]},{"i":2693317,"f":193081160,"t":"","d":519595931,"a":[{"t":0,"s":{"m":"https://sun9-29.userapi.com/impg/tqhD3qVGVcSRATicgNA_qxyLkNEb_i-xPPdYEw/zyNH8CKU8Hs.jpg?size=510x680&quality=95&sign=1c72a3560c5fed6edf667b8178f28d2a&c_uniq_tag=9oNHhGg9vDUy2vxE8ugI78oOIpH7YxZFItifEZ1XvYI&type=album","s":"https://sun9-29.userapi.com/impg/tqhD3qVGVcSRATicgNA_qxyLkNEb_i-xPPdYEw/zyNH8CKU8Hs.jpg?size=200x267&quality=95&sign=8cbf01eb00fa76d8c8143f009eb39774&c_uniq_tag=iXmD7QeQWyPHjiRKL_FHlEVOkNNJeSvDkDyr8Ydeie4&type=album","n":"https://sun9-29.userapi.com/impg/tqhD3qVGVcSRATicgNA_qxyLkNEb_i-xPPdYEw/zyNH8CKU8Hs.jpg?size=1000x1334&quality=95&sign=d14afecc6aaca446b2112ea9c1014edd&c_uniq_tag=CSwGOTOzPAAyUA0Pw0kqa0NTnZLRagnNX4KGyRTe_eA&type=album","o":"https://sun9-29.userapi.com/impg/tqhD3qVGVcSRATicgNA_qxyLkNEb_i-xPPdYEw/zyNH8CKU8Hs.jpg?size=810x1080&quality=95&sign=ed980326a4932a67bb3b8504b83a3f62&c_uniq_tag=CVfDsdTjP7rvUi1kQAvNEOVZKjcpe1OhNu_RsMhQAFc&type=album","t":"https://sun9-29.userapi.com/impg/tqhD3qVGVcSRATicgNA_qxyLkNEb_i-xPPdYEw/zyNH8CKU8Hs.jpg?size=453x604&quality=95&sign=178b6d659616b9354742d1187b89c73b&c_uniq_tag=bgYnSzn7x6llG_zu4X9aaZymSVGjgokrmV4uMUF3BDs&type=album"},"z":"","q":0,"w":0,"o":193081160,"i":457246781,"d":519595930},{"t":0,"s":{"m":"https://sun9-38.userapi.com/impg/H1c9m5_fFJrMk50T9VGvdp29_txqrSxHiNyl6g/AUuRS-rUqLo.jpg?size=510x680&quality=95&sign=fd6b2389e973bce7914f9cf0c8c87f94&c_uniq_tag=97EPD7vsdZ_5ZDApdrSGtX3WMZrbbe9-rJ2P7a3CgP0&type=album","s":"https://sun9-38.userapi.com/impg/H1c9m5_fFJrMk50T9VGvdp29_txqrSxHiNyl6g/AUuRS-rUqLo.jpg?size=200x267&quality=95&sign=3a9f2b331cf4ad8db858abae3b0e02a6&c_uniq_tag=QY9FJWKsSxPaN0aJw0s5pFR2Cd3byjUk7bYQgyxdYOY&type=album","n":"https://sun9-38.userapi.com/impg/H1c9m5_fFJrMk50T9VGvdp29_txqrSxHiNyl6g/AUuRS-rUqLo.jpg?size=1000x1334&quality=95&sign=8d8374a10e7e14722d94fef7c75c3668&c_uniq_tag=Jd8rTkxi87CvIZtRqjpZvi9ZoLl1DAlN3LGoDOiKOX8&type=album","o":"https://sun9-38.userapi.com/impg/H1c9m5_fFJrMk50T9VGvdp29_txqrSxHiNyl6g/AUuRS-rUqLo.jpg?size=810x1080&quality=95&sign=33f7b3bc49239408f2acffe6f5d00ba1&c_uniq_tag=Urg7Csl9FnUqdh4eq5dDVG5ojdi7E1b7W--ZLmb--2w&type=album","t":"https://sun9-38.userapi.com/impg/H1c9m5_fFJrMk50T9VGvdp29_txqrSxHiNyl6g/AUuRS-rUqLo.jpg?size=453x604&quality=95&sign=81d96fa0857f89a7de790f1825458f22&c_uniq_tag=dYmbnm2TP0uuxb_fQkNv4bkQwmrseDAxgwRSoH0Ha_k&type=album"},"z":"","q":0,"w":0,"o":193081160,"i":457246782,"d":519595931}],"m":[]},{"i":2693316,"f":193081160,"t":"Вместо 10","d":519595918,"a":[],"m":[]},{"i":2693315,"f":193081160,"t":"Когда ты создавал, чел мне сказал, что у тебя указано было 1кг","d":519595915,"a":[],"m":[]},{"i":2693314,"f":193081160,"t":"Там получилось странно","d":519595889,"a":[],"m":[]},{"i":2693313,"f":193081160,"t":"Смотри","d":519595886,"a":[],"m":[]},{"i":2693233,"f":193081160,"t":"Оке, договорились","d":519591973,"a":[],"m":[{"f":15267753,"t":"Скажешь как шипнут могут пересчиатть посмотрю","d":519591959,"a":[]}]},{"i":2693232,"f":193081160,"t":"Щас скину","d":519591960,"a":[],"m":[]},{"i":2693231,"f":15267753,"t":"Скажешь как шипнут могут пересчиатть посмотрю","d":519591959,"a":[],"m":[]},{"i":2693230,"f":193081160,"t":"Спасибо","d":519591958,"a":[],"m":[]},{"i":2693229,"f":15267753,"t":"Накладная успешно создана с номером: 1349158354\n850","d":519591950,"a":[],"m":[]},{"i":2693227,"f":193081160,"t":"Такие","d":519591815,"a":[],"m":[]},{"i":2693226,"f":193081160,"t":"","d":519591802,"a":[{"t":0,"s":{"m":"https://sun9-18.userapi.com/impg/oyIA6G_LOcB2-gXxmJWvjuXYDWnf_f0-N_1hbQ/WfA-UOoodV4.jpg?size=510x900&quality=95&crop=0,0,750,1324&sign=a50f27b4fa2057621a2288252463057d&c_uniq_tag=dokinDeD1CuX0YftAlgPjfOqjL9l4x9fCcToyVClgl0&type=album","s":"https://sun9-18.userapi.com/impg/oyIA6G_LOcB2-gXxmJWvjuXYDWnf_f0-N_1hbQ/WfA-UOoodV4.jpg?size=200x356&quality=95&sign=ba2c7ba82f0efc22c509299f423597dc&c_uniq_tag=DBaV9WQgbk8oKNW2GThnbHsxVPJZlXMXBnnr1UKsAEM&type=album","n":"https://sun9-18.userapi.com/impg/oyIA6G_LOcB2-gXxmJWvjuXYDWnf_f0-N_1hbQ/WfA-UOoodV4.jpg?size=750x1334&quality=95&sign=f9f78a6d6ece3123d845f7e5ca8b09e9&c_uniq_tag=Ys3pkj9voMgXfkhAuU_3N3sDV6YjUS15tmuVQbumFL4&type=album","o":"https://sun9-18.userapi.com/impg/oyIA6G_LOcB2-gXxmJWvjuXYDWnf_f0-N_1hbQ/WfA-UOoodV4.jpg?size=607x1080&quality=95&sign=8738f3df69f622d72e1d705821b783d0&c_uniq_tag=mGbQbBaLLisnh3yzgY8Gk8dbahZhS9mVc05GCwP4338&type=album","t":"https://sun9-18.userapi.com/impg/oyIA6G_LOcB2-gXxmJWvjuXYDWnf_f0-N_1hbQ/WfA-UOoodV4.jpg?size=340x604&quality=95&sign=312a6271d8c335a1750b4b173c9d306c&c_uniq_tag=1dy_fNokfh6nRrQfCfPOrCR8MfhKzctN_DTi8XiqsmA&type=album"},"z":"","q":0,"w":0,"o":193081160,"i":457246780,"d":519591802}],"m":[]},{"i":2693225,"f":15267753,"t":"Ьез габаритов тяжело","d":519591786,"a":[],"m":[]},{"i":2693224,"f":15267753,"t":"Кастом всегда","d":519591779,"a":[],"m":[{"f":193081160,"t":"Какая есть выборка?","d":519591706,"a":[]}]},{"i":2693222,"f":193081160,"t":"В маленьком","d":519591722,"a":[],"m":[]},{"i":2693221,"f":193081160,"t":"Сдэковском","d":519591716,"a":[],"m":[]},{"i":2693218,"f":193081160,"t":"Я буду слать в зелёном мешке","d":519591711,"a":[],"m":[]},{"i":2693217,"f":193081160,"t":"Какая есть выборка?","d":519591706,"a":[],"m":[]},{"i":2693215,"f":15267753,"t":"Цифры бы)","d":519591661,"a":[],"m":[]},{"i":2693214,"f":193081160,"t":"Хз","d":519591660,"a":[],"m":[]},{"i":2693213,"f":193081160,"t":"Я даже затрудняюсь","d":519591659,"a":[],"m":[]},{"i":2693212,"f":193081160,"t":"","d":519591653,"a":[{"t":0,"s":{"m":"https://sun9-41.userapi.com/impg/_C3mH4HbsIE2hrrwz6AGS3-N9Z8v60PQSwOTug/0jMWN-FJ-2s.jpg?size=510x680&quality=95&sign=512bb630e15f9d15eeeb590a1f5a65ae&c_uniq_tag=4x5QWeyT8ibh8K8JZwf_NunpN5j-AIwatmkXcoluC00&type=album","s":"https://sun9-41.userapi.com/impg/_C3mH4HbsIE2hrrwz6AGS3-N9Z8v60PQSwOTug/0jMWN-FJ-2s.jpg?size=200x267&quality=95&sign=ce72e380b3c609b34775352247a2cb41&c_uniq_tag=OAt8WwDkj4cOTDfsXfFDeKhoHMq71jDzEGD_XwVY8_4&type=album","n":"https://sun9-41.userapi.com/impg/_C3mH4HbsIE2hrrwz6AGS3-N9Z8v60PQSwOTug/0jMWN-FJ-2s.jpg?size=1000x1334&quality=95&sign=f874296c17f93659f89a241b35bd49d2&c_uniq_tag=H825FHPE7xEKyd0-5_v2dsdVnu5aVi9E9N3ToswStIo&type=album","o":"https://sun9-41.userapi.com/impg/_C3mH4HbsIE2hrrwz6AGS3-N9Z8v60PQSwOTug/0jMWN-FJ-2s.jpg?size=810x1080&quality=95&sign=0061b151769ab9bf85e11a76fb9fa5b2&c_uniq_tag=BprwBPCZEc6dZn3Heq91BMhGbTM5a2p-2SjU9pM9C1s&type=album","t":"https://sun9-41.userapi.com/impg/_C3mH4HbsIE2hrrwz6AGS3-N9Z8v60PQSwOTug/0jMWN-FJ-2s.jpg?size=453x604&quality=95&sign=eedb8edce045d69548f2af7ee4ecf0c1&c_uniq_tag=dz6LBa7nQiDwla_5YDSC49EmCHViFjkWvKDG2I-NTmk&type=album"},"z":"","q":0,"w":0,"o":193081160,"i":457246779,"d":519591652}],"m":[]},{"i":2693210,"f":15267753,"t":"Габарит скажешь","d":519591640,"a":[],"m":[]},{"i":2693209,"f":193081160,"t":"Вес будет 9кг","d":519591629,"a":[],"m":[]},{"i":2693206,"f":193081160,"t":"Нет","d":519591597,"a":[],"m":[]},{"i":2693205,"f":15267753,"t":"Пара?","d":519591592,"a":[],"m":[]},{"i":2693204,"f":193081160,"t":"Из спб","d":519591589,"a":[],"m":[]},{"i":2693203,"f":193081160,"t":"В город Владимир, проспект Ленина 10.\nСучков Алексей Евгеньевич\n89612555500","d":519591583,"a":[],"m":[]},{"i":2693202,"f":15267753,"t":"Прив давай","d":519591563,"a":[],"m":[]},{"i":2693200,"f":193081160,"t":"Привет, можно сдэк?","d":519591543,"a":[],"m":[]},{"i":2639751,"f":15267753,"t":"+","d":516450733,"a":[],"m":[]},{"i":2639638,"f":193081160,"t":"","d":516423249,"a":[{"t":0,"s":{"m":"https://sun9-65.userapi.com/impg/oUkxAYZI2Jx-SzHdIdD_6upF3Y_JZ2u-TnvHFQ/Y7uR9imaDGI.jpg?size=510x900&quality=95&crop=0,0,750,1324&sign=943fb910b3c87f5b7dfaf98a9e881eb0&c_uniq_tag=BjqxNesqxuBOcW746zMIr6D0_yi_snXSPJ9G9lHBxDc&type=album","s":"https://sun9-65.userapi.com/impg/oUkxAYZI2Jx-SzHdIdD_6upF3Y_JZ2u-TnvHFQ/Y7uR9imaDGI.jpg?size=200x356&quality=95&sign=f13a7f8f96c54a4e618a7e58b14e352f&c_uniq_tag=19cz7zCOy5fVVuqmq4Rn77Kb-Al1PdbLQAymtyXpxFc&type=album","n":"https://sun9-65.userapi.com/impg/oUkxAYZI2Jx-SzHdIdD_6upF3Y_JZ2u-TnvHFQ/Y7uR9imaDGI.jpg?size=750x1334&quality=95&sign=90a77cf04618b286f454c40c524b6445&c_uniq_tag=E9DTWaQuHOO86JvT7neOwSHRzT2wMVNxBONh5qsAHhk&type=album","o":"https://sun9-65.userapi.com/impg/oUkxAYZI2Jx-SzHdIdD_6upF3Y_JZ2u-TnvHFQ/Y7uR9imaDGI.jpg?size=607x1080&quality=95&sign=3e6f412f2577fad50a7b3b86d2be6eb4&c_uniq_tag=dx9HSTBd_oezcMAe_ph__m-qsTODwCbkNhBuSnesGDY&type=album","t":"https://sun9-65.userapi.com/impg/oUkxAYZI2Jx-SzHdIdD_6upF3Y_JZ2u-TnvHFQ/Y7uR9imaDGI.jpg?size=340x604&quality=95&sign=d8c6d9d1811e998fd4d027da8697d532&c_uniq_tag=CFnRiXQ3W6F0RpBc5KzAaJvGTPEYVB4HXcAyoVr7iNU&type=album"},"z":"","q":0,"w":0,"o":193081160,"i":457246759,"d":516423248}],"m":[]},{"i":2639473,"f":15267753,"t":"Накладная успешно создана с номером: 1341054523\n250","d":516414526,"a":[],"m":[{"f":193081160,"t":"Савельев Павел Олегович\nГ. Москва, ул. Озерная 2к1\n89207415044","d":516390735,"a":[]}]},{"i":2638981,"f":193081160,"t":"Опять же пара 1 без бокса","d":516392148,"a":[],"m":[]},{"i":2638980,"f":193081160,"t":"Ага","d":516392123,"a":[],"m":[]},{"i":2638940,"f":15267753,"t":"Из спб?","d":516391116,"a":[],"m":[]},{"i":2638939,"f":15267753,"t":"Привет","d":516391113,"a":[],"m":[]},{"i":2638937,"f":193081160,"t":"Савельев Павел Олегович\nГ. Москва, ул. Озерная 2к1\n89207415044","d":516390735,"a":[],"m":[]},{"i":2638925,"f":193081160,"t":"Можно сдэк?","d":516390477,"a":[],"m":[]},{"i":2638924,"f":193081160,"t":"Салют","d":516390475,"a":[],"m":[]},{"i":2595611,"f":15267753,"t":"+","d":513534452,"a":[],"m":[]},{"i":2595610,"f":193081160,"t":"Перевёл","d":513534440,"a":[],"m":[]},{"i":2595568,"f":15267753,"t":"Накладная успешно создана с номером: 1334121245\n500","d":513531192,"a":[],"m":[{"f":193081160,"t":"СДЭК\nслужба экспресс-доставки Ленинградский проспект, 73 Ленинградский, Железногорск, Красноярский край\nМурсалимов Алексей Александрович\n+7(913)772-0855","d":513526503,"a":[]}]},{"i":2595567,"f":15267753,"t":"Из спб да","d":513531030,"a":[],"m":[]},{"i":2595565,"f":15267753,"t":"Привет","d":513530966,"a":[],"m":[]},{"i":2595564,"f":15267753,"t":"Да","d":513530954,"a":[],"m":[]},{"i":2595562,"f":193081160,"t":"Сможешь?","d":513530872,"a":[],"m":[]},{"i":2595491,"f":193081160,"t":"Бег лёгкие","d":513526518,"a":[],"m":[]},{"i":2595490,"f":193081160,"t":"Одна пара без бокса","d":513526513,"a":[],"m":[]},{"i":2595489,"f":193081160,"t":"Можно сделать?","d":513526507,"a":[],"m":[]},{"i":2595488,"f":193081160,"t":"СДЭК\nслужба экспресс-доставки Ленинградский проспект, 73 Ленинградский, Железногорск, Красноярский край\nМурсалимов Алексей Александрович\n+7(913)772-0855","d":513526503,"a":[],"m":[]},{"i":2595487,"f":193081160,"t":"Привет","d":513526501,"a":[],"m":[]},{"i":2473092,"f":193081160,"t":"12 февраля","d":507239679,"a":[],"m":[]},{"i":2473091,"f":193081160,"t":"Андрей альбертович переводил","d":507239671,"a":[],"m":[]},{"i":2473090,"f":15267753,"t":"Оккк","d":507239655,"a":[],"m":[]},{"i":2473089,"f":193081160,"t":"Улетали","d":507239653,"a":[],"m":[]},{"i":2473088,"f":193081160,"t":"Да","d":507239650,"a":[],"m":[]},{"i":2473087,"f":193081160,"t":"","d":507239648,"a":[{"t":0,"s":{"m":"https://sun9-80.userapi.com/impg/A4TypHJJ7vMzIIi40czLcI6xTb3MUe8Oeskhrg/ctTL8qrrbYI.jpg?size=510x900&quality=95&crop=0,0,591,1043&sign=ba58567175fa94c64abc9743813239be&c_uniq_tag=-wpQ5bWpwUHyFqv1OB_B2h3EmPU8K2v5xzEDRHhVMms&type=album","s":"https://sun9-80.userapi.com/impg/A4TypHJJ7vMzIIi40czLcI6xTb3MUe8Oeskhrg/ctTL8qrrbYI.jpg?size=200x433&quality=95&sign=a354e6e380ccb0246da57e95b6393a49&c_uniq_tag=3astZ2Q3wy8wRQmHlxOQ3WIF0uSQIWTEgkUu4MAC0wU&type=album","n":"https://sun9-80.userapi.com/impg/A4TypHJJ7vMzIIi40czLcI6xTb3MUe8Oeskhrg/ctTL8qrrbYI.jpg?size=591x1280&quality=95&sign=45b5d95dd62f5ec5184493b148285c43&c_uniq_tag=iJ-XAU2hW03gy20DAOhmo1CvQIyUNiuaSP0n4A75RWM&type=album","o":"https://sun9-80.userapi.com/impg/A4TypHJJ7vMzIIi40czLcI6xTb3MUe8Oeskhrg/ctTL8qrrbYI.jpg?size=499x1080&quality=95&sign=84cede940e8e3de12306eb10aa3925df&c_uniq_tag=bpzmP9jc91qN28s0JODAXRWnp-6d6e76uk8Efv9AnVc&type=album","t":"https://sun9-80.userapi.com/impg/A4TypHJJ7vMzIIi40czLcI6xTb3MUe8Oeskhrg/ctTL8qrrbYI.jpg?size=279x604&quality=95&sign=ecc011e15fa5763ee254f54bbc76f9c5&c_uniq_tag=Es7MGpJCqQHHw8X_5u4MVudmEPmmbn5WWeDr5UY93ow&type=album"},"z":"","q":0,"w":0,"o":193081160,"i":457246746,"d":507239648}],"m":[]},{"i":2473085,"f":15267753,"t":"Угу","d":507239623,"a":[],"m":[]},{"i":2473084,"f":193081160,"t":"По последней накладной?","d":507239613,"a":[],"m":[]},{"i":2473083,"f":193081160,"t":"Привет","d":507239608,"a":[],"m":[]},{"i":2472155,"f":15267753,"t":"привет, а сдек ты закидывал?","d":507224753,"a":[],"m":[]},{"i":2447877,"f":15267753,"t":"Накладная успешно создана с номером: 1315202530\n350","d":505915020,"a":[],"m":[{"f":193081160,"t":"Отправление:\nГ. Тольятти ул. Карла Маркса 51\nПолучение Манзырев Андрей Альбертович\n5 Предпортовый проезд 1, 196240\n+79992180376","d":505913582,"a":[]}]},{"i":2447876,"f":193081160,"t":"СПб","d":505914966,"a":[],"m":[{"f":15267753,"t":"а город получателя","d":505914592,"a":[]}]},{"i":2447864,"f":15267753,"t":"а город получателя","d":505914592,"a":[],"m":[]},{"i":2447850,"f":193081160,"t":"Принял","d":505913593,"a":[],"m":[]},{"i":2447849,"f":15267753,"t":"Ща 10 мин","d":505913589,"a":[],"m":[]},{"i":2447848,"f":193081160,"t":"Один пара кросс","d":505913586,"a":[],"m":[]},{"i":2447847,"f":15267753,"t":"Прив давай","d":505913585,"a":[],"m":[]},{"i":2447846,"f":193081160,"t":"Отправление:\nГ. Тольятти ул. Карла Маркса 51\nПолучение Манзырев Андрей Альбертович\n5 Предпортовый проезд 1, 196240\n+79992180376","d":505913582,"a":[],"m":[]},{"i":2447845,"f":193081160,"t":"Можно сдэкич?","d":505913576,"a":[],"m":[]},{"i":2447844,"f":193081160,"t":"Привет","d":505913571,"a":[],"m":[]},{"i":2413197,"f":15267753,"t":"+","d":503690649,"a":[],"m":[]},{"i":2413170,"f":193081160,"t":"Спасибо","d":503689993,"a":[],"m":[]},{"i":2413127,"f":15267753,"t":"Накладная успешно создана с номером: 1307899640\n250","d":503688873,"a":[],"m":[]},{"i":2413125,"f":193081160,"t":"Размером с духи","d":503688867,"a":[],"m":[]},{"i":2413122,"f":193081160,"t":"Габариты вообще минимальные","d":503688853,"a":[],"m":[]},{"i":2413121,"f":15267753,"t":"Привет","d":503688800,"a":[],"m":[]},{"i":2413119,"f":193081160,"t":"Отправитель спб","d":503688789,"a":[],"m":[]},{"i":2413118,"f":193081160,"t":"Можно повторить?","d":503688782,"a":[],"m":[{"f":193081160,"t":"Получатель\nВелиев Магомед  \nАзовская ул., 6, корп. 2, Москва, Россия\n\n8 (916) 147-65-50","d":501095096,"a":[]}]},{"i":2413115,"f":193081160,"t":"Салют","d":503688773,"a":[],"m":[]},{"i":2393593,"f":15267753,"t":"Привет","d":502039502,"a":[],"m":[]},{"i":2392440,"f":15267753,"t":"+","d":501951991,"a":[],"m":[]},{"i":2392438,"f":193081160,"t":"Спасибо, щас скину тебе","d":501951880,"a":[],"m":[]},{"i":2392435,"f":15267753,"t":"Накладная успешно создана с номером: 1303907350\n250","d":501951711,"a":[],"m":[]},{"i":2392434,"f":193081160,"t":"Футболки 2","d":501951667,"a":[],"m":[]},{"i":2392433,"f":15267753,"t":"пара?","d":501951659,"a":[],"m":[]},{"i":2392431,"f":193081160,"t":"Из спб","d":501951651,"a":[],"m":[]},{"i":2392430,"f":15267753,"t":"привет","d":501951649,"a":[],"m":[]},{"i":2392429,"f":193081160,"t":"Привет. Можно сделать?","d":501951642,"a":[],"m":[{"f":492140582,"t":"Москаленко Никита Олегович \n89197994949","d":501948255,"a":[]},{"f":492140582,"t":"Msk208","d":501948408,"a":[]}]},{"i":2380352,"f":15267753,"t":"Накладная успешно создана с номером: 1300831391\n250","d":501095760,"a":[],"m":[]},{"i":2380344,"f":193081160,"t":"Витамины буду отправлять","d":501095229,"a":[],"m":[]},{"i":2380343,"f":193081160,"t":"Нет, там меньше габариты","d":501095213,"a":[],"m":[]},{"i":2380341,"f":193081160,"t":"Из спб","d":501095196,"a":[],"m":[]},{"i":2380340,"f":15267753,"t":"Пара?","d":501095196,"a":[],"m":[]},{"i":2380339,"f":193081160,"t":"Отправитель я","d":501095189,"a":[],"m":[]},{"i":2380338,"f":15267753,"t":"Привте","d":501095180,"a":[],"m":[]},{"i":2380334,"f":193081160,"t":"Получатель\nВелиев Магомед  \nАзовская ул., 6, корп. 2, Москва, Россия\n\n8 (916) 147-65-50","d":501095096,"a":[],"m":[]},{"i":2380332,"f":193081160,"t":"Привет. Можно сдэк?","d":501095050,"a":[],"m":[]},{"i":2371370,"f":193081160,"t":"Спасибо, щас закину","d":500412646,"a":[],"m":[]},{"i":2371367,"f":15267753,"t":"Накладная успешно создана с номером: 1298280617\n250","d":500412626,"a":[],"m":[]},{"i":2371364,"f":193081160,"t":"Без бокса даже","d":500412373,"a":[],"m":[]},{"i":2371363,"f":193081160,"t":"Одна","d":500412367,"a":[],"m":[]},{"i":2371362,"f":193081160,"t":"Да","d":500412366,"a":[],"m":[]},{"i":2371359,"f":15267753,"t":"Пара да","d":500412124,"a":[],"m":[]},{"i":2371358,"f":193081160,"t":"Коломяжский проспект 15 корпус 8","d":500412068,"a":[],"m":[]},{"i":2371355,"f":193081160,"t":"Из спб буду отправлять","d":500412033,"a":[],"m":[]},{"i":2371353,"f":193081160,"t":"ул. Барклая, 7/1(сдэк), Москва\n\nБесолов Андрей Викторович\n\n89265857271","d":500411998,"a":[],"m":[]},{"i":2371351,"f":193081160,"t":"А ок)","d":500411945,"a":[],"m":[]},{"i":2371350,"f":15267753,"t":"Текст скопируещь)","d":500411939,"a":[],"m":[]},{"i":2371349,"f":193081160,"t":"Отправитель я","d":500411936,"a":[],"m":[]},{"i":2371348,"f":15267753,"t":"Привет да","d":500411934,"a":[],"m":[]},{"i":2371347,"f":193081160,"t":"","d":500411930,"a":[{"t":0,"s":{"m":"https://sun9-12.userapi.com/impg/jQv1UNplZVlHQGueZ-8UKRMpsL2kC3gQA8ZJLg/u669HRNTNS4.jpg?size=510x900&quality=95&crop=0,0,828,1461&sign=3b19e591fb344162497d3c82a1ad6265&c_uniq_tag=i071A7Tt_LrqpNYX7JnLI8eML4_Ac--sPCLFkv0q_8g&type=album","s":"https://sun9-12.userapi.com/impg/jQv1UNplZVlHQGueZ-8UKRMpsL2kC3gQA8ZJLg/u669HRNTNS4.jpg?size=200x356&quality=95&sign=2af0f24d23ab4d3c42d74b4abd1c5815&c_uniq_tag=qjNJ-TeCXbe_zpYec4XBb54kThXbKsYcAwZYs0MsPko&type=album","n":"https://sun9-12.userapi.com/impg/jQv1UNplZVlHQGueZ-8UKRMpsL2kC3gQA8ZJLg/u669HRNTNS4.jpg?size=828x1472&quality=95&sign=751c3a33586120fad3acbe765014d4b8&c_uniq_tag=xlNL-S1z4EC8D2vAmrHiaZbsqOaeTWJWn9PNP6wheJE&type=album","o":"https://sun9-12.userapi.com/impg/jQv1UNplZVlHQGueZ-8UKRMpsL2kC3gQA8ZJLg/u669HRNTNS4.jpg?size=607x1080&quality=95&sign=9deb2b2343751a559fd97cef669f61c3&c_uniq_tag=K2rG0DVPO6Mum0CQJp3zZRmY4Ba3Jf6L3yQwwB3CAgY&type=album","t":"https://sun9-12.userapi.com/impg/jQv1UNplZVlHQGueZ-8UKRMpsL2kC3gQA8ZJLg/u669HRNTNS4.jpg?size=340x604&quality=95&sign=fcad961869e0ac5f03088ce262b1d93c&c_uniq_tag=82zMwgY5ft0iTVS58yl5UNRG8geSH-sFJGvmbWfPHKY&type=album"},"z":"","q":0,"w":0,"o":193081160,"i":457246702,"d":500411930}],"m":[]},{"i":2371346,"f":193081160,"t":"Сделаешь сдэк?","d":500411921,"a":[],"m":[]},{"i":2371345,"f":193081160,"t":"Привет","d":500411917,"a":[],"m":[]},{"i":2348043,"f":15267753,"t":"+++","d":498705530,"a":[],"m":[]},{"i":2348016,"f":193081160,"t":"Отправил","d":498699540,"a":[],"m":[]},{"i":2348015,"f":193081160,"t":"Щас я докину тебе","d":498699486,"a":[],"m":[]},{"i":2348014,"f":193081160,"t":"Блин, отправитель видимо забомбил коробку в договор","d":498699479,"a":[],"m":[]},{"i":2345802,"f":15267753,"t":"а тут почему то еще упаковки на 80р посчитали в накладную","d":498576026,"a":[],"m":[{"f":15267753,"t":"Накладная успешно создана с номером: 1290900919\n320","d":498399638,"a":[]}]},{"i":2342611,"f":15267753,"t":"+++","d":498399976,"a":[],"m":[]},{"i":2342605,"f":193081160,"t":"Готово","d":498399880,"a":[],"m":[]},{"i":2342602,"f":15267753,"t":"етот","d":498399709,"a":[],"m":[{"f":15267753,"t":"89059515168 сбер","d":483198063,"a":[]}]},{"i":2342601,"f":15267753,"t":"да","d":498399705,"a":[],"m":[]},{"i":2342599,"f":193081160,"t":"Телефона","d":498399669,"a":[],"m":[]},{"i":2342598,"f":193081160,"t":"Номер у тебя тот же?","d":498399665,"a":[],"m":[]},{"i":2342597,"f":15267753,"t":"Накладная успешно создана с номером: 1290900919\n320","d":498399638,"a":[],"m":[]},{"i":2342591,"f":193081160,"t":"Одна пара кроссовок там даже без коробки","d":498399182,"a":[],"m":[]},{"i":2342590,"f":15267753,"t":"а габариты?","d":498399168,"a":[],"m":[]},{"i":2342588,"f":193081160,"t":"Отправитель с екб будет \n\n+7 (958) 491-20-64 его номер \nОтделение бардина 11.корпус 1.\n\nИ мне\nОгнивенко Артём Сергеевич \nСпб, коломяжский 28к2 сдэк\n9536823648","d":498399082,"a":[],"m":[]},{"i":2342578,"f":15267753,"t":"Да","d":498398955,"a":[],"m":[]},{"i":2342577,"f":15267753,"t":"Привет","d":498398951,"a":[],"m":[]},{"i":2342575,"f":193081160,"t":"Накладную сдэк щелкнешь?)","d":498398928,"a":[],"m":[]},{"i":2342574,"f":193081160,"t":"Салют","d":498398917,"a":[],"m":[]},{"i":2080623,"f":15267753,"t":"+","d":483198117,"a":[],"m":[]},{"i":2080621,"f":193081160,"t":"Ушли","d":483198105,"a":[],"m":[]},{"i":2080618,"f":193081160,"t":"Щас закину","d":483198067,"a":[],"m":[]},{"i":2080617,"f":193081160,"t":"Спасибо","d":483198064,"a":[],"m":[]},{"i":2080616,"f":15267753,"t":"89059515168 сбер","d":483198063,"a":[],"m":[]},{"i":2080615,"f":15267753,"t":"300","d":483198057,"a":[],"m":[]},{"i":2080614,"f":15267753,"t":"Накладная успешно создана с номером: 1252281957","d":483198054,"a":[],"m":[]},{"i":2080613,"f":193081160,"t":"Все верно","d":483198009,"a":[],"m":[]},{"i":2080612,"f":15267753,"t":"С спб?","d":483198004,"a":[],"m":[]},{"i":2080611,"f":193081160,"t":"Да в боксе","d":483198003,"a":[],"m":[]},{"i":2080610,"f":15267753,"t":"Пара?","d":483197997,"a":[],"m":[]},{"i":2080609,"f":193081160,"t":"Жду тогда","d":483197989,"a":[],"m":[]},{"i":2080608,"f":193081160,"t":"Кайфы","d":483197987,"a":[],"m":[]},{"i":2080607,"f":15267753,"t":"Да я знаю","d":483197982,"a":[],"m":[]},{"i":2080606,"f":193081160,"t":"В сдэке просто ввести ООО и оформить на адрес ООО наша Почта Малиновского 5 Ростов на Дону","d":483197965,"a":[],"m":[]},{"i":2080605,"f":15267753,"t":"Да","d":483197943,"a":[],"m":[]},{"i":2080604,"f":193081160,"t":"Щас сможешь?","d":483197938,"a":[],"m":[]},{"i":2080603,"f":15267753,"t":"Да","d":483197931,"a":[],"m":[]},{"i":2080602,"f":15267753,"t":"Привет","d":483197930,"a":[],"m":[]},{"i":2080601,"f":193081160,"t":"Сдэк замутишь?","d":483197927,"a":[],"m":[]},{"i":2080600,"f":193081160,"t":"Привет","d":483197920,"a":[],"m":[]},{"i":1878050,"f":15267753,"t":"Неа только белые остались","d":471687181,"a":[],"m":[]},{"i":1878049,"f":15267753,"t":"Привет","d":471687172,"a":[],"m":[]},{"i":1877899,"f":193081160,"t":"У тебя есть шоксы чёрные в наличии?","d":471656185,"a":[],"m":[]},{"i":1877898,"f":193081160,"t":"Салют","d":471656170,"a":[],"m":[]},{"i":1030195,"f":193081160,"t":"Спасибо за содействие","d":415759043,"a":[],"m":[]},{"i":1030186,"f":15267753,"t":"ну можешь сам мониторить время от времени, там каждый день добавляют удаляют","d":415756719,"a":[],"m":[]},{"i":1030185,"f":15267753,"t":"https://www.dns-shop.ru/catalog/markdown/8cc3ce59-d25a-48c6-b260-c490eed2cf2d/","d":415756703,"a":[],"m":[]},{"i":1030184,"f":15267753,"t":"остался такой только","d":415756702,"a":[],"m":[]},{"i":1030183,"f":15267753,"t":"тот забради","d":415756698,"a":[],"m":[]},{"i":1030182,"f":15267753,"t":"прив","d":415756695,"a":[],"m":[]},{"i":1028968,"f":15267753,"t":"да, напишу как буду готов )","d":415558930,"a":[],"m":[]},{"i":1028967,"f":193081160,"t":"Ближе к делу разберёмся","d":415558867,"a":[],"m":[]},{"i":1028966,"f":193081160,"t":"Ладно","d":415558859,"a":[],"m":[]},{"i":1028965,"f":15267753,"t":"и он отказался","d":415558851,"a":[],"m":[]},{"i":1028964,"f":15267753,"t":"ему новую трубку дали","d":415558845,"a":[],"m":[]},{"i":1028962,"f":15267753,"t":"видимо кто то по гарантии поменял","d":415558841,"a":[],"m":[]},{"i":1028961,"f":15267753,"t":"хз","d":415558836,"a":[],"m":[]},{"i":1028960,"f":193081160,"t":"Это что- о типа выставочного экспоната?","d":415558825,"a":[],"m":[]},{"i":1028949,"f":15267753,"t":"я пока не в городе","d":415558641,"a":[],"m":[]},{"i":1028948,"f":15267753,"t":"да могу, тока через пару дней","d":415558638,"a":[],"m":[]},{"i":1028947,"f":193081160,"t":"Есть вариант помочь с ним?","d":415558623,"a":[],"m":[]},{"i":1028946,"f":15267753,"t":"привет","d":415558606,"a":[],"m":[]},{"i":1028945,"f":193081160,"t":"Я по поводу айфона пишу","d":415558600,"a":[],"m":[]},{"i":1028944,"f":193081160,"t":"Салют","d":415558586,"a":[],"m":[]},{"i":402573,"f":15267753,"t":"но я в близж время тудп не собираюсь","d":311014952,"a":[],"m":[]},{"i":402572,"f":15267753,"t":"ну можно позвонить туда","d":311014944,"a":[],"m":[]},{"i":402571,"f":193081160,"t":"Но а сейчас точно неизвестно?","d":311014928,"a":[],"m":[]},{"i":402570,"f":15267753,"t":"были 8ки","d":311014900,"a":[],"m":[]},{"i":402569,"f":15267753,"t":"был","d":311014900,"a":[],"m":[]},{"i":402568,"f":15267753,"t":"три дня назад","d":311014892,"a":[],"m":[]},{"i":402567,"f":193081160,"t":"Были ключевое слово верно?","d":311014868,"a":[],"m":[]},{"i":402566,"f":15267753,"t":"там самый большой 8 ка были","d":311014848,"a":[],"m":[]},{"i":402564,"f":193081160,"t":"Или к тебе не надо обращаться за помощью?","d":311014812,"a":[],"m":[]},{"i":402563,"f":193081160,"t":"Брачо, а 8.5-9 остались?","d":311014796,"a":[],"m":[]},{"i":401857,"f":193081160,"t":"А что вообще осталось?","d":310918656,"a":[],"m":[]},{"i":401856,"f":15267753,"t":"Нет","d":310918636,"a":[],"m":[]},{"i":401855,"f":193081160,"t":"","d":310918624,"a":[{"t":0,"s":{"m":"https://sun9-30.userapi.com/impf/c625224/v625224753/3c5a1/i9_xfn3gT3k.jpg?size=720x960&quality=96&sign=de185091392120f5b73076bada0061d3&c_uniq_tag=g0qrqKsmdxxOzq14Pubr6RI99TFi7xtKM1ql4Mw231A&type=album","s":"https://sun9-30.userapi.com/impf/c625224/v625224753/3c5a1/i9_xfn3gT3k.jpg?size=453x604&quality=96&sign=5cd7d1570ad59c1aedd4f8276c0a15eb&c_uniq_tag=g73cGkznrJtXTjZ0VIgVO2TuVRg_moXdJLiHhjHxmSM&type=album","n":"https://sun9-30.userapi.com/impf/c625224/v625224753/3c5a1/i9_xfn3gT3k.jpg?size=510x680&quality=96&sign=fa85c20e6541784f027261349badc704&c_uniq_tag=gy5_NJ7fU_y0UsjCIhGue6I1uKELEWl4PM3JWK4sgXk&type=album","o":"https://sun9-30.userapi.com/impf/c625224/v625224753/3c5a1/i9_xfn3gT3k.jpg?size=320x427&quality=96&sign=2b5910569de5e3a95c9d34dfaa219fd1&c_uniq_tag=WYJ_KsyaFezoAA-dZ14NqLOY2ji1H2bZLlU6F7tg_WQ&type=album","t":"https://sun9-30.userapi.com/impf/c625224/v625224753/3c5a1/i9_xfn3gT3k.jpg?size=130x173&quality=96&sign=031548c39d54b29cfc4b4a1aa5569c2e&c_uniq_tag=g7N371tnBO2QmLpQiZwMrIVsO-rpwuJe1UZ4tlgyPnM&type=album"},"z":"","q":0,"w":0,"o":193081160,"i":391492467,"d":310918625}],"m":[]},{"i":401854,"f":193081160,"t":"Привет. Форсы низкие 10.5 остались?","d":310918572,"a":[],"m":[]}]}