{"meta":{"v":"1.2","p":254141263,"a":15267753,"t":"Алексей Миронов","d":1691416097},"data":[{"i":2633498,"f":254141263,"t":"","d":516048254,"a":[{"t":0,"s":{"m":"https://sun9-80.userapi.com/impg/hrMNXcnxqs0c3xkxttC4ZUqcVUrSzvJPdguGIg/wBcTpdGaO94.jpg?size=510x900&quality=95&crop=0,0,780,1376&sign=a5b4d15be29439af571fdce278a89afb&c_uniq_tag=y4x5Ct6wVHENft8bN8gnDfxs5TTfLH9hDQiMOjj0kGA&type=album","s":"https://sun9-80.userapi.com/impg/hrMNXcnxqs0c3xkxttC4ZUqcVUrSzvJPdguGIg/wBcTpdGaO94.jpg?size=200x433&quality=95&sign=d314a2372c4cb34134eb0d40e2766bd5&c_uniq_tag=O0ktyQ3Ep7AXT3H6STI0gQE_75ZbH12Kz4KltptOYso&type=album","n":"https://sun9-80.userapi.com/impg/hrMNXcnxqs0c3xkxttC4ZUqcVUrSzvJPdguGIg/wBcTpdGaO94.jpg?size=780x1688&quality=95&sign=b4ea6e16d2790523bf623a63bd79f9d2&c_uniq_tag=A94wXAZjkVm_lB-y2_15IWigJIVBH4VoK4blT0WveU0&type=album","o":"https://sun9-80.userapi.com/impg/hrMNXcnxqs0c3xkxttC4ZUqcVUrSzvJPdguGIg/wBcTpdGaO94.jpg?size=499x1080&quality=95&sign=765f7fc805e0a77798b453dbbcf61f17&c_uniq_tag=NEkgJprOWIW0IwDw-veTGgaqJas7mn5XIgaM49QuMCg&type=album","t":"https://sun9-80.userapi.com/impg/hrMNXcnxqs0c3xkxttC4ZUqcVUrSzvJPdguGIg/wBcTpdGaO94.jpg?size=279x604&quality=95&sign=3b14aeb1dd26b861d764f42dd5b84596&c_uniq_tag=7XVo-By96ApPDa3zSywXRwa_mAsimaeTPR1sB-Mx3Rk&type=album"},"z":"","q":0,"w":0,"o":254141263,"i":457239757,"d":516048254}],"m":[]},{"i":2633495,"f":15267753,"t":"+","d":516048253,"a":[],"m":[]},{"i":2633493,"f":254141263,"t":"Кидаю","d":516048204,"a":[],"m":[]},{"i":2633492,"f":254141263,"t":"Услышал","d":516048202,"a":[],"m":[]},{"i":2633491,"f":15267753,"t":"Ток дороже будет","d":516048202,"a":[],"m":[]},{"i":2633490,"f":15267753,"t":"Да там смысла особо нет","d":516048194,"a":[],"m":[]},{"i":2633489,"f":254141263,"t":"Бро а там ускоренной доставки нету никакой ?","d":516048174,"a":[],"m":[]},{"i":2633488,"f":15267753,"t":"89059515168 сбер","d":516048160,"a":[],"m":[]},{"i":2633487,"f":15267753,"t":"Накладная успешно создана с номером: 1340437541\n350","d":516048154,"a":[],"m":[{"f":254141263,"t":"Из Минска \n\nКод города: 843\nСдек проспект победы 78 (код пвз: kzn41)\nЕфимов Никита Витальевич \nГ. Казань , проспект победы 78 \n\n  +79274050275","d":516048040,"a":[]}]},{"i":2633480,"f":254141263,"t":"Из Минска \n\nКод города: 843\nСдек проспект победы 78 (код пвз: kzn41)\nЕфимов Никита Витальевич \nГ. Казань , проспект победы 78 \n\n  +79274050275","d":516048040,"a":[],"m":[]},{"i":2633474,"f":15267753,"t":"Откуда еще","d":516047999,"a":[],"m":[{"f":254141263,"t":"Код города: 843\nСдек проспект победы 78 (код пвз: kzn41)\nЕфимов Никита Витальевич \nГ. Казань , проспект победы 78 \n\n  +79274050275","d":516047872,"a":[]}]},{"i":2633473,"f":254141263,"t":"Да","d":516047986,"a":[],"m":[]},{"i":2633472,"f":15267753,"t":"В боксе?","d":516047976,"a":[],"m":[]},{"i":2633471,"f":254141263,"t":"Какие габариты ?","d":516047891,"a":[],"m":[]},{"i":2633469,"f":254141263,"t":"Пара обуви","d":516047885,"a":[],"m":[]},{"i":2633468,"f":254141263,"t":"Бро по габаритам не могу разобраться че то","d":516047880,"a":[],"m":[]},{"i":2633467,"f":254141263,"t":"Код города: 843\nСдек проспект победы 78 (код пвз: kzn41)\nЕфимов Никита Витальевич \nГ. Казань , проспект победы 78 \n\n  +79274050275","d":516047872,"a":[],"m":[]},{"i":2633396,"f":15267753,"t":"И габарит","d":516044479,"a":[],"m":[]},{"i":2633395,"f":15267753,"t":"Да","d":516044475,"a":[],"m":[]},{"i":2633394,"f":254141263,"t":"Данные для сдека получается ?","d":516044464,"a":[],"m":[]},{"i":2633391,"f":15267753,"t":"Пиши данные","d":516044439,"a":[],"m":[]},{"i":2633389,"f":15267753,"t":"Привет","d":516044437,"a":[],"m":[]},{"i":2633381,"f":254141263,"t":"Салют ! Мне бы накладную \nИз Минска в Казань - 1 пара","d":516044362,"a":[],"m":[]}]}